path,label,generator,split,escore
real/coco/coco_000111.png,0,real,val,0.00005467
real/coco/coco_000113.png,0,real,val,0.00002558
real/coco/coco_000125.png,0,real,val,0.00000000
real/coco/coco_000128.png,0,real,val,0.00009017
real/coco/coco_000152.png,0,real,val,0.00000254
real/coco/coco_000168.png,0,real,val,0.00000010
real/coco/coco_000197.png,0,real,val,0.03589519
real/coco/coco_000205.png,0,real,val,0.02053837
real/coco/coco_000213.png,0,real,val,0.00000033
real/coco/coco_000229.png,0,real,val,0.00000510
real/coco/coco_000256.png,0,real,val,0.00038718
real/coco/coco_000258.png,0,real,val,0.00562288
real/coco/coco_000308.png,0,real,val,0.24603902
real/coco/coco_000318.png,0,real,val,0.08663284
real/coco/coco_000327.png,0,real,val,0.00003935
real/coco/coco_000333.png,0,real,val,0.00048512
real/coco/coco_000399.png,0,real,val,0.00670031
real/coco/coco_000401.png,0,real,val,0.10538609
real/coco/coco_000415.png,0,real,val,0.00417925
real/coco/coco_000437.png,0,real,val,0.00008398
real/coco/coco_000440.png,0,real,val,0.00000026
real/coco/coco_000459.png,0,real,val,0.02870329
real/coco/coco_000547.png,0,real,val,0.00045054
real/coco/coco_000548.png,0,real,val,0.06335989
real/coco/coco_000558.png,0,real,val,0.00000000
real/coco/coco_000561.png,0,real,val,0.00000000
real/coco/coco_000613.png,0,real,val,0.00000003
real/coco/coco_000688.png,0,real,val,0.00000000
real/coco/coco_000704.png,0,real,val,0.00000000
real/coco/coco_000746.png,0,real,val,0.08788405
real/coco/coco_000772.png,0,real,val,0.00071314
real/coco/coco_000814.png,0,real,val,0.00000000
real/coco/coco_000841.png,0,real,val,0.00000000
real/coco/coco_000848.png,0,real,val,0.00003958
real/coco/coco_000886.png,0,real,val,0.00000001
real/coco/coco_000936.png,0,real,val,0.00085640
real/coco/coco_000948.png,0,real,val,0.00001301
real/coco/coco_000950.png,0,real,val,0.00003670
real/coco/coco_000959.png,0,real,val,0.08793487
real/coco/coco_000998.png,0,real,val,0.00621047
real/coco/coco_001003.png,0,real,val,0.01594583
real/coco/coco_001041.png,0,real,val,0.00071920
real/coco/coco_001058.png,0,real,val,0.00009367
real/coco/coco_001137.png,0,real,val,0.00143804
real/coco/coco_001140.png,0,real,val,0.03797727
real/coco/coco_001173.png,0,real,val,0.00000000
real/coco/coco_001184.png,0,real,val,0.00001624
real/coco/coco_001259.png,0,real,val,0.00000000
real/coco/coco_001275.png,0,real,val,0.00657827
real/coco/coco_001281.png,0,real,val,0.06735849
real/coco/coco_001283.png,0,real,val,0.00003661
real/coco/coco_001295.png,0,real,val,0.61827809
real/coco/coco_001315.png,0,real,val,0.00162165
real/coco/coco_001368.png,0,real,val,0.00019183
real/coco/coco_001377.png,0,real,val,0.00370521
real/coco/coco_001383.png,0,real,val,0.00027273
real/coco/coco_001385.png,0,real,val,0.01031124
real/coco/coco_001394.png,0,real,val,0.00000024
real/coco/coco_001442.png,0,real,val,0.00211270
real/coco/coco_001448.png,0,real,val,0.00023612
real/coco/coco_001468.png,0,real,val,0.00000660
real/coco/coco_001513.png,0,real,val,0.00043015
real/coco/coco_001520.png,0,real,val,0.00000481
real/coco/coco_001529.png,0,real,val,0.00000006
real/coco/coco_001536.png,0,real,val,0.00693484
real/coco/coco_001553.png,0,real,val,0.05319815
real/coco/coco_001598.png,0,real,val,0.04830472
real/coco/coco_001603.png,0,real,val,0.00000002
real/coco/coco_001613.png,0,real,val,0.00604125
real/coco/coco_001619.png,0,real,val,0.00000044
real/coco/coco_001654.png,0,real,val,0.00796023
real/coco/coco_001671.png,0,real,val,0.00000000
real/coco/coco_001679.png,0,real,val,0.00289015
real/coco/coco_001688.png,0,real,val,0.00000001
real/coco/coco_001724.png,0,real,val,0.00000013
real/coco/coco_001810.png,0,real,val,0.00000000
real/coco/coco_001848.png,0,real,val,0.01385925
real/coco/coco_001882.png,0,real,val,0.00115956
real/coco/coco_001900.png,0,real,val,0.00119091
real/coco/coco_001904.png,0,real,val,0.00000230
real/coco/coco_001911.png,0,real,val,0.00009162
real/coco/coco_001931.png,0,real,val,0.00000024
real/coco/coco_001936.png,0,real,val,0.00000043
real/coco/coco_001950.png,0,real,val,0.00119659
real/coco/coco_001966.png,0,real,val,0.00000000
real/coco/coco_001978.png,0,real,val,0.00009508
real/coco/coco_002010.png,0,real,val,0.00000000
real/coco/coco_002038.png,0,real,val,0.00000000
real/coco/coco_002043.png,0,real,val,0.00000000
real/coco/coco_002062.png,0,real,val,0.00001030
real/coco/coco_002142.png,0,real,val,0.00007052
real/coco/coco_002189.png,0,real,val,0.00000000
real/coco/coco_002207.png,0,real,val,0.05795934
real/coco/coco_002208.png,0,real,val,0.00000000
real/coco/coco_002214.png,0,real,val,0.00014752
real/coco/coco_002217.png,0,real,val,0.01949986
real/coco/coco_002224.png,0,real,val,0.00000068
real/coco/coco_002267.png,0,real,val,0.00000211
real/coco/coco_002272.png,0,real,val,0.00006956
real/coco/coco_002288.png,0,real,val,0.00125375
real/coco/coco_002297.png,0,real,val,0.00000046
real/coco/coco_002347.png,0,real,val,0.00002465
real/coco/coco_002356.png,0,real,val,0.00030163
real/coco/coco_002377.png,0,real,val,0.00039514
real/coco/coco_002420.png,0,real,val,0.08053170
real/coco/coco_002449.png,0,real,val,0.00015821
real/coco/coco_002459.png,0,real,val,0.02608711
real/coco/coco_002520.png,0,real,val,0.00000000
real/coco/coco_002524.png,0,real,val,0.00000000
real/coco/coco_002530.png,0,real,val,0.00000389
real/coco/coco_002534.png,0,real,val,0.00145348
real/coco/coco_002536.png,0,real,val,0.00170473
real/coco/coco_002543.png,0,real,val,0.00000034
real/coco/coco_002549.png,0,real,val,0.00000000
real/coco/coco_002568.png,0,real,val,0.00000000
real/coco/coco_002571.png,0,real,val,0.00000000
real/coco/coco_002581.png,0,real,val,0.00000415
real/coco/coco_002616.png,0,real,val,0.10107049
real/coco/coco_002621.png,0,real,val,0.00000737
real/coco/coco_002623.png,0,real,val,0.73145854
real/coco/coco_002632.png,0,real,val,0.00026339
real/coco/coco_002689.png,0,real,val,0.00000036
real/coco/coco_002696.png,0,real,val,0.00003304
real/coco/coco_002715.png,0,real,val,0.00000017
real/coco/coco_002769.png,0,real,val,0.00007514
real/coco/coco_002789.png,0,real,val,0.00000000
real/coco/coco_002794.png,0,real,val,0.00000004
real/coco/coco_002798.png,0,real,val,0.00001585
real/coco/coco_002812.png,0,real,val,0.00035310
real/coco/coco_002835.png,0,real,val,0.00000005
real/coco/coco_002906.png,0,real,val,0.00011709
real/coco/coco_002918.png,0,real,val,0.00000000
real/coco/coco_002919.png,0,real,val,0.00000000
real/coco/coco_002929.png,0,real,val,0.01062405
real/coco/coco_002953.png,0,real,val,0.00086829
real/coco/coco_003003.png,0,real,val,0.00338868
real/coco/coco_003018.png,0,real,val,0.00446181
real/coco/coco_003023.png,0,real,val,0.00000000
real/coco/coco_003027.png,0,real,val,0.00000000
real/coco/coco_003033.png,0,real,val,0.00000022
real/coco/coco_003078.png,0,real,val,0.06125442
real/coco/coco_003088.png,0,real,val,0.00041491
real/coco/coco_003101.png,0,real,val,0.00172383
real/coco/coco_003146.png,0,real,val,0.00000178
real/coco/coco_003161.png,0,real,val,0.00000046
real/coco/coco_003195.png,0,real,val,0.00000000
real/coco/coco_003219.png,0,real,val,0.00004378
real/coco/coco_003221.png,0,real,val,0.00164187
real/coco/coco_003240.png,0,real,val,0.00002254
real/coco/coco_003257.png,0,real,val,0.00000001
real/coco/coco_003273.png,0,real,val,0.00000000
real/coco/coco_003282.png,0,real,val,0.00002566
real/coco/coco_003292.png,0,real,val,0.00180850
real/coco/coco_003330.png,0,real,val,0.00050441
real/coco/coco_003343.png,0,real,val,0.00011914
real/coco/coco_003368.png,0,real,val,0.00000122
real/coco/coco_003371.png,0,real,val,0.00000159
real/coco/coco_003375.png,0,real,val,0.00000000
real/coco/coco_003377.png,0,real,val,0.00000921
real/coco/coco_003413.png,0,real,val,0.00000301
real/coco/coco_003414.png,0,real,val,0.00107051
real/coco/coco_003473.png,0,real,val,0.00010442
real/coco/coco_003475.png,0,real,val,0.09219761
real/coco/coco_003477.png,0,real,val,0.00000000
real/coco/coco_003525.png,0,real,val,0.00000000
real/coco/coco_003527.png,0,real,val,0.00078709
real/coco/coco_003537.png,0,real,val,0.00007248
real/coco/coco_003547.png,0,real,val,0.00000007
real/coco/coco_003549.png,0,real,val,0.00067476
real/coco/coco_003554.png,0,real,val,0.99999964
real/coco/coco_003562.png,0,real,val,0.00000000
real/coco/coco_003569.png,0,real,val,0.00000150
real/coco/coco_003588.png,0,real,val,0.00000804
real/coco/coco_003603.png,0,real,val,0.00000768
real/coco/coco_003642.png,0,real,val,0.00061555
real/coco/coco_003649.png,0,real,val,0.00000002
real/coco/coco_003668.png,0,real,val,0.00000000
real/coco/coco_003678.png,0,real,val,0.16457810
real/coco/coco_003776.png,0,real,val,0.00008441
real/coco/coco_003787.png,0,real,val,0.00000000
real/coco/coco_003823.png,0,real,val,0.26669168
real/coco/coco_003834.png,0,real,val,0.00003399
real/coco/coco_003857.png,0,real,val,0.00170679
real/coco/coco_003868.png,0,real,val,0.03636555
real/coco/coco_003912.png,0,real,val,0.00288881
real/coco/coco_003977.png,0,real,val,0.03734655
real/coco/coco_004013.png,0,real,val,0.00727505
real/coco/coco_004051.png,0,real,val,0.00000012
real/coco/coco_004068.png,0,real,val,0.00611519
real/coco/coco_004071.png,0,real,val,0.02205489
real/coco/coco_004092.png,0,real,val,0.01079161
real/coco/coco_004107.png,0,real,val,0.29453018
real/coco/coco_004121.png,0,real,val,0.00000000
real/coco/coco_004150.png,0,real,val,0.06910349
real/coco/coco_004153.png,0,real,val,0.00002172
real/coco/coco_004155.png,0,real,val,0.00110334
real/coco/coco_004168.png,0,real,val,0.01654249
real/coco/coco_004187.png,0,real,val,0.00000000
real/coco/coco_004194.png,0,real,val,0.00083083
real/coco/coco_004219.png,0,real,val,0.00000000
real/coco/coco_004234.png,0,real,val,0.00000062
real/coco/coco_004246.png,0,real,val,0.03144834
real/coco/coco_004260.png,0,real,val,0.00051576
real/coco/coco_004263.png,0,real,val,0.09034391
real/coco/coco_004276.png,0,real,val,0.00000000
real/coco/coco_004280.png,0,real,val,0.00026723
real/coco/coco_004326.png,0,real,val,0.00000000
real/coco/coco_004367.png,0,real,val,0.00000013
real/coco/coco_004429.png,0,real,val,0.01936314
real/coco/coco_004449.png,0,real,val,0.00000000
real/coco/coco_004486.png,0,real,val,0.00000000
real/coco/coco_004516.png,0,real,val,0.00000002
real/coco/coco_004538.png,0,real,val,0.00000000
real/coco/coco_004603.png,0,real,val,0.88304514
real/coco/coco_004660.png,0,real,val,0.00000000
real/coco/coco_004661.png,0,real,val,0.00000003
real/coco/coco_004698.png,0,real,val,0.00007180
real/coco/coco_004699.png,0,real,val,0.00378154
real/coco/coco_004743.png,0,real,val,0.00000165
real/coco/coco_004785.png,0,real,val,0.00000000
real/coco/coco_004804.png,0,real,val,0.01262158
real/coco/coco_004889.png,0,real,val,0.00000001
real/coco/coco_004924.png,0,real,val,0.00127740
real/coco/coco_004996.png,0,real,val,0.00002464
real/coco/coco_005126.png,0,real,val,0.00253502
real/coco/coco_005136.png,0,real,val,0.00000390
real/coco/coco_005137.png,0,real,val,0.00000000
real/coco/coco_005138.png,0,real,val,0.06538599
real/coco/coco_005236.png,0,real,val,0.00125549
real/coco/coco_005255.png,0,real,val,0.00002993
real/coco/coco_005305.png,0,real,val,0.00000000
real/coco/coco_005351.png,0,real,val,0.00000013
real/coco/coco_005407.png,0,real,val,0.77574801
real/coco/coco_005414.png,0,real,val,0.00000443
real/coco/coco_005429.png,0,real,val,0.00001449
real/coco/coco_005482.png,0,real,val,0.00000001
real/coco/coco_005490.png,0,real,val,0.37778419
real/coco/coco_005516.png,0,real,val,0.00000000
real/coco/coco_005542.png,0,real,val,0.00955018
real/coco/coco_005546.png,0,real,val,0.99690008
real/coco/coco_005565.png,0,real,val,0.00041677
real/coco/coco_005623.png,0,real,val,0.00000004
real/coco/coco_005668.png,0,real,val,0.00000616
real/coco/coco_005705.png,0,real,val,0.00319793
real/coco/coco_005714.png,0,real,val,0.00000003
real/coco/coco_005725.png,0,real,val,0.00000182
real/coco/coco_005727.png,0,real,val,0.00000000
real/coco/coco_005819.png,0,real,val,0.00001941
real/coco/coco_005880.png,0,real,val,0.00001516
real/coco/coco_005883.png,0,real,val,0.00000906
real/coco/coco_005889.png,0,real,val,0.00000475
real/coco/coco_005907.png,0,real,val,0.00006381
real/coco/coco_005933.png,0,real,val,0.00000000
real/coco/coco_005962.png,0,real,val,0.09324998
real/coco/coco_005998.png,0,real,val,0.91246319
real/coco/coco_006001.png,0,real,val,0.00003114
real/coco/coco_006011.png,0,real,val,0.00246332
real/coco/coco_006027.png,0,real,val,0.02777045
real/coco/coco_006037.png,0,real,val,0.00000000
real/coco/coco_006075.png,0,real,val,0.00000057
real/coco/coco_006091.png,0,real,val,0.12314610
real/coco/coco_006097.png,0,real,val,0.00000821
real/coco/coco_006105.png,0,real,val,0.00023133
real/coco/coco_006135.png,0,real,val,0.00000123
real/coco/coco_006142.png,0,real,val,0.00065696
real/coco/coco_006184.png,0,real,val,0.01136836
real/coco/coco_006186.png,0,real,val,0.99978489
real/coco/coco_006199.png,0,real,val,0.01155282
real/coco/coco_006215.png,0,real,val,0.00002673
real/coco/coco_006243.png,0,real,val,0.00000002
real/coco/coco_006286.png,0,real,val,0.00000000
real/coco/coco_006327.png,0,real,val,0.00000076
real/coco/coco_006399.png,0,real,val,0.00002661
real/coco/coco_006420.png,0,real,val,0.00000830
real/coco/coco_006490.png,0,real,val,0.00499996
real/coco/coco_006506.png,0,real,val,0.00020983
real/coco/coco_006531.png,0,real,val,0.00595501
real/coco/coco_006555.png,0,real,val,0.00000214
real/coco/coco_006564.png,0,real,val,0.00000678
real/coco/coco_006605.png,0,real,val,0.00000002
real/coco/coco_006640.png,0,real,val,0.00001147
real/coco/coco_006657.png,0,real,val,0.00561672
real/coco/coco_006685.png,0,real,val,0.00000003
real/coco/coco_006695.png,0,real,val,0.00000016
real/coco/coco_006716.png,0,real,val,0.03004001
real/coco/coco_006718.png,0,real,val,0.00000000
real/coco/coco_006744.png,0,real,val,0.00000000
real/coco/coco_006766.png,0,real,val,0.00010335
real/coco/coco_006789.png,0,real,val,0.00013173
real/coco/coco_006806.png,0,real,val,0.00000000
real/coco/coco_006848.png,0,real,val,0.00001569
real/coco/coco_006849.png,0,real,val,0.25394458
real/coco/coco_006855.png,0,real,val,0.00000145
real/coco/coco_006877.png,0,real,val,0.00001366
real/coco/coco_006889.png,0,real,val,0.00103696
real/coco/coco_006893.png,0,real,val,0.00000015
real/coco/coco_006894.png,0,real,val,0.00023217
real/coco/coco_006906.png,0,real,val,0.00007368
real/coco/coco_006907.png,0,real,val,0.07363963
real/coco/coco_006912.png,0,real,val,0.00000000
real/coco/coco_006917.png,0,real,val,0.03080070
real/coco/coco_006918.png,0,real,val,0.00000000
real/coco/coco_006933.png,0,real,val,0.00207900
real/coco/coco_006936.png,0,real,val,0.00034799
real/coco/coco_006943.png,0,real,val,0.13058321
real/coco/coco_006948.png,0,real,val,0.21674567
real/coco/coco_006982.png,0,real,val,0.00014747
real/coco/coco_006986.png,0,real,val,0.00000009
real/coco/coco_006989.png,0,real,val,0.00000000
real/coco/coco_007017.png,0,real,val,0.00443807
real/coco/coco_007022.png,0,real,val,0.78420752
real/coco/coco_007099.png,0,real,val,0.01124846
real/coco/coco_007110.png,0,real,val,0.00000000
real/coco/coco_007210.png,0,real,val,0.00027500
real/coco/coco_007221.png,0,real,val,0.00002286
real/coco/coco_007242.png,0,real,val,0.00956792
real/coco/coco_007258.png,0,real,val,0.11352167
real/coco/coco_007301.png,0,real,val,0.00003216
real/coco/coco_007335.png,0,real,val,0.00000076
real/coco/coco_007341.png,0,real,val,0.00000001
real/coco/coco_007344.png,0,real,val,0.00000865
real/coco/coco_007391.png,0,real,val,0.01923341
real/coco/coco_007440.png,0,real,val,0.00144011
real/coco/coco_007441.png,0,real,val,0.00017105
real/coco/coco_007456.png,0,real,val,0.00002759
real/coco/coco_007457.png,0,real,val,0.00036952
real/coco/coco_007475.png,0,real,val,0.00171552
real/coco/coco_007503.png,0,real,val,0.02228178
real/coco/coco_007523.png,0,real,val,0.00000041
real/coco/coco_007528.png,0,real,val,0.00001361
real/coco/coco_007553.png,0,real,val,0.00000005
real/coco/coco_007565.png,0,real,val,0.00053624
real/coco/coco_007568.png,0,real,val,0.02484826
real/coco/coco_007572.png,0,real,val,0.00013589
real/coco/coco_007626.png,0,real,val,0.00006230
real/coco/coco_007636.png,0,real,val,0.04202272
real/coco/coco_007654.png,0,real,val,0.00016835
real/coco/coco_007660.png,0,real,val,0.00000075
real/coco/coco_007734.png,0,real,val,0.00035513
real/coco/coco_007755.png,0,real,val,0.00000104
real/coco/coco_007759.png,0,real,val,0.00029221
real/coco/coco_007766.png,0,real,val,0.00000000
real/coco/coco_007768.png,0,real,val,0.00001359
real/coco/coco_007786.png,0,real,val,0.00170901
real/coco/coco_007800.png,0,real,val,0.01643457
real/coco/coco_007802.png,0,real,val,0.00000000
real/coco/coco_007822.png,0,real,val,0.00000000
real/coco/coco_007838.png,0,real,val,0.20853125
real/coco/coco_007858.png,0,real,val,0.00000102
real/coco/coco_007862.png,0,real,val,0.00000850
real/coco/coco_007906.png,0,real,val,0.00271227
real/coco/coco_007935.png,0,real,val,0.00000000
real/coco/coco_007979.png,0,real,val,0.06005295
real/coco/coco_008002.png,0,real,val,0.00003345
real/coco/coco_008033.png,0,real,val,0.00688197
real/coco/coco_008050.png,0,real,val,0.00056781
real/coco/coco_008075.png,0,real,val,0.00000634
real/coco/coco_008085.png,0,real,val,0.00003816
real/coco/coco_008091.png,0,real,val,0.00031834
real/coco/coco_008092.png,0,real,val,0.00051569
real/coco/coco_008096.png,0,real,val,0.00000846
real/coco/coco_008151.png,0,real,val,0.00655174
real/coco/coco_008180.png,0,real,val,0.00012857
real/coco/coco_008204.png,0,real,val,0.00000002
real/coco/coco_008206.png,0,real,val,0.00274543
real/coco/coco_008235.png,0,real,val,0.01755346
real/coco/coco_008263.png,0,real,val,0.00007242
real/coco/coco_008286.png,0,real,val,0.01387449
real/coco/coco_008313.png,0,real,val,0.64726424
real/coco/coco_008385.png,0,real,val,0.00000000
real/coco/coco_008408.png,0,real,val,0.00000038
real/coco/coco_008410.png,0,real,val,0.00100793
real/coco/coco_008532.png,0,real,val,0.00000909
real/coco/coco_008572.png,0,real,val,0.01214229
real/coco/coco_008591.png,0,real,val,0.00009242
real/coco/coco_008605.png,0,real,val,0.00001293
real/coco/coco_008615.png,0,real,val,0.00000000
real/coco/coco_008629.png,0,real,val,0.00000040
real/coco/coco_008642.png,0,real,val,0.00770631
real/coco/coco_008651.png,0,real,val,0.00000029
real/coco/coco_008663.png,0,real,val,0.02364377
real/coco/coco_008685.png,0,real,val,0.00038416
real/coco/coco_008695.png,0,real,val,0.00000001
real/coco/coco_008703.png,0,real,val,0.00000000
real/coco/coco_008787.png,0,real,val,0.00000000
real/coco/coco_008812.png,0,real,val,0.00000001
real/coco/coco_008834.png,0,real,val,0.26575091
real/coco/coco_008851.png,0,real,val,0.00000016
real/coco/coco_008913.png,0,real,val,0.15435837
real/coco/coco_008915.png,0,real,val,0.00985656
real/coco/coco_008952.png,0,real,val,0.00000000
real/coco/coco_009014.png,0,real,val,0.00000205
real/coco/coco_009015.png,0,real,val,0.00000000
real/coco/coco_009031.png,0,real,val,0.01651459
real/coco/coco_009123.png,0,real,val,0.00000016
real/coco/coco_009126.png,0,real,val,0.00000002
real/coco/coco_009136.png,0,real,val,0.00514116
real/coco/coco_009156.png,0,real,val,0.00001795
real/coco/coco_009166.png,0,real,val,0.18230978
real/coco/coco_009170.png,0,real,val,0.00008391
real/coco/coco_009205.png,0,real,val,0.00000125
real/coco/coco_009231.png,0,real,val,0.01086795
real/coco/coco_009248.png,0,real,val,0.00006987
real/coco/coco_009300.png,0,real,val,0.00000003
real/coco/coco_009303.png,0,real,val,0.00040787
real/coco/coco_009328.png,0,real,val,0.00005618
real/coco/coco_009338.png,0,real,val,0.00095022
real/coco/coco_009353.png,0,real,val,0.00467956
real/coco/coco_009373.png,0,real,val,0.00000080
real/coco/coco_009395.png,0,real,val,0.01730171
real/coco/coco_009426.png,0,real,val,0.00054084
real/coco/coco_009429.png,0,real,val,0.00000000
real/coco/coco_009431.png,0,real,val,0.00000179
real/coco/coco_009451.png,0,real,val,0.00000046
real/coco/coco_009480.png,0,real,val,0.04610702
real/coco/coco_009486.png,0,real,val,0.74040663
real/coco/coco_009508.png,0,real,val,0.00000179
real/coco/coco_009531.png,0,real,val,0.97313541
real/coco/coco_009573.png,0,real,val,0.00989786
real/coco/coco_009600.png,0,real,val,0.00005883
real/coco/coco_009612.png,0,real,val,0.00000104
real/coco/coco_009698.png,0,real,val,0.00000001
real/coco/coco_009806.png,0,real,val,0.31102750
real/coco/coco_009809.png,0,real,val,0.00141983
real/coco/coco_009811.png,0,real,val,0.01817641
real/coco/coco_009838.png,0,real,val,0.00559844
real/coco/coco_009856.png,0,real,val,0.00000000
real/coco/coco_009859.png,0,real,val,0.00385870
real/coco/coco_009861.png,0,real,val,0.00011061
real/coco/coco_009881.png,0,real,val,0.01283258
real/coco/coco_009901.png,0,real,val,0.00000000
real/coco/coco_009921.png,0,real,val,0.00029961
real/coco/coco_009931.png,0,real,val,0.00001151
real/coco/coco_009938.png,0,real,val,0.00000012
real/coco/coco_009943.png,0,real,val,0.00005955
real/coco/coco_009954.png,0,real,val,0.00000000
real/coco/coco_009987.png,0,real,val,0.00064004
real/coco/coco_010002.png,0,real,val,0.00000710
real/coco/coco_010021.png,0,real,val,0.00099063
real/coco/coco_010027.png,0,real,val,0.00003450
real/coco/coco_010036.png,0,real,val,0.00002540
real/coco/coco_010050.png,0,real,val,0.02014460
real/coco/coco_010053.png,0,real,val,0.00000128
real/coco/coco_010070.png,0,real,val,0.00015629
real/coco/coco_010144.png,0,real,val,0.00000072
real/coco/coco_010186.png,0,real,val,0.00031309
real/coco/coco_010199.png,0,real,val,0.00004810
real/coco/coco_010225.png,0,real,val,0.10974502
real/coco/coco_010246.png,0,real,val,0.10969092
real/coco/coco_010247.png,0,real,val,0.00000008
real/coco/coco_010280.png,0,real,val,0.00000018
real/coco/coco_010291.png,0,real,val,0.34737951
real/coco/coco_010298.png,0,real,val,0.00000000
real/coco/coco_010311.png,0,real,val,0.28016195
real/coco/coco_010355.png,0,real,val,0.11391800
real/coco/coco_010361.png,0,real,val,0.00003295
real/coco/coco_010459.png,0,real,val,0.00003683
real/coco/coco_010486.png,0,real,val,0.02346849
real/coco/coco_010507.png,0,real,val,0.00064248
real/coco/coco_010549.png,0,real,val,0.00029350
real/coco/coco_010550.png,0,real,val,0.00000000
real/coco/coco_010587.png,0,real,val,0.00001017
real/coco/coco_010732.png,0,real,val,0.00001029
real/coco/coco_010741.png,0,real,val,0.75781357
real/coco/coco_010761.png,0,real,val,0.00000005
real/coco/coco_010773.png,0,real,val,0.00246981
real/coco/coco_010815.png,0,real,val,0.00000000
real/coco/coco_010840.png,0,real,val,0.00000143
real/coco/coco_010861.png,0,real,val,0.00032488
real/coco/coco_010872.png,0,real,val,0.00168624
real/coco/coco_010885.png,0,real,val,0.00000000
real/coco/coco_010886.png,0,real,val,0.00000006
real/coco/coco_010888.png,0,real,val,0.00264859
real/coco/coco_010892.png,0,real,val,0.05104418
real/coco/coco_010895.png,0,real,val,0.08974475
real/coco/coco_010931.png,0,real,val,0.00010568
real/coco/coco_010980.png,0,real,val,0.00518670
real/coco/coco_010985.png,0,real,val,0.00000934
real/coco/coco_010993.png,0,real,val,0.00217355
real/coco/coco_010997.png,0,real,val,0.00000000
real/coco/coco_011022.png,0,real,val,0.00012260
real/coco/coco_011102.png,0,real,val,0.00000608
real/coco/coco_011129.png,0,real,val,0.00000000
real/coco/coco_011149.png,0,real,val,0.11549605
real/coco/coco_011237.png,0,real,val,0.00000041
real/coco/coco_011247.png,0,real,val,0.46733329
real/coco/coco_011291.png,0,real,val,0.00000114
real/coco/coco_011331.png,0,real,val,0.00009683
real/coco/coco_011353.png,0,real,val,0.43718737
real/coco/coco_011358.png,0,real,val,0.00000000
real/coco/coco_011457.png,0,real,val,0.00041346
real/coco/coco_011478.png,0,real,val,0.00000000
real/coco/coco_011549.png,0,real,val,0.00000050
real/coco/coco_011598.png,0,real,val,0.00838785
real/coco/coco_011605.png,0,real,val,0.00000000
real/coco/coco_011632.png,0,real,val,0.00000002
real/coco/coco_011653.png,0,real,val,0.00131345
real/coco/coco_011657.png,0,real,val,0.00828894
real/coco/coco_011698.png,0,real,val,0.00000761
real/coco/coco_011723.png,0,real,val,0.19121203
real/coco/coco_011730.png,0,real,val,0.00000037
real/coco/coco_011795.png,0,real,val,0.00000309
real/coco/coco_011801.png,0,real,val,0.02264224
real/coco/coco_011867.png,0,real,val,0.00000000
real/coco/coco_011873.png,0,real,val,0.00006014
real/coco/coco_011902.png,0,real,val,0.00569423
real/coco/coco_011953.png,0,real,val,0.00592308
real/coco/coco_011959.png,0,real,val,0.26049164
real/coco/coco_011967.png,0,real,val,0.00048334
real/coco/coco_012013.png,0,real,val,0.00000000
real/coco/coco_012042.png,0,real,val,0.00009872
real/coco/coco_012055.png,0,real,val,0.00009957
real/coco/coco_012083.png,0,real,val,0.00001801
real/coco/coco_012092.png,0,real,val,0.00003763
real/coco/coco_012106.png,0,real,val,0.00000000
real/coco/coco_012125.png,0,real,val,0.00002273
real/coco/coco_012128.png,0,real,val,0.00002525
real/coco/coco_012146.png,0,real,val,0.10552291
real/coco/coco_012167.png,0,real,val,0.00000035
real/coco/coco_012200.png,0,real,val,0.00000000
real/coco/coco_012214.png,0,real,val,0.00000000
real/coco/coco_012239.png,0,real,val,0.00004983
real/coco/coco_012247.png,0,real,val,0.00000000
real/coco/coco_012266.png,0,real,val,0.00025552
real/coco/coco_012281.png,0,real,val,0.00005025
real/coco/coco_012285.png,0,real,val,0.00000002
real/coco/coco_012289.png,0,real,val,0.01269846
real/coco/coco_012311.png,0,real,val,0.00002818
real/coco/coco_012326.png,0,real,val,0.00000822
real/coco/coco_012327.png,0,real,val,0.00000000
real/coco/coco_012330.png,0,real,val,0.00057579
real/coco/coco_012341.png,0,real,val,0.00000000
real/coco/coco_012373.png,0,real,val,0.00681923
real/coco/coco_012398.png,0,real,val,0.54094326
real/coco/coco_012409.png,0,real,val,0.00000059
real/coco/coco_012436.png,0,real,val,0.00000131
real/coco/coco_012456.png,0,real,val,0.70605522
real/coco/coco_012460.png,0,real,val,0.00275162
real/coco/coco_012484.png,0,real,val,0.00015769
real/coco/coco_012505.png,0,real,val,0.01819010
real/coco/coco_012510.png,0,real,val,0.24105693
real/coco/coco_012524.png,0,real,val,0.00000535
real/coco/coco_012558.png,0,real,val,0.00004378
real/coco/coco_012564.png,0,real,val,0.00727100
real/coco/coco_012578.png,0,real,val,0.00000040
real/coco/coco_012602.png,0,real,val,0.00000001
real/coco/coco_012610.png,0,real,val,0.24971049
real/coco/coco_012612.png,0,real,val,0.00000000
real/coco/coco_012632.png,0,real,val,0.00000000
real/coco/coco_012658.png,0,real,val,0.00193894
real/coco/coco_012715.png,0,real,val,0.00402511
real/coco/coco_012742.png,0,real,val,0.00000006
real/coco/coco_012745.png,0,real,val,0.52412671
real/coco/coco_012813.png,0,real,val,0.00002163
real/coco/coco_012821.png,0,real,val,0.01225060
real/coco/coco_012847.png,0,real,val,0.00149659
real/coco/coco_012860.png,0,real,val,0.00000289
real/coco/coco_012898.png,0,real,val,0.02742095
real/coco/coco_012949.png,0,real,val,0.00000000
real/coco/coco_012967.png,0,real,val,0.00022511
real/coco/coco_013003.png,0,real,val,0.00000000
real/coco/coco_013006.png,0,real,val,0.00000014
real/coco/coco_013059.png,0,real,val,0.00039249
real/coco/coco_013065.png,0,real,val,0.05987125
real/coco/coco_013119.png,0,real,val,0.02462693
real/coco/coco_013127.png,0,real,val,0.00006010
real/coco/coco_013132.png,0,real,val,0.00000307
real/coco/coco_013158.png,0,real,val,0.00010346
real/coco/coco_013202.png,0,real,val,0.00012404
real/coco/coco_013209.png,0,real,val,0.01316539
real/coco/coco_013231.png,0,real,val,0.00208380
real/coco/coco_013296.png,0,real,val,0.00000001
real/coco/coco_013329.png,0,real,val,0.02582618
real/coco/coco_013387.png,0,real,val,0.02356922
real/coco/coco_013393.png,0,real,val,0.00000038
real/coco/coco_013411.png,0,real,val,0.00000004
real/coco/coco_013447.png,0,real,val,0.00000076
real/coco/coco_013449.png,0,real,val,0.00010249
real/coco/coco_013452.png,0,real,val,0.01773634
real/coco/coco_013455.png,0,real,val,0.00880500
real/coco/coco_013474.png,0,real,val,0.14130253
real/coco/coco_013499.png,0,real,val,0.00000019
real/coco/coco_013523.png,0,real,val,0.00083689
real/coco/coco_013535.png,0,real,val,0.88104731
real/coco/coco_013543.png,0,real,val,0.00122603
real/coco/coco_013551.png,0,real,val,0.12538365
real/coco/coco_013584.png,0,real,val,0.00038794
real/coco/coco_013588.png,0,real,val,0.00038794
real/coco/coco_013595.png,0,real,val,0.00008933
real/coco/coco_013612.png,0,real,val,0.06079463
real/coco/coco_013619.png,0,real,val,0.03570590
real/coco/coco_013630.png,0,real,val,0.04349836
real/coco/coco_013635.png,0,real,val,0.03331887
real/coco/coco_013636.png,0,real,val,0.00024152
real/coco/coco_013681.png,0,real,val,0.16638991
real/coco/coco_013768.png,0,real,val,0.00000089
real/coco/coco_013789.png,0,real,val,0.82544160
real/coco/coco_013804.png,0,real,val,0.00003961
real/coco/coco_013820.png,0,real,val,0.00001149
real/coco/coco_013840.png,0,real,val,0.01323225
real/coco/coco_013849.png,0,real,val,0.00042766
real/coco/coco_013862.png,0,real,val,0.00000049
real/coco/coco_013867.png,0,real,val,0.00000000
real/coco/coco_013878.png,0,real,val,0.00000021
real/coco/coco_013930.png,0,real,val,0.00008130
real/coco/coco_013942.png,0,real,val,0.00496014
real/coco/coco_013943.png,0,real,val,0.11043721
real/coco/coco_014024.png,0,real,val,0.00000000
real/coco/coco_014037.png,0,real,val,0.00000013
real/coco/coco_014054.png,0,real,val,0.00006768
real/coco/coco_014079.png,0,real,val,0.00000000
real/coco/coco_014123.png,0,real,val,0.00937235
real/coco/coco_014132.png,0,real,val,0.00087084
real/coco/coco_014134.png,0,real,val,0.00069812
real/coco/coco_014162.png,0,real,val,0.00000000
real/coco/coco_014173.png,0,real,val,0.00000002
real/coco/coco_014197.png,0,real,val,0.00000210
real/coco/coco_014240.png,0,real,val,0.03167906
real/coco/coco_014264.png,0,real,val,0.03988393
real/coco/coco_014303.png,0,real,val,0.07456098
real/coco/coco_014323.png,0,real,val,0.00227688
real/coco/coco_014359.png,0,real,val,0.00000036
real/coco/coco_014387.png,0,real,val,0.00126959
real/coco/coco_014391.png,0,real,val,0.01893800
real/coco/coco_014409.png,0,real,val,0.01515705
real/coco/coco_014422.png,0,real,val,0.00000756
real/coco/coco_014423.png,0,real,val,0.00000527
real/coco/coco_014424.png,0,real,val,0.00000000
real/coco/coco_014445.png,0,real,val,0.00000026
real/coco/coco_014446.png,0,real,val,0.00000000
real/coco/coco_014456.png,0,real,val,0.00000442
real/coco/coco_014475.png,0,real,val,0.00000664
real/coco/coco_014513.png,0,real,val,0.00019682
real/coco/coco_014529.png,0,real,val,0.00000953
real/coco/coco_014563.png,0,real,val,0.00002959
real/coco/coco_014593.png,0,real,val,0.00556471
real/coco/coco_014609.png,0,real,val,0.00000013
real/coco/coco_014610.png,0,real,val,0.00000060
real/coco/coco_014636.png,0,real,val,0.00000002
real/coco/coco_014639.png,0,real,val,0.00000981
real/coco/coco_014643.png,0,real,val,0.00082705
real/coco/coco_014653.png,0,real,val,0.00000010
real/coco/coco_014678.png,0,real,val,0.00009362
real/coco/coco_014681.png,0,real,val,0.01009164
real/coco/coco_014690.png,0,real,val,0.00036439
real/coco/coco_014698.png,0,real,val,0.03883935
real/coco/coco_014707.png,0,real,val,0.00001854
real/coco/coco_014713.png,0,real,val,0.18632191
real/coco/coco_014762.png,0,real,val,0.00000099
real/coco/coco_014764.png,0,real,val,0.00000000
real/coco/coco_014772.png,0,real,val,0.01310889
real/coco/coco_014773.png,0,real,val,0.00000000
real/coco/coco_014831.png,0,real,val,0.07503960
real/coco/coco_014862.png,0,real,val,0.00000000
real/coco/coco_014869.png,0,real,val,0.00000000
real/coco/coco_014903.png,0,real,val,0.00000000
real/coco/coco_014934.png,0,real,val,0.00002028
real/coco/coco_014939.png,0,real,val,0.01336791
real/coco/coco_014958.png,0,real,val,0.00002944
real/coco/coco_015069.png,0,real,val,0.00000000
real/coco/coco_015106.png,0,real,val,0.01293414
real/coco/coco_015135.png,0,real,val,0.00007159
real/coco/coco_015151.png,0,real,val,0.00000095
real/coco/coco_015161.png,0,real,val,0.00447757
real/coco/coco_015170.png,0,real,val,0.00000279
real/coco/coco_015193.png,0,real,val,0.00000001
real/coco/coco_015200.png,0,real,val,0.00000005
real/coco/coco_015205.png,0,real,val,0.00185017
real/coco/coco_015224.png,0,real,val,0.00000679
real/coco/coco_015231.png,0,real,val,0.00015702
real/coco/coco_015236.png,0,real,val,0.00595974
real/coco/coco_015256.png,0,real,val,0.00239881
real/coco/coco_015282.png,0,real,val,0.00009171
real/coco/coco_015284.png,0,real,val,0.00058581
real/coco/coco_015313.png,0,real,val,0.00001380
real/coco/coco_015315.png,0,real,val,0.21906285
real/coco/coco_015342.png,0,real,val,0.00106682
real/coco/coco_015351.png,0,real,val,0.00000000
real/coco/coco_015361.png,0,real,val,0.01878643
real/coco/coco_015373.png,0,real,val,0.00584586
real/coco/coco_015382.png,0,real,val,0.00007662
real/coco/coco_015385.png,0,real,val,0.00342168
real/coco/coco_015402.png,0,real,val,0.00000000
real/coco/coco_015409.png,0,real,val,0.01936020
real/coco/coco_015437.png,0,real,val,0.00000551
real/coco/coco_015457.png,0,real,val,0.00029750
real/coco/coco_015484.png,0,real,val,0.00007034
real/coco/coco_015490.png,0,real,val,0.00000001
real/coco/coco_015535.png,0,real,val,0.00869971
real/coco/coco_015550.png,0,real,val,0.00000209
real/coco/coco_015576.png,0,real,val,0.00069661
real/coco/coco_015593.png,0,real,val,0.00008783
real/coco/coco_015601.png,0,real,val,0.00154582
real/coco/coco_015614.png,0,real,val,0.00000000
real/coco/coco_015615.png,0,real,val,0.02156791
real/coco/coco_015654.png,0,real,val,0.00000004
real/coco/coco_015655.png,0,real,val,0.00019401
real/coco/coco_015673.png,0,real,val,0.11198267
real/coco/coco_015676.png,0,real,val,0.00779469
real/coco/coco_015677.png,0,real,val,0.00074794
real/coco/coco_015688.png,0,real,val,0.00490366
real/coco/coco_015689.png,0,real,val,0.00014161
real/coco/coco_015706.png,0,real,val,0.01315721
real/coco/coco_015726.png,0,real,val,0.00102625
real/coco/coco_015730.png,0,real,val,0.00000002
real/coco/coco_015745.png,0,real,val,0.81528258
real/coco/coco_015794.png,0,real,val,0.00037277
real/coco/coco_015797.png,0,real,val,0.00000000
real/coco/coco_015865.png,0,real,val,0.00000003
real/coco/coco_015912.png,0,real,val,0.00134976
real/coco/coco_015916.png,0,real,val,0.00667513
real/coco/coco_015919.png,0,real,val,0.02222033
real/coco/coco_015921.png,0,real,val,0.01278825
real/coco/coco_015950.png,0,real,val,0.00000001
real/coco/coco_015959.png,0,real,val,0.00000063
real/coco/coco_015974.png,0,real,val,0.13638970
real/coco/coco_015990.png,0,real,val,0.00012340
real/coco/coco_016000.png,0,real,val,0.02229151
real/coco/coco_016029.png,0,real,val,0.67697889
real/coco/coco_016052.png,0,real,val,0.00000001
real/coco/coco_016070.png,0,real,val,0.00024733
real/coco/coco_016071.png,0,real,val,0.00000000
real/coco/coco_016085.png,0,real,val,0.00000449
real/coco/coco_016152.png,0,real,val,0.00609342
real/coco/coco_016226.png,0,real,val,0.00000003
real/coco/coco_016322.png,0,real,val,0.00001782
real/coco/coco_016343.png,0,real,val,0.00002664
real/coco/coco_016349.png,0,real,val,0.00000052
real/coco/coco_016351.png,0,real,val,0.00000003
real/coco/coco_016378.png,0,real,val,0.00000014
real/coco/coco_016386.png,0,real,val,0.00134206
real/coco/coco_016409.png,0,real,val,0.00000000
real/coco/coco_016419.png,0,real,val,0.00623460
real/coco/coco_016425.png,0,real,val,0.00280173
real/coco/coco_016477.png,0,real,val,0.00003456
real/coco/coco_016520.png,0,real,val,0.00000670
real/coco/coco_016529.png,0,real,val,0.00000000
real/coco/coco_016543.png,0,real,val,0.00000000
real/coco/coco_016548.png,0,real,val,0.00000304
real/coco/coco_016586.png,0,real,val,0.00385622
real/coco/coco_016619.png,0,real,val,0.13461661
real/coco/coco_016636.png,0,real,val,0.00000616
real/coco/coco_016638.png,0,real,val,0.01694346
real/coco/coco_016683.png,0,real,val,0.00000001
real/coco/coco_016700.png,0,real,val,0.00698684
real/coco/coco_016760.png,0,real,val,0.30184370
real/coco/coco_016772.png,0,real,val,0.00000006
real/coco/coco_016783.png,0,real,val,0.00006250
real/coco/coco_016789.png,0,real,val,0.02277967
real/coco/coco_016830.png,0,real,val,0.00003838
real/coco/coco_016831.png,0,real,val,0.00013106
real/coco/coco_016868.png,0,real,val,0.00000434
real/coco/coco_016908.png,0,real,val,0.00002337
real/coco/coco_016909.png,0,real,val,0.00000000
real/coco/coco_016912.png,0,real,val,0.00051056
real/coco/coco_016928.png,0,real,val,0.00324789
real/coco/coco_016930.png,0,real,val,0.00000963
real/coco/coco_016974.png,0,real,val,0.00215167
real/coco/coco_016990.png,0,real,val,0.00013498
real/coco/coco_017055.png,0,real,val,0.00000000
real/coco/coco_017097.png,0,real,val,0.00319677
real/coco/coco_017121.png,0,real,val,0.01194964
real/coco/coco_017131.png,0,real,val,0.00000000
real/coco/coco_017143.png,0,real,val,0.00000000
real/coco/coco_017148.png,0,real,val,0.00025930
real/coco/coco_017174.png,0,real,val,0.06914748
real/coco/coco_017215.png,0,real,val,0.00062436
real/coco/coco_017220.png,0,real,val,0.00000000
real/coco/coco_017221.png,0,real,val,0.00016857
real/coco/coco_017224.png,0,real,val,0.00000002
real/coco/coco_017242.png,0,real,val,0.00000001
real/coco/coco_017259.png,0,real,val,0.00000000
real/coco/coco_017275.png,0,real,val,0.00001287
real/coco/coco_017278.png,0,real,val,0.00046186
real/coco/coco_017283.png,0,real,val,0.00000798
real/coco/coco_017293.png,0,real,val,0.00056437
real/coco/coco_017343.png,0,real,val,0.00000843
real/coco/coco_017351.png,0,real,val,0.00000000
real/coco/coco_017361.png,0,real,val,0.00039556
real/coco/coco_017373.png,0,real,val,0.08198310
real/coco/coco_017390.png,0,real,val,0.01099596
real/coco/coco_017399.png,0,real,val,0.00000000
real/coco/coco_017426.png,0,real,val,0.00017902
real/coco/coco_017445.png,0,real,val,0.00192236
real/coco/coco_017460.png,0,real,val,0.00006875
real/coco/coco_017492.png,0,real,val,0.01857122
real/coco/coco_017507.png,0,real,val,0.00000000
real/coco/coco_017534.png,0,real,val,0.00000000
real/coco/coco_017581.png,0,real,val,0.00000000
real/coco/coco_017618.png,0,real,val,0.00000000
real/coco/coco_017626.png,0,real,val,0.00044479
real/coco/coco_017671.png,0,real,val,0.00010157
real/coco/coco_017694.png,0,real,val,0.00000549
real/coco/coco_017701.png,0,real,val,0.00000561
real/coco/coco_017816.png,0,real,val,0.00000005
real/coco/coco_017831.png,0,real,val,0.00000391
real/coco/coco_017846.png,0,real,val,0.00416053
real/coco/coco_017864.png,0,real,val,0.00000033
real/coco/coco_017868.png,0,real,val,0.01385970
real/coco/coco_017881.png,0,real,val,0.00000000
real/coco/coco_017890.png,0,real,val,0.00006892
real/coco/coco_017895.png,0,real,val,0.00019655
real/coco/coco_017910.png,0,real,val,0.00000000
real/coco/coco_017914.png,0,real,val,0.01010904
real/coco/coco_017939.png,0,real,val,0.00000000
real/coco/coco_017940.png,0,real,val,0.00001439
real/coco/coco_017949.png,0,real,val,0.00000000
real/coco/coco_017971.png,0,real,val,0.00000007
real/coco/coco_017975.png,0,real,val,0.05978744
real/coco/coco_017984.png,0,real,val,0.00051182
real/coco/coco_018021.png,0,real,val,0.00000000
real/coco/coco_018033.png,0,real,val,0.00000000
real/coco/coco_018058.png,0,real,val,0.00040258
real/coco/coco_018060.png,0,real,val,0.00011452
real/coco/coco_018062.png,0,real,val,0.00002513
real/coco/coco_018071.png,0,real,val,0.00617076
real/coco/coco_018094.png,0,real,val,0.00000404
real/coco/coco_018116.png,0,real,val,0.00000000
real/coco/coco_018159.png,0,real,val,0.00006299
real/coco/coco_018211.png,0,real,val,0.00000174
real/coco/coco_018235.png,0,real,val,0.00000009
real/coco/coco_018253.png,0,real,val,0.05363915
real/coco/coco_018307.png,0,real,val,0.00000249
real/coco/coco_018319.png,0,real,val,0.00001375
real/coco/coco_018340.png,0,real,val,0.00001577
real/coco/coco_018358.png,0,real,val,0.00000884
real/coco/coco_018419.png,0,real,val,0.00000242
real/coco/coco_018429.png,0,real,val,0.00026295
real/coco/coco_018500.png,0,real,val,0.00004513
real/coco/coco_018549.png,0,real,val,0.03144080
real/coco/coco_018578.png,0,real,val,0.06136293
real/coco/coco_018585.png,0,real,val,0.00000000
real/coco/coco_018599.png,0,real,val,0.00197791
real/coco/coco_018610.png,0,real,val,0.00250612
real/coco/coco_018627.png,0,real,val,0.00002700
real/coco/coco_018632.png,0,real,val,0.00005519
real/coco/coco_018647.png,0,real,val,0.00000000
real/coco/coco_018659.png,0,real,val,0.01056693
real/coco/coco_018683.png,0,real,val,0.00000001
real/coco/coco_018696.png,0,real,val,0.03219477
real/coco/coco_018700.png,0,real,val,0.01439017
real/coco/coco_018701.png,0,real,val,0.00000001
real/coco/coco_018726.png,0,real,val,0.00045880
real/coco/coco_018743.png,0,real,val,0.00033859
real/coco/coco_018780.png,0,real,val,0.00495300
real/coco/coco_018804.png,0,real,val,0.00000000
real/coco/coco_018825.png,0,real,val,0.00026165
real/coco/coco_018834.png,0,real,val,0.00000000
real/coco/coco_018850.png,0,real,val,0.00000374
real/coco/coco_018877.png,0,real,val,0.00008892
real/coco/coco_018879.png,0,real,val,0.00049208
real/coco/coco_018881.png,0,real,val,0.00000000
real/coco/coco_018938.png,0,real,val,0.00000002
real/coco/coco_018939.png,0,real,val,0.00000534
real/coco/coco_018999.png,0,real,val,0.00000074
real/coco/coco_019003.png,0,real,val,0.03271676
real/coco/coco_019019.png,0,real,val,0.00000697
real/coco/coco_019081.png,0,real,val,0.00184028
real/coco/coco_019099.png,0,real,val,0.00000067
real/coco/coco_019127.png,0,real,val,0.00001494
real/coco/coco_019131.png,0,real,val,0.00000000
real/coco/coco_019137.png,0,real,val,0.00029172
real/coco/coco_019159.png,0,real,val,0.00026790
real/coco/coco_019174.png,0,real,val,0.00651648
real/coco/coco_019178.png,0,real,val,0.00010937
real/coco/coco_019194.png,0,real,val,0.00000000
real/coco/coco_019211.png,0,real,val,0.00040348
real/coco/coco_019214.png,0,real,val,0.00000033
real/coco/coco_019220.png,0,real,val,0.00000000
real/coco/coco_019230.png,0,real,val,0.00048071
real/coco/coco_019281.png,0,real,val,0.00000013
real/coco/coco_019350.png,0,real,val,0.00154697
real/coco/coco_019367.png,0,real,val,0.00000004
real/coco/coco_019385.png,0,real,val,0.00000000
real/coco/coco_019428.png,0,real,val,0.00000023
real/coco/coco_019431.png,0,real,val,0.00182220
real/coco/coco_019482.png,0,real,val,0.00000053
real/coco/coco_019506.png,0,real,val,0.00000250
real/coco/coco_019518.png,0,real,val,0.00323649
real/coco/coco_019532.png,0,real,val,0.00006287
real/coco/coco_019540.png,0,real,val,0.00020834
real/coco/coco_019601.png,0,real,val,0.00000530
real/coco/coco_019610.png,0,real,val,0.00243254
real/coco/coco_019687.png,0,real,val,0.00008917
real/coco/coco_019702.png,0,real,val,0.00000000
real/coco/coco_019706.png,0,real,val,0.00000000
real/coco/coco_019709.png,0,real,val,0.00000004
real/coco/coco_019719.png,0,real,val,0.00000017
real/coco/coco_019760.png,0,real,val,0.10111322
real/coco/coco_019790.png,0,real,val,0.00000000
real/coco/coco_019815.png,0,real,val,0.00002750
real/coco/coco_019816.png,0,real,val,0.00000001
real/coco/coco_019818.png,0,real,val,0.00017906
real/coco/coco_019838.png,0,real,val,0.48009688
real/coco/coco_019861.png,0,real,val,0.00590718
real/coco/coco_019905.png,0,real,val,0.00015113
real/coco/coco_019920.png,0,real,val,0.00543533
real/coco/coco_019941.png,0,real,val,0.00000000
real/coco/coco_019968.png,0,real,val,0.00000000
real/coco/coco_019994.png,0,real,val,0.00000000
real/coco/coco_020002.png,0,real,val,0.00015387
real/coco/coco_020035.png,0,real,val,0.00000000
real/coco/coco_020078.png,0,real,val,0.00000001
real/coco/coco_020097.png,0,real,val,0.00003200
real/coco/coco_020105.png,0,real,val,0.00000778
real/coco/coco_020119.png,0,real,val,0.02732070
real/coco/coco_020123.png,0,real,val,0.00055852
real/coco/coco_020134.png,0,real,val,0.86783522
real/coco/coco_020135.png,0,real,val,0.78939754
real/coco/coco_020194.png,0,real,val,0.04630794
real/coco/coco_020235.png,0,real,val,0.00000000
real/coco/coco_020241.png,0,real,val,0.10161415
real/coco/coco_020246.png,0,real,val,0.00015488
real/coco/coco_020293.png,0,real,val,0.00000001
real/coco/coco_020313.png,0,real,val,0.00000301
real/coco/coco_020327.png,0,real,val,0.00012053
real/coco/coco_020332.png,0,real,val,0.00004864
real/coco/coco_020333.png,0,real,val,0.00236441
real/coco/coco_020338.png,0,real,val,0.32342064
real/coco/coco_020386.png,0,real,val,0.01659200
real/coco/coco_020387.png,0,real,val,0.00000000
real/coco/coco_020408.png,0,real,val,0.00001091
real/coco/coco_020411.png,0,real,val,0.00000952
real/coco/coco_020431.png,0,real,val,0.00074648
real/coco/coco_020437.png,0,real,val,0.07086267
real/coco/coco_020477.png,0,real,val,0.00000221
real/coco/coco_020487.png,0,real,val,0.00000000
real/coco/coco_020493.png,0,real,val,0.00012645
real/coco/coco_020501.png,0,real,val,0.00000000
real/coco/coco_020542.png,0,real,val,0.00000082
real/coco/coco_020576.png,0,real,val,0.00320806
real/coco/coco_020592.png,0,real,val,0.00000006
real/coco/coco_020594.png,0,real,val,0.00997668
real/coco/coco_020619.png,0,real,val,0.00001857
real/coco/coco_020645.png,0,real,val,0.00012817
real/coco/coco_020662.png,0,real,val,0.00000005
real/coco/coco_020686.png,0,real,val,0.00000000
real/coco/coco_020738.png,0,real,val,0.00861945
real/coco/coco_020752.png,0,real,val,0.33492377
real/coco/coco_020762.png,0,real,val,0.00071304
real/coco/coco_020763.png,0,real,val,0.00000160
real/coco/coco_020764.png,0,real,val,0.00003616
real/coco/coco_020772.png,0,real,val,0.39007965
real/coco/coco_020794.png,0,real,val,0.41297981
real/coco/coco_020838.png,0,real,val,0.00000000
real/coco/coco_020890.png,0,real,val,0.00415960
real/coco/coco_020914.png,0,real,val,0.00023966
real/coco/coco_020940.png,0,real,val,0.03830809
real/coco/coco_020993.png,0,real,val,0.00000455
real/coco/coco_021013.png,0,real,val,0.00029906
real/coco/coco_021028.png,0,real,val,0.00000032
real/coco/coco_021077.png,0,real,val,0.00006627
real/coco/coco_021079.png,0,real,val,0.00001559
real/coco/coco_021096.png,0,real,val,0.00000001
real/coco/coco_021100.png,0,real,val,0.00000018
real/coco/coco_021127.png,0,real,val,0.00000821
real/coco/coco_021133.png,0,real,val,0.00000896
real/coco/coco_021154.png,0,real,val,0.00004835
real/coco/coco_021169.png,0,real,val,0.00000000
real/coco/coco_021225.png,0,real,val,0.00000116
real/coco/coco_021233.png,0,real,val,0.11787811
real/coco/coco_021276.png,0,real,val,0.00131883
real/coco/coco_021282.png,0,real,val,0.00000000
real/coco/coco_021304.png,0,real,val,0.01793505
real/coco/coco_021349.png,0,real,val,0.00218193
real/coco/coco_021402.png,0,real,val,0.00078257
real/coco/coco_021406.png,0,real,val,0.04344584
real/coco/coco_021418.png,0,real,val,0.00000326
real/coco/coco_021442.png,0,real,val,0.00000000
real/coco/coco_021475.png,0,real,val,0.00000781
real/coco/coco_021480.png,0,real,val,0.00000267
real/coco/coco_021484.png,0,real,val,0.01101705
real/coco/coco_021497.png,0,real,val,0.00000000
real/coco/coco_021521.png,0,real,val,0.00012468
real/coco/coco_021531.png,0,real,val,0.03421162
real/coco/coco_021549.png,0,real,val,0.00009746
real/coco/coco_021561.png,0,real,val,0.77176070
real/coco/coco_021562.png,0,real,val,0.01979868
real/coco/coco_021565.png,0,real,val,0.00001184
real/coco/coco_021597.png,0,real,val,0.01819490
real/coco/coco_021599.png,0,real,val,0.00000000
real/coco/coco_021679.png,0,real,val,0.00001874
real/coco/coco_021703.png,0,real,val,0.00008358
real/coco/coco_021722.png,0,real,val,0.00403080
real/coco/coco_021741.png,0,real,val,0.00008210
real/coco/coco_021769.png,0,real,val,0.46912652
real/coco/coco_021800.png,0,real,val,0.00000000
real/coco/coco_021815.png,0,real,val,0.00000000
real/coco/coco_021829.png,0,real,val,0.00889873
real/coco/coco_021836.png,0,real,val,0.00004222
real/coco/coco_021844.png,0,real,val,0.00000018
real/coco/coco_021874.png,0,real,val,0.00000000
real/coco/coco_021878.png,0,real,val,0.48009688
real/coco/coco_021889.png,0,real,val,0.00000015
real/coco/coco_021891.png,0,real,val,0.00000054
real/coco/coco_021905.png,0,real,val,0.00000447
real/coco/coco_021907.png,0,real,val,0.00116795
real/coco/coco_021942.png,0,real,val,0.00000000
real/coco/coco_022014.png,0,real,val,0.00005359
real/coco/coco_022026.png,0,real,val,0.00044189
real/coco/coco_022038.png,0,real,val,0.00000000
real/coco/coco_022081.png,0,real,val,0.00000023
real/coco/coco_022087.png,0,real,val,0.00000005
real/coco/coco_022111.png,0,real,val,0.00013500
real/coco/coco_022133.png,0,real,val,0.64048648
real/coco/coco_022169.png,0,real,val,0.86678737
real/coco/coco_022193.png,0,real,val,0.01042035
real/coco/coco_022218.png,0,real,val,0.00003127
real/coco/coco_022236.png,0,real,val,0.00000209
real/coco/coco_022270.png,0,real,val,0.00000009
real/coco/coco_022272.png,0,real,val,0.00000000
real/coco/coco_022280.png,0,real,val,0.00002060
real/coco/coco_022293.png,0,real,val,0.00303494
real/coco/coco_022317.png,0,real,val,0.00000000
real/coco/coco_022320.png,0,real,val,0.00042476
real/coco/coco_022322.png,0,real,val,0.00000112
real/coco/coco_022367.png,0,real,val,0.00000000
real/coco/coco_022370.png,0,real,val,0.00000008
real/coco/coco_022372.png,0,real,val,0.00000000
real/coco/coco_022399.png,0,real,val,0.02131697
real/coco/coco_022407.png,0,real,val,0.00236110
real/coco/coco_022419.png,0,real,val,0.00002383
real/coco/coco_022443.png,0,real,val,0.00458767
real/coco/coco_022461.png,0,real,val,0.00373107
real/coco/coco_022472.png,0,real,val,0.00000000
real/coco/coco_022498.png,0,real,val,0.00000002
real/coco/coco_022544.png,0,real,val,0.00026195
real/coco/coco_022546.png,0,real,val,0.00007941
real/coco/coco_022547.png,0,real,val,0.44511572
real/coco/coco_022554.png,0,real,val,0.00000000
real/coco/coco_022591.png,0,real,val,0.00000008
real/coco/coco_022655.png,0,real,val,0.00000000
real/coco/coco_022682.png,0,real,val,0.81678545
real/coco/coco_022827.png,0,real,val,0.00000054
real/coco/coco_022840.png,0,real,val,0.01266914
real/coco/coco_022860.png,0,real,val,0.00000000
real/coco/coco_022864.png,0,real,val,0.00870338
real/coco/coco_022876.png,0,real,val,0.00000000
real/coco/coco_022902.png,0,real,val,0.02352058
real/coco/coco_022935.png,0,real,val,0.00000001
real/coco/coco_022938.png,0,real,val,0.00787619
real/coco/coco_022966.png,0,real,val,0.00000000
real/coco/coco_022967.png,0,real,val,0.00205003
real/coco/coco_022976.png,0,real,val,0.00000014
real/coco/coco_023030.png,0,real,val,0.00004079
real/coco/coco_023036.png,0,real,val,0.00000025
real/coco/coco_023060.png,0,real,val,0.00000000
real/coco/coco_023089.png,0,real,val,0.00000440
real/coco/coco_023101.png,0,real,val,0.00799182
real/coco/coco_023102.png,0,real,val,0.00000161
real/coco/coco_023113.png,0,real,val,0.00908720
real/coco/coco_023120.png,0,real,val,0.00000768
real/coco/coco_023122.png,0,real,val,0.00000310
real/coco/coco_023123.png,0,real,val,0.00014714
real/coco/coco_023182.png,0,real,val,0.00000438
real/coco/coco_023195.png,0,real,val,0.00004957
real/coco/coco_023236.png,0,real,val,0.00000284
real/coco/coco_023281.png,0,real,val,0.72805107
real/coco/coco_023291.png,0,real,val,0.00000053
real/coco/coco_023295.png,0,real,val,0.00010569
real/coco/coco_023302.png,0,real,val,0.00130492
real/coco/coco_023337.png,0,real,val,0.01363786
real/coco/coco_023358.png,0,real,val,0.85149181
real/coco/coco_023399.png,0,real,val,0.00000001
real/coco/coco_023403.png,0,real,val,0.00000000
real/coco/coco_023414.png,0,real,val,0.00004597
real/coco/coco_023457.png,0,real,val,0.00000000
real/coco/coco_023482.png,0,real,val,0.00000002
real/coco/coco_023494.png,0,real,val,0.00129056
real/coco/coco_023497.png,0,real,val,0.00032105
real/coco/coco_023517.png,0,real,val,0.00003398
real/coco/coco_023534.png,0,real,val,0.00000000
real/coco/coco_023542.png,0,real,val,0.00013578
real/coco/coco_023566.png,0,real,val,0.00131844
real/coco/coco_023586.png,0,real,val,0.00000000
real/coco/coco_023588.png,0,real,val,0.00001319
real/coco/coco_023606.png,0,real,val,0.00099041
real/coco/coco_023630.png,0,real,val,0.00570963
real/coco/coco_023633.png,0,real,val,0.00000010
real/coco/coco_023637.png,0,real,val,0.00147584
real/coco/coco_023664.png,0,real,val,0.01856285
real/coco/coco_023671.png,0,real,val,0.00095474
real/coco/coco_023705.png,0,real,val,0.00000000
real/coco/coco_023706.png,0,real,val,0.00000000
real/coco/coco_023710.png,0,real,val,0.00094813
real/coco/coco_023714.png,0,real,val,0.53484213
real/coco/coco_023729.png,0,real,val,0.00018939
real/coco/coco_023737.png,0,real,val,0.00149500
real/coco/coco_023743.png,0,real,val,0.00584587
real/coco/coco_023757.png,0,real,val,0.00478218
real/coco/coco_023762.png,0,real,val,0.04063513
real/coco/coco_023801.png,0,real,val,0.00036806
real/coco/coco_023817.png,0,real,val,0.00000006
real/coco/coco_023860.png,0,real,val,0.00000000
real/coco/coco_023874.png,0,real,val,0.00000013
real/coco/coco_023878.png,0,real,val,0.01361434
real/coco/coco_023888.png,0,real,val,0.00003911
real/coco/coco_023902.png,0,real,val,0.00000000
real/coco/coco_023914.png,0,real,val,0.01006771
real/coco/coco_023916.png,0,real,val,0.00607837
real/coco/coco_023929.png,0,real,val,0.00000334
real/coco/coco_023938.png,0,real,val,0.00000000
real/coco/coco_023939.png,0,real,val,0.00183089
real/coco/coco_023946.png,0,real,val,0.00000492
real/coco/coco_023972.png,0,real,val,0.00000001
real/coco/coco_023987.png,0,real,val,0.00000000
real/coco/coco_023988.png,0,real,val,0.00000029
real/coco/coco_023996.png,0,real,val,0.00000002
real/coco/coco_023999.png,0,real,val,0.00000375
real/coco/coco_024011.png,0,real,val,0.02251734
real/coco/coco_024047.png,0,real,val,0.00000000
real/coco/coco_024087.png,0,real,val,0.00001003
real/coco/coco_024092.png,0,real,val,0.00384204
real/coco/coco_024117.png,0,real,val,0.00073455
real/coco/coco_024125.png,0,real,val,0.00000000
real/coco/coco_024127.png,0,real,val,0.00000000
real/coco/coco_024131.png,0,real,val,0.38850716
real/coco/coco_024168.png,0,real,val,0.00042463
real/coco/coco_024173.png,0,real,val,0.00000001
real/coco/coco_024176.png,0,real,val,0.00081900
real/coco/coco_024186.png,0,real,val,0.00000747
real/coco/coco_024209.png,0,real,val,0.15114973
real/coco/coco_024227.png,0,real,val,0.00274328
real/coco/coco_024250.png,0,real,val,0.00000000
real/coco/coco_024274.png,0,real,val,0.00124852
real/coco/coco_024288.png,0,real,val,0.12453999
real/coco/coco_024301.png,0,real,val,0.00000298
real/coco/coco_024317.png,0,real,val,0.00000000
real/coco/coco_024345.png,0,real,val,0.00000410
real/coco/coco_024470.png,0,real,val,0.00565246
real/coco/coco_024535.png,0,real,val,0.00078813
real/coco/coco_024552.png,0,real,val,0.00000008
real/coco/coco_024634.png,0,real,val,0.00088445
real/coco/coco_024669.png,0,real,val,0.00000022
real/coco/coco_024681.png,0,real,val,0.00338311
real/coco/coco_024736.png,0,real,val,0.00000200
real/coco/coco_024765.png,0,real,val,0.00000000
real/coco/coco_024842.png,0,real,val,0.00000000
real/coco/coco_024901.png,0,real,val,0.02972901
real/coco/coco_024940.png,0,real,val,0.00000000
real/coco/coco_024945.png,0,real,val,0.00103835
real/coco/coco_024947.png,0,real,val,0.00007957
real/coco/coco_024950.png,0,real,val,0.00000054
real/coco/coco_024951.png,0,real,val,0.00000000
real/coco/coco_024962.png,0,real,val,0.00138087
real/coco/coco_025018.png,0,real,val,0.00001466
real/coco/coco_025026.png,0,real,val,0.00442176
real/coco/coco_025065.png,0,real,val,0.00001345
real/coco/coco_025084.png,0,real,val,0.05546508
real/coco/coco_025096.png,0,real,val,0.00020662
real/coco/coco_025118.png,0,real,val,0.00162187
real/coco/coco_025126.png,0,real,val,0.00000000
real/coco/coco_025131.png,0,real,val,0.00000001
real/coco/coco_025139.png,0,real,val,0.00002211
real/coco/coco_025177.png,0,real,val,0.00007916
real/coco/coco_025194.png,0,real,val,0.00000009
real/coco/coco_025196.png,0,real,val,0.00000000
real/coco/coco_025213.png,0,real,val,0.02084594
real/coco/coco_025240.png,0,real,val,0.00018613
real/coco/coco_025242.png,0,real,val,0.00000211
real/coco/coco_025254.png,0,real,val,0.00000000
real/coco/coco_025276.png,0,real,val,0.01429680
real/coco/coco_025308.png,0,real,val,0.01934837
real/coco/coco_025325.png,0,real,val,0.00037970
real/coco/coco_025360.png,0,real,val,0.00118544
real/coco/coco_025367.png,0,real,val,0.00000074
real/coco/coco_025370.png,0,real,val,0.01222114
real/coco/coco_025477.png,0,real,val,0.00012802
real/coco/coco_025494.png,0,real,val,0.00000263
real/coco/coco_025499.png,0,real,val,0.00000000
real/coco/coco_025537.png,0,real,val,0.00000000
real/coco/coco_025542.png,0,real,val,0.00338173
real/coco/coco_025590.png,0,real,val,0.00018263
real/coco/coco_025595.png,0,real,val,0.00000000
real/coco/coco_025621.png,0,real,val,0.00000003
real/coco/coco_025634.png,0,real,val,0.00182121
real/coco/coco_025655.png,0,real,val,0.00000000
real/coco/coco_025667.png,0,real,val,0.00000117
real/coco/coco_025709.png,0,real,val,0.00001141
real/coco/coco_025738.png,0,real,val,0.00000104
real/coco/coco_025765.png,0,real,val,0.00004030
real/coco/coco_025786.png,0,real,val,0.00000000
real/coco/coco_025856.png,0,real,val,0.00001053
real/coco/coco_025870.png,0,real,val,0.00229936
real/coco/coco_025876.png,0,real,val,0.00000035
real/coco/coco_025890.png,0,real,val,0.00004056
real/coco/coco_025925.png,0,real,val,0.00000003
real/coco/coco_025946.png,0,real,val,0.00000403
real/coco/coco_025999.png,0,real,val,0.00001892
real/coco/coco_026035.png,0,real,val,0.00086822
real/coco/coco_026084.png,0,real,val,0.00000000
real/coco/coco_026121.png,0,real,val,0.00004398
real/coco/coco_026125.png,0,real,val,0.00000024
real/coco/coco_026143.png,0,real,val,0.00000000
real/coco/coco_026197.png,0,real,val,0.00616254
real/coco/coco_026235.png,0,real,val,0.00025279
real/coco/coco_026273.png,0,real,val,0.00000000
real/coco/coco_026282.png,0,real,val,0.00000091
real/coco/coco_026305.png,0,real,val,0.00005431
real/coco/coco_026310.png,0,real,val,0.00000000
real/coco/coco_026331.png,0,real,val,0.00000658
real/coco/coco_026332.png,0,real,val,0.00391672
real/coco/coco_026352.png,0,real,val,0.00000000
real/coco/coco_026366.png,0,real,val,0.00000000
real/coco/coco_026370.png,0,real,val,0.01675131
real/coco/coco_026390.png,0,real,val,0.00000000
real/coco/coco_026439.png,0,real,val,0.00001614
real/coco/coco_026474.png,0,real,val,0.00254804
real/coco/coco_026508.png,0,real,val,0.00000112
real/coco/coco_026517.png,0,real,val,0.04372490
real/coco/coco_026518.png,0,real,val,0.00031233
real/coco/coco_026532.png,0,real,val,0.00020038
real/coco/coco_026563.png,0,real,val,0.05166793
real/coco/coco_026586.png,0,real,val,0.00000000
real/coco/coco_026636.png,0,real,val,0.02002266
real/coco/coco_026697.png,0,real,val,0.00038779
real/coco/coco_026713.png,0,real,val,0.00000111
real/coco/coco_026758.png,0,real,val,0.07104468
real/coco/coco_026763.png,0,real,val,0.00000000
real/coco/coco_026769.png,0,real,val,0.00002687
real/coco/coco_026858.png,0,real,val,0.17144975
real/coco/coco_026871.png,0,real,val,0.00044026
real/coco/coco_026873.png,0,real,val,0.00000005
real/coco/coco_026889.png,0,real,val,0.00000085
real/coco/coco_026979.png,0,real,val,0.00000000
real/coco/coco_026999.png,0,real,val,0.00000000
real/coco/coco_027029.png,0,real,val,0.00044948
real/coco/coco_027042.png,0,real,val,0.07376491
real/coco/coco_027062.png,0,real,val,0.00107057
real/coco/coco_027104.png,0,real,val,0.00000109
real/coco/coco_027105.png,0,real,val,0.00131045
real/coco/coco_027129.png,0,real,val,0.00000019
real/coco/coco_027137.png,0,real,val,0.00000000
real/coco/coco_027145.png,0,real,val,0.00000069
real/coco/coco_027182.png,0,real,val,0.00000002
real/coco/coco_027193.png,0,real,val,0.01055666
real/coco/coco_027204.png,0,real,val,0.00000318
real/coco/coco_027222.png,0,real,val,0.00000000
real/coco/coco_027253.png,0,real,val,0.00001391
real/coco/coco_027254.png,0,real,val,0.00000019
real/coco/coco_027294.png,0,real,val,0.00000000
real/coco/coco_027321.png,0,real,val,0.16813666
real/coco/coco_027390.png,0,real,val,0.00000165
real/coco/coco_027394.png,0,real,val,0.00003640
real/coco/coco_027451.png,0,real,val,0.43639845
real/coco/coco_027471.png,0,real,val,0.00000530
real/coco/coco_027532.png,0,real,val,0.00000081
real/coco/coco_027643.png,0,real,val,0.00775451
real/coco/coco_027773.png,0,real,val,0.00268089
real/coco/coco_027830.png,0,real,val,0.00000000
real/coco/coco_027848.png,0,real,val,0.00000608
real/coco/coco_027882.png,0,real,val,0.00053437
real/coco/coco_027902.png,0,real,val,0.00029688
real/coco/coco_027921.png,0,real,val,0.00003517
real/coco/coco_027940.png,0,real,val,0.00714317
real/coco/coco_027974.png,0,real,val,0.00020209
real/coco/coco_027978.png,0,real,val,0.00000000
real/coco/coco_027979.png,0,real,val,0.00000117
real/coco/coco_027995.png,0,real,val,0.00000006
real/coco/coco_028017.png,0,real,val,0.00004718
real/coco/coco_028022.png,0,real,val,0.01604130
real/coco/coco_028060.png,0,real,val,0.00323933
real/coco/coco_028070.png,0,real,val,0.00001395
real/coco/coco_028078.png,0,real,val,0.00192017
real/coco/coco_028080.png,0,real,val,0.00029623
real/coco/coco_028085.png,0,real,val,0.00001204
real/coco/coco_028099.png,0,real,val,0.00000000
real/coco/coco_028113.png,0,real,val,0.00000000
real/coco/coco_028131.png,0,real,val,0.00267561
real/coco/coco_028152.png,0,real,val,0.08861214
real/coco/coco_028154.png,0,real,val,0.00587411
real/coco/coco_028177.png,0,real,val,0.00000062
real/coco/coco_028185.png,0,real,val,0.01287739
real/coco/coco_028201.png,0,real,val,0.04042644
real/coco/coco_028227.png,0,real,val,0.00000000
real/coco/coco_028246.png,0,real,val,0.09132074
real/coco/coco_028253.png,0,real,val,0.02987249
real/coco/coco_028291.png,0,real,val,0.00002661
real/coco/coco_028326.png,0,real,val,0.00000026
real/coco/coco_028361.png,0,real,val,0.00000013
real/coco/coco_028423.png,0,real,val,0.00002118
real/coco/coco_028474.png,0,real,val,0.00000337
real/coco/coco_028477.png,0,real,val,0.01038600
real/coco/coco_028483.png,0,real,val,0.00014222
real/coco/coco_028546.png,0,real,val,0.03933930
real/coco/coco_028558.png,0,real,val,0.00031283
real/coco/coco_028567.png,0,real,val,0.00265722
real/coco/coco_028570.png,0,real,val,0.00000008
real/coco/coco_028594.png,0,real,val,0.00000000
real/coco/coco_028621.png,0,real,val,0.00000000
real/coco/coco_028681.png,0,real,val,0.00003120
real/coco/coco_028696.png,0,real,val,0.00000822
real/coco/coco_028698.png,0,real,val,0.00249619
real/coco/coco_028721.png,0,real,val,0.00009797
real/coco/coco_028726.png,0,real,val,0.00448602
real/coco/coco_028763.png,0,real,val,0.00002103
real/coco/coco_028764.png,0,real,val,0.00000003
real/coco/coco_028795.png,0,real,val,0.00000000
real/coco/coco_028834.png,0,real,val,0.01494518
real/coco/coco_028840.png,0,real,val,0.00305114
real/coco/coco_028862.png,0,real,val,0.00000103
real/coco/coco_028889.png,0,real,val,0.00001574
real/coco/coco_028893.png,0,real,val,0.00008688
real/coco/coco_028915.png,0,real,val,0.00000513
real/coco/coco_028971.png,0,real,val,0.00000000
real/coco/coco_028991.png,0,real,val,0.00058738
real/coco/coco_029021.png,0,real,val,0.00082757
real/coco/coco_029094.png,0,real,val,0.00001863
real/coco/coco_029123.png,0,real,val,0.00012857
real/coco/coco_029130.png,0,real,val,0.02592132
real/coco/coco_029150.png,0,real,val,0.00074262
real/coco/coco_029174.png,0,real,val,0.09123182
real/coco/coco_029180.png,0,real,val,0.00022548
real/coco/coco_029198.png,0,real,val,0.64230782
real/coco/coco_029207.png,0,real,val,0.00007063
real/coco/coco_029282.png,0,real,val,0.00000000
real/coco/coco_029305.png,0,real,val,0.09281929
real/coco/coco_029309.png,0,real,val,0.00021873
real/coco/coco_029327.png,0,real,val,0.00000063
real/coco/coco_029336.png,0,real,val,0.00000000
real/coco/coco_029340.png,0,real,val,0.00001153
real/coco/coco_029375.png,0,real,val,0.00000001
real/coco/coco_029397.png,0,real,val,0.00000000
real/coco/coco_029442.png,0,real,val,0.00000000
real/coco/coco_029494.png,0,real,val,0.92612666
real/coco/coco_029534.png,0,real,val,0.00000308
real/coco/coco_029578.png,0,real,val,0.00121230
real/coco/coco_029596.png,0,real,val,0.00001240
real/coco/coco_029607.png,0,real,val,0.00598976
real/coco/coco_029643.png,0,real,val,0.00015376
real/coco/coco_029663.png,0,real,val,0.01372851
real/coco/coco_029667.png,0,real,val,0.00000360
real/coco/coco_029679.png,0,real,val,0.00000065
real/coco/coco_029697.png,0,real,val,0.00000000
real/coco/coco_029775.png,0,real,val,0.00000015
real/coco/coco_029787.png,0,real,val,0.02104393
real/coco/coco_029792.png,0,real,val,0.00000159
real/coco/coco_029832.png,0,real,val,0.00000000
real/coco/coco_029835.png,0,real,val,0.00000001
real/coco/coco_029849.png,0,real,val,0.00000159
real/coco/coco_029860.png,0,real,val,0.00042489
real/coco/coco_029876.png,0,real,val,0.00000558
real/coco/coco_029916.png,0,real,val,0.00000050
real/coco/coco_029946.png,0,real,val,0.00000000
real/coco/coco_029952.png,0,real,val,0.00003103
real/coco/coco_029960.png,0,real,val,0.46254838
real/coco/coco_029971.png,0,real,val,0.00005690
real/coco/coco_029976.png,0,real,val,0.00000472
real/coco/coco_029977.png,0,real,val,0.00000200
real/coco/coco_029997.png,0,real,val,0.00003084
fake/glide/glide_00000.png,1,glide,val,0.99999976
fake/glide/glide_00001.png,1,glide,val,0.80244756
fake/glide/glide_00002.png,1,glide,val,0.05951010
fake/glide/glide_00003.png,1,glide,val,0.82542306
fake/glide/glide_00004.png,1,glide,val,0.99999988
fake/glide/glide_00005.png,1,glide,val,1.00000000
fake/glide/glide_00006.png,1,glide,val,0.98776430
fake/glide/glide_00007.png,1,glide,val,0.20140947
fake/glide/glide_00008.png,1,glide,val,0.01325694
fake/glide/glide_00009.png,1,glide,val,0.99786144
fake/glide/glide_00010.png,1,glide,val,1.00000000
fake/glide/glide_00011.png,1,glide,val,1.00000000
fake/glide/glide_00012.png,1,glide,val,1.00000000
fake/glide/glide_00013.png,1,glide,val,0.99998844
fake/glide/glide_00014.png,1,glide,val,0.99998236
fake/glide/glide_00015.png,1,glide,val,1.00000000
fake/glide/glide_00016.png,1,glide,val,0.00116642
fake/glide/glide_00017.png,1,glide,val,1.00000000
fake/glide/glide_00018.png,1,glide,val,0.99988961
fake/glide/glide_00019.png,1,glide,val,0.99992526
fake/glide/glide_00020.png,1,glide,val,0.99997449
fake/glide/glide_00021.png,1,glide,val,0.99999976
fake/glide/glide_00022.png,1,glide,val,0.99877065
fake/glide/glide_00023.png,1,glide,val,0.99529833
fake/glide/glide_00024.png,1,glide,val,0.91490006
fake/glide/glide_00025.png,1,glide,val,1.00000000
fake/glide/glide_00026.png,1,glide,val,0.99985552
fake/glide/glide_00027.png,1,glide,val,1.00000000
fake/glide/glide_00028.png,1,glide,val,1.00000000
fake/glide/glide_00029.png,1,glide,val,1.00000000
fake/glide/glide_00030.png,1,glide,val,1.00000000
fake/glide/glide_00031.png,1,glide,val,0.09136357
fake/glide/glide_00032.png,1,glide,val,0.99999690
fake/glide/glide_00033.png,1,glide,val,0.99383521
fake/glide/glide_00034.png,1,glide,val,1.00000000
fake/glide/glide_00035.png,1,glide,val,0.98787075
fake/glide/glide_00036.png,1,glide,val,1.00000000
fake/glide/glide_00037.png,1,glide,val,1.00000000
fake/glide/glide_00038.png,1,glide,val,0.84207094
fake/glide/glide_00039.png,1,glide,val,0.99999964
fake/glide/glide_00040.png,1,glide,val,0.99301022
fake/glide/glide_00041.png,1,glide,val,0.99947613
fake/glide/glide_00042.png,1,glide,val,0.99834526
fake/glide/glide_00043.png,1,glide,val,0.99909794
fake/glide/glide_00044.png,1,glide,val,0.99996793
fake/glide/glide_00045.png,1,glide,val,0.99993598
fake/glide/glide_00046.png,1,glide,val,0.99999988
fake/glide/glide_00047.png,1,glide,val,0.99325138
fake/glide/glide_00048.png,1,glide,val,0.99995518
fake/glide/glide_00049.png,1,glide,val,0.99543118
fake/glide/glide_00050.png,1,glide,val,1.00000000
fake/glide/glide_00051.png,1,glide,val,1.00000000
fake/glide/glide_00052.png,1,glide,val,0.99952209
fake/glide/glide_00053.png,1,glide,val,0.20004746
fake/glide/glide_00054.png,1,glide,val,0.99999940
fake/glide/glide_00055.png,1,glide,val,1.00000000
fake/glide/glide_00056.png,1,glide,val,0.10950837
fake/glide/glide_00057.png,1,glide,val,1.00000000
fake/glide/glide_00058.png,1,glide,val,0.99998832
fake/glide/glide_00059.png,1,glide,val,0.99999893
fake/glide/glide_00060.png,1,glide,val,0.99999654
fake/glide/glide_00061.png,1,glide,val,0.99596584
fake/glide/glide_00062.png,1,glide,val,1.00000000
fake/glide/glide_00063.png,1,glide,val,0.99999285
fake/glide/glide_00064.png,1,glide,val,0.99666554
fake/glide/glide_00065.png,1,glide,val,0.99999464
fake/glide/glide_00066.png,1,glide,val,0.98861516
fake/glide/glide_00067.png,1,glide,val,0.91569465
fake/glide/glide_00068.png,1,glide,val,0.97452468
fake/glide/glide_00069.png,1,glide,val,0.93948942
fake/glide/glide_00070.png,1,glide,val,0.99843878
fake/glide/glide_00071.png,1,glide,val,1.00000000
fake/glide/glide_00072.png,1,glide,val,0.99996758
fake/glide/glide_00073.png,1,glide,val,1.00000000
fake/glide/glide_00074.png,1,glide,val,1.00000000
fake/glide/glide_00075.png,1,glide,val,0.99878246
fake/glide/glide_00076.png,1,glide,val,1.00000000
fake/glide/glide_00077.png,1,glide,val,0.99891257
fake/glide/glide_00078.png,1,glide,val,0.77077949
fake/glide/glide_00079.png,1,glide,val,0.99991012
fake/glide/glide_00080.png,1,glide,val,0.99999380
fake/glide/glide_00081.png,1,glide,val,0.99999988
fake/glide/glide_00082.png,1,glide,val,1.00000000
fake/glide/glide_00083.png,1,glide,val,0.99998569
fake/glide/glide_00084.png,1,glide,val,0.08832534
fake/glide/glide_00085.png,1,glide,val,0.99990356
fake/glide/glide_00086.png,1,glide,val,0.99999976
fake/glide/glide_00087.png,1,glide,val,0.90052158
fake/glide/glide_00088.png,1,glide,val,1.00000000
fake/glide/glide_00089.png,1,glide,val,0.99767846
fake/glide/glide_00090.png,1,glide,val,1.00000000
fake/glide/glide_00091.png,1,glide,val,0.00000000
fake/glide/glide_00092.png,1,glide,val,1.00000000
fake/glide/glide_00093.png,1,glide,val,1.00000000
fake/glide/glide_00094.png,1,glide,val,1.00000000
fake/glide/glide_00095.png,1,glide,val,0.93832356
fake/glide/glide_00096.png,1,glide,val,0.35640618
fake/glide/glide_00097.png,1,glide,val,1.00000000
fake/glide/glide_00098.png,1,glide,val,1.00000000
fake/glide/glide_00099.png,1,glide,val,0.99919194
fake/glide/glide_00100.png,1,glide,val,0.99997306
fake/glide/glide_00101.png,1,glide,val,0.99940515
fake/glide/glide_00102.png,1,glide,val,0.99998510
fake/glide/glide_00103.png,1,glide,val,1.00000000
fake/glide/glide_00104.png,1,glide,val,1.00000000
fake/glide/glide_00105.png,1,glide,val,0.48009688
fake/glide/glide_00106.png,1,glide,val,0.99999821
fake/glide/glide_00107.png,1,glide,val,1.00000000
fake/glide/glide_00108.png,1,glide,val,1.00000000
fake/glide/glide_00109.png,1,glide,val,0.94637698
fake/glide/glide_00110.png,1,glide,val,0.99999988
fake/glide/glide_00111.png,1,glide,val,0.50564855
fake/glide/glide_00112.png,1,glide,val,1.00000000
fake/glide/glide_00113.png,1,glide,val,1.00000000
fake/glide/glide_00114.png,1,glide,val,0.99999976
fake/glide/glide_00115.png,1,glide,val,1.00000000
fake/glide/glide_00116.png,1,glide,val,0.97581655
fake/glide/glide_00117.png,1,glide,val,1.00000000
fake/glide/glide_00118.png,1,glide,val,1.00000000
fake/glide/glide_00119.png,1,glide,val,0.01436016
fake/glide/glide_00120.png,1,glide,val,0.05651002
fake/glide/glide_00121.png,1,glide,val,0.99995983
fake/glide/glide_00122.png,1,glide,val,0.99979812
fake/glide/glide_00123.png,1,glide,val,0.99886382
fake/glide/glide_00124.png,1,glide,val,1.00000000
fake/glide/glide_00125.png,1,glide,val,1.00000000
fake/glide/glide_00126.png,1,glide,val,1.00000000
fake/glide/glide_00127.png,1,glide,val,0.96575713
fake/glide/glide_00128.png,1,glide,val,0.99999988
fake/glide/glide_00129.png,1,glide,val,1.00000000
fake/glide/glide_00130.png,1,glide,val,0.99998581
fake/glide/glide_00131.png,1,glide,val,0.00050021
fake/glide/glide_00132.png,1,glide,val,0.99661058
fake/glide/glide_00133.png,1,glide,val,1.00000000
fake/glide/glide_00134.png,1,glide,val,0.99414694
fake/glide/glide_00135.png,1,glide,val,1.00000000
fake/glide/glide_00136.png,1,glide,val,0.99885201
fake/glide/glide_00137.png,1,glide,val,0.99997544
fake/glide/glide_00138.png,1,glide,val,1.00000000
fake/glide/glide_00139.png,1,glide,val,1.00000000
fake/glide/glide_00140.png,1,glide,val,1.00000000
fake/glide/glide_00141.png,1,glide,val,0.99999964
fake/glide/glide_00142.png,1,glide,val,1.00000000
fake/glide/glide_00143.png,1,glide,val,0.99996555
fake/glide/glide_00144.png,1,glide,val,0.99923134
fake/glide/glide_00145.png,1,glide,val,0.99930799
fake/glide/glide_00146.png,1,glide,val,0.99715364
fake/glide/glide_00147.png,1,glide,val,1.00000000
fake/glide/glide_00148.png,1,glide,val,0.00000495
fake/glide/glide_00149.png,1,glide,val,1.00000000
fake/glide/glide_00150.png,1,glide,val,1.00000000
fake/glide/glide_00151.png,1,glide,val,1.00000000
fake/glide/glide_00152.png,1,glide,val,0.99179804
fake/glide/glide_00153.png,1,glide,val,0.99991012
fake/glide/glide_00154.png,1,glide,val,0.99999976
fake/glide/glide_00155.png,1,glide,val,0.99992728
fake/glide/glide_00156.png,1,glide,val,0.99999940
fake/glide/glide_00157.png,1,glide,val,0.90436357
fake/glide/glide_00158.png,1,glide,val,1.00000000
fake/glide/glide_00159.png,1,glide,val,1.00000000
fake/glide/glide_00160.png,1,glide,val,1.00000000
fake/glide/glide_00161.png,1,glide,val,1.00000000
fake/glide/glide_00162.png,1,glide,val,1.00000000
fake/glide/glide_00163.png,1,glide,val,1.00000000
fake/glide/glide_00164.png,1,glide,val,0.99972922
fake/glide/glide_00165.png,1,glide,val,0.99741274
fake/glide/glide_00166.png,1,glide,val,0.99972898
fake/glide/glide_00167.png,1,glide,val,0.99999893
fake/glide/glide_00168.png,1,glide,val,0.59375089
fake/glide/glide_00169.png,1,glide,val,0.99999022
fake/glide/glide_00170.png,1,glide,val,0.98553711
fake/glide/glide_00171.png,1,glide,val,0.99999642
fake/glide/glide_00172.png,1,glide,val,1.00000000
fake/glide/glide_00173.png,1,glide,val,0.99994779
fake/glide/glide_00174.png,1,glide,val,0.99994874
fake/glide/glide_00175.png,1,glide,val,1.00000000
fake/glide/glide_00176.png,1,glide,val,1.00000000
fake/glide/glide_00177.png,1,glide,val,1.00000000
fake/glide/glide_00178.png,1,glide,val,1.00000000
fake/glide/glide_00179.png,1,glide,val,0.99759042
fake/glide/glide_00180.png,1,glide,val,0.48009688
fake/glide/glide_00181.png,1,glide,val,1.00000000
fake/glide/glide_00182.png,1,glide,val,0.55360776
fake/glide/glide_00183.png,1,glide,val,0.99996173
fake/glide/glide_00184.png,1,glide,val,0.99901891
fake/glide/glide_00185.png,1,glide,val,0.79453135
fake/glide/glide_00186.png,1,glide,val,0.99979562
fake/glide/glide_00187.png,1,glide,val,0.00015952
fake/glide/glide_00188.png,1,glide,val,0.84799480
fake/glide/glide_00189.png,1,glide,val,1.00000000
fake/glide/glide_00190.png,1,glide,val,1.00000000
fake/glide/glide_00191.png,1,glide,val,1.00000000
fake/glide/glide_00192.png,1,glide,val,1.00000000
fake/glide/glide_00193.png,1,glide,val,1.00000000
fake/glide/glide_00194.png,1,glide,val,0.97228730
fake/glide/glide_00195.png,1,glide,val,0.99999976
fake/glide/glide_00196.png,1,glide,val,0.99065089
fake/glide/glide_00197.png,1,glide,val,0.99632204
fake/glide/glide_00198.png,1,glide,val,1.00000000
fake/glide/glide_00199.png,1,glide,val,1.00000000
fake/glide/glide_00200.png,1,glide,val,1.00000000
fake/glide/glide_00201.png,1,glide,val,0.90578520
fake/glide/glide_00202.png,1,glide,val,1.00000000
fake/glide/glide_00203.png,1,glide,val,0.97490227
fake/glide/glide_00204.png,1,glide,val,0.99999487
fake/glide/glide_00205.png,1,glide,val,0.81161660
fake/glide/glide_00206.png,1,glide,val,0.99993634
fake/glide/glide_00207.png,1,glide,val,0.99994218
fake/glide/glide_00208.png,1,glide,val,0.01496136
fake/glide/glide_00209.png,1,glide,val,0.99999917
fake/glide/glide_00210.png,1,glide,val,1.00000000
fake/glide/glide_00211.png,1,glide,val,0.93192196
fake/glide/glide_00212.png,1,glide,val,0.99836320
fake/glide/glide_00213.png,1,glide,val,0.99931061
fake/glide/glide_00214.png,1,glide,val,0.99996078
fake/glide/glide_00215.png,1,glide,val,1.00000000
fake/glide/glide_00216.png,1,glide,val,0.99887079
fake/glide/glide_00217.png,1,glide,val,0.46469596
fake/glide/glide_00218.png,1,glide,val,0.23010279
fake/glide/glide_00219.png,1,glide,val,1.00000000
fake/glide/glide_00220.png,1,glide,val,0.99999976
fake/glide/glide_00221.png,1,glide,val,0.99999869
fake/glide/glide_00222.png,1,glide,val,0.99162734
fake/glide/glide_00223.png,1,glide,val,0.71423513
fake/glide/glide_00224.png,1,glide,val,0.99414021
fake/glide/glide_00225.png,1,glide,val,0.99999988
fake/glide/glide_00226.png,1,glide,val,0.99999869
fake/glide/glide_00227.png,1,glide,val,0.99554658
fake/glide/glide_00228.png,1,glide,val,1.00000000
fake/glide/glide_00229.png,1,glide,val,0.21523671
fake/glide/glide_00230.png,1,glide,val,0.99977487
fake/glide/glide_00231.png,1,glide,val,0.99999988
fake/glide/glide_00232.png,1,glide,val,0.99875724
fake/glide/glide_00233.png,1,glide,val,0.00000000
fake/glide/glide_00234.png,1,glide,val,1.00000000
fake/glide/glide_00235.png,1,glide,val,0.99999988
fake/glide/glide_00236.png,1,glide,val,1.00000000
fake/glide/glide_00237.png,1,glide,val,0.99650252
fake/glide/glide_00238.png,1,glide,val,0.99999583
fake/glide/glide_00239.png,1,glide,val,0.78705508
fake/glide/glide_00240.png,1,glide,val,0.99739909
fake/glide/glide_00241.png,1,glide,val,0.99995565
fake/glide/glide_00242.png,1,glide,val,0.33610544
fake/glide/glide_00243.png,1,glide,val,0.99986672
fake/glide/glide_00244.png,1,glide,val,0.99995899
fake/glide/glide_00245.png,1,glide,val,1.00000000
fake/glide/glide_00246.png,1,glide,val,0.99998367
fake/glide/glide_00247.png,1,glide,val,0.48009688
fake/glide/glide_00248.png,1,glide,val,1.00000000
fake/glide/glide_00249.png,1,glide,val,0.99999917
fake/glide/glide_00250.png,1,glide,val,0.99999249
fake/glide/glide_00251.png,1,glide,val,0.99592364
fake/glide/glide_00252.png,1,glide,val,1.00000000
fake/glide/glide_00253.png,1,glide,val,1.00000000
fake/glide/glide_00254.png,1,glide,val,1.00000000
fake/glide/glide_00255.png,1,glide,val,0.99648702
fake/glide/glide_00256.png,1,glide,val,1.00000000
fake/glide/glide_00257.png,1,glide,val,1.00000000
fake/glide/glide_00258.png,1,glide,val,0.99999988
fake/glide/glide_00259.png,1,glide,val,0.99915838
fake/glide/glide_00260.png,1,glide,val,0.98764890
fake/glide/glide_00261.png,1,glide,val,0.71948832
fake/glide/glide_00262.png,1,glide,val,1.00000000
fake/glide/glide_00263.png,1,glide,val,0.81779730
fake/glide/glide_00264.png,1,glide,val,0.99999380
fake/glide/glide_00265.png,1,glide,val,0.99967742
fake/glide/glide_00266.png,1,glide,val,1.00000000
fake/glide/glide_00267.png,1,glide,val,0.00000048
fake/glide/glide_00268.png,1,glide,val,1.00000000
fake/glide/glide_00269.png,1,glide,val,0.99991751
fake/glide/glide_00270.png,1,glide,val,0.99614185
fake/glide/glide_00271.png,1,glide,val,1.00000000
fake/glide/glide_00272.png,1,glide,val,0.99489343
fake/glide/glide_00273.png,1,glide,val,1.00000000
fake/glide/glide_00274.png,1,glide,val,1.00000000
fake/glide/glide_00275.png,1,glide,val,1.00000000
fake/glide/glide_00276.png,1,glide,val,1.00000000
fake/glide/glide_00277.png,1,glide,val,1.00000000
fake/glide/glide_00278.png,1,glide,val,1.00000000
fake/glide/glide_00279.png,1,glide,val,1.00000000
fake/glide/glide_00280.png,1,glide,val,0.99988902
fake/glide/glide_00281.png,1,glide,val,0.99999762
fake/glide/glide_00282.png,1,glide,val,0.00203180
fake/glide/glide_00283.png,1,glide,val,0.99995959
fake/glide/glide_00284.png,1,glide,val,0.99163979
fake/glide/glide_00285.png,1,glide,val,0.99909544
fake/glide/glide_00286.png,1,glide,val,0.92813289
fake/glide/glide_00287.png,1,glide,val,0.99999940
fake/glide/glide_00288.png,1,glide,val,0.99999881
fake/glide/glide_00289.png,1,glide,val,1.00000000
fake/glide/glide_00290.png,1,glide,val,0.99999988
fake/glide/glide_00291.png,1,glide,val,1.00000000
fake/glide/glide_00292.png,1,glide,val,0.99995840
fake/glide/glide_00293.png,1,glide,val,1.00000000
fake/glide/glide_00294.png,1,glide,val,1.00000000
fake/glide/glide_00295.png,1,glide,val,0.99984336
fake/glide/glide_00296.png,1,glide,val,1.00000000
fake/glide/glide_00297.png,1,glide,val,0.99999952
fake/glide/glide_00298.png,1,glide,val,0.97654140
fake/glide/glide_00299.png,1,glide,val,1.00000000
fake/glide/glide_00300.png,1,glide,val,0.99984932
fake/glide/glide_00301.png,1,glide,val,0.00013735
fake/glide/glide_00302.png,1,glide,val,0.99999988
fake/glide/glide_00303.png,1,glide,val,1.00000000
fake/glide/glide_00304.png,1,glide,val,0.99999988
fake/glide/glide_00305.png,1,glide,val,0.99999988
fake/glide/glide_00306.png,1,glide,val,0.99999464
fake/glide/glide_00307.png,1,glide,val,1.00000000
fake/glide/glide_00308.png,1,glide,val,0.98878968
fake/glide/glide_00309.png,1,glide,val,1.00000000
fake/glide/glide_00310.png,1,glide,val,0.99998379
fake/glide/glide_00311.png,1,glide,val,0.99879456
fake/glide/glide_00312.png,1,glide,val,1.00000000
fake/glide/glide_00313.png,1,glide,val,1.00000000
fake/glide/glide_00314.png,1,glide,val,0.99979848
fake/glide/glide_00315.png,1,glide,val,1.00000000
fake/glide/glide_00316.png,1,glide,val,0.99999988
fake/glide/glide_00317.png,1,glide,val,0.99997413
fake/glide/glide_00318.png,1,glide,val,0.13663627
fake/glide/glide_00319.png,1,glide,val,0.99302423
fake/glide/glide_00320.png,1,glide,val,0.22472219
fake/glide/glide_00321.png,1,glide,val,1.00000000
fake/glide/glide_00322.png,1,glide,val,0.99927920
fake/glide/glide_00323.png,1,glide,val,0.99999309
fake/glide/glide_00324.png,1,glide,val,0.98925090
fake/glide/glide_00325.png,1,glide,val,0.97169286
fake/glide/glide_00326.png,1,glide,val,1.00000000
fake/glide/glide_00327.png,1,glide,val,1.00000000
fake/glide/glide_00328.png,1,glide,val,0.99988317
fake/glide/glide_00329.png,1,glide,val,1.00000000
fake/glide/glide_00330.png,1,glide,val,0.99891996
fake/glide/glide_00331.png,1,glide,val,0.99999464
fake/glide/glide_00332.png,1,glide,val,0.99999607
fake/glide/glide_00333.png,1,glide,val,0.09370068
fake/glide/glide_00334.png,1,glide,val,0.48009688
fake/glide/glide_00335.png,1,glide,val,0.99999833
fake/glide/glide_00336.png,1,glide,val,0.99833846
fake/glide/glide_00337.png,1,glide,val,1.00000000
fake/glide/glide_00338.png,1,glide,val,0.99970800
fake/glide/glide_00339.png,1,glide,val,0.99999976
fake/glide/glide_00340.png,1,glide,val,0.48009688
fake/glide/glide_00341.png,1,glide,val,0.99950087
fake/glide/glide_00342.png,1,glide,val,0.15239215
fake/glide/glide_00343.png,1,glide,val,1.00000000
fake/glide/glide_00344.png,1,glide,val,0.99993348
fake/glide/glide_00345.png,1,glide,val,1.00000000
fake/glide/glide_00346.png,1,glide,val,0.97834843
fake/glide/glide_00347.png,1,glide,val,0.99914825
fake/glide/glide_00348.png,1,glide,val,0.20623353
fake/glide/glide_00349.png,1,glide,val,1.00000000
fake/glide/glide_00350.png,1,glide,val,1.00000000
fake/glide/glide_00351.png,1,glide,val,0.81853902
fake/glide/glide_00352.png,1,glide,val,1.00000000
fake/glide/glide_00353.png,1,glide,val,1.00000000
fake/glide/glide_00354.png,1,glide,val,0.99964952
fake/glide/glide_00355.png,1,glide,val,0.99779320
fake/glide/glide_00356.png,1,glide,val,0.99999988
fake/glide/glide_00357.png,1,glide,val,0.99999988
fake/glide/glide_00358.png,1,glide,val,0.99999785
fake/glide/glide_00359.png,1,glide,val,0.99996865
fake/glide/glide_00360.png,1,glide,val,0.99936754
fake/glide/glide_00361.png,1,glide,val,0.99999988
fake/glide/glide_00362.png,1,glide,val,0.99994802
fake/glide/glide_00363.png,1,glide,val,0.88618857
fake/glide/glide_00364.png,1,glide,val,1.00000000
fake/glide/glide_00365.png,1,glide,val,0.99998403
fake/glide/glide_00366.png,1,glide,val,0.99999833
fake/glide/glide_00367.png,1,glide,val,0.00000032
fake/glide/glide_00368.png,1,glide,val,0.99964750
fake/glide/glide_00369.png,1,glide,val,1.00000000
fake/glide/glide_00370.png,1,glide,val,0.99997938
fake/glide/glide_00371.png,1,glide,val,0.98806471
fake/glide/glide_00372.png,1,glide,val,0.99998105
fake/glide/glide_00373.png,1,glide,val,0.99756587
fake/glide/glide_00374.png,1,glide,val,0.99996436
fake/glide/glide_00375.png,1,glide,val,1.00000000
fake/glide/glide_00376.png,1,glide,val,0.99899977
fake/glide/glide_00377.png,1,glide,val,0.00000222
fake/glide/glide_00378.png,1,glide,val,1.00000000
fake/glide/glide_00379.png,1,glide,val,0.00071106
fake/glide/glide_00380.png,1,glide,val,0.99921942
fake/glide/glide_00381.png,1,glide,val,1.00000000
fake/glide/glide_00382.png,1,glide,val,1.00000000
fake/glide/glide_00383.png,1,glide,val,0.99999905
fake/glide/glide_00384.png,1,glide,val,1.00000000
fake/glide/glide_00385.png,1,glide,val,0.75747001
fake/glide/glide_00386.png,1,glide,val,0.99972683
fake/glide/glide_00387.png,1,glide,val,1.00000000
fake/glide/glide_00388.png,1,glide,val,0.99968886
fake/glide/glide_00389.png,1,glide,val,0.99865711
fake/glide/glide_00390.png,1,glide,val,0.99875307
fake/glide/glide_00391.png,1,glide,val,0.05791491
fake/glide/glide_00392.png,1,glide,val,0.99995089
fake/glide/glide_00393.png,1,glide,val,0.14522590
fake/glide/glide_00394.png,1,glide,val,1.00000000
fake/glide/glide_00395.png,1,glide,val,1.00000000
fake/glide/glide_00396.png,1,glide,val,1.00000000
fake/glide/glide_00397.png,1,glide,val,0.99995458
fake/glide/glide_00398.png,1,glide,val,1.00000000
fake/glide/glide_00399.png,1,glide,val,0.99999905
fake/glide/glide_00400.png,1,glide,val,1.00000000
fake/glide/glide_00401.png,1,glide,val,0.18526176
fake/glide/glide_00402.png,1,glide,val,1.00000000
fake/glide/glide_00403.png,1,glide,val,1.00000000
fake/glide/glide_00404.png,1,glide,val,0.90352726
fake/glide/glide_00405.png,1,glide,val,1.00000000
fake/glide/glide_00406.png,1,glide,val,1.00000000
fake/glide/glide_00407.png,1,glide,val,0.99999964
fake/glide/glide_00408.png,1,glide,val,1.00000000
fake/glide/glide_00409.png,1,glide,val,0.99931586
fake/glide/glide_00410.png,1,glide,val,1.00000000
fake/glide/glide_00411.png,1,glide,val,1.00000000
fake/glide/glide_00412.png,1,glide,val,1.00000000
fake/glide/glide_00413.png,1,glide,val,0.00000032
fake/glide/glide_00414.png,1,glide,val,0.00000000
fake/glide/glide_00415.png,1,glide,val,1.00000000
fake/glide/glide_00416.png,1,glide,val,0.99999809
fake/glide/glide_00417.png,1,glide,val,0.78935707
fake/glide/glide_00418.png,1,glide,val,0.99980801
fake/glide/glide_00419.png,1,glide,val,0.99999881
fake/glide/glide_00420.png,1,glide,val,0.00002733
fake/glide/glide_00421.png,1,glide,val,0.92691576
fake/glide/glide_00422.png,1,glide,val,0.99999869
fake/glide/glide_00423.png,1,glide,val,1.00000000
fake/glide/glide_00424.png,1,glide,val,1.00000000
fake/glide/glide_00425.png,1,glide,val,0.99992037
fake/glide/glide_00426.png,1,glide,val,0.99992681
fake/glide/glide_00427.png,1,glide,val,0.99044377
fake/glide/glide_00428.png,1,glide,val,1.00000000
fake/glide/glide_00429.png,1,glide,val,0.96769851
fake/glide/glide_00430.png,1,glide,val,1.00000000
fake/glide/glide_00431.png,1,glide,val,1.00000000
fake/glide/glide_00432.png,1,glide,val,0.99999940
fake/glide/glide_00433.png,1,glide,val,0.04464937
fake/glide/glide_00434.png,1,glide,val,0.73133135
fake/glide/glide_00435.png,1,glide,val,0.12057851
fake/glide/glide_00436.png,1,glide,val,1.00000000
fake/glide/glide_00437.png,1,glide,val,0.94286239
fake/glide/glide_00438.png,1,glide,val,0.99650192
fake/glide/glide_00439.png,1,glide,val,1.00000000
fake/glide/glide_00440.png,1,glide,val,0.00068048
fake/glide/glide_00441.png,1,glide,val,1.00000000
fake/glide/glide_00442.png,1,glide,val,0.99998903
fake/glide/glide_00443.png,1,glide,val,0.99982077
fake/glide/glide_00444.png,1,glide,val,0.87481767
fake/glide/glide_00445.png,1,glide,val,0.90068054
fake/glide/glide_00446.png,1,glide,val,0.00765319
fake/glide/glide_00447.png,1,glide,val,0.99939954
fake/glide/glide_00448.png,1,glide,val,0.99990940
fake/glide/glide_00449.png,1,glide,val,0.99864227
fake/glide/glide_00450.png,1,glide,val,1.00000000
fake/glide/glide_00451.png,1,glide,val,1.00000000
fake/glide/glide_00452.png,1,glide,val,1.00000000
fake/glide/glide_00453.png,1,glide,val,0.99937314
fake/glide/glide_00454.png,1,glide,val,0.99999988
fake/glide/glide_00455.png,1,glide,val,0.99999619
fake/glide/glide_00456.png,1,glide,val,0.99995470
fake/glide/glide_00457.png,1,glide,val,1.00000000
fake/glide/glide_00458.png,1,glide,val,0.99956793
fake/glide/glide_00459.png,1,glide,val,0.99996233
fake/glide/glide_00460.png,1,glide,val,0.99999976
fake/glide/glide_00461.png,1,glide,val,0.61968404
fake/glide/glide_00462.png,1,glide,val,1.00000000
fake/glide/glide_00463.png,1,glide,val,1.00000000
fake/glide/glide_00464.png,1,glide,val,0.99514526
fake/glide/glide_00465.png,1,glide,val,0.99951875
fake/glide/glide_00466.png,1,glide,val,0.43761086
fake/glide/glide_00467.png,1,glide,val,1.00000000
fake/glide/glide_00468.png,1,glide,val,0.19108063
fake/glide/glide_00469.png,1,glide,val,0.95945752
fake/glide/glide_00470.png,1,glide,val,0.99993002
fake/glide/glide_00471.png,1,glide,val,0.99999988
fake/glide/glide_00472.png,1,glide,val,0.99904186
fake/glide/glide_00473.png,1,glide,val,1.00000000
fake/glide/glide_00474.png,1,glide,val,0.99999976
fake/glide/glide_00475.png,1,glide,val,0.99997389
fake/glide/glide_00476.png,1,glide,val,0.99885464
fake/glide/glide_00477.png,1,glide,val,0.99999964
fake/glide/glide_00478.png,1,glide,val,0.00004397
fake/glide/glide_00479.png,1,glide,val,0.99999785
fake/glide/glide_00480.png,1,glide,val,0.08383922
fake/glide/glide_00481.png,1,glide,val,1.00000000
fake/glide/glide_00482.png,1,glide,val,0.99998558
fake/glide/glide_00483.png,1,glide,val,0.99996161
fake/glide/glide_00484.png,1,glide,val,0.99999964
fake/glide/glide_00485.png,1,glide,val,0.42300060
fake/glide/glide_00486.png,1,glide,val,1.00000000
fake/glide/glide_00487.png,1,glide,val,1.00000000
fake/glide/glide_00488.png,1,glide,val,0.99999785
fake/glide/glide_00489.png,1,glide,val,0.10714782
fake/glide/glide_00490.png,1,glide,val,0.99999583
fake/glide/glide_00491.png,1,glide,val,1.00000000
fake/glide/glide_00492.png,1,glide,val,1.00000000
fake/glide/glide_00493.png,1,glide,val,0.99991524
fake/glide/glide_00494.png,1,glide,val,1.00000000
fake/glide/glide_00495.png,1,glide,val,0.99893981
fake/glide/glide_00496.png,1,glide,val,0.99952376
fake/glide/glide_00497.png,1,glide,val,1.00000000
fake/glide/glide_00498.png,1,glide,val,0.99421614
fake/glide/glide_00499.png,1,glide,val,0.02555026
fake/glide/glide_00500.png,1,glide,val,0.99958998
fake/glide/glide_00501.png,1,glide,val,1.00000000
fake/glide/glide_00502.png,1,glide,val,0.21603316
fake/glide/glide_00503.png,1,glide,val,1.00000000
fake/glide/glide_00504.png,1,glide,val,0.03991823
fake/glide/glide_00505.png,1,glide,val,1.00000000
fake/glide/glide_00506.png,1,glide,val,1.00000000
fake/glide/glide_00507.png,1,glide,val,0.98323637
fake/glide/glide_00508.png,1,glide,val,0.99983799
fake/glide/glide_00509.png,1,glide,val,0.98412991
fake/glide/glide_00510.png,1,glide,val,0.99957722
fake/glide/glide_00511.png,1,glide,val,1.00000000
fake/glide/glide_00512.png,1,glide,val,0.99976915
fake/glide/glide_00513.png,1,glide,val,1.00000000
fake/glide/glide_00514.png,1,glide,val,0.89295244
fake/glide/glide_00515.png,1,glide,val,0.99998248
fake/glide/glide_00516.png,1,glide,val,0.99999988
fake/glide/glide_00517.png,1,glide,val,1.00000000
fake/glide/glide_00518.png,1,glide,val,0.91817927
fake/glide/glide_00519.png,1,glide,val,0.00001260
fake/glide/glide_00520.png,1,glide,val,0.96251523
fake/glide/glide_00521.png,1,glide,val,1.00000000
fake/glide/glide_00522.png,1,glide,val,0.99946278
fake/glide/glide_00523.png,1,glide,val,0.99999297
fake/glide/glide_00524.png,1,glide,val,1.00000000
fake/glide/glide_00525.png,1,glide,val,0.00000894
fake/glide/glide_00526.png,1,glide,val,1.00000000
fake/glide/glide_00527.png,1,glide,val,0.94850802
fake/glide/glide_00528.png,1,glide,val,1.00000000
fake/glide/glide_00529.png,1,glide,val,0.00253766
fake/glide/glide_00530.png,1,glide,val,0.99999249
fake/glide/glide_00531.png,1,glide,val,0.99929142
fake/glide/glide_00532.png,1,glide,val,0.97888035
fake/glide/glide_00533.png,1,glide,val,0.99999785
fake/glide/glide_00534.png,1,glide,val,0.99999845
fake/glide/glide_00535.png,1,glide,val,0.99719292
fake/glide/glide_00536.png,1,glide,val,1.00000000
fake/glide/glide_00537.png,1,glide,val,0.99959749
fake/glide/glide_00538.png,1,glide,val,1.00000000
fake/glide/glide_00539.png,1,glide,val,0.99828053
fake/glide/glide_00540.png,1,glide,val,0.97709596
fake/glide/glide_00541.png,1,glide,val,0.87883705
fake/glide/glide_00542.png,1,glide,val,1.00000000
fake/glide/glide_00543.png,1,glide,val,0.99999332
fake/glide/glide_00544.png,1,glide,val,1.00000000
fake/glide/glide_00545.png,1,glide,val,0.99756157
fake/glide/glide_00546.png,1,glide,val,1.00000000
fake/glide/glide_00547.png,1,glide,val,0.99999833
fake/glide/glide_00548.png,1,glide,val,1.00000000
fake/glide/glide_00549.png,1,glide,val,1.00000000
fake/glide/glide_00550.png,1,glide,val,0.99925333
fake/glide/glide_00551.png,1,glide,val,0.01997183
fake/glide/glide_00552.png,1,glide,val,1.00000000
fake/glide/glide_00553.png,1,glide,val,0.00277043
fake/glide/glide_00554.png,1,glide,val,1.00000000
fake/glide/glide_00555.png,1,glide,val,0.99999988
fake/glide/glide_00556.png,1,glide,val,0.98679197
fake/glide/glide_00557.png,1,glide,val,0.99984872
fake/glide/glide_00558.png,1,glide,val,0.99785656
fake/glide/glide_00559.png,1,glide,val,1.00000000
fake/glide/glide_00560.png,1,glide,val,0.99674314
fake/glide/glide_00561.png,1,glide,val,0.99991000
fake/glide/glide_00562.png,1,glide,val,1.00000000
fake/glide/glide_00563.png,1,glide,val,0.99834800
fake/glide/glide_00564.png,1,glide,val,0.99962556
fake/glide/glide_00565.png,1,glide,val,1.00000000
fake/glide/glide_00566.png,1,glide,val,0.99978763
fake/glide/glide_00567.png,1,glide,val,1.00000000
fake/glide/glide_00568.png,1,glide,val,0.20936920
fake/glide/glide_00569.png,1,glide,val,0.99999130
fake/glide/glide_00570.png,1,glide,val,0.99946219
fake/glide/glide_00571.png,1,glide,val,1.00000000
fake/glide/glide_00572.png,1,glide,val,0.99760878
fake/glide/glide_00573.png,1,glide,val,0.99915659
fake/glide/glide_00574.png,1,glide,val,0.99999928
fake/glide/glide_00575.png,1,glide,val,0.00000000
fake/glide/glide_00576.png,1,glide,val,0.99999022
fake/glide/glide_00577.png,1,glide,val,0.99092519
fake/glide/glide_00578.png,1,glide,val,1.00000000
fake/glide/glide_00579.png,1,glide,val,0.87353414
fake/glide/glide_00580.png,1,glide,val,1.00000000
fake/glide/glide_00581.png,1,glide,val,0.99982077
fake/glide/glide_00582.png,1,glide,val,0.99999964
fake/glide/glide_00583.png,1,glide,val,0.99786156
fake/glide/glide_00584.png,1,glide,val,0.99998772
fake/glide/glide_00585.png,1,glide,val,0.99623471
fake/glide/glide_00586.png,1,glide,val,0.55463362
fake/glide/glide_00587.png,1,glide,val,0.99994981
fake/glide/glide_00588.png,1,glide,val,0.06717367
fake/glide/glide_00589.png,1,glide,val,0.99996865
fake/glide/glide_00590.png,1,glide,val,0.99999428
fake/glide/glide_00591.png,1,glide,val,0.99984419
fake/glide/glide_00592.png,1,glide,val,0.99946386
fake/glide/glide_00593.png,1,glide,val,0.99906665
fake/glide/glide_00594.png,1,glide,val,0.02230377
fake/glide/glide_00595.png,1,glide,val,0.99999857
fake/glide/glide_00596.png,1,glide,val,1.00000000
fake/glide/glide_00597.png,1,glide,val,0.99977201
fake/glide/glide_00598.png,1,glide,val,0.87908012
fake/glide/glide_00599.png,1,glide,val,0.99997008
fake/glide/glide_00600.png,1,glide,val,0.99996114
fake/glide/glide_00601.png,1,glide,val,0.99999785
fake/glide/glide_00602.png,1,glide,val,0.99954909
fake/glide/glide_00603.png,1,glide,val,1.00000000
fake/glide/glide_00604.png,1,glide,val,1.00000000
fake/glide/glide_00605.png,1,glide,val,0.99996889
fake/glide/glide_00606.png,1,glide,val,1.00000000
fake/glide/glide_00607.png,1,glide,val,0.77896762
fake/glide/glide_00608.png,1,glide,val,1.00000000
fake/glide/glide_00609.png,1,glide,val,0.00000000
fake/glide/glide_00610.png,1,glide,val,0.99999750
fake/glide/glide_00611.png,1,glide,val,1.00000000
fake/glide/glide_00612.png,1,glide,val,0.81469953
fake/glide/glide_00613.png,1,glide,val,0.99999344
fake/glide/glide_00614.png,1,glide,val,0.59884930
fake/glide/glide_00615.png,1,glide,val,1.00000000
fake/glide/glide_00616.png,1,glide,val,0.00058516
fake/glide/glide_00617.png,1,glide,val,0.99997246
fake/glide/glide_00618.png,1,glide,val,0.91676950
fake/glide/glide_00619.png,1,glide,val,0.99999964
fake/glide/glide_00620.png,1,glide,val,0.85996169
fake/glide/glide_00621.png,1,glide,val,0.90495831
fake/glide/glide_00622.png,1,glide,val,0.07577519
fake/glide/glide_00623.png,1,glide,val,1.00000000
fake/glide/glide_00624.png,1,glide,val,1.00000000
fake/glide/glide_00625.png,1,glide,val,1.00000000
fake/glide/glide_00626.png,1,glide,val,0.99999988
fake/glide/glide_00627.png,1,glide,val,1.00000000
fake/glide/glide_00628.png,1,glide,val,0.99844462
fake/glide/glide_00629.png,1,glide,val,0.99693030
fake/glide/glide_00630.png,1,glide,val,0.99968863
fake/glide/glide_00631.png,1,glide,val,1.00000000
fake/glide/glide_00632.png,1,glide,val,0.99994409
fake/glide/glide_00633.png,1,glide,val,0.49512151
fake/glide/glide_00634.png,1,glide,val,1.00000000
fake/glide/glide_00635.png,1,glide,val,1.00000000
fake/glide/glide_00636.png,1,glide,val,0.47557595
fake/glide/glide_00637.png,1,glide,val,0.14315763
fake/glide/glide_00638.png,1,glide,val,0.99910945
fake/glide/glide_00639.png,1,glide,val,1.00000000
fake/glide/glide_00640.png,1,glide,val,0.99997950
fake/glide/glide_00641.png,1,glide,val,0.99775666
fake/glide/glide_00642.png,1,glide,val,0.99998844
fake/glide/glide_00643.png,1,glide,val,0.98999375
fake/glide/glide_00644.png,1,glide,val,1.00000000
fake/glide/glide_00645.png,1,glide,val,0.99986386
fake/glide/glide_00646.png,1,glide,val,1.00000000
fake/glide/glide_00647.png,1,glide,val,0.97903949
fake/glide/glide_00648.png,1,glide,val,1.00000000
fake/glide/glide_00649.png,1,glide,val,0.99813300
fake/glide/glide_00650.png,1,glide,val,0.99999762
fake/glide/glide_00651.png,1,glide,val,0.99331772
fake/glide/glide_00652.png,1,glide,val,0.99946338
fake/glide/glide_00653.png,1,glide,val,0.98869866
fake/glide/glide_00654.png,1,glide,val,1.00000000
fake/glide/glide_00655.png,1,glide,val,1.00000000
fake/glide/glide_00656.png,1,glide,val,0.99996138
fake/glide/glide_00657.png,1,glide,val,1.00000000
fake/glide/glide_00658.png,1,glide,val,0.99999380
fake/glide/glide_00659.png,1,glide,val,0.99999833
fake/glide/glide_00660.png,1,glide,val,0.99999392
fake/glide/glide_00661.png,1,glide,val,1.00000000
fake/glide/glide_00662.png,1,glide,val,0.99975985
fake/glide/glide_00663.png,1,glide,val,1.00000000
fake/glide/glide_00664.png,1,glide,val,0.99790001
fake/glide/glide_00665.png,1,glide,val,1.00000000
fake/glide/glide_00666.png,1,glide,val,0.99869639
fake/glide/glide_00667.png,1,glide,val,1.00000000
fake/glide/glide_00668.png,1,glide,val,1.00000000
fake/glide/glide_00669.png,1,glide,val,1.00000000
fake/glide/glide_00670.png,1,glide,val,0.96401316
fake/glide/glide_00671.png,1,glide,val,0.99974209
fake/glide/glide_00672.png,1,glide,val,1.00000000
fake/glide/glide_00673.png,1,glide,val,0.88255739
fake/glide/glide_00674.png,1,glide,val,0.06115541
fake/glide/glide_00675.png,1,glide,val,1.00000000
fake/glide/glide_00676.png,1,glide,val,1.00000000
fake/glide/glide_00677.png,1,glide,val,0.99999237
fake/glide/glide_00678.png,1,glide,val,0.99691820
fake/glide/glide_00679.png,1,glide,val,0.10845266
fake/glide/glide_00680.png,1,glide,val,1.00000000
fake/glide/glide_00681.png,1,glide,val,0.99983466
fake/glide/glide_00682.png,1,glide,val,0.99999940
fake/glide/glide_00683.png,1,glide,val,1.00000000
fake/glide/glide_00684.png,1,glide,val,1.00000000
fake/glide/glide_00685.png,1,glide,val,0.99947029
fake/glide/glide_00686.png,1,glide,val,0.84006816
fake/glide/glide_00687.png,1,glide,val,0.43592340
fake/glide/glide_00688.png,1,glide,val,0.65089333
fake/glide/glide_00689.png,1,glide,val,0.99999130
fake/glide/glide_00690.png,1,glide,val,0.99999809
fake/glide/glide_00691.png,1,glide,val,1.00000000
fake/glide/glide_00692.png,1,glide,val,0.99998796
fake/glide/glide_00693.png,1,glide,val,1.00000000
fake/glide/glide_00694.png,1,glide,val,0.93772399
fake/glide/glide_00695.png,1,glide,val,1.00000000
fake/glide/glide_00696.png,1,glide,val,0.99992824
fake/glide/glide_00697.png,1,glide,val,0.99998856
fake/glide/glide_00698.png,1,glide,val,1.00000000
fake/glide/glide_00699.png,1,glide,val,1.00000000
fake/glide/glide_00700.png,1,glide,val,0.24890812
fake/glide/glide_00701.png,1,glide,val,1.00000000
fake/glide/glide_00702.png,1,glide,val,1.00000000
fake/glide/glide_00703.png,1,glide,val,0.99175644
fake/glide/glide_00704.png,1,glide,val,1.00000000
fake/glide/glide_00705.png,1,glide,val,1.00000000
fake/glide/glide_00706.png,1,glide,val,0.99996614
fake/glide/glide_00707.png,1,glide,val,0.99827433
fake/glide/glide_00708.png,1,glide,val,0.99998975
fake/glide/glide_00709.png,1,glide,val,0.00000022
fake/glide/glide_00710.png,1,glide,val,1.00000000
fake/glide/glide_00711.png,1,glide,val,0.99999976
fake/glide/glide_00712.png,1,glide,val,1.00000000
fake/glide/glide_00713.png,1,glide,val,0.21993095
fake/glide/glide_00714.png,1,glide,val,1.00000000
fake/glide/glide_00715.png,1,glide,val,0.97705168
fake/glide/glide_00716.png,1,glide,val,0.99997437
fake/glide/glide_00717.png,1,glide,val,1.00000000
fake/glide/glide_00718.png,1,glide,val,1.00000000
fake/glide/glide_00719.png,1,glide,val,0.99982613
fake/glide/glide_00720.png,1,glide,val,0.99999976
fake/glide/glide_00721.png,1,glide,val,0.99978536
fake/glide/glide_00722.png,1,glide,val,0.99999952
fake/glide/glide_00723.png,1,glide,val,0.99999654
fake/glide/glide_00724.png,1,glide,val,0.99999988
fake/glide/glide_00725.png,1,glide,val,1.00000000
fake/glide/glide_00726.png,1,glide,val,1.00000000
fake/glide/glide_00727.png,1,glide,val,1.00000000
fake/glide/glide_00728.png,1,glide,val,0.99976748
fake/glide/glide_00729.png,1,glide,val,0.98512542
fake/glide/glide_00730.png,1,glide,val,0.99999189
fake/glide/glide_00731.png,1,glide,val,1.00000000
fake/glide/glide_00732.png,1,glide,val,0.99984515
fake/glide/glide_00733.png,1,glide,val,0.99934167
fake/glide/glide_00734.png,1,glide,val,0.99997151
fake/glide/glide_00735.png,1,glide,val,0.99999750
fake/glide/glide_00736.png,1,glide,val,1.00000000
fake/glide/glide_00737.png,1,glide,val,1.00000000
fake/glide/glide_00738.png,1,glide,val,0.00004848
fake/glide/glide_00739.png,1,glide,val,0.99999988
fake/glide/glide_00740.png,1,glide,val,0.00000014
fake/glide/glide_00741.png,1,glide,val,1.00000000
fake/glide/glide_00742.png,1,glide,val,0.99990582
fake/glide/glide_00743.png,1,glide,val,1.00000000
fake/glide/glide_00744.png,1,glide,val,1.00000000
fake/glide/glide_00745.png,1,glide,val,0.99951994
fake/glide/glide_00746.png,1,glide,val,1.00000000
fake/glide/glide_00747.png,1,glide,val,1.00000000
fake/glide/glide_00748.png,1,glide,val,0.99992549
fake/glide/glide_00749.png,1,glide,val,0.99999976
fake/glide/glide_00750.png,1,glide,val,0.80269277
fake/glide/glide_00751.png,1,glide,val,0.14376588
fake/glide/glide_00752.png,1,glide,val,1.00000000
fake/glide/glide_00753.png,1,glide,val,1.00000000
fake/glide/glide_00754.png,1,glide,val,0.99455029
fake/glide/glide_00755.png,1,glide,val,0.99972230
fake/glide/glide_00756.png,1,glide,val,0.99254918
fake/glide/glide_00757.png,1,glide,val,1.00000000
fake/glide/glide_00758.png,1,glide,val,0.99991500
fake/glide/glide_00759.png,1,glide,val,0.99997640
fake/glide/glide_00760.png,1,glide,val,0.99924672
fake/glide/glide_00761.png,1,glide,val,0.99999821
fake/glide/glide_00762.png,1,glide,val,0.99139857
fake/glide/glide_00763.png,1,glide,val,0.99997008
fake/glide/glide_00764.png,1,glide,val,1.00000000
fake/glide/glide_00765.png,1,glide,val,0.99998045
fake/glide/glide_00766.png,1,glide,val,1.00000000
fake/glide/glide_00767.png,1,glide,val,1.00000000
fake/glide/glide_00768.png,1,glide,val,0.99998975
fake/glide/glide_00769.png,1,glide,val,0.99997818
fake/glide/glide_00770.png,1,glide,val,1.00000000
fake/glide/glide_00771.png,1,glide,val,1.00000000
fake/glide/glide_00772.png,1,glide,val,1.00000000
fake/glide/glide_00773.png,1,glide,val,0.89675879
fake/glide/glide_00774.png,1,glide,val,0.99974376
fake/glide/glide_00775.png,1,glide,val,0.99931335
fake/glide/glide_00776.png,1,glide,val,1.00000000
fake/glide/glide_00777.png,1,glide,val,0.99903405
fake/glide/glide_00778.png,1,glide,val,0.85027248
fake/glide/glide_00779.png,1,glide,val,0.99999988
fake/glide/glide_00780.png,1,glide,val,1.00000000
fake/glide/glide_00781.png,1,glide,val,0.99922419
fake/glide/glide_00782.png,1,glide,val,1.00000000
fake/glide/glide_00783.png,1,glide,val,1.00000000
fake/glide/glide_00784.png,1,glide,val,0.99816388
fake/glide/glide_00785.png,1,glide,val,0.06590389
fake/glide/glide_00786.png,1,glide,val,0.65312034
fake/glide/glide_00787.png,1,glide,val,1.00000000
fake/glide/glide_00788.png,1,glide,val,1.00000000
fake/glide/glide_00789.png,1,glide,val,1.00000000
fake/glide/glide_00790.png,1,glide,val,0.79143399
fake/glide/glide_00791.png,1,glide,val,0.21261795
fake/glide/glide_00792.png,1,glide,val,0.95079815
fake/glide/glide_00793.png,1,glide,val,1.00000000
fake/glide/glide_00794.png,1,glide,val,0.99988711
fake/glide/glide_00795.png,1,glide,val,1.00000000
fake/glide/glide_00796.png,1,glide,val,1.00000000
fake/glide/glide_00797.png,1,glide,val,0.99998510
fake/glide/glide_00798.png,1,glide,val,1.00000000
fake/glide/glide_00799.png,1,glide,val,1.00000000
fake/glide/glide_00800.png,1,glide,val,1.00000000
fake/glide/glide_00801.png,1,glide,val,0.99880421
fake/glide/glide_00802.png,1,glide,val,1.00000000
fake/glide/glide_00803.png,1,glide,val,0.00013214
fake/glide/glide_00804.png,1,glide,val,0.95135784
fake/glide/glide_00805.png,1,glide,val,1.00000000
fake/glide/glide_00806.png,1,glide,val,1.00000000
fake/glide/glide_00807.png,1,glide,val,0.65137482
fake/glide/glide_00808.png,1,glide,val,1.00000000
fake/glide/glide_00809.png,1,glide,val,0.99974507
fake/glide/glide_00810.png,1,glide,val,1.00000000
fake/glide/glide_00811.png,1,glide,val,0.89519566
fake/glide/glide_00812.png,1,glide,val,0.18856469
fake/glide/glide_00813.png,1,glide,val,1.00000000
fake/glide/glide_00814.png,1,glide,val,0.01521926
fake/glide/glide_00815.png,1,glide,val,0.99908280
fake/glide/glide_00816.png,1,glide,val,0.99989569
fake/glide/glide_00817.png,1,glide,val,0.99999571
fake/glide/glide_00818.png,1,glide,val,0.00000027
fake/glide/glide_00819.png,1,glide,val,0.98957247
fake/glide/glide_00820.png,1,glide,val,0.99998200
fake/glide/glide_00821.png,1,glide,val,0.90027004
fake/glide/glide_00822.png,1,glide,val,0.56496960
fake/glide/glide_00823.png,1,glide,val,0.99823356
fake/glide/glide_00824.png,1,glide,val,0.99996662
fake/glide/glide_00825.png,1,glide,val,1.00000000
fake/glide/glide_00826.png,1,glide,val,0.99999988
fake/glide/glide_00827.png,1,glide,val,0.99975091
fake/glide/glide_00828.png,1,glide,val,0.99995947
fake/glide/glide_00829.png,1,glide,val,0.18468107
fake/glide/glide_00830.png,1,glide,val,0.01573060
fake/glide/glide_00831.png,1,glide,val,0.97600335
fake/glide/glide_00832.png,1,glide,val,1.00000000
fake/glide/glide_00833.png,1,glide,val,1.00000000
fake/glide/glide_00834.png,1,glide,val,0.99999821
fake/glide/glide_00835.png,1,glide,val,1.00000000
fake/glide/glide_00836.png,1,glide,val,1.00000000
fake/glide/glide_00837.png,1,glide,val,0.00022199
fake/glide/glide_00838.png,1,glide,val,1.00000000
fake/glide/glide_00839.png,1,glide,val,1.00000000
fake/glide/glide_00840.png,1,glide,val,1.00000000
fake/glide/glide_00841.png,1,glide,val,0.99999988
fake/glide/glide_00842.png,1,glide,val,0.99511695
fake/glide/glide_00843.png,1,glide,val,0.99975246
fake/glide/glide_00844.png,1,glide,val,1.00000000
fake/glide/glide_00845.png,1,glide,val,0.99999642
fake/glide/glide_00846.png,1,glide,val,0.99970418
fake/glide/glide_00847.png,1,glide,val,0.99974662
fake/glide/glide_00848.png,1,glide,val,1.00000000
fake/glide/glide_00849.png,1,glide,val,0.99997652
fake/glide/glide_00850.png,1,glide,val,0.99749738
fake/glide/glide_00851.png,1,glide,val,0.99985981
fake/glide/glide_00852.png,1,glide,val,0.99991560
fake/glide/glide_00853.png,1,glide,val,0.99999988
fake/glide/glide_00854.png,1,glide,val,0.99773681
fake/glide/glide_00855.png,1,glide,val,1.00000000
fake/glide/glide_00856.png,1,glide,val,1.00000000
fake/glide/glide_00857.png,1,glide,val,0.99999762
fake/glide/glide_00858.png,1,glide,val,1.00000000
fake/glide/glide_00859.png,1,glide,val,1.00000000
fake/glide/glide_00860.png,1,glide,val,0.99845755
fake/glide/glide_00861.png,1,glide,val,1.00000000
fake/glide/glide_00862.png,1,glide,val,0.99956518
fake/glide/glide_00863.png,1,glide,val,0.99999821
fake/glide/glide_00864.png,1,glide,val,0.00918800
fake/glide/glide_00865.png,1,glide,val,1.00000000
fake/glide/glide_00866.png,1,glide,val,1.00000000
fake/glide/glide_00867.png,1,glide,val,0.99999988
fake/glide/glide_00868.png,1,glide,val,0.99993837
fake/glide/glide_00869.png,1,glide,val,1.00000000
fake/glide/glide_00870.png,1,glide,val,1.00000000
fake/glide/glide_00871.png,1,glide,val,0.99999547
fake/glide/glide_00872.png,1,glide,val,0.99999988
fake/glide/glide_00873.png,1,glide,val,1.00000000
fake/glide/glide_00874.png,1,glide,val,0.05247701
fake/glide/glide_00875.png,1,glide,val,0.99659556
fake/glide/glide_00876.png,1,glide,val,0.64515978
fake/glide/glide_00877.png,1,glide,val,0.76699251
fake/glide/glide_00878.png,1,glide,val,0.99731785
fake/glide/glide_00879.png,1,glide,val,0.99989712
fake/glide/glide_00880.png,1,glide,val,1.00000000
fake/glide/glide_00881.png,1,glide,val,0.99990189
fake/glide/glide_00882.png,1,glide,val,0.99655271
fake/glide/glide_00883.png,1,glide,val,1.00000000
fake/glide/glide_00884.png,1,glide,val,0.99999917
fake/glide/glide_00885.png,1,glide,val,0.99788743
fake/glide/glide_00886.png,1,glide,val,1.00000000
fake/glide/glide_00887.png,1,glide,val,1.00000000
fake/glide/glide_00888.png,1,glide,val,0.72618937
fake/glide/glide_00889.png,1,glide,val,1.00000000
fake/glide/glide_00890.png,1,glide,val,0.97675586
fake/glide/glide_00891.png,1,glide,val,0.99998343
fake/glide/glide_00892.png,1,glide,val,0.98602539
fake/glide/glide_00893.png,1,glide,val,0.99951470
fake/glide/glide_00894.png,1,glide,val,1.00000000
fake/glide/glide_00895.png,1,glide,val,0.97716570
fake/glide/glide_00896.png,1,glide,val,0.99988806
fake/glide/glide_00897.png,1,glide,val,1.00000000
fake/glide/glide_00898.png,1,glide,val,1.00000000
fake/glide/glide_00899.png,1,glide,val,0.99787295
fake/glide/glide_00900.png,1,glide,val,0.99999857
fake/glide/glide_00901.png,1,glide,val,0.99993730
fake/glide/glide_00902.png,1,glide,val,0.83721066
fake/glide/glide_00903.png,1,glide,val,0.99993789
fake/glide/glide_00904.png,1,glide,val,1.00000000
fake/glide/glide_00905.png,1,glide,val,0.03409424
fake/glide/glide_00906.png,1,glide,val,0.84132302
fake/glide/glide_00907.png,1,glide,val,1.00000000
fake/glide/glide_00908.png,1,glide,val,1.00000000
fake/glide/glide_00909.png,1,glide,val,0.99993956
fake/glide/glide_00910.png,1,glide,val,0.98533511
fake/glide/glide_00911.png,1,glide,val,0.99935454
fake/glide/glide_00912.png,1,glide,val,0.99900419
fake/glide/glide_00913.png,1,glide,val,0.99999976
fake/glide/glide_00914.png,1,glide,val,0.99997747
fake/glide/glide_00915.png,1,glide,val,0.99991655
fake/glide/glide_00916.png,1,glide,val,0.99655837
fake/glide/glide_00917.png,1,glide,val,1.00000000
fake/glide/glide_00918.png,1,glide,val,1.00000000
fake/glide/glide_00919.png,1,glide,val,0.99999368
fake/glide/glide_00920.png,1,glide,val,0.99965882
fake/glide/glide_00921.png,1,glide,val,0.99999988
fake/glide/glide_00922.png,1,glide,val,1.00000000
fake/glide/glide_00923.png,1,glide,val,1.00000000
fake/glide/glide_00924.png,1,glide,val,0.99834037
fake/glide/glide_00925.png,1,glide,val,0.81696784
fake/glide/glide_00926.png,1,glide,val,1.00000000
fake/glide/glide_00927.png,1,glide,val,0.99999976
fake/glide/glide_00928.png,1,glide,val,0.99971551
fake/glide/glide_00929.png,1,glide,val,0.99999988
fake/glide/glide_00930.png,1,glide,val,0.98349935
fake/glide/glide_00931.png,1,glide,val,0.99962330
fake/glide/glide_00932.png,1,glide,val,1.00000000
fake/glide/glide_00933.png,1,glide,val,1.00000000
fake/glide/glide_00934.png,1,glide,val,1.00000000
fake/glide/glide_00935.png,1,glide,val,0.99975330
fake/glide/glide_00936.png,1,glide,val,0.99999774
fake/glide/glide_00937.png,1,glide,val,0.99999392
fake/glide/glide_00938.png,1,glide,val,1.00000000
fake/glide/glide_00939.png,1,glide,val,0.99999857
fake/glide/glide_00940.png,1,glide,val,0.99542433
fake/glide/glide_00941.png,1,glide,val,0.27613413
fake/glide/glide_00942.png,1,glide,val,0.97090036
fake/glide/glide_00943.png,1,glide,val,0.99993658
fake/glide/glide_00944.png,1,glide,val,0.99999821
fake/glide/glide_00945.png,1,glide,val,1.00000000
fake/glide/glide_00946.png,1,glide,val,0.90564996
fake/glide/glide_00947.png,1,glide,val,0.99999726
fake/glide/glide_00948.png,1,glide,val,1.00000000
fake/glide/glide_00949.png,1,glide,val,0.99967539
fake/glide/glide_00950.png,1,glide,val,0.99401677
fake/glide/glide_00951.png,1,glide,val,1.00000000
fake/glide/glide_00952.png,1,glide,val,0.99965870
fake/glide/glide_00953.png,1,glide,val,1.00000000
fake/glide/glide_00954.png,1,glide,val,0.88852257
fake/glide/glide_00955.png,1,glide,val,0.00463085
fake/glide/glide_00956.png,1,glide,val,1.00000000
fake/glide/glide_00957.png,1,glide,val,1.00000000
fake/glide/glide_00958.png,1,glide,val,0.99999738
fake/glide/glide_00959.png,1,glide,val,0.99866712
fake/glide/glide_00960.png,1,glide,val,0.99999082
fake/glide/glide_00961.png,1,glide,val,0.99980038
fake/glide/glide_00962.png,1,glide,val,0.98632044
fake/glide/glide_00963.png,1,glide,val,1.00000000
fake/glide/glide_00964.png,1,glide,val,0.98570806
fake/glide/glide_00965.png,1,glide,val,0.99999428
fake/glide/glide_00966.png,1,glide,val,0.99924809
fake/glide/glide_00967.png,1,glide,val,0.99999988
fake/glide/glide_00968.png,1,glide,val,0.99987268
fake/glide/glide_00969.png,1,glide,val,0.99996567
fake/glide/glide_00970.png,1,glide,val,0.99998641
fake/glide/glide_00971.png,1,glide,val,1.00000000
fake/glide/glide_00972.png,1,glide,val,0.97048855
fake/glide/glide_00973.png,1,glide,val,0.99999833
fake/glide/glide_00974.png,1,glide,val,0.00000073
fake/glide/glide_00975.png,1,glide,val,0.99999309
fake/glide/glide_00976.png,1,glide,val,0.99996793
fake/glide/glide_00977.png,1,glide,val,0.99940801
fake/glide/glide_00978.png,1,glide,val,0.99999964
fake/glide/glide_00979.png,1,glide,val,0.99950039
fake/glide/glide_00980.png,1,glide,val,0.99578023
fake/glide/glide_00981.png,1,glide,val,0.99154586
fake/glide/glide_00982.png,1,glide,val,0.99999988
fake/glide/glide_00983.png,1,glide,val,1.00000000
fake/glide/glide_00984.png,1,glide,val,0.06193392
fake/glide/glide_00985.png,1,glide,val,0.99998999
fake/glide/glide_00986.png,1,glide,val,0.99999940
fake/glide/glide_00987.png,1,glide,val,0.99999368
fake/glide/glide_00988.png,1,glide,val,1.00000000
fake/glide/glide_00989.png,1,glide,val,1.00000000
fake/glide/glide_00990.png,1,glide,val,0.99759042
fake/glide/glide_00991.png,1,glide,val,0.99976259
fake/glide/glide_00992.png,1,glide,val,0.99921656
fake/glide/glide_00993.png,1,glide,val,0.99999809
fake/glide/glide_00994.png,1,glide,val,0.99999845
fake/glide/glide_00995.png,1,glide,val,1.00000000
fake/glide/glide_00996.png,1,glide,val,0.99376231
fake/glide/glide_00997.png,1,glide,val,1.00000000
fake/glide/glide_00998.png,1,glide,val,0.99997616
fake/glide/glide_00999.png,1,glide,val,0.99999189
