arquivo,split,label,object_shadow,perspective_fields,line_segment
coco_000111,fusion,0,0.8098855,0.000332296534907,0.0814109593629837
coco_000113,fusion,0,0.99886084,0.014167464338243,0.0246064476668834
coco_000125,fusion,0,0.35025713,0.9880317449569702,0.1942455023527145
coco_000128,fusion,0,0.6699692,0.7524802088737488,0.0195077396929264
coco_000152,fusion,0,0.23329335,4.950944457959849e-06,0.3361179828643799
coco_000168,fusion,0,0.35025713,5.5810943422329735e-08,0.0189608577638864
coco_000197,fusion,0,0.35025713,0.0004514954634942,0.117371879518032
coco_000205,fusion,0,0.05930358,4.637823803932406e-05,0.7934781312942505
coco_000213,fusion,0,0.047833834,0.0098815346136689,0.0428770072758197
coco_000229,fusion,0,0.35025713,0.0740777030587196,0.5345426201820374
coco_000256,fusion,0,0.35025713,0.0138123529031872,0.1406166553497314
coco_000258,fusion,0,0.009713503,1.627020878913754e-06,0.0125175900757312
coco_000308,fusion,0,0.086644165,9.326112194685264e-05,0.0398472920060157
coco_000318,fusion,0,0.9287655,0.1515190750360489,0.0033107008785009
coco_000327,fusion,0,0.35025713,0.0004544029361568,0.7362856864929199
coco_000333,fusion,0,0.07103919,0.039192970842123,0.0738530978560447
coco_000399,fusion,0,0.332453,0.0123236626386642,0.4471886754035949
coco_000401,fusion,0,0.031316515,0.3478159606456756,0.0459074005484581
coco_000415,fusion,0,0.47185656,0.1308306902647018,0.1229173690080642
coco_000437,fusion,0,0.043845788,0.6007643342018127,0.2291202992200851
coco_000440,fusion,0,0.14517535,0.0001968752330867,0.0042840954847633
coco_000459,fusion,0,0.35025713,0.0002117775002261,0.4668963849544525
coco_000547,fusion,0,0.80713063,3.747742448467761e-05,0.0257140900939703
coco_000548,fusion,0,0.8511198,0.0001735007826937,0.0432861112058162
coco_000558,fusion,0,0.6637018,0.2577820122241974,0.3934183418750763
coco_000561,fusion,0,0.35025713,6.517492874991149e-05,0.3238257765769958
coco_000613,fusion,0,0.0003713704,0.0191102232784032,0.0007826008368283
coco_000688,fusion,0,0.010198614,7.549690053565428e-05,0.0167381968349218
coco_000704,fusion,0,0.32696414,0.000539185362868,0.7951850295066833
coco_000746,fusion,0,0.33417514,0.0527511201798915,0.0026671979576349
coco_000772,fusion,0,0.026586233,6.111237598815933e-05,0.0229258611798286
coco_000814,fusion,0,0.013001949,0.1396556198596954,0.9873952865600586
coco_000841,fusion,0,0.0090260655,0.0610687881708145,0.0009356488008052
coco_000848,fusion,0,0.7879379,0.0013169501908123,0.0014510528417304
coco_000886,fusion,0,0.35025713,0.6157675981521606,0.1926815062761306
coco_000936,fusion,0,0.804831,0.000294487865176,0.021331088617444
coco_000948,fusion,0,0.84897816,1.3280725852382602e-07,0.2218903303146362
coco_000950,fusion,0,0.07874938,0.8713727593421936,0.0130972424522042
coco_000959,fusion,0,0.12760492,0.0002546475734561,0.8706946969032288
coco_000998,fusion,0,0.35025713,0.0001727360358927,0.2220998555421829
coco_001003,fusion,0,0.5506081,0.0015155987348407,0.0386962033808231
coco_001041,fusion,0,0.35025713,0.0001072389641194,0.1077902987599372
coco_001058,fusion,0,0.35025713,0.0003899797156918,0.0493924170732498
coco_001137,fusion,0,0.42556918,0.1301251649856567,0.9298211336135864
coco_001140,fusion,0,0.35025713,0.0070807980373501,0.0032966781873255
coco_001173,fusion,0,0.27391306,1.3678905474989733e-07,0.0264046881347894
coco_001184,fusion,0,0.80266696,0.0158699620515108,0.0154903410002589
coco_001259,fusion,0,0.5238504,0.9831719398498536,0.2926463782787323
coco_001275,fusion,0,0.7315931,0.9995204210281372,0.3463034927845001
coco_001281,fusion,0,0.35025713,0.0008053174242377,0.2278894186019897
coco_001283,fusion,0,0.35025713,4.150857421336696e-05,0.920477032661438
coco_001295,fusion,0,0.35025713,2.602728272904642e-06,0.0216657798737287
coco_001315,fusion,0,0.35025713,0.0554622486233711,0.604490339756012
coco_001368,fusion,0,0.028123602,0.9048730134963988,0.0685269609093666
coco_001377,fusion,0,0.35025713,0.1859762221574783,0.7516430616378784
coco_001383,fusion,0,0.35025713,0.0604355297982692,0.3005539774894714
coco_001385,fusion,0,0.35025713,7.777608743708697e-07,0.0001374641724396
coco_001394,fusion,0,0.08583371,0.0002405047853244,0.0017474463675171
coco_001442,fusion,0,0.46600777,0.0553815029561519,0.4142077565193176
coco_001448,fusion,0,0.1336016,0.036229021847248,0.1984496563673019
coco_001468,fusion,0,0.037351057,0.0003830910427495,0.0052392170764505
coco_001513,fusion,0,0.28758454,0.0341369584202766,0.0017875435296446
coco_001520,fusion,0,0.35025713,5.07299358076807e-09,0.0078291455283761
coco_001529,fusion,0,0.13136189,5.045052375862724e-07,0.7578215003013611
coco_001536,fusion,0,0.5265787,0.0384183712303638,0.1821716576814651
coco_001553,fusion,0,0.0527114,1.5147411431826184e-05,0.0011890680762007
coco_001598,fusion,0,0.45006758,0.0460297390818595,0.0274842847138643
coco_001603,fusion,0,0.35025713,4.01047473133076e-05,0.0006577937165275
coco_001613,fusion,0,0.0236537,2.3145414161263037e-05,0.0001975148916244
coco_001619,fusion,0,0.111958,5.050908657722175e-05,0.0105469254776835
coco_001654,fusion,0,0.35025713,0.0036740901414304,0.0111137656494975
coco_001671,fusion,0,0.35025713,0.6182724833488464,0.605293869972229
coco_001679,fusion,0,0.35025713,0.0340016968548297,0.0155533570796251
coco_001688,fusion,0,0.030590234,0.0025288874749094,0.002761434065178
coco_001724,fusion,0,0.35025713,0.0012678800849243,0.0280478280037641
coco_001810,fusion,0,0.07713109,1.9451761035238488e-10,0.0016960172215476
coco_001848,fusion,0,0.001605501,0.0001270040229428,0.0023519010283052
coco_001882,fusion,0,0.10340214,0.0002845388080459,0.1184058785438537
coco_001900,fusion,0,0.6762488,1.2228098057676108e-05,0.0038346922956407
coco_001904,fusion,0,0.5142356,0.1720276027917862,0.4496931433677673
coco_001911,fusion,0,0.35076225,0.0003292220353614,0.0068057714961469
coco_001931,fusion,0,0.35025713,0.1019263863563537,0.2254661321640014
coco_001936,fusion,0,0.35025713,0.346315324306488,0.2594717741012573
coco_001950,fusion,0,0.31003436,0.0047525507397949,0.0784554630517959
coco_001966,fusion,0,0.16125455,3.6164915400149766e-06,0.063082069158554
coco_001978,fusion,0,0.8880517,0.0034232994075864,0.7750482559204102
coco_002010,fusion,0,0.64938986,0.0262628588825464,0.1242822185158729
coco_002038,fusion,0,0.047674447,0.0118094747886061,0.0008574417443014
coco_002043,fusion,0,0.3142403,0.9999990463256836,0.5977016687393188
coco_002062,fusion,0,0.68542534,1.3528582712751812e-05,0.1448182165622711
coco_002142,fusion,0,0.12687366,0.3218294978141784,0.0016084051458165
coco_002189,fusion,0,0.35025713,1.9665483250719262e-06,0.6315764784812927
coco_002207,fusion,0,0.005312422,0.0001597505324753,0.0001227821339853
coco_002208,fusion,0,0.53456366,0.0006396469543687,0.5905548930168152
coco_002214,fusion,0,0.09913752,0.0001277881819987,0.047194916754961
coco_002217,fusion,0,0.35025713,0.0004220119153615,0.0293425563722848
coco_002224,fusion,0,0.3412786,7.590975292259827e-05,0.0645856410264968
coco_002267,fusion,0,0.055525016,0.7242296934127808,0.552261471748352
coco_002272,fusion,0,0.0146143595,0.6401338577270508,0.0154735092073678
coco_002288,fusion,0,0.35025713,1.0279406836843918e-07,0.004512645304203
coco_002297,fusion,0,0.3097219,5.2740128921868745e-06,0.3348378539085388
coco_002347,fusion,0,0.041477017,0.004552140366286,0.0139090288430452
coco_002356,fusion,0,0.35025713,9.207264156430028e-06,8.465864812023938e-05
coco_002377,fusion,0,0.35025713,0.9999828338623048,0.048566672950983
coco_002420,fusion,0,0.21530227,0.06049420312047,0.1073802411556243
coco_002449,fusion,0,0.23224588,1.4360115763167869e-08,0.0363215021789073
coco_002459,fusion,0,0.48710176,0.554373562335968,0.0525577180087566
coco_002520,fusion,0,0.018025694,0.0001115524064516,0.0001300933363381
coco_002524,fusion,0,0.69377375,0.0177693665027618,0.0181895475834608
coco_002530,fusion,0,0.3202175,0.0053775110282003,0.0735663995146751
coco_002534,fusion,0,0.35025713,2.210913407907356e-05,0.3201000392436981
coco_002536,fusion,0,0.18712807,0.5366374850273132,0.4003013074398041
coco_002543,fusion,0,0.35025713,0.0227334089577198,0.0056611164472997
coco_002549,fusion,0,0.06313612,0.0059194862842559,0.0962953642010688
coco_002568,fusion,0,0.06441893,6.690517329843715e-05,0.020631369203329
coco_002571,fusion,0,0.35025713,6.619148734898772e-06,0.0119052361696958
coco_002581,fusion,0,0.35025713,0.0005003964179195,0.038456629961729
coco_002616,fusion,0,0.07006845,3.913065302185714e-05,0.0008250616956502
coco_002621,fusion,0,0.77847964,4.733046080218628e-05,0.2134313285350799
coco_002623,fusion,0,0.9705557,0.6616353988647461,0.5092206001281738
coco_002632,fusion,0,0.35025713,2.825179763021879e-05,0.0110020404681563
coco_002689,fusion,0,0.2917113,6.676419434370473e-05,0.0880323350429534
coco_002696,fusion,0,0.48704496,0.0003695129707921,0.0196281913667917
coco_002715,fusion,0,0.35025713,0.0507978051900863,0.549811601638794
coco_002769,fusion,0,0.00411086,0.5002334713935852,0.0245288964360952
coco_002789,fusion,0,0.012079678,0.0035178426187485,0.0040049944072961
coco_002794,fusion,0,0.6508931,0.0860491022467613,0.0296193752437829
coco_002798,fusion,0,0.35025713,0.000100084231235,0.498113751411438
coco_002812,fusion,0,0.07545632,2.102031066897325e-05,0.0001784956548362
coco_002835,fusion,0,0.062283646,0.0014137809630483,0.2555117607116699
coco_002906,fusion,0,0.35025713,0.0003799031837843,0.0128493811935186
coco_002918,fusion,0,0.35025713,4.261602953192778e-06,0.0749137327075004
coco_002919,fusion,0,0.35025713,1.3525811937142862e-06,0.6772366762161255
coco_002929,fusion,0,0.22694601,0.5529127717018127,0.0515528954565525
coco_002953,fusion,0,0.30417222,0.9983704686164856,0.1461602002382278
coco_003003,fusion,0,0.2287965,3.547926098690368e-05,0.0159623343497514
coco_003018,fusion,0,0.6260455,2.805398435157258e-05,0.4433884918689728
coco_003023,fusion,0,0.35025713,0.8133188486099243,0.4465402364730835
coco_003027,fusion,0,0.16613355,0.0011887894943356,0.5580853223800659
coco_003033,fusion,0,0.2716462,0.0004831916303373,0.2169072329998016
coco_003078,fusion,0,0.58516514,7.540304977737833e-06,0.059353269636631
coco_003088,fusion,0,0.35025713,5.696449079550803e-05,0.0001153314515249
coco_003101,fusion,0,0.20577309,0.0028702765703201,0.7620379328727722
coco_003146,fusion,0,0.011799084,0.2115339636802673,0.020391296595335
coco_003161,fusion,0,0.19385104,0.6024103164672852,0.0002484467404428
coco_003195,fusion,0,0.34686348,0.0210120044648647,0.0002907673188019
coco_003219,fusion,0,0.35025713,0.9274688363075256,0.0047008860856294
coco_003221,fusion,0,0.012007238,0.0078471526503562,0.0001927693519974
coco_003240,fusion,0,0.00155684,0.9916967153549194,0.9173219203948976
coco_003257,fusion,0,0.020476362,9.481783490628004e-05,0.0003208514535799
coco_003273,fusion,0,0.35025713,0.002417986979708,6.471767119364813e-05
coco_003282,fusion,0,0.06525851,0.8262923359870911,0.050100278109312
coco_003292,fusion,0,0.33860627,0.0038033376913517,0.1458409875631332
coco_003330,fusion,0,0.28783014,0.0003101692709606,0.0001937535125762
coco_003343,fusion,0,0.048018634,0.0780443996191024,0.1230634823441505
coco_003368,fusion,0,0.48373988,0.9999998807907104,0.7780904769897461
coco_003371,fusion,0,0.016422354,0.9488633871078492,0.3992542326450348
coco_003375,fusion,0,0.35025713,0.0015450424980372,0.4917301833629608
coco_003377,fusion,0,0.35025713,0.9874562621116638,0.0157259088009595
coco_003413,fusion,0,0.047316752,0.9778472185134888,0.1455283612012863
coco_003414,fusion,0,0.25828117,0.9487637877464294,0.6756348609924316
coco_003473,fusion,0,0.30313012,0.9989207983016968,0.9034928679466248
coco_003475,fusion,0,0.35025713,2.095733725582249e-05,0.0104042282328009
coco_003477,fusion,0,0.35025713,0.0014001408126205,0.0030687106773257
coco_003525,fusion,0,0.062290378,6.901820142957149e-06,0.0012037903070449
coco_003527,fusion,0,0.11081429,0.0004784805641975,0.0029169865883886
coco_003537,fusion,0,0.19826657,0.001571808126755,0.1265279352664947
coco_003547,fusion,0,0.0073045166,7.455575996573316e-07,0.000339264748618
coco_003549,fusion,0,0.35025713,1.0604982492168349e-07,0.0091868424788117
coco_003554,fusion,0,0.6136965,0.0115843163803219,0.9800383448600768
coco_003562,fusion,0,0.025293738,0.0028782850131392,0.063979722559452
coco_003569,fusion,0,0.6199323,0.1947346180677414,0.0518815778195858
coco_003588,fusion,0,0.21470192,2.784281472045791e-09,0.018300762400031
coco_003603,fusion,0,0.35025713,0.0120493518188595,0.0001262491423403
coco_003642,fusion,0,0.35025713,0.0113341575488448,0.364631712436676
coco_003649,fusion,0,0.023359755,0.0051413280889391,0.010119897313416
coco_003668,fusion,0,0.22808185,0.007461879402399,0.0097194155678153
coco_003678,fusion,0,0.20029363,6.476145699707558e-07,0.9338256120681764
coco_003776,fusion,0,0.055307236,0.0026038340292871,0.0421106219291687
coco_003787,fusion,0,0.13220811,0.4086962342262268,0.1366122812032699
coco_003823,fusion,0,0.00095207663,0.0514520965516567,0.8865668773651123
coco_003834,fusion,0,0.35025713,0.9905168414115906,0.0182488765567541
coco_003857,fusion,0,0.35025713,0.0007726218318566,0.7312225103378296
coco_003868,fusion,0,0.08128423,0.0002194552362198,0.0361835956573486
coco_003912,fusion,0,0.8334531,0.9999312162399292,0.5045284032821655
coco_003977,fusion,0,0.90249074,0.3459121584892273,0.3430440723896026
coco_004013,fusion,0,0.09296319,0.9488391280174256,0.0097856130450963
coco_004051,fusion,0,0.08526328,0.5091327428817749,0.3356280624866485
coco_004068,fusion,0,0.32208413,3.653417297755368e-05,0.019288033246994
coco_004071,fusion,0,0.0054828515,3.303905396023765e-05,0.0016714305384084
coco_004092,fusion,0,0.9060021,1.347033048659796e-06,0.0530802868306636
coco_004107,fusion,0,0.23654245,6.253752417251235e-06,0.0052282437682151
coco_004121,fusion,0,0.35025713,0.5588973164558411,0.5623802542686462
coco_004150,fusion,0,0.35025713,0.0847663953900337,0.0172618571668863
coco_004153,fusion,0,0.095270075,0.0002210110105806,0.0069166752509772
coco_004155,fusion,0,0.35025713,0.0135413566604256,0.1329307407140731
coco_004168,fusion,0,0.9326961,0.0191003177314996,0.5069188475608826
coco_004187,fusion,0,0.42728725,4.6610288545467775e-11,0.0880274251103401
coco_004194,fusion,0,0.35025713,0.0097453035414218,0.0599778778851032
coco_004219,fusion,0,0.030809235,0.0150769315659999,0.1263591796159744
coco_004234,fusion,0,0.19132401,0.001224473468028,0.6950345635414124
coco_004246,fusion,0,0.35025713,0.2474331706762313,0.0304569229483604
coco_004260,fusion,0,0.35025713,9.751099423738196e-05,0.0001937156775966
coco_004263,fusion,0,0.35025713,0.0016087397234514,0.0006650240975432
coco_004276,fusion,0,0.3799318,0.0005165550974197,0.0255550816655159
coco_004280,fusion,0,0.0063663605,0.0007880112389102,0.0384759381413459
coco_004326,fusion,0,0.590923,0.0003504060150589,0.0082649001851677
coco_004367,fusion,0,0.5610545,2.0559837139444422e-05,0.007785412017256
coco_004429,fusion,0,0.4327257,0.9970700740814208,0.0924767702817916
coco_004449,fusion,0,0.6544908,6.233529711607844e-05,0.1198271885514259
coco_004486,fusion,0,0.35025713,0.1362274885177612,0.350166380405426
coco_004516,fusion,0,0.104149915,0.5573893189430237,0.7596901059150696
coco_004538,fusion,0,0.05325013,0.0474890321493148,0.0140740312635898
coco_004603,fusion,0,0.35025713,0.9878563284873962,0.51177978515625
coco_004660,fusion,0,0.35025713,0.0032014593016356,0.6402124762535095
coco_004661,fusion,0,0.069447115,0.9907823204994202,0.8748475909233093
coco_004698,fusion,0,0.05550464,0.6050721406936646,0.5898615717887878
coco_004699,fusion,0,0.47122484,0.0008392935851588,0.051109243184328
coco_004743,fusion,0,0.006672492,0.0072915558703243,0.0182175263762474
coco_004785,fusion,0,0.35025713,0.2179053127765655,0.9617244601249696
coco_004804,fusion,0,0.35025713,0.1800294071435928,0.0045020156539976
coco_004889,fusion,0,0.0050304323,0.130874827504158,0.8451752662658691
coco_004924,fusion,0,0.35025713,3.2635916795697995e-06,0.0318975448608398
coco_004996,fusion,0,0.19802563,0.5816169381141663,0.278016060590744
coco_005126,fusion,0,0.0019506855,4.1447736975896987e-07,0.0085377413779497
coco_005136,fusion,0,0.19595264,0.9997994303703308,0.0647326186299324
coco_005137,fusion,0,0.35025713,0.0020806388929486,0.7391448616981506
coco_005138,fusion,0,0.35025713,0.0015108594670891,0.0006423924933187
coco_005236,fusion,0,0.009442462,6.538471643580124e-05,0.0264983512461185
coco_005255,fusion,0,0.07599657,0.0027754928451031,0.0051791002042591
coco_005305,fusion,0,0.30939847,0.999964714050293,0.3418923616409302
coco_005351,fusion,0,0.89112455,0.763520359992981,0.2265128493309021
coco_005407,fusion,0,0.35025713,9.866209438769148e-05,0.0227896776050329
coco_005414,fusion,0,0.0420509,0.001169663039036,0.0063470574095845
coco_005429,fusion,0,0.09930444,0.0015009191120043,0.0477006733417511
coco_005482,fusion,0,0.35025713,0.0057857986539602,0.000518835557159
coco_005490,fusion,0,0.087428056,0.9657166600227356,0.327139139175415
coco_005516,fusion,0,0.35025713,1.3478011169354431e-05,0.0012733610346913
coco_005542,fusion,0,0.81083417,0.0097411358729004,0.0123229892924427
coco_005546,fusion,0,0.10684849,2.471437437634449e-05,0.5074276328086853
coco_005565,fusion,0,0.65277696,0.3025921285152435,0.0060547036118805
coco_005623,fusion,0,0.3261141,5.436032552097458e-06,0.6523582935333252
coco_005668,fusion,0,0.82043135,0.2545934617519378,0.0274408217519521
coco_005705,fusion,0,0.0062829796,0.0033863023854792,0.1995093822479248
coco_005714,fusion,0,0.35025713,7.365698547801003e-05,0.0072589181363582
coco_005725,fusion,0,0.35025713,0.0816783457994461,0.6942625641822815
coco_005727,fusion,0,0.21126834,0.0011062161065638,0.0254086088389158
coco_005819,fusion,0,0.35025713,0.953794002532959,0.0177587009966373
coco_005880,fusion,0,0.103131816,0.0003084513009525,0.0279778372496366
coco_005883,fusion,0,0.35025713,0.0006497059366665,0.4044124484062195
coco_005889,fusion,0,0.35025713,9.542424777464475e-06,0.0353780090808868
coco_005907,fusion,0,0.35025713,0.982314944267273,0.0069218878634274
coco_005933,fusion,0,0.35025713,0.0020290105603635,0.1180143058300018
coco_005962,fusion,0,0.5111735,0.5867154002189636,0.0090027768164873
coco_005998,fusion,0,0.1677791,0.3697705864906311,0.0162740554660558
coco_006001,fusion,0,0.11579834,5.620891897706315e-05,0.0547496601939201
coco_006011,fusion,0,0.06398323,3.2338010669263895e-07,6.364673026837409e-05
coco_006027,fusion,0,0.35025713,4.2242272684234194e-06,0.1199966073036193
coco_006037,fusion,0,0.0062317727,0.0833253562450409,0.005985059775412
coco_006075,fusion,0,0.0045229667,0.0045338906347751,0.1559233516454696
coco_006091,fusion,0,0.35025713,0.0015818810788914,0.0017833817983046
coco_006097,fusion,0,0.09603725,1.4816917428106535e-05,0.0019162175012752
coco_006105,fusion,0,0.13396226,0.3570055067539215,0.6462193131446838
coco_006135,fusion,0,0.29515722,0.0011221246095374,0.9740931987762452
coco_006142,fusion,0,0.35170212,0.011224147863686,0.6869337558746338
coco_006184,fusion,0,0.7537111,0.5822917819023132,0.8588879108428955
coco_006186,fusion,0,0.22426733,4.319692266108177e-07,0.0009762838599272
coco_006199,fusion,0,0.35025713,0.0663542822003364,0.0800014436244964
coco_006215,fusion,0,0.35025713,4.299464853829704e-05,0.5626030564308167
coco_006243,fusion,0,0.07806814,0.0111201414838433,0.0113695850595831
coco_006286,fusion,0,0.5242343,0.0115573313087224,0.2926210165023803
coco_006327,fusion,0,0.028011402,0.0048841494135558,0.0004620813415385
coco_006399,fusion,0,0.35025713,0.0001031509018503,0.1805278062820434
coco_006420,fusion,0,0.35025713,0.8292925357818604,0.1518405079841613
coco_006490,fusion,0,0.28621504,0.013381864875555,0.3280633687973022
coco_006506,fusion,0,0.03147588,0.0085550863295793,0.0721573755145073
coco_006531,fusion,0,0.058639742,0.0001936236949404,0.6278322339057922
coco_006555,fusion,0,0.35025713,9.221378149959492e-07,0.0225047320127487
coco_006564,fusion,0,0.0799987,0.0154923908412456,0.1543089747428894
coco_006605,fusion,0,0.9801981,0.9002730250358582,0.2958053350448608
coco_006640,fusion,0,0.35025713,1.859541043813806e-06,0.0019095150055363
coco_006657,fusion,0,0.1533877,2.780348495434737e-06,0.1704208105802536
coco_006685,fusion,0,0.15345028,0.4471370279788971,0.0729257687926292
coco_006695,fusion,0,0.15498091,0.3949357271194458,0.5848779678344727
coco_006716,fusion,0,0.20944066,0.0018606969388201,0.5086616277694702
coco_006718,fusion,0,0.35025713,0.000112673966214,0.8109188675880432
coco_006744,fusion,0,0.102553606,0.0156771671026945,0.0035172090865671
coco_006766,fusion,0,0.5232257,1.887367716335575e-06,0.0009881204459816
coco_006789,fusion,0,0.35025713,6.791244959458709e-05,0.0041254870593547
coco_006806,fusion,0,0.5589007,0.0004671667993534,0.0229928530752658
coco_006848,fusion,0,0.16138728,0.0114827482029795,0.023283639922738
coco_006849,fusion,0,0.0057975715,0.0013455565785989,0.0128430929034948
coco_006855,fusion,0,0.35025713,0.0153824193403124,0.0095801893621683
coco_006877,fusion,0,0.8701417,0.0001055424290825,0.8043285608291626
coco_006889,fusion,0,0.35025713,4.873082161793718e-06,0.1844859570264816
coco_006893,fusion,0,0.5474403,0.655136227607727,0.0830946937203407
coco_006894,fusion,0,0.6171501,0.7555357813835144,0.7872780561447144
coco_006906,fusion,0,0.35025713,0.6523096561431885,0.9261593818664552
coco_006907,fusion,0,0.96109915,0.0073177581652998,0.0147741315886378
coco_006912,fusion,0,0.28272933,0.0064422213472425,0.0208578761667013
coco_006917,fusion,0,0.35123232,0.0006626437534578,0.0200496111065149
coco_006918,fusion,0,0.065246366,0.0923000499606132,0.2414419800043106
coco_006933,fusion,0,0.0012734332,0.0081789391115307,0.0544964112341403
coco_006936,fusion,0,0.02326676,0.0061292555183172,0.0685624480247497
coco_006943,fusion,0,0.2794422,0.4992925524711609,0.0576309710741043
coco_006948,fusion,0,0.35025713,0.0073204673826694,0.0191566180437803
coco_006982,fusion,0,0.77360475,0.5858049392700195,0.9800099730491638
coco_006986,fusion,0,0.35025713,0.0206750016659498,0.0021931098308414
coco_006989,fusion,0,0.02471051,0.0097872214391827,0.0004823446506634
coco_007017,fusion,0,0.35025713,4.499204806052148e-05,0.000950967776589
coco_007022,fusion,0,0.28223997,0.1168969720602035,0.1895292699337005
coco_007099,fusion,0,0.35025713,0.0239480305463075,0.0248846337199211
coco_007110,fusion,0,0.35025713,9.458295244257896e-05,0.1653055250644683
coco_007210,fusion,0,0.041029092,0.000797186337877,0.0002440617099637
coco_007221,fusion,0,0.35025713,0.002509098034352,0.0282667912542819
coco_007242,fusion,0,0.9607126,1.690657518338412e-05,0.3606664836406708
coco_007258,fusion,0,0.28022972,0.0002473799977451,0.121400386095047
coco_007301,fusion,0,0.35025713,1.5738673027954064e-05,0.1070567891001701
coco_007335,fusion,0,0.3068372,0.0001282350567635,0.0003221845254302
coco_007341,fusion,0,0.076426394,0.0007466548704542,0.0978095754981041
coco_007344,fusion,0,0.49907988,8.534015069017187e-05,0.1932865679264068
coco_007391,fusion,0,0.35025713,1.5350943840530815e-06,0.0005217835423536
coco_007440,fusion,0,0.35025713,0.0311023611575365,0.0003619859635364
coco_007441,fusion,0,0.28275862,0.0047584101557731,0.752589762210846
coco_007456,fusion,0,0.11296163,0.0332555100321769,0.0732380375266075
coco_007457,fusion,0,0.0014264678,0.0114077031612396,0.0404206663370132
coco_007475,fusion,0,0.9303792,0.1322707831859588,0.2128140777349472
coco_007503,fusion,0,0.018571923,0.0665266662836074,0.4180741310119629
coco_007523,fusion,0,0.33696836,2.2529411225491458e-08,0.6549323201179504
coco_007528,fusion,0,0.35025713,0.1590491831302642,0.5172110795974731
coco_007553,fusion,0,0.3283524,0.9346303939819336,0.0524045974016189
coco_007565,fusion,0,0.20709614,3.142680116141605e-09,0.3279551267623901
coco_007568,fusion,0,0.09568739,0.0017859286163002,0.8061586022377014
coco_007572,fusion,0,0.5817009,0.4360644817352295,0.2838165760040283
coco_007626,fusion,0,0.17464982,0.0162752922624349,0.2295052111148834
coco_007636,fusion,0,0.60822725,0.2029807269573211,0.7805876135826111
coco_007654,fusion,0,0.554155,0.7270634770393372,0.1354269683361053
coco_007660,fusion,0,0.35025713,0.0193987563252449,0.6080721020698547
coco_007734,fusion,0,0.7483491,0.0136128813028335,0.2049660384654998
coco_007755,fusion,0,0.015879259,1.96681430679746e-05,0.0253785979002714
coco_007759,fusion,0,0.35025713,3.993080463260412e-05,9.669089922681452e-05
coco_007766,fusion,0,0.37750465,0.109944500029087,0.0280998442322015
coco_007768,fusion,0,0.14684002,0.8074864745140076,0.5381373167037964
coco_007786,fusion,0,0.35025713,0.0003545727231539,0.0044644591398537
coco_007800,fusion,0,0.35025713,0.0604424253106117,0.8527798652648926
coco_007802,fusion,0,0.35025713,0.0008092120988294,0.070374384522438
coco_007822,fusion,0,0.11760353,0.128322497010231,0.055380955338478
coco_007838,fusion,0,0.35025713,0.0030728213023394,0.0273843090981245
coco_007858,fusion,0,0.14970286,0.3193277418613434,0.0666391924023628
coco_007862,fusion,0,0.2591146,0.1799767166376114,0.0001044977252604
coco_007906,fusion,0,0.35025713,0.2113989293575287,0.0408024042844772
coco_007935,fusion,0,0.16419663,0.004241834860295,0.0637701377272605
coco_007979,fusion,0,0.35025713,0.0073490710929036,0.0274984575808048
coco_008002,fusion,0,0.35025713,0.3824235498905182,0.0651258528232574
coco_008033,fusion,0,0.35025713,0.0007218279060907,0.0002566601615399
coco_008050,fusion,0,0.011526389,0.0103654321283102,0.0027717167977243
coco_008075,fusion,0,0.0038527679,0.0003481897583696,0.0081182019785046
coco_008085,fusion,0,0.6362657,0.0034965584054589,0.0139978993684053
coco_008091,fusion,0,0.8186865,4.774810804519802e-06,0.647651731967926
coco_008092,fusion,0,0.8309839,0.0121729681268334,0.3533593714237213
coco_008096,fusion,0,0.14957824,0.0090704578906297,0.0073177721351385
coco_008151,fusion,0,0.36329544,4.413680471770931e-06,0.4023894369602203
coco_008180,fusion,0,0.95403343,5.560509453061968e-05,0.7690186500549316
coco_008204,fusion,0,0.35025713,9.884926654990522e-09,0.0062407031655311
coco_008206,fusion,0,0.7513473,0.1629728972911834,0.0029361671768128
coco_008235,fusion,0,0.13897151,0.0675375536084175,0.105931170284748
coco_008263,fusion,0,0.0003268244,2.149945794371888e-05,0.0312116965651512
coco_008286,fusion,0,0.35025713,0.284192681312561,0.0004042311629746
coco_008313,fusion,0,0.5592775,0.0052168779075145,0.0130103463307023
coco_008385,fusion,0,0.22126287,0.0003679689252749,0.9566439390182496
coco_008408,fusion,0,0.00096856355,0.0040820129215717,0.0928670987486839
coco_008410,fusion,0,0.35025713,7.399870582958101e-07,0.0173540543764829
coco_008532,fusion,0,0.14626308,0.1168505996465683,0.0005843340186402
coco_008572,fusion,0,0.9637916,0.081786461174488,0.1655048280954361
coco_008591,fusion,0,0.03297933,3.628950473455461e-09,0.0092662181705236
coco_008605,fusion,0,0.00421751,0.0428021661937236,0.9445038437843324
coco_008615,fusion,0,0.05542141,0.0028470559045672,0.214737132191658
coco_008629,fusion,0,0.35025713,0.0335302129387855,0.2621275782585144
coco_008642,fusion,0,0.7242382,0.0001787729561328,0.0163505785167217
coco_008651,fusion,0,0.374249,0.0007081337389536,0.0192400161176919
coco_008663,fusion,0,0.03278057,0.0005092346109449,0.0277637746185064
coco_008685,fusion,0,0.039491236,4.621853804565035e-05,0.4925603568553924
coco_008695,fusion,0,0.7345692,0.0157305598258972,0.2708519995212555
coco_008703,fusion,0,0.17780101,0.4922342896461487,0.8710172772407532
coco_008787,fusion,0,0.9941142,0.0015706963604316,0.3507250845432281
coco_008812,fusion,0,0.35025713,0.342964619398117,0.0095886448398232
coco_008834,fusion,0,0.23414823,0.9316880702972412,0.0069782100617885
coco_008851,fusion,0,0.35025713,0.3376119434833526,0.2118289470672607
coco_008913,fusion,0,0.046533074,0.0613171868026256,0.1597563326358795
coco_008915,fusion,0,0.013138695,0.0001598870730958,0.0462110042572021
coco_008952,fusion,0,0.35025713,0.0027408127207309,0.0003999479522462
coco_009014,fusion,0,0.35025713,0.4356268048286438,0.1359305530786514
coco_009015,fusion,0,0.049492974,0.0021543034818023,0.1159173622727394
coco_009031,fusion,0,0.098988846,0.8487330079078674,0.0042089852504432
coco_009123,fusion,0,0.27206117,0.0165018197149038,0.4400385916233063
coco_009126,fusion,0,0.35025713,2.0859994037891735e-05,0.0032731161918491
coco_009136,fusion,0,0.096552454,0.4942883551120758,0.827231764793396
coco_009156,fusion,0,0.11676248,0.0001773349504219,0.0024876701645553
coco_009166,fusion,0,0.35025713,0.0870334580540657,0.0385322123765945
coco_009170,fusion,0,0.35025713,0.1868231892585754,0.0596269965171813
coco_009205,fusion,0,0.35025713,0.6940052509307861,0.8925554156303406
coco_009231,fusion,0,0.07514939,0.0992826074361801,0.027756992727518
coco_009248,fusion,0,0.008827908,0.1032319739460945,0.15779909491539
coco_009300,fusion,0,0.10413118,0.0184771660715341,0.3339485228061676
coco_009303,fusion,0,0.008487169,0.945780873298645,0.0004919496714137
coco_009328,fusion,0,0.022113103,0.0528875403106212,0.0695642530918121
coco_009338,fusion,0,0.021774352,0.8798495531082153,0.5652785897254944
coco_009353,fusion,0,0.35025713,0.0943314284086227,0.0085356701165437
coco_009373,fusion,0,0.01616924,0.003640754148364,0.0148513996973633
coco_009395,fusion,0,0.08973049,1.4729061149409972e-05,0.0116343107074499
coco_009426,fusion,0,0.6906088,0.2040172517299652,0.0823333486914634
coco_009429,fusion,0,0.32389495,3.623087820869842e-07,0.7432916164398193
coco_009431,fusion,0,0.0546071,1.4177619959809816e-05,0.0385787114500999
coco_009451,fusion,0,0.4099697,0.0003147012903355,0.0168714765459299
coco_009480,fusion,0,0.012077073,0.0067519317381083,0.0204622782766819
coco_009486,fusion,0,0.35025713,0.0325167588889598,0.0329266302287578
coco_009508,fusion,0,0.14292108,0.0012341493275016,0.1469486206769943
coco_009531,fusion,0,0.35025713,0.0001164049390354,0.0027632468845695
coco_009573,fusion,0,0.2428635,9.623979713069276e-05,0.0005539020057767
coco_009600,fusion,0,0.35025713,0.0004513461317401,0.5864509344100952
coco_009612,fusion,0,0.3403839,0.0001983604015549,0.6107981204986572
coco_009698,fusion,0,0.16221893,0.4787623584270477,0.0062658721581101
coco_009806,fusion,0,0.47782716,0.0002139891439583,0.0454424619674682
coco_009809,fusion,0,0.06534443,7.108501787200794e-09,0.5856525897979736
coco_009811,fusion,0,0.3080895,0.893304705619812,0.0058644427917897
coco_009838,fusion,0,0.06624869,0.0027842405252158,0.0001357408909825
coco_009856,fusion,0,0.29428583,0.0305583719164133,0.014715471304953
coco_009859,fusion,0,0.3708085,0.1172156780958175,0.0928969979286193
coco_009861,fusion,0,0.35025713,0.9996125102043152,0.0062723006121814
coco_009881,fusion,0,0.35025713,0.1275200694799423,0.013054322451353
coco_009901,fusion,0,0.5106324,0.0076959310099482,0.0086951507255434
coco_009921,fusion,0,0.54311967,0.0062156370840966,0.0043668518774211
coco_009931,fusion,0,0.35025713,5.451747711049393e-06,0.045413315296173
coco_009938,fusion,0,0.35025713,0.0005227101501077,0.0007832316332496
coco_009943,fusion,0,0.35025713,3.952097540604882e-05,0.0012670435244217
coco_009954,fusion,0,0.89128965,0.0208510812371969,0.6162087917327881
coco_009987,fusion,0,0.35025713,9.138352470472456e-05,9.157657041214406e-05
coco_010002,fusion,0,0.35025713,0.0043859123252332,0.7441152930259705
coco_010021,fusion,0,0.021672828,1.838646710439207e-07,0.0076898084953427
coco_010027,fusion,0,0.21382049,7.900910532043781e-06,0.1925795823335647
coco_010036,fusion,0,0.012909981,0.8091084957122803,0.0194461103528738
coco_010050,fusion,0,0.35025713,0.559816300868988,0.0002891093026846
coco_010053,fusion,0,0.35025713,0.0040924814529716,0.0773676559329032
coco_010070,fusion,0,0.16499464,2.176782254537102e-05,0.34393110871315
coco_010144,fusion,0,0.11420868,8.74604575074045e-06,0.0022490518167614
coco_010186,fusion,0,0.4272627,1.928867095557507e-05,0.018191710114479
coco_010199,fusion,0,0.7100532,1.0416887352704407e-09,0.0126285050064325
coco_010225,fusion,0,0.30637068,0.0009857763070613,0.0712007358670234
coco_010246,fusion,0,0.35025713,0.031378224492073,0.0734212324023246
coco_010247,fusion,0,0.35025713,0.0200123190879821,0.0016883347416296
coco_010280,fusion,0,0.52771384,0.0343619771301746,0.758574366569519
coco_010291,fusion,0,0.96829915,0.0007604325655847,0.0101350601762533
coco_010298,fusion,0,0.92554015,0.0114713106304407,0.0350505597889423
coco_010311,fusion,0,0.0910642,7.278438118873964e-08,0.8979833722114563
coco_010355,fusion,0,0.35025713,0.0002064051514025,0.0534399785101413
coco_010361,fusion,0,0.016715046,0.0006718445802107,0.0008776593022048
coco_010459,fusion,0,0.008422705,1.49335528476513e-05,0.0017348454566672
coco_010486,fusion,0,0.35025713,0.0047869207337498,0.049427181482315
coco_010507,fusion,0,0.35025713,0.0069931112229824,0.0304213874042034
coco_010549,fusion,0,0.22463457,0.0001371980761177,0.0008775807218626
coco_010550,fusion,0,0.35025713,0.0096509885042905,0.3521251082420349
coco_010587,fusion,0,0.35025713,0.8744930028915405,0.0084751350805163
coco_010732,fusion,0,0.45347401,0.0047367396764457,0.411228209733963
coco_010741,fusion,0,0.35025713,0.112012967467308,0.0008277234155684
coco_010761,fusion,0,0.26542792,0.0034111428540199,0.6623122096061707
coco_010773,fusion,0,0.35025713,1.623854404897429e-05,0.682076632976532
coco_010815,fusion,0,0.10023504,0.1091735064983367,0.0566760785877704
coco_010840,fusion,0,0.35025713,0.0192867536097764,0.0030837873928248
coco_010861,fusion,0,0.056506786,0.0006455138791352,0.0012592610437422
coco_010872,fusion,0,0.14880283,0.0027061300352215,0.7571040391921997
coco_010885,fusion,0,0.35025713,1.1814788258845964e-08,0.0146479960530996
coco_010886,fusion,0,0.17860545,1.5013126812846167e-06,0.1246963739395141
coco_010888,fusion,0,0.26501012,3.535233918228187e-05,0.2819828391075134
coco_010892,fusion,0,0.3361135,2.6205756512354128e-05,0.0010867081582546
coco_010895,fusion,0,0.19107829,0.0355704352259635,0.9327753186225892
coco_010931,fusion,0,0.35025713,0.8695935606956482,0.0051611941307783
coco_010980,fusion,0,0.044826053,1.166115907835774e-06,0.0071788667701184
coco_010985,fusion,0,0.20240296,0.0009769909083843,0.0705538988113403
coco_010993,fusion,0,0.06277663,0.000222757415031,3.915208071703091e-05
coco_010997,fusion,0,0.708018,0.0129960505291819,0.0786298140883445
coco_011022,fusion,0,0.35025713,1.2046376396401826e-10,0.1140073016285896
coco_011102,fusion,0,0.21934757,9.887344640446828e-05,0.0077517651952803
coco_011129,fusion,0,0.35025713,0.0009238669881597,0.0069603170268237
coco_011149,fusion,0,0.017765068,0.3478829562664032,0.0029058242216706
coco_011237,fusion,0,0.52040666,3.727603689185344e-05,0.0521294884383678
coco_011247,fusion,0,0.35025713,0.0334157273173332,0.948010802268982
coco_011291,fusion,0,0.20928119,0.0003665182448457,0.0077641420066356
coco_011331,fusion,0,0.67831063,0.0495588034391403,0.0815412998199462
coco_011353,fusion,0,0.6518532,0.0030580332968384,0.0021577219013124
coco_011358,fusion,0,0.81829226,0.0030694780871272,0.593870997428894
coco_011457,fusion,0,0.35025713,0.0010981403756886,0.000998442294076
coco_011478,fusion,0,0.85351986,1.9526071355358e-06,0.0236403010785579
coco_011549,fusion,0,0.097842515,0.0297573283314704,0.030648672953248
coco_011598,fusion,0,0.35025713,0.0054485644213855,0.0136870266869664
coco_011605,fusion,0,0.0671233,4.146671199123375e-05,0.0456846319139003
coco_011632,fusion,0,0.35025713,0.0026275082491338,0.0074105788953602
coco_011653,fusion,0,0.7025781,0.0001887082034954,0.0764362215995788
coco_011657,fusion,0,0.35025713,0.3978997766971588,0.9722941517829896
coco_011698,fusion,0,0.35025713,0.0003123733331449,0.0579760819673538
coco_011723,fusion,0,0.6721357,0.0117720169946551,0.8586346507072449
coco_011730,fusion,0,0.023183357,0.0017676834249868,0.2984010577201843
coco_011795,fusion,0,0.7187888,0.0253004264086484,0.5055719017982483
coco_011801,fusion,0,0.35025713,0.0001645019947318,0.9766659140586852
coco_011867,fusion,0,0.97835106,3.882426113932525e-08,0.032990239560604
coco_011873,fusion,0,0.08625114,0.0013681893469765,0.003284768667072
coco_011902,fusion,0,0.024037821,2.294229489052668e-06,0.409334272146225
coco_011953,fusion,0,0.084914856,4.08597661589738e-05,0.1063443347811698
coco_011959,fusion,0,0.35025713,0.0015393880894407,0.0980072617530822
coco_011967,fusion,0,0.35025713,0.0001371138641843,0.0032729932572692
coco_012013,fusion,0,0.35025713,0.0056336484849452,0.0471084974706172
coco_012042,fusion,0,0.35025713,0.0204979926347732,0.8068304657936096
coco_012055,fusion,0,0.0017103743,0.016487393528223,0.1099035069346427
coco_012083,fusion,0,0.5111955,8.027031071833335e-06,0.0052362051792442
coco_012092,fusion,0,0.10533044,2.987760353789781e-06,0.0329183973371982
coco_012106,fusion,0,0.60046405,9.156888700090347e-05,0.2761363983154297
coco_012125,fusion,0,0.35025713,0.0032054912298917,0.0025185199920088
coco_012128,fusion,0,0.05255545,0.0104092666879296,0.0945354029536247
coco_012146,fusion,0,0.5569186,0.2015016227960586,0.1964294165372848
coco_012167,fusion,0,0.0419923,8.057631021074485e-06,0.0024945342447608
coco_012200,fusion,0,0.35025713,0.0173738412559032,0.0106649911031126
coco_012214,fusion,0,0.36220208,3.955883585149423e-07,0.5056342482566833
coco_012239,fusion,0,0.028071186,0.5091115832328796,0.918906569480896
coco_012247,fusion,0,0.039496694,0.821574330329895,0.0176967419683933
coco_012266,fusion,0,0.35025713,2.7478230890665145e-07,0.0079275211319327
coco_012281,fusion,0,0.014755862,0.0018465776229277,0.120171271264553
coco_012285,fusion,0,0.25180528,0.0681111812591552,0.0008380748331546
coco_012289,fusion,0,0.073224306,0.0010133783798664,0.0083502968773245
coco_012311,fusion,0,0.11675797,0.000343002640875,0.2453023344278335
coco_012326,fusion,0,0.35025713,0.0060595115646719,0.0036100151482969
coco_012327,fusion,0,0.35025713,0.4792986512184143,0.0004995886120013
coco_012330,fusion,0,0.03398222,5.457187057800184e-08,0.0009290387388318
coco_012341,fusion,0,0.35025713,0.1840728819370269,0.6707063913345337
coco_012373,fusion,0,0.35025713,3.525722786434926e-05,0.6349599957466125
coco_012398,fusion,0,0.8117466,0.6979104280471802,0.1010429635643959
coco_012409,fusion,0,0.35025713,1.2342549204902298e-09,0.0167631078511476
coco_012436,fusion,0,0.45475358,0.0014622079906985,0.4016796052455902
coco_012456,fusion,0,0.15506099,0.0002220063761342,0.011131546460092
coco_012460,fusion,0,0.35025713,0.1956638693809509,0.7873549461364746
coco_012484,fusion,0,0.35025713,4.5957865950185806e-05,0.0095347445458173
coco_012505,fusion,0,0.46768397,0.0369725488126277,0.0336494445800781
coco_012510,fusion,0,0.66512024,0.0021484931930899,0.0059299613349139
coco_012524,fusion,0,0.35025713,0.0004946124390698,0.023685922846198
coco_012558,fusion,0,0.98664725,0.0313961319625377,0.133036270737648
coco_012564,fusion,0,0.47780868,4.121515129185127e-09,0.1151702031493187
coco_012578,fusion,0,0.023439007,8.654766133986413e-05,0.0014828447019681
coco_012602,fusion,0,0.35025713,0.020813575014472,0.0233407132327556
coco_012610,fusion,0,0.35025713,0.0479707568883895,0.6397129893302917
coco_012612,fusion,0,0.18948235,0.0001837772142607,0.1063058599829673
coco_012632,fusion,0,0.3259484,0.7562500834465027,0.8628465533256531
coco_012658,fusion,0,0.6673743,4.010150405520108e-06,0.0049971891567111
coco_012715,fusion,0,0.35025713,0.0246569383889436,0.0001900826318887
coco_012742,fusion,0,0.27064753,0.0750992149114608,0.7946979999542236
coco_012745,fusion,0,0.35025713,0.0095482002943754,0.9623814225196838
coco_012813,fusion,0,0.35025713,0.0170239359140396,0.0770628750324249
coco_012821,fusion,0,0.0025402266,4.192940832581371e-05,0.4016315937042236
coco_012847,fusion,0,0.1130043,0.1535651832818985,0.0678741559386253
coco_012860,fusion,0,0.076724455,3.5190734593015804e-07,0.0063428841531276
coco_012898,fusion,0,0.35025713,6.165430477267364e-08,0.0002119997370755
coco_012949,fusion,0,0.015037867,0.0229751653969287,0.6981814503669739
coco_012967,fusion,0,0.3524959,0.0053000971674919,0.0139659643173217
coco_013003,fusion,0,0.10014487,6.493942782981321e-05,0.0538576655089855
coco_013006,fusion,0,0.35025713,1.206392994390626e-06,0.0013012764975428
coco_013059,fusion,0,0.012816339,0.0001424027868779,0.0009643537923693
coco_013065,fusion,0,0.011589571,0.0365345478057861,0.0018729942385107
coco_013119,fusion,0,0.35025713,0.3596822321414947,0.252762109041214
coco_013127,fusion,0,0.35025713,0.0029879310168325,0.0692655518651008
coco_013132,fusion,0,0.04769064,8.154031820595264e-05,0.0716158077120781
coco_013158,fusion,0,0.35025713,2.7263526135357097e-05,0.1873509883880615
coco_013202,fusion,0,0.118310824,0.0275450330227613,0.1762910932302475
coco_013209,fusion,0,0.13199851,2.8504293368314396e-05,0.1820770055055618
coco_013231,fusion,0,0.0072149746,3.024698003173398e-08,0.0889985486865043
coco_013296,fusion,0,0.014639327,1.297014620149639e-07,0.0015431996434926
coco_013329,fusion,0,0.35025713,0.4466620981693268,0.5244731307029724
coco_013387,fusion,0,0.35025713,0.0068507138639688,0.743116021156311
coco_013393,fusion,0,0.35025713,0.9999256134033204,0.3436143398284912
coco_013411,fusion,0,0.048421867,0.6652790307998657,0.0005586313782259
coco_013447,fusion,0,0.078659415,0.1464552730321884,0.0070425863377749
coco_013449,fusion,0,0.35025713,0.0027077854610979,0.033069010823965
coco_013452,fusion,0,0.35025713,0.0155614614486694,0.2709999084472656
coco_013455,fusion,0,0.35025713,4.422388144575962e-07,0.0311493705958127
coco_013474,fusion,0,0.35025713,0.0003491094103083,0.200255662202835
coco_013499,fusion,0,0.32246363,0.3762396574020386,0.1186248883605003
coco_013523,fusion,0,0.03267071,3.888622472913994e-07,0.2491900473833084
coco_013535,fusion,0,0.013091026,0.0008224062621593,0.7214177250862122
coco_013543,fusion,0,0.15392005,0.4654808640480041,0.0403541065752506
coco_013551,fusion,0,0.5442924,0.0236482769250869,0.0388501398265361
coco_013584,fusion,0,0.01589927,7.6033579716749955e-06,0.0333782918751239
coco_013588,fusion,0,0.35025713,0.000194022883079,0.1369927823543548
coco_013595,fusion,0,0.013012367,0.5408594012260437,0.0450227037072181
coco_013612,fusion,0,0.07214163,0.000102453312138,0.399670273065567
coco_013619,fusion,0,0.74922067,0.1641746461391449,0.016802629455924
coco_013630,fusion,0,0.00063805474,0.1074094027280807,0.2119483202695846
coco_013635,fusion,0,0.35025713,0.0007122008828446,0.057098101824522
coco_013636,fusion,0,0.18401934,4.790424281964079e-05,0.0125895887613296
coco_013681,fusion,0,0.04417684,0.0002956925600301,0.1922715455293655
coco_013768,fusion,0,0.93327576,0.0142331197857856,0.0021312988828867
coco_013789,fusion,0,0.72109264,0.0003228520799893,0.0786036401987075
coco_013804,fusion,0,0.51106304,0.0149843478575348,0.0350941345095634
coco_013820,fusion,0,0.04677273,0.0017452434403821,9.328441228717566e-05
coco_013840,fusion,0,0.0967168,0.0081176571547985,7.221631676657125e-05
coco_013849,fusion,0,0.068101756,9.673663589637728e-05,0.3240670561790466
coco_013862,fusion,0,0.017250123,1.2832069842261262e-06,0.0003182276268489
coco_013867,fusion,0,0.22555773,9.542679435980972e-06,0.0651958361268043
coco_013878,fusion,0,0.35025713,2.4588896394561743e-06,0.0008731833659112
coco_013930,fusion,0,0.17291418,0.0026727796066552,0.1255697757005691
coco_013942,fusion,0,0.09024895,3.124246404695441e-06,0.2413746565580368
coco_013943,fusion,0,0.25728744,3.584475507523166e-07,0.0001538386568427
coco_014024,fusion,0,0.015174635,4.263921073288657e-05,9.968799713533372e-05
coco_014037,fusion,0,0.23606849,0.0087595619261264,0.0032433571759611
coco_014054,fusion,0,0.35025713,6.795077212018441e-08,4.710518260253593e-05
coco_014079,fusion,0,0.061410896,0.000208162353374,0.0583147406578063
coco_014123,fusion,0,0.35025713,0.0007911224965937,0.0007560246158391
coco_014132,fusion,0,0.35025713,1.651557397508441e-07,0.0463346764445304
coco_014134,fusion,0,0.35025713,4.944670308759669e-07,0.3567468822002411
coco_014162,fusion,0,0.13304675,9.160496006188624e-07,0.0005554548115469
coco_014173,fusion,0,0.31619212,0.0021856478415429,0.0105528086423873
coco_014197,fusion,0,0.03004212,0.2143979966640472,0.0118381567299366
coco_014240,fusion,0,0.120369375,0.0060343691147863,0.3913984298706054
coco_014264,fusion,0,0.033993747,0.0086134234443306,0.569537878036499
coco_014303,fusion,0,0.35025713,0.9938039779663086,0.1041410118341445
coco_014323,fusion,0,0.7334795,0.0030544972978532,0.0024737264029681
coco_014359,fusion,0,0.1381058,0.0029341340996325,0.0050534922629594
coco_014387,fusion,0,0.9924581,0.003160226624459,0.7138178944587708
coco_014391,fusion,0,0.05524607,0.0001178916500066,0.4897170662879944
coco_014409,fusion,0,0.35025713,0.0003520884783938,0.0941585153341293
coco_014422,fusion,0,0.35025713,3.413601348256634e-07,0.0034351593349128
coco_014423,fusion,0,0.6704922,0.003287284169346,0.2708874940872192
coco_014424,fusion,0,0.35025713,1.0,0.0744231641292572
coco_014445,fusion,0,0.8607486,5.9321177104720846e-05,0.0369177125394344
coco_014446,fusion,0,0.5137743,0.0009972278494387,0.0016267634928226
coco_014456,fusion,0,0.08132813,1.5903431631159037e-05,0.1049757525324821
coco_014475,fusion,0,0.35025713,3.440011369093554e-06,0.0702493265271186
coco_014513,fusion,0,0.35025713,0.0779832005500793,0.0260399114340543
coco_014529,fusion,0,0.060094975,0.0007805058849044,0.0308133792132139
coco_014563,fusion,0,0.35025713,0.4519073069095611,0.0646974593400955
coco_014593,fusion,0,0.35025713,0.1563362181186676,0.062890313565731
coco_014609,fusion,0,0.0360006,0.0080039100721478,0.0671303123235702
coco_014610,fusion,0,0.35025713,0.9555103778839112,0.6385822296142578
coco_014636,fusion,0,0.35025713,0.0019905874505639,0.1000616177916526
coco_014639,fusion,0,0.35025713,0.0001052948427968,0.0089648542925715
coco_014643,fusion,0,0.8698798,0.0365559868514537,0.0014843803364783
coco_014653,fusion,0,0.30327615,8.810735744191334e-05,0.0265730246901512
coco_014678,fusion,0,0.046945926,0.1115661561489105,0.2633151710033417
coco_014681,fusion,0,0.35025713,0.9995691180229188,0.0034835715778172
coco_014690,fusion,0,0.9810821,3.7415391034301138e-06,0.0023267418146133
coco_014698,fusion,0,0.47525874,0.059718444943428,0.0005835145129822
coco_014707,fusion,0,0.07862615,0.0202943962067365,0.0580943971872329
coco_014713,fusion,0,0.78035015,0.169267326593399,0.0050873588770627
coco_014762,fusion,0,0.34431273,0.0059292842634022,0.2256865948438644
coco_014764,fusion,0,0.7870349,1.0012674067638728e-07,0.0019195654895156
coco_014772,fusion,0,0.35025713,4.502602450884297e-07,0.1838676184415817
coco_014773,fusion,0,0.96336097,0.000472655694466,0.429052323102951
coco_014831,fusion,0,0.35025713,0.0020178670529276,0.2572985589504242
coco_014862,fusion,0,0.34826183,7.87807657616213e-05,0.0001698029082035
coco_014869,fusion,0,0.35025713,0.0021912301890552,0.2501893043518066
coco_014903,fusion,0,0.35025713,2.764086502793361e-06,0.01882965862751
coco_014934,fusion,0,0.29604644,0.0174470953643322,0.0380435958504676
coco_014939,fusion,0,0.47646168,0.025503983721137,0.4240034818649292
coco_014958,fusion,0,0.030727481,0.0013211788609623,0.5797809958457947
coco_015069,fusion,0,0.23422469,0.5905171632766724,0.0063117928802967
coco_015106,fusion,0,0.35025713,3.744291007024003e-06,0.048466570675373
coco_015135,fusion,0,0.52245736,0.0029061611276119,0.4495436251163482
coco_015151,fusion,0,0.13165225,0.1171188205480575,0.0060994178056716
coco_015161,fusion,0,0.35025713,0.0007929046987555,0.1995992213487625
coco_015170,fusion,0,0.42455387,0.0048714010044932,0.6023212671279907
coco_015193,fusion,0,0.9636062,0.8668628931045532,0.5153111219406128
coco_015200,fusion,0,0.34831965,0.001048433361575,0.1484489291906356
coco_015205,fusion,0,0.098483145,4.629379327525385e-05,0.0044600646942853
coco_015224,fusion,0,0.3552778,0.126918613910675,0.0141200572252273
coco_015231,fusion,0,0.7592461,2.0420087309958038e-07,0.044028528034687
coco_015236,fusion,0,0.0056403195,2.820302370309946e-06,0.0026719714514911
coco_015256,fusion,0,0.82041186,0.0003177253238391,0.0043106377124786
coco_015282,fusion,0,0.9403858,0.0009222337976098,0.0062570990994572
coco_015284,fusion,0,0.35025713,1.2085409252904356e-05,0.0088520227000117
coco_015313,fusion,0,0.35025713,0.0025665163993835,0.9808767437934875
coco_015315,fusion,0,0.45683694,0.0001254661765415,0.0034519778564572
coco_015342,fusion,0,0.00036647532,6.499073060695082e-05,0.0010131775634363
coco_015351,fusion,0,0.35025713,0.0006764550926163,0.0270193275064229
coco_015361,fusion,0,0.16847502,0.0048219677992165,0.0020016771741211
coco_015373,fusion,0,0.2079975,0.7226558923721313,0.0268198009580373
coco_015382,fusion,0,0.03073289,0.0001829160319175,0.2414488792419433
coco_015385,fusion,0,0.35025713,0.0202678181231021,0.1620479226112365
coco_015402,fusion,0,0.03999537,0.0010358854196965,0.0007445346564054
coco_015409,fusion,0,0.00946806,0.0021444570738822,0.2947851121425628
coco_015437,fusion,0,0.35025713,7.048435612944104e-09,0.0056118480861186
coco_015457,fusion,0,0.6587074,0.9804310202598572,0.0063287657685577
coco_015484,fusion,0,0.39131525,0.9340795874595642,0.0003416166291572
coco_015490,fusion,0,0.48120943,0.0025560036301612,0.5015149712562561
coco_015535,fusion,0,0.045333434,0.1714662760496139,0.7998456358909607
coco_015550,fusion,0,0.30942848,6.742190453223884e-05,0.0157765559852123
coco_015576,fusion,0,0.9795567,0.017012320458889,0.0276547577232122
coco_015593,fusion,0,0.024700435,0.9979724287986756,0.3581777811050415
coco_015601,fusion,0,0.16879432,0.031131187453866,0.0171468779444694
coco_015614,fusion,0,0.13067588,1.507292040514585e-06,0.0001961026282515
coco_015615,fusion,0,0.44369468,0.5968620777130127,0.0822081714868545
coco_015654,fusion,0,0.19229524,0.0004188945167697,0.3763687312602997
coco_015655,fusion,0,0.4586426,0.0111422697082161,0.6913511753082275
coco_015673,fusion,0,0.35025713,2.2719373760082817e-07,0.0758640840649604
coco_015676,fusion,0,0.35025713,4.903739068140567e-07,0.4178818166255951
coco_015677,fusion,0,0.8623501,0.0074214749038219,0.192759484052658
coco_015688,fusion,0,0.35025713,0.1846042871475219,0.0958851873874664
coco_015689,fusion,0,0.16085154,0.99574476480484,0.0291334278881549
coco_015706,fusion,0,0.35025713,2.2348118022819108e-08,0.0011344462400302
coco_015726,fusion,0,0.35025713,0.0051792655140161,0.9925387501716614
coco_015730,fusion,0,0.032676842,0.001870633335784,0.0731825307011604
coco_015745,fusion,0,0.35025713,0.0004657921381294,0.0010553860338404
coco_015794,fusion,0,0.35025713,0.0001028026963467,0.0013529467396438
coco_015797,fusion,0,0.048678305,0.956491768360138,0.8631606101989746
coco_015865,fusion,0,0.13551703,9.098956070374696e-06,0.0978467836976051
coco_015912,fusion,0,0.6261173,0.0006284161354415,0.1349043548107147
coco_015916,fusion,0,0.17889573,0.0005530000198632,0.5407105684280396
coco_015919,fusion,0,0.87540865,0.0003937801229767,0.0067350198514759
coco_015921,fusion,0,0.35025713,0.0076631261035799,0.165164515376091
coco_015950,fusion,0,0.09071228,0.9963418841362,0.0003680303052533
coco_015959,fusion,0,0.35025713,0.0008858158835209,0.0059381942264735
coco_015974,fusion,0,0.35025713,0.1362278312444687,0.0420919768512249
coco_015990,fusion,0,0.35025713,0.0402822643518447,0.0709063857793808
coco_016000,fusion,0,0.07812312,0.9682111740112304,0.1710281819105148
coco_016029,fusion,0,0.6013371,0.0146051943302154,0.6260460615158081
coco_016052,fusion,0,0.9587252,0.0008538706460967,0.1045824289321899
coco_016070,fusion,0,0.35025713,0.0919519737362861,0.2084187120199203
coco_016071,fusion,0,0.003048677,0.0054407506249845,0.0180117022246122
coco_016085,fusion,0,0.04380362,5.522480023500975e-06,0.0089024817571043
coco_016152,fusion,0,0.06583381,2.532977987357299e-07,0.0007980456575751
coco_016226,fusion,0,0.098222114,0.2486639767885208,0.0873550996184349
coco_016322,fusion,0,0.35025713,1.277166887803105e-07,0.0132129453122615
coco_016343,fusion,0,0.35025713,1.5152362493608962e-06,0.0205646753311157
coco_016349,fusion,0,0.057504337,0.6107378005981445,0.0082775224000215
coco_016351,fusion,0,0.26605672,4.064338281750679e-05,0.0006249662837944
coco_016378,fusion,0,0.08170457,0.0002887594746425,0.0384258180856704
coco_016386,fusion,0,0.33885926,0.0039893593639135,0.8304238319396973
coco_016409,fusion,0,0.71344995,0.000480873073684,0.6494815945625305
coco_016419,fusion,0,0.7415054,0.3221958875656128,0.2435355484485626
coco_016425,fusion,0,0.066110484,0.0983093827962875,0.779355525970459
coco_016477,fusion,0,0.24256617,3.975383151555434e-07,0.0001498932688264
coco_016520,fusion,0,0.17355476,0.0005516343517228,0.0036925056483596
coco_016529,fusion,0,0.35025713,1.6072030120994896e-05,0.0059722964651882
coco_016543,fusion,0,0.35025713,0.000621213694103,0.0307264383882284
coco_016548,fusion,0,0.35025713,0.0004706554464064,0.0521815344691276
coco_016586,fusion,0,0.11554149,0.1574413329362869,0.1157264336943626
coco_016619,fusion,0,0.35025713,0.039183534681797,0.0050647519528865
coco_016636,fusion,0,0.35025713,0.1137994155287742,0.1404415667057037
coco_016638,fusion,0,0.35025713,0.0062797232531011,0.0159702822566032
coco_016683,fusion,0,0.23367052,5.3304956963984296e-05,0.0295427814126014
coco_016700,fusion,0,0.35025713,0.0025730279739946,0.3860487043857574
coco_016760,fusion,0,0.35025713,0.0083631537854671,0.1942289173603058
coco_016772,fusion,0,0.9437345,0.0227338876575231,0.0393808186054229
coco_016783,fusion,0,0.35025713,0.0001428231335012,0.0003501230094116
coco_016789,fusion,0,0.90556633,1.4687669136037584e-05,0.3046069145202636
coco_016830,fusion,0,0.33795786,0.1872225552797317,0.3335822820663452
coco_016831,fusion,0,0.007999606,0.010747130960226,0.9708001017570496
coco_016868,fusion,0,0.35025713,0.6200940608978271,0.012122493237257
coco_016908,fusion,0,0.35025713,0.062292143702507,0.9957687854766846
coco_016909,fusion,0,0.35025713,0.073418341577053,0.0015096989227458
coco_016912,fusion,0,0.055322587,4.737724793812959e-06,0.0160198397934436
coco_016928,fusion,0,0.35025713,0.0007602238911204,0.094290055334568
coco_016930,fusion,0,0.12936707,0.1739760041236877,0.0041062203235924
coco_016974,fusion,0,0.544163,1.350343427475309e-05,0.0074078515172004
coco_016990,fusion,0,0.35025713,4.702986188931391e-05,0.0011788561241701
coco_017055,fusion,0,0.34064797,0.0002398967480985,0.4144835472106933
coco_017097,fusion,0,0.029463464,8.18112021079287e-05,0.0038713726680725
coco_017121,fusion,0,0.35025713,0.0080154463648796,0.0512428507208824
coco_017131,fusion,0,0.0036992182,0.8144792914390564,0.0365409739315509
coco_017143,fusion,0,0.6976104,0.0763004422187805,0.1220133155584335
coco_017148,fusion,0,0.07460771,0.0062219710089266,0.0171901881694793
coco_017174,fusion,0,0.35025713,0.008943011984229,0.0012749836314469
coco_017215,fusion,0,0.35025713,0.5115668773651123,0.1072882786393165
coco_017220,fusion,0,0.11330666,0.0001683558220975,0.6258633136749268
coco_017221,fusion,0,0.35025713,0.0005268933018669,0.0300730932503938
coco_017224,fusion,0,0.3938193,0.015823870897293,0.0288866460323333
coco_017242,fusion,0,0.35025713,0.0536548532545566,0.7811061143875122
coco_017259,fusion,0,0.92520714,0.005172876175493,0.0543952025473117
coco_017275,fusion,0,0.2829107,5.086988676339388e-05,0.1110797747969627
coco_017278,fusion,0,0.35025713,0.00525893131271,0.0138801513239741
coco_017283,fusion,0,0.38793978,0.3290393650531769,0.0045432513579726
coco_017293,fusion,0,0.80452156,0.4360594153404236,0.8493883013725281
coco_017343,fusion,0,0.35025713,5.086918463348411e-06,0.543277382850647
coco_017351,fusion,0,0.3893795,0.1509472876787185,0.3085010051727295
coco_017361,fusion,0,0.63394713,0.0002514412626624,0.0256174597889184
coco_017373,fusion,0,0.16467403,0.2837578356266022,0.026945486664772
coco_017390,fusion,0,0.35025713,0.0039284280501306,0.9926553964614868
coco_017399,fusion,0,0.413961,8.320846973219886e-06,0.1390935629606247
coco_017426,fusion,0,0.071949564,0.0096191223710775,0.2223041504621505
coco_017445,fusion,0,0.20490502,1.941418304340914e-05,0.0065292669460177
coco_017460,fusion,0,0.16075307,0.7494630217552185,0.8168920278549194
coco_017492,fusion,0,0.9490197,0.0663447231054306,0.6377115249633789
coco_017507,fusion,0,0.013939119,0.0078165540471673,0.0465367138385772
coco_017534,fusion,0,0.35025713,1.5055097719596232e-05,0.1110404878854751
coco_017581,fusion,0,0.2151998,0.8140966892242432,0.0064804912544786
coco_017618,fusion,0,0.030280396,0.0002602174645289,0.2445675432682037
coco_017626,fusion,0,0.7201668,0.1371446549892425,0.0299719329923391
coco_017671,fusion,0,0.35025713,0.012617414817214,0.4925577640533447
coco_017694,fusion,0,0.35025713,0.0200473126024007,0.99101322889328
coco_017701,fusion,0,0.01463641,0.0001236074895132,0.0558281391859054
coco_017816,fusion,0,0.11839463,0.0057104001753032,0.7044675350189209
coco_017831,fusion,0,0.17564183,0.0008024639682844,0.0043891831301152
coco_017846,fusion,0,0.20118971,2.4791374016785998e-05,0.0460451878607273
coco_017864,fusion,0,0.028118644,2.9907660064054653e-05,0.0058860331773757
coco_017868,fusion,0,0.0068105203,0.045942336320877,0.000278782157693
coco_017881,fusion,0,0.022600666,0.007918607443571,0.6054118871688843
coco_017890,fusion,0,0.013098402,0.0464186668395996,0.0093561382964253
coco_017895,fusion,0,0.5925098,0.0062322989106178,0.0044375681318342
coco_017910,fusion,0,0.74692136,1.3580830454884564e-05,0.3936938941478729
coco_017914,fusion,0,0.04171968,0.0044765388593077,0.0253453366458416
coco_017939,fusion,0,0.701873,0.9709773063659668,0.4280048608779907
coco_017940,fusion,0,0.35025713,0.3653710186481476,0.7956234216690063
coco_017949,fusion,0,0.014806665,0.0140548357740044,0.0302573014050722
coco_017971,fusion,0,0.07354807,0.4237261116504669,0.0283391308039426
coco_017975,fusion,0,0.35025713,3.6741372166915202e-09,0.0120459906756877
coco_017984,fusion,0,0.00013567557,0.0003464205074124,0.2530703842639923
coco_018021,fusion,0,0.111473955,8.02884460426867e-06,0.0429835729300975
coco_018033,fusion,0,0.35025713,2.0735024008899927e-06,0.0323436595499515
coco_018058,fusion,0,0.35025713,0.017918637022376,0.0042455224320292
coco_018060,fusion,0,0.5719684,0.1246375069022178,0.242565706372261
coco_018062,fusion,0,0.16767566,0.0003231954469811,0.2319144457578659
coco_018071,fusion,0,0.22642525,3.633286178228445e-05,0.029498316347599
coco_018094,fusion,0,0.35025713,0.0369765870273113,0.3198928833007812
coco_018116,fusion,0,0.1607657,0.0001072051236405,0.2355211079120636
coco_018159,fusion,0,0.85129404,0.3674636781215668,0.0216964017599821
coco_018211,fusion,0,0.2845141,0.0329693891108036,0.0026987355668097
coco_018235,fusion,0,0.08235478,7.376973371719941e-05,0.0412294045090675
coco_018253,fusion,0,0.3866471,0.0016280529089272,0.1438061445951461
coco_018307,fusion,0,0.73374325,3.1686463444202677e-06,0.0047754016704857
coco_018319,fusion,0,0.26225054,1.243858423549682e-05,0.0043978472240269
coco_018340,fusion,0,0.35025713,0.0290459338575601,0.0145764471963047
coco_018358,fusion,0,0.35025713,0.000623068481218,0.0188957042992115
coco_018419,fusion,0,0.43906197,0.1520938873291015,0.3293583691120147
coco_018429,fusion,0,0.0009698887,7.54366374167148e-06,0.0186985284090042
coco_018500,fusion,0,0.6812268,0.0061523183248937,0.1230379939079284
coco_018549,fusion,0,0.35025713,8.302062148857203e-09,0.04574416577816
coco_018578,fusion,0,0.09844112,6.21499857516028e-05,0.009213600307703
coco_018585,fusion,0,0.22371408,0.0005813661264255,0.0010223712306469
coco_018599,fusion,0,0.16262868,0.0815927907824516,0.0003706698480527
coco_018610,fusion,0,0.23040496,7.442955393344164e-06,0.0008736090385355
coco_018627,fusion,0,0.013848664,0.0010811776155605,0.5748120546340942
coco_018632,fusion,0,0.31800717,3.717904837685637e-05,0.048910055309534
coco_018647,fusion,0,0.35025713,3.2860192344941197e-10,0.0136439949274063
coco_018659,fusion,0,0.35025713,0.0035013363230973,0.0953132435679435
coco_018683,fusion,0,0.35025713,3.72861222786014e-07,0.0051271426491439
coco_018696,fusion,0,0.35025713,4.765537232742645e-05,0.0018386495066806
coco_018700,fusion,0,0.01206998,1.521340777799196e-07,0.0133189540356397
coco_018701,fusion,0,0.18323871,0.0354312658309936,0.487046331167221
coco_018726,fusion,0,0.071401194,0.999990940093994,0.0154692661017179
coco_018743,fusion,0,0.029869884,0.0005189157091081,7.32068729121238e-05
coco_018780,fusion,0,0.011705475,0.0026762033812701,0.5421383380889893
coco_018804,fusion,0,0.29676026,0.9974823594093324,0.4475768506526947
coco_018825,fusion,0,0.35025713,0.0125084221363067,4.581599932862446e-05
coco_018834,fusion,0,0.17595375,0.3667292296886444,0.0128346793353557
coco_018850,fusion,0,0.6274298,0.0009646487305872,0.7610576748847961
coco_018877,fusion,0,0.35025713,5.331623015081277e-06,0.4281077682971954
coco_018879,fusion,0,0.35025713,0.0339612625539302,0.0131153939291834
coco_018881,fusion,0,0.43869,0.7655237913131714,0.2413685172796249
coco_018938,fusion,0,0.43766373,0.1454366594552993,0.0114963511005043
coco_018939,fusion,0,0.20092978,0.2581766247749328,0.0027780674863606
coco_018999,fusion,0,0.35025713,0.5805182456970215,0.0032034532632678
coco_019003,fusion,0,0.033211526,0.3145631849765777,0.053228959441185
coco_019019,fusion,0,0.47826362,0.0017491223989054,0.0038703025784343
coco_019081,fusion,0,0.2800803,0.0005342389340512,0.1775054633617401
coco_019099,fusion,0,0.72543037,1.474016153224511e-05,0.7070382833480835
coco_019127,fusion,0,0.35025713,0.0390726514160633,0.8307749629020691
coco_019131,fusion,0,0.5279223,0.990760087966919,0.0738918483257293
coco_019137,fusion,0,0.013311389,8.519845664523018e-07,0.015027898363769
coco_019159,fusion,0,0.35025713,1.1527874903549673e-06,0.0263982489705085
coco_019174,fusion,0,0.0025780187,6.675934855593368e-05,0.141062706708908
coco_019178,fusion,0,0.0073083495,0.0001533706963527,0.0018394968938082
coco_019194,fusion,0,0.005706854,1.3559960052589304e-06,0.0018142805201932
coco_019211,fusion,0,0.5504363,0.0243918634951114,0.0276072900742292
coco_019214,fusion,0,0.8014802,0.0165355112403631,0.0014151643263176
coco_019220,fusion,0,0.94964445,2.6477031678240337e-10,0.1573101282119751
coco_019230,fusion,0,0.35025713,0.7880991101264954,0.0495094805955886
coco_019281,fusion,0,0.52300155,0.0002653757110238,0.0995094552636146
coco_019350,fusion,0,0.35025713,0.0007926871767267,0.7099000811576843
coco_019367,fusion,0,0.35025713,0.4621936380863189,0.4812579452991485
coco_019385,fusion,0,0.27158314,0.0037748450413346,0.6012825965881348
coco_019428,fusion,0,0.35025713,0.4119464159011841,0.3400008678436279
coco_019431,fusion,0,0.021501468,0.02151770144701,0.2717015147209167
coco_019482,fusion,0,0.35025713,0.0003560566983651,0.736738383769989
coco_019506,fusion,0,0.35025713,0.0125720258802175,0.0141347078606486
coco_019518,fusion,0,0.35025713,0.1837630718946457,0.464169442653656
coco_019532,fusion,0,0.1935501,0.0008143092854879,0.2026847451925277
coco_019540,fusion,0,0.005250218,0.7729694247245789,0.0011366409016773
coco_019601,fusion,0,0.68540025,0.0026899354998022,0.2167499512434005
coco_019610,fusion,0,0.07336918,0.0184084754437208,0.7591218948364258
coco_019687,fusion,0,0.35025713,0.0122606288641691,0.0053985393606126
coco_019702,fusion,0,0.40610763,0.9956846237182616,0.006752545479685
coco_019706,fusion,0,0.35025713,0.9569252729415894,0.2007754892110824
coco_019709,fusion,0,0.39293185,0.0003659938229247,0.0457238741219043
coco_019719,fusion,0,0.066923924,0.0023181436117738,0.0036096982657909
coco_019760,fusion,0,0.007527098,0.0005459797102957,0.0019828085787594
coco_019790,fusion,0,0.13700701,4.557817646855256e-06,0.1644447147846222
coco_019815,fusion,0,0.3956595,5.928255632170476e-05,0.0479022748768329
coco_019816,fusion,0,0.35025713,0.7329407334327698,0.0397444367408752
coco_019818,fusion,0,0.35025713,0.6537665724754333,0.0268231444060802
coco_019838,fusion,0,0.35025713,0.1055247262120246,0.0010032195132225
coco_019861,fusion,0,0.26121557,0.6723365783691406,0.1167101487517356
coco_019905,fusion,0,0.030149342,2.519618647056632e-05,0.0663144215941429
coco_019920,fusion,0,0.0181349,0.5398406982421875,0.2982848882675171
coco_019941,fusion,0,0.032129545,0.0135600436478853,0.0001612930645933
coco_019968,fusion,0,0.031440724,0.9960683584213256,0.304911196231842
coco_019994,fusion,0,0.080881074,0.1224371194839477,0.0110940476879477
coco_020002,fusion,0,0.20075363,0.011261448264122,0.0801642909646034
coco_020035,fusion,0,0.35025713,0.1903980374336242,0.04706921428442
coco_020078,fusion,0,0.35025713,0.0001007132377708,0.2103431075811386
coco_020097,fusion,0,0.028269045,0.0154568972066044,0.0187946185469627
coco_020105,fusion,0,0.3834448,0.0611361339688301,0.0225518625229597
coco_020119,fusion,0,0.35025713,0.0007608152227476,0.0077930325642228
coco_020123,fusion,0,0.35025713,0.011395932175219,0.0007558895158581
coco_020134,fusion,0,0.056331135,0.2353116422891616,0.0050602792762219
coco_020135,fusion,0,0.35025713,4.44881322891888e-08,0.0001426514936611
coco_020194,fusion,0,0.16659586,3.878588540828787e-05,0.0721616670489311
coco_020235,fusion,0,0.35025713,4.241921033099061e-06,0.8907250761985779
coco_020241,fusion,0,0.07237814,0.0047536636702716,0.0224991608411073
coco_020246,fusion,0,0.9616558,0.0022635336499661,0.2322693765163421
coco_020293,fusion,0,0.24934842,0.0004943439853377,0.743187427520752
coco_020313,fusion,0,0.13575871,0.0037536015734076,0.0135458605363965
coco_020327,fusion,0,0.101225324,0.0001133676996687,0.010238884948194
coco_020332,fusion,0,0.015289904,2.446763005536923e-07,0.0001127172727137
coco_020333,fusion,0,0.06176696,0.5634065866470337,0.8474175333976746
coco_020338,fusion,0,0.0017866675,0.003302976489067,0.1230764836072921
coco_020386,fusion,0,0.6094292,0.0041521624661982,0.65663081407547
coco_020387,fusion,0,0.05703652,2.068580442937673e-06,0.0352257825434207
coco_020408,fusion,0,0.35025713,8.963593201016805e-10,0.6070201992988586
coco_020411,fusion,0,0.0014953912,0.0014169483911246,0.0004723309830296
coco_020431,fusion,0,0.35025713,0.0019019626779481,0.01720498688519
coco_020437,fusion,0,0.35025713,0.0465252734720706,0.5917109251022339
coco_020477,fusion,0,0.35025713,0.7324744462966919,0.1643230468034744
coco_020487,fusion,0,0.35025713,0.0864594057202339,0.6691973209381104
coco_020493,fusion,0,0.028602917,0.0046740034595131,0.0075839818455278
coco_020501,fusion,0,0.35025713,3.3210292258445406e-06,0.5773637294769287
coco_020542,fusion,0,0.35025713,8.575653191655874e-05,0.0148511696606874
coco_020576,fusion,0,0.81716824,0.0211544465273618,0.0089407600462436
coco_020592,fusion,0,0.17566513,0.2555249333381653,0.0073316227644681
coco_020594,fusion,0,0.35025713,0.3541323244571686,0.0472580529749393
coco_020619,fusion,0,0.35025713,0.2021979093551635,0.1071221008896827
coco_020645,fusion,0,0.98921585,0.0008759603369981,0.007470466196537
coco_020662,fusion,0,0.46039605,0.1514646261930465,0.7484642863273621
coco_020686,fusion,0,0.46953982,0.0269844140857458,0.008096027188003
coco_020738,fusion,0,0.17826103,0.8253392577171326,0.0104052890092134
coco_020752,fusion,0,0.48703772,9.390461491420864e-05,5.502421845449135e-05
coco_020762,fusion,0,0.35025713,0.9022200107574464,0.1456242948770523
coco_020763,fusion,0,0.8373505,0.6123128533363342,0.042748425155878
coco_020764,fusion,0,0.07595556,0.051194492727518,0.0001139266678364
coco_020772,fusion,0,0.35025713,0.0113615812733769,0.0090317148715257
coco_020794,fusion,0,0.01111142,0.000174369677552,1.8113694750354625e-05
coco_020838,fusion,0,0.35025713,0.4419860243797302,0.1179854646325111
coco_020890,fusion,0,0.35025713,0.072922870516777,0.0025717460084706
coco_020914,fusion,0,0.9903741,0.0001599819370312,0.1710532456636428
coco_020940,fusion,0,0.00060824957,0.6971520185470581,0.2087311744689941
coco_020993,fusion,0,0.35025713,0.0001022181313601,0.589586615562439
coco_021013,fusion,0,0.35025713,0.0002520896086934,6.725206912960857e-05
coco_021028,fusion,0,0.299367,9.71215058598318e-07,0.1816633343696594
coco_021077,fusion,0,0.1781,0.0011705176439136,0.008837116882205
coco_021079,fusion,0,0.15505709,0.5419349074363708,0.2940577268600464
coco_021096,fusion,0,0.34273952,9.529147064313293e-06,0.0218568574637174
coco_021100,fusion,0,0.35025713,0.0007543783867731,0.2564204037189483
coco_021127,fusion,0,0.0001124891,0.0001715707330731,8.306845120387152e-05
coco_021133,fusion,0,0.35025713,0.0062182806432247,0.0081135146319866
coco_021154,fusion,0,0.15881376,0.6038494110107422,0.3510904014110565
coco_021169,fusion,0,0.35025713,0.0001257435651496,0.4272893369197845
coco_021225,fusion,0,0.3923418,0.1438499987125396,0.0164287500083446
coco_021233,fusion,0,0.35025713,0.0092365862801671,0.1595893651247024
coco_021276,fusion,0,0.8968857,0.8279199004173279,0.4678487777709961
coco_021282,fusion,0,0.43684354,0.1046338826417923,0.4023105204105377
coco_021304,fusion,0,0.7360492,1.212022880281438e-06,0.2849683165550232
coco_021349,fusion,0,0.35025713,0.0446405485272407,0.0104847075417637
coco_021402,fusion,0,0.24924742,2.468186903570313e-05,0.0231154169887304
coco_021406,fusion,0,0.44642776,0.5907880067825317,0.0698781237006187
coco_021418,fusion,0,0.1848025,0.0010450225090608,0.0007753152749501
coco_021442,fusion,0,0.031681363,0.7977976202964783,0.0999223589897155
coco_021475,fusion,0,0.65822285,0.0114295771345496,0.1486573964357376
coco_021480,fusion,0,0.14847946,0.0119491452351212,0.0452205762267112
coco_021484,fusion,0,0.27402934,0.044488962739706,0.2851365208625793
coco_021497,fusion,0,0.010524814,0.3920946717262268,0.9579788446426392
coco_021521,fusion,0,0.0037396937,0.0613095574080944,0.0259527824819087
coco_021531,fusion,0,0.35025713,3.77809357132719e-08,0.0753218010067939
coco_021549,fusion,0,0.0082984865,3.704983342345258e-08,0.7184261679649353
coco_021561,fusion,0,0.82121384,0.4332175254821777,0.0459000095725059
coco_021562,fusion,0,0.35025713,4.532905222731642e-06,0.0017649626825004
coco_021565,fusion,0,0.13491292,0.0001651353377383,0.0278181880712509
coco_021597,fusion,0,0.36544666,0.0303856264799833,0.0015749840531498
coco_021599,fusion,0,0.11467096,0.0003709126904141,0.008166491985321
coco_021679,fusion,0,0.98787874,0.0006374403019435,0.3163235485553741
coco_021703,fusion,0,0.42543942,0.4463680386543274,0.0566368587315082
coco_021722,fusion,0,0.08256616,0.0216691773384809,0.0323531702160835
coco_021741,fusion,0,0.016084474,0.9999163150787354,0.2545820474624634
coco_021769,fusion,0,0.22177319,0.6432210206985474,0.0026978868991136
coco_021800,fusion,0,0.7210866,0.0988249108195304,0.1319592595100402
coco_021815,fusion,0,0.46905142,0.2728980183601379,0.7232171893119812
coco_021829,fusion,0,0.010042436,0.0001740331499604,0.2521524131298065
coco_021836,fusion,0,0.19951747,8.252432962763123e-06,0.0963408574461937
coco_021844,fusion,0,0.35025713,0.0118846669793128,0.0450313463807106
coco_021874,fusion,0,0.781079,3.6168243241263554e-05,0.0345297567546367
coco_021878,fusion,0,0.35025713,0.004817955661565,0.0149781638756394
coco_021889,fusion,0,0.35025713,0.9999303817749025,0.0410919971764087
coco_021891,fusion,0,0.0027842382,0.0382657460868358,0.6219245791435242
coco_021905,fusion,0,0.35025713,0.0016140461666509,0.5325643420219421
coco_021907,fusion,0,0.06266669,0.0022172343451529,0.0174661017954349
coco_021942,fusion,0,0.004067522,9.453958045924082e-05,0.0028271996416151
coco_022014,fusion,0,0.35025713,0.00065480399644,0.0002898633247241
coco_022026,fusion,0,0.6131878,0.0033647555392235,0.0721349567174911
coco_022038,fusion,0,0.14601485,0.0288185514509677,0.0104982713237404
coco_022081,fusion,0,0.6827003,0.0012707216665148,0.0077140904031693
coco_022087,fusion,0,0.35025713,2.303500696143601e-05,0.7581575512886047
coco_022111,fusion,0,0.35025713,0.5461158752441406,0.1339685469865799
coco_022133,fusion,0,0.30599606,0.0035946888383477,0.2309156656265258
coco_022169,fusion,0,0.06677206,0.0029035678599029,0.0082264598459005
coco_022193,fusion,0,0.051951732,7.530369475716725e-05,0.0006857458502054
coco_022218,fusion,0,0.20597354,0.0044424496591091,0.0567066296935081
coco_022236,fusion,0,0.35025713,9.622034122003242e-05,0.0407760143280029
coco_022270,fusion,0,0.35025713,0.1473435759544372,0.1451525837182998
coco_022272,fusion,0,0.25458416,0.0031862780451774,0.7486116290092468
coco_022280,fusion,0,0.96031535,0.0004016749444417,0.8784002065658569
coco_022293,fusion,0,0.108591996,3.682417809613981e-05,0.7731214761734009
coco_022317,fusion,0,0.35025713,0.0001135921265813,0.0139979589730501
coco_022320,fusion,0,0.35025713,0.0011792199220508,0.3017705976963043
coco_022322,fusion,0,0.35025713,3.3723968954291195e-05,0.0183457415550947
coco_022367,fusion,0,0.9105189,0.0004866254457738,0.004174755886197
coco_022370,fusion,0,0.35025713,0.002509691286832,0.0048683597706258
coco_022372,fusion,0,0.35025713,3.061040388274705e-06,0.1588474512100219
coco_022399,fusion,0,0.35025713,0.5753244161605835,0.9835214614868164
coco_022407,fusion,0,0.35025713,0.0327739119529724,0.0034460450988262
coco_022419,fusion,0,0.01785765,0.0002281322522321,0.1353903412818908
coco_022443,fusion,0,0.35025713,0.0904557406902313,0.0362099185585975
coco_022461,fusion,0,0.043015108,0.000968461157754,0.2842294573783874
coco_022472,fusion,0,0.46352032,0.3646365106105804,0.441142201423645
coco_022498,fusion,0,0.16804217,2.9828588594682515e-05,0.426994115114212
coco_022544,fusion,0,0.35025713,1.7132956600107718e-06,0.0348773524165153
coco_022546,fusion,0,0.08860854,0.9134050607681274,0.0387286879122257
coco_022547,fusion,0,0.0050506634,2.366049920965452e-05,0.1649088710546493
coco_022554,fusion,0,0.9176163,0.0004141038807574,0.0169151909649372
coco_022591,fusion,0,0.085296534,0.0021445692982524,0.0230654422193765
coco_022655,fusion,0,0.9478955,0.6936905980110168,0.1745025068521499
coco_022682,fusion,0,0.35025713,1.241004952134972e-07,0.0079521220177412
coco_022827,fusion,0,0.19328599,0.0010334748076274,9.661255171522498e-05
coco_022840,fusion,0,0.7845386,0.02503471262753,0.001468040049076
coco_022860,fusion,0,0.17962328,0.0001290030486416,0.0273746848106384
coco_022864,fusion,0,0.35025713,5.348321792553179e-05,0.0002271852135891
coco_022876,fusion,0,0.06688342,0.0082290591672062,0.0518175177276134
coco_022902,fusion,0,0.21951418,0.0758260935544967,0.1490066051483154
coco_022935,fusion,0,0.0012552957,7.26456637494266e-05,0.0070378528907895
coco_022938,fusion,0,0.025126109,0.0385867767035961,0.0007115482585504
coco_022966,fusion,0,0.6503963,0.0002387854037806,0.0072613027878105
coco_022967,fusion,0,0.41855127,0.0004747761995531,0.65746009349823
coco_022976,fusion,0,0.35025713,0.0112628284841775,0.7429528832435608
coco_023030,fusion,0,0.25488123,1.5981602530246167e-07,0.0759074166417121
coco_023036,fusion,0,0.76230145,0.0001399287721142,0.0133733050897717
coco_023060,fusion,0,0.35025713,4.002708164918545e-10,0.0179675631225109
coco_023089,fusion,0,0.35025713,0.001021618489176,0.0077211558818817
coco_023101,fusion,0,0.7957572,2.6814594988877616e-10,0.2395306974649429
coco_023102,fusion,0,0.117039844,0.0935525521636009,0.9730337858200072
coco_023113,fusion,0,0.35025713,0.006200413685292,0.0279573407024145
coco_023120,fusion,0,0.08843799,0.0907950550317764,0.1268671154975891
coco_023122,fusion,0,0.38447216,0.7928618788719177,0.0241964943706989
coco_023123,fusion,0,0.29517996,0.0086530409753322,0.0529265515506267
coco_023182,fusion,0,0.07037514,3.0808430892648175e-05,0.3990209996700287
coco_023195,fusion,0,0.4287191,0.5070912837982178,0.0374873466789722
coco_023236,fusion,0,0.0008225819,0.4871072471141815,0.0965226292610168
coco_023281,fusion,0,0.10835994,0.3110004961490631,0.5962600708007812
coco_023291,fusion,0,0.35025713,0.0353378504514694,0.0679071694612503
coco_023295,fusion,0,0.017775794,1.6869684031917132e-06,0.0235716309398412
coco_023302,fusion,0,0.12880023,0.0011045977007597,0.107057474553585
coco_023337,fusion,0,0.8471118,0.00533645786345,0.945205569267273
coco_023358,fusion,0,0.04788997,0.3299857974052429,0.100386269390583
coco_023399,fusion,0,0.29846126,0.9996780157089232,0.0210858900099992
coco_023403,fusion,0,0.044852275,0.8443796634674072,0.0161389894783496
coco_023414,fusion,0,0.0049408143,0.13490791618824,0.0008327611139975
coco_023457,fusion,0,0.07235666,0.0186698511242866,0.8475523591041565
coco_023482,fusion,0,0.102885075,0.0041593094356358,0.4943749010562897
coco_023494,fusion,0,0.35025713,1.0858994592410909e-08,0.5089256167411804
coco_023497,fusion,0,0.010854483,0.1724033206701278,0.0188945457339286
coco_023517,fusion,0,0.57359606,3.1308340364688547e-09,0.0279566161334514
coco_023534,fusion,0,0.35025713,6.850670786207047e-08,0.008786772377789
coco_023542,fusion,0,0.35025713,3.062443170165352e-07,0.0009084005723707
coco_023566,fusion,0,0.03919492,0.9693577885627748,0.2027530521154403
coco_023586,fusion,0,0.2545383,0.011324917897582,0.001276436378248
coco_023588,fusion,0,0.14851576,8.750465099183202e-07,0.6694902181625366
coco_023606,fusion,0,0.35025713,4.23185047111474e-05,0.3791485130786896
coco_023630,fusion,0,0.66190743,0.0215608049184083,0.0037536160089075
coco_023633,fusion,0,0.35025713,0.0090932920575141,0.8854801654815674
coco_023637,fusion,0,0.019365404,0.3092447221279144,0.6812649965286255
coco_023664,fusion,0,0.03266632,0.0006205125246196,0.0026267685461789
coco_023671,fusion,0,0.48801047,1.8495786946459705e-07,0.0142822423949837
coco_023705,fusion,0,0.11269158,3.1583635988659264e-13,0.1900862604379654
coco_023706,fusion,0,0.004126801,0.0318792536854743,0.1121826618909835
coco_023710,fusion,0,0.89006084,0.007422977592796,0.2845911979675293
coco_023714,fusion,0,0.40334535,1.0293489367541042e-06,0.0082273352891206
coco_023729,fusion,0,0.11961814,0.6985296607017517,0.7797009348869324
coco_023737,fusion,0,0.0077172047,0.4551288187503814,0.0009184972150251
coco_023743,fusion,0,0.35025713,2.351463535887888e-06,0.0028318858239799
coco_023757,fusion,0,0.35025713,0.02446168102324,0.5794557332992554
coco_023762,fusion,0,0.35025713,0.0008732411661185,0.0008986228494904
coco_023801,fusion,0,0.05269017,0.3914658725261688,0.8759492635726929
coco_023817,fusion,0,0.6260456,0.0009596833260729,0.9925436973571776
coco_023860,fusion,0,0.35025713,9.729265570967983e-08,0.0939950421452522
coco_023874,fusion,0,0.39200565,1.2413449439918622e-05,0.0120848463848233
coco_023878,fusion,0,0.05141433,5.115396561450325e-06,0.0013047966640442
coco_023888,fusion,0,0.82233053,0.0008806763216853,3.823282895609736e-05
coco_023902,fusion,0,0.50187314,0.001791096641682,0.0116541804745793
coco_023914,fusion,0,0.17214534,0.0004585642309393,0.0133490292355418
coco_023916,fusion,0,0.35025713,0.0098632769659161,0.0972149074077606
coco_023929,fusion,0,0.35025713,0.0003911194216925,0.7641285061836243
coco_023938,fusion,0,0.041687973,0.999521255493164,0.0970595106482505
coco_023939,fusion,0,0.0073496657,4.686484089688747e-09,0.9446229338645936
coco_023946,fusion,0,0.90362144,0.8429029583930969,0.2668533325195312
coco_023972,fusion,0,0.35025713,0.0013587148860096,0.0026719905436038
coco_023987,fusion,0,0.6039687,2.474283292031032e-06,0.0174287930130958
coco_023988,fusion,0,0.0021238835,1.1839231774501968e-05,0.3393788933753967
coco_023996,fusion,0,0.03435363,0.1482355892658233,0.8390977382659912
coco_023999,fusion,0,0.11297844,2.9342190828174356e-05,0.0079663805663585
coco_024011,fusion,0,0.06775111,0.9634118676185608,0.1317900866270065
coco_024047,fusion,0,0.015308079,0.0001771056413417,0.0370902307331562
coco_024087,fusion,0,0.96026146,3.682421083794907e-05,0.0020782919600605
coco_024092,fusion,0,0.19575363,0.1636753380298614,0.3689583837985992
coco_024117,fusion,0,0.082870774,0.9828025698661804,0.5601359009742737
coco_024125,fusion,0,0.23844835,0.0349557846784591,0.2553025484085083
coco_024127,fusion,0,0.367342,0.0006853466620668,0.0604970529675483
coco_024131,fusion,0,0.0049432623,3.155337253701873e-07,0.0014965393347665
coco_024168,fusion,0,0.0745567,0.9999712705612184,0.8357422947883606
coco_024173,fusion,0,0.35025713,4.151886605541222e-05,0.0012181451311334
coco_024176,fusion,0,0.35025713,0.0016756288241595,0.0137031264603137
coco_024186,fusion,0,0.35025713,0.0574931502342224,0.0771119892597198
coco_024209,fusion,0,0.17043787,0.0019289586925879,0.6186196804046631
coco_024227,fusion,0,0.35025713,0.9570853114128112,0.0124469045549631
coco_024250,fusion,0,0.0014952822,0.0177107881754636,0.6839352250099182
coco_024274,fusion,0,0.35025713,0.0150110526010394,0.1229575425386428
coco_024288,fusion,0,0.35025713,1.0443995051900856e-05,0.0056670303456485
coco_024301,fusion,0,0.35025713,0.0074327792972326,0.1821300536394119
coco_024317,fusion,0,0.35025713,6.607381510548294e-05,0.4878214001655578
coco_024345,fusion,0,0.026642632,0.3768209218978882,0.0114410603418946
coco_024470,fusion,0,0.35025713,0.0002816895430441,0.0187324453145265
coco_024535,fusion,0,0.35025713,0.0472411178052425,0.0393288843333721
coco_024552,fusion,0,0.35025713,0.0148894842714071,0.0095841893926262
coco_024634,fusion,0,0.35025713,0.1471803337335586,0.0167038179934024
coco_024669,fusion,0,0.052125774,0.0137540362775325,0.0590548403561115
coco_024681,fusion,0,0.1413918,0.3321918249130249,0.0677665993571281
coco_024736,fusion,0,0.54343045,2.015128302446101e-05,0.0267901308834552
coco_024765,fusion,0,0.35025713,2.707769272092264e-05,0.9553083181381226
coco_024842,fusion,0,0.35025713,0.8107343316078186,0.2494900673627853
coco_024901,fusion,0,0.10642825,0.0066333599388599,0.0001394500577589
coco_024940,fusion,0,0.04046099,0.1810379326343536,0.0874635055661201
coco_024945,fusion,0,0.17978337,0.0001038470800267,0.0489930883049964
coco_024947,fusion,0,0.29370642,0.2719730734825134,0.0019583846442401
coco_024950,fusion,0,0.35025713,0.0207233801484107,0.4804845154285431
coco_024951,fusion,0,0.014890491,0.0002798649657052,0.3428994119167328
coco_024962,fusion,0,0.0072720866,2.311790376552381e-05,0.0003608629340305
coco_025018,fusion,0,0.4589492,0.0003555275907274,0.0074467826634645
coco_025026,fusion,0,0.07674655,0.0002729607222136,0.347029834985733
coco_025065,fusion,0,0.057885677,0.0006652481970377,0.0009063489269465
coco_025084,fusion,0,0.35025713,0.7245631814002991,0.1739283204078674
coco_025096,fusion,0,0.61362535,6.060683153918944e-05,0.1733401268720626
coco_025118,fusion,0,0.07430238,0.0001102279056794,0.0204040352255105
coco_025126,fusion,0,0.74573267,0.0019403186161071,0.0097461370751261
coco_025131,fusion,0,0.16236342,0.810991108417511,0.0950331017374992
coco_025139,fusion,0,0.37162784,0.0029928870499134,0.0188175234943628
coco_025177,fusion,0,0.55813533,0.9566606283187866,0.494277685880661
coco_025194,fusion,0,0.35025713,0.0002241460606455,0.0021269901189953
coco_025196,fusion,0,0.91439235,0.9077582955360411,0.1711111664772033
coco_025213,fusion,0,0.35025713,2.183038816383487e-07,0.4289117753505707
coco_025240,fusion,0,0.31533086,0.0109681608155369,0.0157161392271518
coco_025242,fusion,0,0.0007755528,6.159486474643927e-06,0.0123821105808019
coco_025254,fusion,0,0.004007822,0.000370140915038,0.0005897864466533
coco_025276,fusion,0,0.35025713,0.0001899109047371,0.6033436059951782
coco_025308,fusion,0,0.35025713,3.388451659702696e-05,0.0178553946316242
coco_025325,fusion,0,0.09489223,0.00044349062955,0.0045458567328751
coco_025360,fusion,0,0.076076455,0.0830029025673866,0.0388530902564525
coco_025367,fusion,0,0.35025713,6.89664448145777e-05,0.0094621134921908
coco_025370,fusion,0,0.027266294,6.780641797377029e-06,0.0077927159145474
coco_025477,fusion,0,0.06464585,4.0578168409410864e-05,0.141284704208374
coco_025494,fusion,0,0.35025713,0.1101269051432609,0.0478042736649513
coco_025499,fusion,0,0.35025713,1.506888224866998e-06,0.013886522501707
coco_025537,fusion,0,0.35025713,0.0075462446548044,0.2344889044761657
coco_025542,fusion,0,0.18643099,0.3822016417980194,0.8964466452598572
coco_025590,fusion,0,0.5144036,0.020626176148653,0.1290436387062072
coco_025595,fusion,0,0.40123725,4.883526344201528e-06,0.2763397693634033
coco_025621,fusion,0,0.35025713,0.0760724619030952,0.5871587991714478
coco_025634,fusion,0,0.35025713,0.0033243233337998,0.0070702699013054
coco_025655,fusion,0,0.11267986,0.628788411617279,0.0935001820325851
coco_025667,fusion,0,0.64789766,0.0065098954364657,0.4607924818992615
coco_025709,fusion,0,0.710032,0.0007143863476812,0.0003700509259942
coco_025738,fusion,0,0.35025713,0.9930213093757628,0.0254609528928995
coco_025765,fusion,0,0.11969826,0.0120131215080618,0.0003985518706031
coco_025786,fusion,0,0.35025713,0.8009629249572754,0.0015557493316009
coco_025856,fusion,0,0.6635159,0.0019050628179684,0.0330190733075141
coco_025870,fusion,0,0.85240275,0.350741982460022,0.1365168243646621
coco_025876,fusion,0,0.5390795,0.0459048338234424,0.0026716333813965
coco_025890,fusion,0,0.3801587,0.0002195515116909,0.6090593934059143
coco_025925,fusion,0,0.95101905,0.0110114980489015,0.0044311182573437
coco_025946,fusion,0,0.074251,0.0243435949087142,0.9887996315956116
coco_025999,fusion,0,0.35025713,0.0179412327706813,0.1918227821588516
coco_026035,fusion,0,0.08727177,0.6152561902999878,0.0045306831598281
coco_026084,fusion,0,0.35025713,9.95009031612426e-05,0.0055407029576599
coco_026121,fusion,0,0.33429295,0.0130178434774279,0.00101375405211
coco_026125,fusion,0,0.35025713,0.45548015832901,0.0116835236549377
coco_026143,fusion,0,0.06557734,0.0032997615635395,0.7993685007095337
coco_026197,fusion,0,0.35025713,0.0126902144402265,0.0042028604075312
coco_026235,fusion,0,0.41583645,3.0500512366415933e-05,0.0046688639558851
coco_026273,fusion,0,0.06286267,2.1554112095145686e-07,0.0411194674670696
coco_026282,fusion,0,0.35025713,1.3539065548684448e-06,0.0016349405050277
coco_026305,fusion,0,0.13754492,0.1925865560770034,0.1371621489524841
coco_026310,fusion,0,0.35025713,1.2471008631109726e-05,0.3967344760894775
coco_026331,fusion,0,0.35025713,0.0001100193621823,0.0004186424193903
coco_026332,fusion,0,0.9628112,9.621421668271068e-06,0.062690868973732
coco_026352,fusion,0,0.35025713,0.1307404637336731,0.0092199705541133
coco_026366,fusion,0,0.35025713,0.0096984338015317,0.000924936204683
coco_026370,fusion,0,0.8044628,0.0218820441514253,0.2530766129493713
coco_026390,fusion,0,0.15502566,0.0001469605776946,0.0130717568099498
coco_026439,fusion,0,0.35025713,0.046535424888134,0.0263727344572544
coco_026474,fusion,0,0.18779337,0.2155514359474182,0.0090974038466811
coco_026508,fusion,0,0.011737164,0.7665162086486816,0.0193006582558155
coco_026517,fusion,0,0.35025713,5.158419298822992e-06,0.1098444312810897
coco_026518,fusion,0,0.003243926,0.0003084321797359,0.0014504477148875
coco_026532,fusion,0,0.35025713,0.02483531832695,0.0119983097538352
coco_026563,fusion,0,0.35025713,0.7336123585700989,0.1910931318998336
coco_026586,fusion,0,0.32840014,0.0004915634053759,0.0038856980390846
coco_026636,fusion,0,0.07325013,4.376140714157373e-05,0.6480533480644226
coco_026697,fusion,0,0.37023515,0.080849140882492,0.1897107809782028
coco_026713,fusion,0,0.35025713,5.7670564274303615e-05,0.0084950374439358
coco_026758,fusion,0,0.35025713,0.0029820832423865,0.2382187992334365
coco_026763,fusion,0,0.942674,0.0001356372522423,0.0707490891218185
coco_026769,fusion,0,0.16146944,0.0015351008623838,0.4917127788066864
coco_026858,fusion,0,0.35025713,1.7693102563498542e-05,0.0338289849460125
coco_026871,fusion,0,0.06785211,1.0799738703326513e-07,0.0452007502317428
coco_026873,fusion,0,0.95426446,0.870255172252655,0.3882215917110443
coco_026889,fusion,0,0.029260332,0.0454894453287124,0.0119029870256781
coco_026979,fusion,0,0.014945486,0.9522163271903992,0.0750582963228225
coco_026999,fusion,0,0.35025713,0.0002799343201331,0.7639665603637695
coco_027029,fusion,0,0.023850776,0.0120329465717077,0.012476397678256
coco_027042,fusion,0,0.70048285,0.1710187196731567,0.6321542859077454
coco_027062,fusion,0,0.020724276,0.9829261302947998,0.0076772691681981
coco_027104,fusion,0,0.8444159,5.4196512792259455e-05,0.0047246967442333
coco_027105,fusion,0,0.022311313,0.2147158682346344,0.4393545091152191
coco_027129,fusion,0,0.07397406,9.854629752226174e-06,0.0345248915255069
coco_027137,fusion,0,0.520829,0.9875538349151612,0.298102468252182
coco_027145,fusion,0,0.32277063,9.722893082653172e-06,0.0392960421741008
coco_027182,fusion,0,0.16813886,6.52455710223876e-05,0.0139282364398241
coco_027193,fusion,0,0.3977712,0.0051274541765451,0.8453332781791687
coco_027204,fusion,0,0.18662496,0.0035722516477108,0.0681779012084007
coco_027222,fusion,0,0.011200892,0.0190834831446409,0.7397450804710388
coco_027253,fusion,0,0.35025713,5.743072051700437e-06,0.0226932186633348
coco_027254,fusion,0,0.007934397,1.0695886885514485e-05,0.0742025077342987
coco_027294,fusion,0,0.35025713,0.0005445822025649,0.006076909136027
coco_027321,fusion,0,0.007671797,0.2347461581230163,0.3148268461227417
coco_027390,fusion,0,0.098636426,0.0010711994254961,0.0114040458574891
coco_027394,fusion,0,0.0584078,0.2182577550411224,0.0617772713303566
coco_027451,fusion,0,0.89793766,0.0006110018584877,0.0132081592455506
coco_027471,fusion,0,0.9883244,0.9264994859695436,0.0814129561185836
coco_027532,fusion,0,0.29859698,0.0031240612734109,0.0095894234254956
coco_027643,fusion,0,0.35025713,0.9996002316474916,0.0124651584774255
coco_027773,fusion,0,0.361626,0.3903355002403259,0.852148711681366
coco_027830,fusion,0,0.038182154,0.0026995840016752,0.0002864286070689
coco_027848,fusion,0,0.0073572816,0.6970524787902832,0.0282022412866354
coco_027882,fusion,0,0.8723206,0.0085083181038498,0.2182812988758087
coco_027902,fusion,0,0.74913144,0.0009682055679149,0.3722211718559265
coco_027921,fusion,0,0.35025713,0.0010007770033553,0.0797224044799804
coco_027940,fusion,0,0.093139656,0.6443566083908081,0.02188022993505
coco_027974,fusion,0,0.57548654,7.495336467400193e-05,0.050584353506565
coco_027978,fusion,0,0.17311928,0.0114915193989872,0.0022538430057466
coco_027979,fusion,0,0.3450995,0.0890111923217773,0.0136582488194108
coco_027995,fusion,0,0.0041505266,0.0002236301224911,0.1878085434436798
coco_028017,fusion,0,0.659766,0.0106433983892202,0.8049467206001282
coco_028022,fusion,0,0.10477853,0.0006264291587285,0.0021081804297864
coco_028060,fusion,0,0.35025713,0.0804594755172729,0.0082627236843109
coco_028070,fusion,0,0.35025713,0.1859654486179351,0.0019984012469649
coco_028078,fusion,0,0.19918126,0.9999988079071044,0.2233540564775467
coco_028080,fusion,0,0.14171654,0.0002389938454143,0.0001351988903479
coco_028085,fusion,0,0.124798186,0.13160140812397,0.180865466594696
coco_028099,fusion,0,0.35025713,0.0056424755603075,0.6660996675491333
coco_028113,fusion,0,0.35025713,0.0001350839302176,0.0568496696650981
coco_028131,fusion,0,0.070705,1.9169631160220743e-10,0.1471752673387527
coco_028152,fusion,0,0.010893277,0.0003442850720603,0.0003914730332326
coco_028154,fusion,0,0.055577803,0.0007758906576782,0.0976386815309524
coco_028177,fusion,0,0.06030972,0.8327363729476929,0.2930343151092529
coco_028185,fusion,0,0.15456998,0.0210491530597209,0.6101961135864258
coco_028201,fusion,0,0.35025713,0.0014434562763199,0.0016169656300917
coco_028227,fusion,0,0.03721839,1.542577479085594e-07,0.0003162616631016
coco_028246,fusion,0,0.35025713,0.0038379214238375,0.0047579314559698
coco_028253,fusion,0,0.107471816,4.235968663124368e-05,0.0082532139495015
coco_028291,fusion,0,0.35025713,0.0078025772236287,0.0042863399721682
coco_028326,fusion,0,0.35025713,4.3577255581794816e-08,0.0004686283937189
coco_028361,fusion,0,0.059329074,0.279902845621109,0.005098802037537
coco_028423,fusion,0,0.47607982,0.000661973375827,0.0004156944050919
coco_028474,fusion,0,0.01159897,2.2193074045162572e-08,0.0345447398722171
coco_028477,fusion,0,0.35025713,0.1007249057292938,0.0112795727327466
coco_028483,fusion,0,0.036856946,0.6862584352493286,0.0965653508901596
coco_028546,fusion,0,0.036853123,0.0332992300391197,0.0035257111303508
coco_028558,fusion,0,0.3815584,0.2075034976005554,0.0289640147238969
coco_028567,fusion,0,0.01249576,0.1575459837913513,0.0058291042223572
coco_028570,fusion,0,0.0054963934,1.3147076742825448e-06,0.0098972227424383
coco_028594,fusion,0,0.35025713,0.0006001415895298,0.0756343454122543
coco_028621,fusion,0,0.930108,0.0025184063706547,0.0401193350553512
coco_028681,fusion,0,0.7167573,0.0019117875490337,0.0005206998903304
coco_028696,fusion,0,0.06307167,0.0009232135489583,0.2062733471393585
coco_028698,fusion,0,0.2407836,0.8439912796020508,0.1872024536132812
coco_028721,fusion,0,0.28767353,0.0172262787818908,0.0913851931691169
coco_028726,fusion,0,0.14692661,0.0097633404657244,0.3371026217937469
coco_028763,fusion,0,0.4244378,0.0013408693484961,0.9618584513664246
coco_028764,fusion,0,0.09996898,1.543426492389699e-06,0.0178258828818798
coco_028795,fusion,0,0.014295595,1.0459863005962688e-05,0.0059076435863971
coco_028834,fusion,0,0.35025713,0.0033994156401604,0.0002133241941919
coco_028840,fusion,0,0.35025713,0.2001478672027588,0.0741490349173545
coco_028862,fusion,0,0.043942727,0.0263907518237829,0.0608834140002727
coco_028889,fusion,0,0.005931136,0.0002145832841051,0.5663385391235352
coco_028893,fusion,0,0.0007267749,4.86163808091078e-05,0.003768241032958
coco_028915,fusion,0,0.0833757,0.16941699385643,0.9126949906349182
coco_028971,fusion,0,0.09300532,4.584372845783946e-07,0.0129026491194963
coco_028991,fusion,0,0.35025677,0.8226699233055115,0.1214789152145385
coco_029021,fusion,0,0.35025677,0.0023336026351898,0.0197441503405571
coco_029094,fusion,0,0.0015683576,0.0002558512205723,0.2322806417942047
coco_029123,fusion,0,0.037517734,0.0003927918442059,0.3157893121242523
coco_029130,fusion,0,0.046821773,0.3088799118995666,0.3313363790512085
coco_029150,fusion,0,0.05612045,0.5285363793373108,0.031433667987585
coco_029174,fusion,0,0.094412714,0.0129924295470118,0.0780952274799346
coco_029180,fusion,0,0.35025677,0.1355860978364944,0.90162855386734
coco_029198,fusion,0,0.004893577,0.3576804399490356,0.0021288190037012
coco_029207,fusion,0,0.16451296,5.531229817279382e-06,0.6278623342514038
coco_029282,fusion,0,0.35025677,0.076794721186161,0.0838209092617034
coco_029305,fusion,0,0.6476222,8.339076885022223e-05,0.0100993495434522
coco_029309,fusion,0,0.34883142,4.914422333968105e-06,0.0028968662954866
coco_029327,fusion,0,0.2119375,0.0091452682390809,0.0117880813777446
coco_029336,fusion,0,0.009366525,0.0033824569545686,0.3049685359001159
coco_029340,fusion,0,0.15040787,7.913648005342111e-06,0.2405066043138504
coco_029375,fusion,0,0.35025677,0.0096883252263069,0.0537732392549514
coco_029397,fusion,0,0.5597519,0.0007518077036365,0.0442552268505096
coco_029442,fusion,0,0.02614359,3.279789962107316e-05,0.2668152153491974
coco_029494,fusion,0,0.29115734,3.3647686450422043e-06,
coco_029534,fusion,0,0.1965671,2.8443582777981646e-06,0.9862651228904724
coco_029578,fusion,0,0.95517254,0.0030336184427142,0.0001405224465997
coco_029596,fusion,0,0.35025677,0.1276791840791702,0.0509010553359985
coco_029607,fusion,0,0.35025677,5.722659989260137e-05,0.120990015566349
coco_029643,fusion,0,0.35025677,0.0434345491230487,0.0196244772523641
coco_029663,fusion,0,0.0021720799,0.0004616962978616,0.1464500576257705
coco_029667,fusion,0,0.5692377,1.9495442757033743e-05,0.8983478546142578
coco_029679,fusion,0,0.35025677,0.0043860203586518,0.048931997269392
coco_029697,fusion,0,0.35025677,3.991281118942425e-07,0.0019340079743415
coco_029775,fusion,0,0.6407231,0.0052925636991858,0.1180751472711563
coco_029787,fusion,0,0.34564367,0.000300560175674,0.0079378886148333
coco_029792,fusion,0,0.35025677,0.005638260859996,0.0030765982810407
coco_029832,fusion,0,0.029747622,1.4498735367851626e-07,0.0002509938494767
coco_029835,fusion,0,0.041150834,8.57174745760858e-06,0.2447280585765838
coco_029849,fusion,0,0.24417208,0.0050799744203686,0.0196886043995618
coco_029860,fusion,0,0.018768108,0.0525124184787273,0.044740229845047
coco_029876,fusion,0,0.02418418,0.0002741358766797,0.013797934167087
coco_029916,fusion,0,0.35025677,0.2388290166854858,0.0078875357285141
coco_029946,fusion,0,0.50375223,0.1497046798467636,0.0500525049865245
coco_029952,fusion,0,0.07055281,1.1495397302496713e-05,0.2951489388942718
coco_029960,fusion,0,0.40359834,0.0732611268758773,0.119731456041336
coco_029971,fusion,0,0.35025677,0.0104974284768104,0.0006921909516677
coco_029976,fusion,0,0.24907614,0.0184915326535701,0.0412946157157421
coco_029977,fusion,0,0.83751065,0.0102706141769886,0.0141691816970705
coco_029997,fusion,0,0.35025677,1.3481315022656482e-11,0.7290953397750854
glide_00000,fusion,1,0.14893684,0.0198075510561466,0.3990934193134308
glide_00001,fusion,1,0.35025713,1.7938986407450838e-10,0.0083558689802885
glide_00002,fusion,1,0.32638922,0.990706503391266,0.3507820665836334
glide_00003,fusion,1,0.35025713,0.9990229606628418,0.0200513806194067
glide_00004,fusion,1,0.35025713,0.126661941409111,0.6642833948135376
glide_00005,fusion,1,0.35025713,0.5128111839294434,0.2932081222534179
glide_00006,fusion,1,0.35025713,0.1457069516181945,0.0189028121531009
glide_00007,fusion,1,0.35025713,0.0010163321858271,0.0653879344463348
glide_00008,fusion,1,0.35025713,0.9985772371292114,0.0046978038735687
glide_00009,fusion,1,0.35025713,0.8954395055770874,0.4186040461063385
glide_00010,fusion,1,0.35025713,0.9665051102638244,0.0805264562368393
glide_00011,fusion,1,0.35025713,0.4551622867584228,0.9511072635650636
glide_00012,fusion,1,0.35025713,0.9999996423721312,0.0010948266135528
glide_00013,fusion,1,0.5295358,0.2532019019126892,0.0299689508974552
glide_00014,fusion,1,0.35025713,2.1776086214231327e-06,0.0501651689410209
glide_00015,fusion,1,0.35025713,2.0463399778236635e-05,0.0056099030189216
glide_00016,fusion,1,0.35025713,1.6471984736199374e-06,0.0341972224414348
glide_00017,fusion,1,0.17184718,0.0001215057345689,0.7115650773048401
glide_00018,fusion,1,0.38855606,0.0006015389226377,0.0615647993981838
glide_00019,fusion,1,0.35025713,0.0023137654643505,0.2938995361328125
glide_00020,fusion,1,0.35025713,0.4989001154899597,0.98220956325531
glide_00021,fusion,1,0.35025713,0.0001052553852787,0.8638507723808289
glide_00022,fusion,1,0.008575928,0.3931737244129181,0.4183673560619354
glide_00023,fusion,1,0.35025713,1.88517844890157e-06,0.8082097172737122
glide_00024,fusion,1,0.15379065,0.2822221517562866,0.6149008870124817
glide_00025,fusion,1,0.06515787,0.8226029276847839,0.5871607661247253
glide_00026,fusion,1,0.55557704,0.2330386489629745,0.0087263854220509
glide_00027,fusion,1,0.35025713,4.841804184252396e-06,0.1317656338214874
glide_00028,fusion,1,0.35025713,0.9999866485595704,0.0271984692662954
glide_00029,fusion,1,0.09637441,7.705053576501086e-06,0.0055188806727528
glide_00030,fusion,1,0.35025713,0.9406026601791382,0.3863547146320343
glide_00031,fusion,1,0.35025713,1.1648072018033417e-07,0.9655728340148926
glide_00032,fusion,1,0.2680961,0.0089907068759202,0.3408032357692718
glide_00033,fusion,1,0.13261887,0.0844910144805908,0.0372382514178752
glide_00034,fusion,1,0.060161654,0.0132266236469149,0.0108341062441468
glide_00035,fusion,1,0.35025713,0.9840219616889954,0.7889041304588318
glide_00036,fusion,1,0.20000911,0.0015145195648074,0.0010680716950446
glide_00037,fusion,1,0.30649167,0.7464069724082947,0.0257045608013868
glide_00038,fusion,1,0.0019741897,0.0023580647539347,0.8089514970779419
glide_00039,fusion,1,0.08798152,0.0891059264540672,0.9006733894348145
glide_00040,fusion,1,0.35025713,3.844399998342851e-06,0.6869032382965088
glide_00041,fusion,1,0.28780356,3.3720916690072045e-05,0.8082464337348938
glide_00042,fusion,1,0.35025713,0.0038247380871325,0.1855837404727935
glide_00043,fusion,1,0.020641634,2.0994893323855732e-10,0.0119419479742646
glide_00044,fusion,1,0.95469904,0.8503304719924927,0.1579528152942657
glide_00045,fusion,1,0.23255813,0.2513219714164734,0.7080708742141724
glide_00046,fusion,1,0.35025713,0.0004009771510027,0.3189862966537475
glide_00047,fusion,1,0.04672266,0.0021953836549073,0.0460655950009822
glide_00048,fusion,1,0.35025713,0.0995372086763382,0.3955928087234497
glide_00049,fusion,1,0.029948892,5.492969285114668e-05,0.0004126116109546
glide_00050,fusion,1,0.35025713,0.1219810098409652,0.9567181468009948
glide_00051,fusion,1,0.35025713,0.5490530729293823,0.018046423792839
glide_00052,fusion,1,0.13075435,0.1329348534345626,0.0074060135520994
glide_00053,fusion,1,0.35025713,0.9763662815093994,0.0026612151414155
glide_00054,fusion,1,0.4560217,0.0018495065160095,0.008057165890932
glide_00055,fusion,1,0.35025713,0.8488262891769409,0.165649726986885
glide_00056,fusion,1,0.35025713,0.0009989080717787,0.405900090932846
glide_00057,fusion,1,0.35025713,7.278074463101802e-06,0.3674754798412323
glide_00058,fusion,1,0.13466147,0.0076254624873399,0.0009883999591693
glide_00059,fusion,1,0.35025713,0.0557209402322769,0.6485291719436646
glide_00060,fusion,1,0.26779747,0.0003743770648725,0.232056051492691
glide_00061,fusion,1,0.40410736,4.715736213256605e-05,0.154614508152008
glide_00062,fusion,1,0.35025713,6.651476383012778e-07,0.2282393723726272
glide_00063,fusion,1,0.26211107,0.5151910185813904,0.4963754117488861
glide_00064,fusion,1,0.973988,0.8196865320205688,0.9360710382461548
glide_00065,fusion,1,0.47320613,0.0003612148284446,0.8784324526786804
glide_00066,fusion,1,0.35025713,3.516159040373168e-06,0.5896803736686707
glide_00067,fusion,1,0.35025713,0.5022862553596497,0.908849000930786
glide_00068,fusion,1,0.0651897,0.1320850402116775,0.9416317343711852
glide_00069,fusion,1,0.23068659,2.4082139134407043e-05,0.9930384755134584
glide_00070,fusion,1,0.35025713,6.001010115141981e-05,0.0050868620164692
glide_00071,fusion,1,0.35025713,1.0,0.6188288927078247
glide_00072,fusion,1,0.35025713,1.4986712315590012e-08,0.0121190389618277
glide_00073,fusion,1,0.07945538,0.1463565081357956,0.0082094483077526
glide_00074,fusion,1,0.35025713,0.588124692440033,0.901111364364624
glide_00075,fusion,1,0.35025713,0.2393844574689865,0.4542350172996521
glide_00076,fusion,1,0.35025713,7.439197702296951e-07,0.0090681817382574
glide_00077,fusion,1,0.35025713,9.11320086061096e-08,0.0007980871014297
glide_00078,fusion,1,0.35025713,0.0473293513059616,0.8258135914802551
glide_00079,fusion,1,0.35025713,1.1733037354133558e-05,0.8478175401687622
glide_00080,fusion,1,0.65719664,0.044052354991436,0.6438820958137512
glide_00081,fusion,1,0.35025713,0.0019406120991334,0.4350704848766327
glide_00082,fusion,1,0.35025713,0.8570879697799683,0.9029589891433716
glide_00083,fusion,1,0.35025713,0.0003759675892069,0.5340299606323242
glide_00084,fusion,1,0.35025713,0.4992234408855438,0.002707005245611
glide_00085,fusion,1,0.35025713,9.993382263928652e-07,0.1806150674819946
glide_00086,fusion,1,0.35025713,8.518225513398647e-06,0.025475587695837
glide_00087,fusion,1,0.35025713,0.000199083078769,0.9571216106414796
glide_00088,fusion,1,0.050453838,0.0201863031834363,0.2654215395450592
glide_00089,fusion,1,0.64336413,0.1914424300193786,0.0282658096402883
glide_00090,fusion,1,0.35025713,0.0065265670418739,0.1194327846169471
glide_00091,fusion,1,0.35025713,0.2054331004619598,0.9787505865097046
glide_00092,fusion,1,0.29321906,6.735793256495981e-09,0.0262398608028888
glide_00093,fusion,1,0.3416,0.9866895079612732,0.9113733768463136
glide_00094,fusion,1,0.9885361,0.2045428901910781,0.9206017851829528
glide_00095,fusion,1,0.35025713,0.2978209555149078,0.023081112653017
glide_00096,fusion,1,0.050035335,0.0007604024140164,0.0040448759682476
glide_00097,fusion,1,0.35025713,7.616353627781791e-07,0.3327480554580688
glide_00098,fusion,1,0.12214469,0.2242703735828399,0.8418506979942322
glide_00099,fusion,1,0.35025713,9.637138873586082e-07,0.0761721283197403
glide_00100,fusion,1,0.35025713,0.0003790794580709,0.2781923413276672
glide_00101,fusion,1,0.35025713,0.00650425394997,0.6101248860359192
glide_00102,fusion,1,0.35025713,0.0130674894899129,0.9987484216690063
glide_00103,fusion,1,0.35025713,0.0146050294861197,0.1333488225936889
glide_00104,fusion,1,0.93984085,0.0024386399891227,0.7194621562957764
glide_00105,fusion,1,0.35025713,0.0098827760666608,0.6887297630310059
glide_00106,fusion,1,0.86661214,5.584213909060054e-07,0.5432284474372864
glide_00107,fusion,1,0.35025713,2.063975261989981e-05,0.8934984803199768
glide_00108,fusion,1,0.2635188,0.5692054033279419,0.5822345614433289
glide_00109,fusion,1,0.35025713,0.0006926347850821,0.0706347674131393
glide_00110,fusion,1,0.35025713,0.9442596435546876,0.1754167526960373
glide_00111,fusion,1,0.35025713,2.018261147895828e-05,0.2321184575557708
glide_00112,fusion,1,0.78672,0.0009488875512033,0.1354291588068008
glide_00113,fusion,1,0.35025713,0.1966367065906524,0.1510372757911682
glide_00114,fusion,1,0.23077123,1.550575871078763e-05,0.817223846912384
glide_00115,fusion,1,0.35025713,0.009893606416881,0.0050532934255898
glide_00116,fusion,1,0.35025713,0.0024030208587646,0.0387561060488224
glide_00117,fusion,1,0.35025713,5.097641405882314e-06,0.0428785420954227
glide_00118,fusion,1,0.35025713,0.0074670049361884,0.0929661244153976
glide_00119,fusion,1,0.35025713,0.0006344443536363,0.1149205788969993
glide_00120,fusion,1,0.35025713,0.8522164821624756,0.5962114334106445
glide_00121,fusion,1,0.35025713,0.0008892076439224,0.4878671169281006
glide_00122,fusion,1,0.35025713,6.239619688130915e-05,0.0316221565008163
glide_00123,fusion,1,0.0012867588,9.946035817165467e-08,0.0128541709855198
glide_00124,fusion,1,0.35025713,0.9962672591209412,0.0001298428833251
glide_00125,fusion,1,0.35025713,0.0009392093634232,0.00314681394957
glide_00126,fusion,1,0.35025713,0.0390699505805969,0.8611759543418884
glide_00127,fusion,1,0.35025713,0.1930980533361435,0.2320279628038406
glide_00128,fusion,1,0.35025713,0.0065083717927336,0.2518494427204132
glide_00129,fusion,1,0.35025713,2.1470973479154054e-06,0.1190044581890106
glide_00130,fusion,1,0.35025713,0.0048408545553684,0.0178926419466733
glide_00131,fusion,1,0.35025713,0.0867994204163551,0.4450547695159912
glide_00132,fusion,1,0.019949138,0.0024451445788145,0.0058113243430852
glide_00133,fusion,1,0.35025713,0.000350908288965,0.062447465956211
glide_00134,fusion,1,0.35025713,0.8380070328712463,0.0373411886394023
glide_00135,fusion,1,0.17461792,0.0137003110721707,0.054876122623682
glide_00136,fusion,1,0.35025713,0.1743351519107818,0.9703811407089232
glide_00137,fusion,1,0.42497447,0.4087695777416229,0.8235868811607361
glide_00138,fusion,1,0.4236545,0.020120920613408,0.0049254172481596
glide_00139,fusion,1,0.35025713,0.1044065877795219,0.9080694913864136
glide_00140,fusion,1,0.27728197,0.0078517347574234,0.8574178814888
glide_00141,fusion,1,0.35025713,4.296915722079575e-05,0.0687439367175102
glide_00142,fusion,1,0.35025713,0.0012291481252759,0.0664902329444885
glide_00143,fusion,1,0.35025713,2.835441955539864e-05,0.7612453103065491
glide_00144,fusion,1,0.35025713,2.2967837139731276e-05,0.021159678697586
glide_00145,fusion,1,0.35025713,0.0002130440989276,0.1649269014596939
glide_00146,fusion,1,0.35025713,0.9889500737190248,0.4310440719127655
glide_00147,fusion,1,0.35025713,0.0945367440581321,0.7994764447212219
glide_00148,fusion,1,0.6348496,0.9995728135108948,0.7476068735122681
glide_00149,fusion,1,0.35025713,0.0204693302512168,0.4510112404823303
glide_00150,fusion,1,0.35025713,0.0029198948759585,0.3695143759250641
glide_00151,fusion,1,0.35025713,2.8947080863872543e-05,0.0468303747475147
glide_00152,fusion,1,0.35025713,0.0340242274105548,0.0390487015247345
glide_00153,fusion,1,0.35025713,0.9947566986083984,0.2868409156799316
glide_00154,fusion,1,0.35025713,0.0011119934497401,0.0895494520664215
glide_00155,fusion,1,0.35025713,0.8817266225814819,0.065176784992218
glide_00156,fusion,1,0.35025713,0.2149664759635925,0.2189026921987533
glide_00157,fusion,1,0.47762558,0.1237951293587684,0.9788566827774048
glide_00158,fusion,1,0.48004946,1.994301419472322e-05,0.0244847387075424
glide_00159,fusion,1,0.35025713,6.700720405206084e-05,0.179748460650444
glide_00160,fusion,1,0.35025713,0.483323335647583,0.059715487062931
glide_00161,fusion,1,0.27889767,0.0007339878357015,0.2305464446544647
glide_00162,fusion,1,0.29284012,0.2518839836120605,0.1270027607679367
glide_00163,fusion,1,0.35025713,8.407250788877718e-07,0.0424912311136722
glide_00164,fusion,1,0.28237486,0.5324680805206299,0.0283652171492576
glide_00165,fusion,1,0.56620526,0.0628141015768051,0.2266897708177566
glide_00166,fusion,1,0.35025713,0.0002480126859154,0.0028571302536875
glide_00167,fusion,1,0.35025713,1.9754084860323928e-05,0.6334769129753113
glide_00168,fusion,1,0.35025713,0.2358704060316085,0.9006711840629578
glide_00169,fusion,1,0.52362555,5.147617684997385e-06,0.3670355677604675
glide_00170,fusion,1,0.18604699,0.9607037901878356,0.1499886661767959
glide_00171,fusion,1,0.35025713,0.8682786226272583,0.1000617295503616
glide_00172,fusion,1,0.35025713,0.3242923617362976,0.0007092143641784
glide_00173,fusion,1,0.43487802,0.0037758422549813,0.0099215265363454
glide_00174,fusion,1,0.35025713,0.0005681157344952,0.2224640846252441
glide_00175,fusion,1,0.35025713,0.1303502470254898,0.7378132939338684
glide_00176,fusion,1,0.35025713,0.1005995199084281,0.8821671605110168
glide_00177,fusion,1,0.35025713,0.0001233569200849,0.3017483353614807
glide_00178,fusion,1,0.35025713,0.0064699021168053,0.0015335308853536
glide_00179,fusion,1,0.28688934,0.0061063938774168,0.0211757458746433
glide_00180,fusion,1,0.35025713,0.0002968755725305,0.6494247317314148
glide_00181,fusion,1,0.35025713,0.7139133810997009,0.5768231749534607
glide_00182,fusion,1,0.052384038,0.9998741149902344,0.0896312892436981
glide_00183,fusion,1,0.35025713,0.0007367152138613,0.327123761177063
glide_00184,fusion,1,0.22726332,0.0379188247025013,0.1040004342794418
glide_00185,fusion,1,0.35025713,3.130449476884678e-05,0.292467325925827
glide_00186,fusion,1,0.35025713,0.694090723991394,0.0260895546525716
glide_00187,fusion,1,0.35025713,0.0730126649141311,0.2521856427192688
glide_00188,fusion,1,0.35025713,0.0003419268759898,0.4123992323875427
glide_00189,fusion,1,0.35025713,0.0034993437584489,0.7429284453392029
glide_00190,fusion,1,0.35025713,0.0712681636214256,0.0164544563740491
glide_00191,fusion,1,0.66013044,0.9999865293502808,0.8090901374816895
glide_00192,fusion,1,0.3815532,0.9976582527160645,0.165771797299385
glide_00193,fusion,1,0.35025713,3.589378138713073e-06,0.0089328708127141
glide_00194,fusion,1,0.16544683,0.4431144297122955,0.2541989684104919
glide_00195,fusion,1,0.35025713,9.345607168143032e-07,0.0036334653850644
glide_00196,fusion,1,0.35025713,0.4987573325634002,0.0152416210621595
glide_00197,fusion,1,0.4751226,0.0138476211577653,0.0903609991073608
glide_00198,fusion,1,0.35025713,0.0420767553150653,0.0716223269701004
glide_00199,fusion,1,0.35025713,2.7042181045544567e-06,0.076873704791069
glide_00200,fusion,1,0.101706184,0.2311987578868866,0.001549499342218
glide_00201,fusion,1,0.012536382,1.6323441741405986e-05,0.425379991531372
glide_00202,fusion,1,0.1064198,6.161686178529635e-05,0.9769330024719238
glide_00203,fusion,1,0.06658904,0.0001155232021119,0.123871311545372
glide_00204,fusion,1,0.5158457,0.1618759334087371,0.2780579626560211
glide_00205,fusion,1,0.35025713,0.1601123660802841,0.2581962347030639
glide_00206,fusion,1,0.35025713,2.7275776304236388e-08,0.7965264320373535
glide_00207,fusion,1,0.35025713,0.0044958568178117,0.3555320203304291
glide_00208,fusion,1,0.35025713,0.2841042578220367,0.3753101229667663
glide_00209,fusion,1,0.35025713,0.0077854045666754,0.0148104401305317
glide_00210,fusion,1,0.35025713,8.745177183300257e-05,0.5000705718994141
glide_00211,fusion,1,0.8954392,5.162479283171706e-06,0.8491623401641846
glide_00212,fusion,1,0.1902115,0.0487949922680854,0.0102615244686603
glide_00213,fusion,1,0.29449216,0.0010978407226502,0.095818854868412
glide_00214,fusion,1,0.35025713,2.7482782272159056e-08,0.8712520599365234
glide_00215,fusion,1,0.35025713,0.0023243322502821,0.0090179862454533
glide_00216,fusion,1,0.35025713,2.735726866376353e-06,0.0516142360866069
glide_00217,fusion,1,0.35066375,0.067093625664711,0.768366277217865
glide_00218,fusion,1,0.35025713,0.0002723685174714,0.0886756777763366
glide_00219,fusion,1,0.35025713,0.0167596582323312,0.0384116396307945
glide_00220,fusion,1,0.35025713,9.576227588681263e-10,0.0001783170300768
glide_00221,fusion,1,0.05085849,3.84456448898618e-08,0.5565901398658752
glide_00222,fusion,1,0.35025713,6.174155714688823e-05,0.0029566315934062
glide_00223,fusion,1,0.083042905,0.5596184730529785,0.1923975944519043
glide_00224,fusion,1,0.35025713,0.0007674116059206,0.0986035764217376
glide_00225,fusion,1,0.09382659,0.9929794669151306,0.0334863848984241
glide_00226,fusion,1,0.35025713,3.386367825441994e-05,0.7698487639427185
glide_00227,fusion,1,0.24606624,0.0673238858580589,0.97021222114563
glide_00228,fusion,1,0.35025713,2.696464207474492e-06,0.0221456177532672
glide_00229,fusion,1,0.35025713,0.1669351607561111,0.9853353500366212
glide_00230,fusion,1,0.35025713,6.13604889121433e-10,0.8088763356208801
glide_00231,fusion,1,0.35025713,1.5917687790079074e-07,0.0022018295712769
glide_00232,fusion,1,0.35025713,1.0357574637964715e-06,0.0058099725283682
glide_00233,fusion,1,0.35025713,0.9436156153678894,0.1623890399932861
glide_00234,fusion,1,0.35025713,0.0001068872516043,0.0102691790089011
glide_00235,fusion,1,0.35025713,0.2208393216133117,0.9500983357429504
glide_00236,fusion,1,0.35025713,0.0008182711317203,0.2422679960727691
glide_00237,fusion,1,0.35025713,0.0479720644652843,0.6179497241973877
glide_00238,fusion,1,0.35025713,7.956322224345058e-05,0.0271131284534931
glide_00239,fusion,1,0.35025713,2.9319573968678014e-07,0.8518198728561401
glide_00240,fusion,1,0.35025713,0.2095850259065628,0.7186194062232971
glide_00241,fusion,1,0.35025713,0.1394315510988235,0.4259078800678253
glide_00242,fusion,1,0.00073665485,0.0045493193902075,0.1064819246530532
glide_00243,fusion,1,0.35025713,1.0939638173113053e-07,0.0132242329418659
glide_00244,fusion,1,0.35025713,0.0108331339433789,0.2802182137966156
glide_00245,fusion,1,0.35025713,0.7438071966171265,0.6870204210281372
glide_00246,fusion,1,0.35025713,2.327361289644614e-05,0.0473054908215999
glide_00247,fusion,1,0.35025713,4.899062044927405e-09,0.002197029069066
glide_00248,fusion,1,0.35025713,4.37704220530577e-05,0.0924012511968612
glide_00249,fusion,1,0.35025713,0.0094250701367855,0.0522301606833934
glide_00250,fusion,1,0.09019788,1.561405497341184e-06,0.0410567931830883
glide_00251,fusion,1,0.35025713,1.3318383196292416e-07,0.0555794537067413
glide_00252,fusion,1,0.35025713,0.0001680841087363,0.0043879617005586
glide_00253,fusion,1,0.6521711,0.1792282164096832,0.3220905661582947
glide_00254,fusion,1,0.35025713,8.823388200629445e-12,0.0166883654892444
glide_00255,fusion,1,0.35025713,0.0550300814211368,0.1048100963234901
glide_00256,fusion,1,0.35025713,1.0808566912601236e-05,0.0877548605203628
glide_00257,fusion,1,0.35025713,0.0261146090924739,0.0216798018664121
glide_00258,fusion,1,0.35025713,0.0073710605502128,0.007170517463237
glide_00259,fusion,1,0.35025713,0.0304956492036581,0.0571280531585216
glide_00260,fusion,1,0.20127639,0.0057590017095208,0.2049320489168167
glide_00261,fusion,1,0.35025713,9.905498643547617e-09,0.2255675047636032
glide_00262,fusion,1,0.62825793,0.2588269114494324,0.0953746810555458
glide_00263,fusion,1,0.35025713,2.985038349834213e-07,0.0154989408329129
glide_00264,fusion,1,0.35025713,0.9999672174453736,0.002089848741889
glide_00265,fusion,1,0.35025713,0.0019305291352793,0.7276419997215271
glide_00266,fusion,1,0.35025713,5.409892030335504e-14,0.0894590020179748
glide_00267,fusion,1,0.35025713,0.0462074354290962,0.010810705833137
glide_00268,fusion,1,0.35025713,0.0001025724704959,0.0902815237641334
glide_00269,fusion,1,0.35025713,0.0159882325679063,0.0332694537937641
glide_00270,fusion,1,0.35025713,0.0008350249845534,0.0458441041409969
glide_00271,fusion,1,0.35025713,5.118324679642683e-06,0.0080373343080282
glide_00272,fusion,1,0.35025713,0.3590628504753113,0.1346145719289779
glide_00273,fusion,1,0.11249369,0.0026506152935326,0.2825473248958587
glide_00274,fusion,1,0.35025713,0.1328150033950805,0.0012526732170954
glide_00275,fusion,1,0.35025713,0.0327641628682613,0.0393272936344146
glide_00276,fusion,1,0.35025713,3.0137793146423064e-05,0.0428122840821743
glide_00277,fusion,1,0.103184685,0.0003610299609135,0.1549324542284011
glide_00278,fusion,1,0.35025713,2.6805884090208565e-07,0.7489404082298279
glide_00279,fusion,1,0.35025713,0.0001236537063959,0.7958032488822937
glide_00280,fusion,1,0.35025713,0.7966949343681335,0.0067104515619575
glide_00281,fusion,1,0.05807026,0.0124032655730843,0.903132975101471
glide_00282,fusion,1,0.35025713,0.0003106087679043,0.0035927386488765
glide_00283,fusion,1,0.35025713,2.211844574162569e-08,0.0152204502373933
glide_00284,fusion,1,0.0399226,5.4114793783810455e-06,0.2359688133001327
glide_00285,fusion,1,0.35025713,0.0012006314937025,0.0119879301637411
glide_00286,fusion,1,0.35025713,0.0076123834587633,0.0908770710229873
glide_00287,fusion,1,0.35025713,0.1401295959949493,0.0200590472668409
glide_00288,fusion,1,0.35025713,0.0324224010109901,0.2456728816032409
glide_00289,fusion,1,0.748244,0.0384158380329608,0.1811724156141281
glide_00290,fusion,1,0.35025713,0.0192870330065488,0.2127579003572464
glide_00291,fusion,1,0.35025713,7.603794980812206e-13,0.0001783915213309
glide_00292,fusion,1,0.20719752,2.09611353056971e-05,0.3352732360363006
glide_00293,fusion,1,0.13724445,0.0170251559466123,0.4673940539360046
glide_00294,fusion,1,0.35025713,0.0040776091627776,0.0996801331639289
glide_00295,fusion,1,0.35025713,0.0020795483142137,0.2628762423992157
glide_00296,fusion,1,0.17907703,0.0313352979719638,0.2554496526718139
glide_00297,fusion,1,0.35025713,9.009754285216331e-05,0.0287688188254833
glide_00298,fusion,1,0.35025713,9.917646821122617e-06,0.5714073777198792
glide_00299,fusion,1,0.35025713,0.0002080393314827,0.0008575859828852
glide_00300,fusion,1,0.35025713,6.280536126723746e-07,0.0327054597437381
glide_00301,fusion,1,0.35025713,5.435593266156502e-05,0.0077096680179238
glide_00302,fusion,1,0.35025713,0.0011547275353223,0.011477867141366
glide_00303,fusion,1,0.28040415,0.000250453595072,0.6534095406532288
glide_00304,fusion,1,0.35025713,0.0011202375171706,0.0096122659742832
glide_00305,fusion,1,0.35025713,0.067868173122406,0.0833247527480125
glide_00306,fusion,1,0.35025713,0.0528223700821399,0.1900809705257415
glide_00307,fusion,1,0.35025713,6.201204814715311e-05,0.0218898300081491
glide_00308,fusion,1,0.057918914,0.0205283164978027,0.0238828267902135
glide_00309,fusion,1,0.16269572,0.0047356789000332,0.012931496836245
glide_00310,fusion,1,0.35025713,1.6751500186984456e-09,0.1754441112279892
glide_00311,fusion,1,0.49895608,3.9078049240970365e-08,0.0065073147416114
glide_00312,fusion,1,0.35025713,0.6972982287406921,0.0253940913826227
glide_00313,fusion,1,0.035568606,3.7822593945691105e-09,0.0754125863313674
glide_00314,fusion,1,0.35025713,0.0076435194350779,0.0271703414618968
glide_00315,fusion,1,0.35025713,0.0568975880742073,0.0055826087482273
glide_00316,fusion,1,0.44126844,0.9990542531013488,0.9990667700767516
glide_00317,fusion,1,0.35025713,7.411991100525483e-05,0.1425430327653885
glide_00318,fusion,1,0.3575179,0.0460661090910434,0.9690778255462646
glide_00319,fusion,1,0.0005457966,0.0002325535315321,0.0005742969224229
glide_00320,fusion,1,0.0083041275,0.0051034465432167,0.0014275516150519
glide_00321,fusion,1,0.004722653,0.1019471734762191,0.1034894213080406
glide_00322,fusion,1,0.0007182379,1.0184249532585454e-07,0.1657522171735763
glide_00323,fusion,1,0.32265526,3.247403947170824e-05,0.0027374599594622
glide_00324,fusion,1,0.12527154,0.9999946355819702,0.3402921259403229
glide_00325,fusion,1,0.35025713,0.0383368618786335,0.1000338643789291
glide_00326,fusion,1,0.35025713,0.0133842695504426,0.002892121206969
glide_00327,fusion,1,0.016145378,0.0066376845352351,0.5933748483657837
glide_00328,fusion,1,0.8706644,0.0005167446797713,0.1711091697216034
glide_00329,fusion,1,0.35025713,0.0008971717907115,0.000359337136615
glide_00330,fusion,1,0.21034223,0.1671929955482483,0.0138055915012955
glide_00331,fusion,1,0.35025713,0.0137742701917886,0.1501648128032684
glide_00332,fusion,1,0.30291638,0.0510198771953582,0.9891977906227112
glide_00333,fusion,1,0.35025713,3.1049769422253352e-09,0.0036049953196197
glide_00334,fusion,1,0.35025713,0.0025700086262077,0.5566682815551758
glide_00335,fusion,1,0.35025713,5.209961955188191e-07,0.0387231409549713
glide_00336,fusion,1,0.35025713,0.0007129139266908,0.734559178352356
glide_00337,fusion,1,0.35025713,0.000981401768513,0.0322936847805976
glide_00338,fusion,1,0.05980716,0.0001041104333125,0.3249043226242065
glide_00339,fusion,1,0.16522937,0.9877814054489136,0.5836535692214966
glide_00340,fusion,1,0.35025713,0.0425850637257099,0.0104470178484916
glide_00341,fusion,1,0.35025713,4.5704823037340254e-08,0.0573667995631694
glide_00342,fusion,1,0.35025713,0.0128952953964471,0.2493713200092315
glide_00343,fusion,1,0.35025713,0.9968839287757874,0.1725094318389892
glide_00344,fusion,1,0.7733249,0.9997400641441344,0.7252338528633118
glide_00345,fusion,1,0.74991906,0.3528603911399841,0.8723300099372864
glide_00346,fusion,1,0.115427405,1.563088699185755e-05,0.0004514083266258
glide_00347,fusion,1,0.14150922,0.0030992901884019,0.0111617473885416
glide_00348,fusion,1,0.35025713,0.0013284485321491,0.151323065161705
glide_00349,fusion,1,0.0558173,3.0759460059925914e-05,0.0179195255041122
glide_00350,fusion,1,0.35025713,0.9880054593086244,0.1566625088453292
glide_00351,fusion,1,0.35025713,0.0313030816614627,0.3228886723518371
glide_00352,fusion,1,0.35025713,2.3839813366066664e-05,0.2213502377271652
glide_00353,fusion,1,0.35025713,0.0005215933197177,0.0110745104029774
glide_00354,fusion,1,0.35025713,0.9999785423278807,0.8928977251052856
glide_00355,fusion,1,0.35025713,0.7706654071807861,0.0129072405397892
glide_00356,fusion,1,0.35025713,6.818718247814104e-07,0.2021866291761398
glide_00357,fusion,1,0.26283574,0.3915757238864898,0.0021044530440121
glide_00358,fusion,1,0.35025713,0.0108096851035952,0.0118174906820058
glide_00359,fusion,1,0.35025713,1.3381981261773037e-05,0.0041867983527481
glide_00360,fusion,1,0.35025713,0.0169692505151033,0.9175881147384644
glide_00361,fusion,1,0.35025713,0.000163574470207,0.4899200797080993
glide_00362,fusion,1,0.34940538,0.832962155342102,0.5868433117866516
glide_00363,fusion,1,0.35025713,0.0134626124054193,0.1919649988412857
glide_00364,fusion,1,0.09314065,0.0121524585410952,0.6617586016654968
glide_00365,fusion,1,0.53489095,0.0038512928877025,0.991969645023346
glide_00366,fusion,1,0.35025713,0.9936827421188354,0.1701464802026748
glide_00367,fusion,1,0.35025713,3.690070298034698e-05,0.0935722142457962
glide_00368,fusion,1,0.12180966,0.0006444326718337,0.0126822954043746
glide_00369,fusion,1,0.35025713,0.0061338790692389,0.0277664437890052
glide_00370,fusion,1,0.35025713,5.186464841244742e-05,0.027038138359785
glide_00371,fusion,1,0.35025713,0.0180499516427516,0.4933765828609466
glide_00372,fusion,1,0.35025713,0.0620038546621799,0.9530066847801208
glide_00373,fusion,1,0.51783997,0.9827395677566528,0.0124439857900142
glide_00374,fusion,1,0.35025713,8.938530471347406e-10,0.0295468755066394
glide_00375,fusion,1,0.35025713,0.0073691112920641,0.8119187951087952
glide_00376,fusion,1,0.35025713,0.2287129908800125,0.8110033273696899
glide_00377,fusion,1,0.35025713,2.041807417585417e-10,0.0283670462667942
glide_00378,fusion,1,0.09009459,0.8234413862228394,0.1998662054538726
glide_00379,fusion,1,0.35025713,0.1771416217088699,0.9956488013267516
glide_00380,fusion,1,0.22989224,0.9938421249389648,0.8294270634651184
glide_00381,fusion,1,0.35025713,3.2535939681110904e-05,0.0740248635411262
glide_00382,fusion,1,0.45159227,0.0005388826830312,0.0763078853487968
glide_00383,fusion,1,0.35025713,7.345918129431084e-05,0.2935899198055267
glide_00384,fusion,1,0.35025713,0.0002573435776866,0.2650543749332428
glide_00385,fusion,1,0.35025713,1.7986159946303815e-05,0.1693313121795654
glide_00386,fusion,1,0.35025713,5.6615821364403025e-08,0.6426342129707336
glide_00387,fusion,1,0.35025713,0.663617730140686,0.7634727954864502
glide_00388,fusion,1,0.081049666,0.0646503716707229,0.2565015256404876
glide_00389,fusion,1,0.23394443,0.5996017456054688,0.6005708575248718
glide_00390,fusion,1,0.35025713,0.9998095631599426,0.8649402856826782
glide_00391,fusion,1,0.19487053,1.5674315534397465e-07,0.4335558414459228
glide_00392,fusion,1,0.9167659,0.0239050015807151,0.0660103484988212
glide_00393,fusion,1,0.35025713,0.0017612701049074,0.0427108407020568
glide_00394,fusion,1,0.23667696,0.0100706061348319,0.0042499476112425
glide_00395,fusion,1,0.061940763,0.1385639458894729,0.035981435328722
glide_00396,fusion,1,0.11129765,0.284121572971344,0.2911121547222137
glide_00397,fusion,1,0.03586978,3.10811344661488e-07,0.0151700805872678
glide_00398,fusion,1,0.35025713,0.0453443005681037,0.946410834789276
glide_00399,fusion,1,0.0014092213,8.626051567262039e-06,3.70630768884439e-05
glide_00400,fusion,1,0.03963625,0.2441507428884506,0.140593335032463
glide_00401,fusion,1,0.35025713,0.0003849324712064,0.0049230642616748
glide_00402,fusion,1,0.072959624,0.1609328836202621,0.1133064329624176
glide_00403,fusion,1,0.35025713,0.0002421561657683,0.077206052839756
glide_00404,fusion,1,0.6658328,0.3344084322452545,0.7911601066589355
glide_00405,fusion,1,0.07332538,0.0003950813552364,0.0267021805047988
glide_00406,fusion,1,0.35220656,6.288870736170793e-06,0.0026777363382279
glide_00407,fusion,1,0.35025713,0.001805521431379,0.0943820402026176
glide_00408,fusion,1,0.35025713,0.0344145186245441,0.0089020561426877
glide_00409,fusion,1,0.17934616,0.9584646224975586,0.158332347869873
glide_00410,fusion,1,0.35025713,1.439354946342064e-05,0.0116255562752485
glide_00411,fusion,1,0.35025713,0.0016544422833248,0.0143955443054437
glide_00412,fusion,1,0.050970323,0.0001391758560203,0.0136557752266526
glide_00413,fusion,1,0.35025713,0.0009523504413664,0.0075595192611217
glide_00414,fusion,1,0.35025713,0.0003740517131518,0.1957837492227554
glide_00415,fusion,1,0.35025713,0.0061738318763673,0.0241074860095977
glide_00416,fusion,1,0.35025713,0.0278278086334466,0.4279398024082184
glide_00417,fusion,1,0.35025713,0.0001301315496675,0.3339300751686096
glide_00418,fusion,1,0.35025713,0.0094746127724647,0.9678161144256592
glide_00419,fusion,1,0.35025713,3.2143190765054896e-05,0.1129499599337577
glide_00420,fusion,1,0.24375173,0.5670779943466187,0.2234434634447097
glide_00421,fusion,1,0.35025713,1.018781040329486e-05,0.0334310717880725
glide_00422,fusion,1,0.35025713,4.1779503590078093e-07,0.0110565284267067
glide_00423,fusion,1,0.35025713,0.0323040336370468,0.3139061629772186
glide_00424,fusion,1,0.35025713,4.725369763036724e-06,0.0249236412346363
glide_00425,fusion,1,0.35025713,1.9469749531708654e-05,0.4115962088108063
glide_00426,fusion,1,0.10547276,1.9290107705627332e-11,0.0403728075325489
glide_00427,fusion,1,0.35025713,0.3136929273605346,0.0030310724396258
glide_00428,fusion,1,0.35025713,0.0036978120915591,0.4876173734664917
glide_00429,fusion,1,0.1978926,0.025154273957014,0.0273697152733802
glide_00430,fusion,1,0.35025713,0.0003788541944231,0.0732949748635292
glide_00431,fusion,1,0.35025713,1.1705997948752156e-08,0.0054696765728294
glide_00432,fusion,1,0.32159114,1.161085741441248e-10,0.2568529546260834
glide_00433,fusion,1,0.35025713,0.0392012037336826,0.9922439455986024
glide_00434,fusion,1,0.35025713,0.0336604192852973,0.9419535398483276
glide_00435,fusion,1,0.35025713,1.2538123883132355e-05,0.213410884141922
glide_00436,fusion,1,0.98791087,0.0005263538914732,0.2618296146392822
glide_00437,fusion,1,0.00018350773,0.0003943958727177,0.0027081023436039
glide_00438,fusion,1,0.35025713,2.0791933366126614e-06,0.3888965249061584
glide_00439,fusion,1,0.35025713,0.0053110662847757,0.0090978424996137
glide_00440,fusion,1,0.35025713,3.7819656881765695e-06,0.4404616355895996
glide_00441,fusion,1,0.35025713,3.33579706079945e-08,0.0206807926297187
glide_00442,fusion,1,0.35025713,0.0134676424786448,0.4319159686565399
glide_00443,fusion,1,0.35025713,0.1405156552791595,0.9135979413986206
glide_00444,fusion,1,0.35025713,0.4684282839298248,0.0035316648427397
glide_00445,fusion,1,0.35025713,0.0510977618396282,0.2923552691936493
glide_00446,fusion,1,0.35025713,0.0749567374587059,0.5456897616386414
glide_00447,fusion,1,0.35025713,0.4694659113883972,0.1718539446592331
glide_00448,fusion,1,0.35025713,0.0006821214919909,0.1270270943641662
glide_00449,fusion,1,0.14743596,1.2606405919157735e-09,0.6553512811660767
glide_00450,fusion,1,0.46541205,0.0382373593747615,0.1139852106571197
glide_00451,fusion,1,0.35025713,8.181089583558787e-08,0.0102436793968081
glide_00452,fusion,1,0.35025713,0.4898656904697418,0.4509546458721161
glide_00453,fusion,1,0.035389,0.0186646021902561,0.0737538710236549
glide_00454,fusion,1,0.35025713,1.2249355307858424e-08,0.035030860453844
glide_00455,fusion,1,0.35025713,0.0007003289065323,0.0095946146175265
glide_00456,fusion,1,0.35025713,0.0014964466681703,0.4695612788200378
glide_00457,fusion,1,0.012856362,0.0023835476022213,0.1491505950689315
glide_00458,fusion,1,0.30312878,0.0018828113097697,0.3992272019386291
glide_00459,fusion,1,0.35025713,0.0043970854021608,0.0506060980260372
glide_00460,fusion,1,0.039033014,0.0954908728599548,0.0641252174973487
glide_00461,fusion,1,0.21147394,0.5912304520606995,0.6817662119865417
glide_00462,fusion,1,0.4394177,0.004315085709095,0.050523430109024
glide_00463,fusion,1,0.27675965,0.0274666529148817,0.1294924914836883
glide_00464,fusion,1,0.35025713,3.353529973537661e-05,0.3003442585468292
glide_00465,fusion,1,0.35025713,0.0103716114535927,0.8599422574043274
glide_00466,fusion,1,0.35025713,0.001735431025736,0.0051503330469131
glide_00467,fusion,1,0.35025713,0.9984042048454284,0.4370010197162628
glide_00468,fusion,1,0.35025713,1.2939353837282395e-05,0.0424701124429702
glide_00469,fusion,1,0.02108077,0.0019100848585367,0.5787341594696045
glide_00470,fusion,1,0.35025713,1.5692123270127922e-05,0.7527931928634644
glide_00471,fusion,1,0.03124219,6.882473826408386e-05,0.0283809788525104
glide_00472,fusion,1,0.35025713,0.0001725171023281,0.0035616678651422
glide_00473,fusion,1,0.06310165,0.089932695031166,0.1115423440933227
glide_00474,fusion,1,0.38368207,4.1169915476757524e-08,0.0034669106826186
glide_00475,fusion,1,0.014344816,7.263942825375125e-05,0.006253361236304
glide_00476,fusion,1,0.35025713,0.725201427936554,0.1266119927167892
glide_00477,fusion,1,0.4011251,0.0014115987578406,0.113257460296154
glide_00478,fusion,1,0.35025713,0.5564438700675964,0.0173659231513738
glide_00479,fusion,1,0.01412189,0.9513916969299316,0.0026220469735562
glide_00480,fusion,1,0.35025713,0.0095104221254587,0.0132631435990333
glide_00481,fusion,1,0.35025713,0.0811235159635543,0.0291863437741994
glide_00482,fusion,1,0.7642632,0.2198637574911117,0.7308921813964844
glide_00483,fusion,1,0.09821692,0.0001210054251714,0.0434050895273685
glide_00484,fusion,1,0.35025713,9.65222807280952e-06,0.4452846944332123
glide_00485,fusion,1,0.18337213,0.8310638666152954,0.0020742332562804
glide_00486,fusion,1,0.12898809,0.0016788759967312,0.6243470907211304
glide_00487,fusion,1,0.35025713,0.7878919243812561,0.6839341521263123
glide_00488,fusion,1,0.35025713,0.4262832999229431,0.7831620573997498
glide_00489,fusion,1,0.35025713,0.2798851728439331,0.3588840067386627
glide_00490,fusion,1,0.35025713,0.959195077419281,0.1880857795476913
glide_00491,fusion,1,0.4207761,0.0055438438430428,0.1897561401128769
glide_00492,fusion,1,0.21966738,0.1534717381000518,0.0175290573388338
glide_00493,fusion,1,0.35025713,3.7500161852221936e-05,0.0188393760472536
glide_00494,fusion,1,0.35025713,3.4179867269834574e-11,0.0146011179313063
glide_00495,fusion,1,0.97556335,0.002265952527523,0.0433181226253509
glide_00496,fusion,1,0.35025713,0.532994270324707,0.149107813835144
glide_00497,fusion,1,0.045665868,8.226530212596117e-08,0.0698027908802032
glide_00498,fusion,1,0.1264797,0.0047703976742923,0.0053950808942317
glide_00499,fusion,1,0.35025713,0.0004125018895138,0.0971334129571914
glide_00500,fusion,1,0.35025713,0.454289048910141,0.1119987294077873
glide_00501,fusion,1,0.35025713,0.0002039447572315,0.91285240650177
glide_00502,fusion,1,0.35025713,2.763923248494393e-06,0.0011033724294975
glide_00503,fusion,1,0.35025713,0.0011031843023374,0.114115372300148
glide_00504,fusion,1,0.6305761,2.692925954761449e-05,0.6796202063560486
glide_00505,fusion,1,0.0482561,0.000244223017944,0.1095580160617828
glide_00506,fusion,1,0.35025713,0.0121352057904005,0.0088222185149788
glide_00507,fusion,1,0.35025713,0.0261429212987422,0.0178903397172689
glide_00508,fusion,1,0.35025713,0.0005133332451805,0.0517777241766452
glide_00509,fusion,1,0.2939558,0.9988503456115724,0.32963827252388
glide_00510,fusion,1,0.35025713,1.1866957265738165e-06,0.0776631459593772
glide_00511,fusion,1,0.04114609,0.9996495246887208,0.1553832441568374
glide_00512,fusion,1,0.35025713,0.0013943505473434,0.2818366587162018
glide_00513,fusion,1,0.35025713,0.4022623300552368,0.0399870201945304
glide_00514,fusion,1,0.5457276,0.9216392040252686,0.0886054560542106
glide_00515,fusion,1,0.13274917,0.0021938381250947,0.0297322105616331
glide_00516,fusion,1,0.35025713,2.0802895960514437e-05,0.0215970277786254
glide_00517,fusion,1,0.35025713,0.9999822378158568,0.0151331797242164
glide_00518,fusion,1,0.15801524,0.0132748810574412,0.0007703313603997
glide_00519,fusion,1,0.21543951,0.0613630414009094,0.0640565380454063
glide_00520,fusion,1,0.35025713,0.0048278337344527,0.0567013770341873
glide_00521,fusion,1,0.35025713,4.283786256564781e-05,0.0054771546274423
glide_00522,fusion,1,0.10493449,0.9887728095054626,0.4845755994319916
glide_00523,fusion,1,0.8621317,0.0019805941265076,0.1748287826776504
glide_00524,fusion,1,0.35025713,7.610865063178984e-12,0.0001482012012274
glide_00525,fusion,1,0.23263304,0.0023635206744074,0.4547396898269653
glide_00526,fusion,1,0.35025713,0.1283500641584396,0.0761222764849662
glide_00527,fusion,1,0.35025713,0.0002718356263358,0.0362835377454757
glide_00528,fusion,1,0.03288885,0.8266370892524719,0.2359037697315216
glide_00529,fusion,1,0.35025713,1.0164707475723844e-07,0.065514400601387
glide_00530,fusion,1,0.35025713,8.291609992738813e-05,0.8736551403999329
glide_00531,fusion,1,0.35025713,7.188594253193514e-08,0.0227927081286907
glide_00532,fusion,1,0.35025713,0.0130572821944952,0.6869560480117798
glide_00533,fusion,1,0.70274055,0.7072983384132385,0.4840602576732635
glide_00534,fusion,1,0.35025713,0.0033774049952626,0.0139574622735381
glide_00535,fusion,1,0.35025713,0.0922960937023162,0.8294911980628967
glide_00536,fusion,1,0.35025713,0.0301841162145137,0.0127891404554247
glide_00537,fusion,1,0.35025713,7.729635399300605e-06,0.0593755282461643
glide_00538,fusion,1,0.35025713,0.0974969938397407,0.9885103106498718
glide_00539,fusion,1,0.35025713,1.3160401067580096e-05,0.0084225535392761
glide_00540,fusion,1,0.35025713,0.0007934217574074,0.9100150465965272
glide_00541,fusion,1,0.22451277,0.0005316523020155,0.9930436611175536
glide_00542,fusion,1,0.9887438,0.0397237688302993,0.0921363160014152
glide_00543,fusion,1,0.009591023,0.0002743309305515,0.0347882397472858
glide_00544,fusion,1,0.032808274,0.0059705250896513,0.2838034331798553
glide_00545,fusion,1,0.35025713,0.7391297221183777,0.01047018263489
glide_00546,fusion,1,0.35025713,0.9430173635482788,0.0015984694473445
glide_00547,fusion,1,0.036561146,0.8832740187644958,0.2219694256782531
glide_00548,fusion,1,0.1340222,0.0128879770636558,0.4383427202701568
glide_00549,fusion,1,0.14750122,5.9657082601916045e-05,0.2312946170568466
glide_00550,fusion,1,0.7673943,2.1657231172866886e-06,0.1115568354725837
glide_00551,fusion,1,0.35025713,1.6562655691387816e-09,0.0043493928387761
glide_00552,fusion,1,0.35025713,0.0001183526692329,0.374854564666748
glide_00553,fusion,1,0.35025713,5.145767318026628e-06,0.1171344816684722
glide_00554,fusion,1,0.35025713,0.00724588194862,0.4015911519527435
glide_00555,fusion,1,0.35025713,0.0001977440406335,0.0009592322167009
glide_00556,fusion,1,0.35025713,0.164060965180397,0.9399700164794922
glide_00557,fusion,1,0.35025713,6.11910735415222e-08,0.2335779070854187
glide_00558,fusion,1,0.35025713,0.0003215867327526,0.1943178921937942
glide_00559,fusion,1,0.35025713,0.0472340025007724,0.0841849818825721
glide_00560,fusion,1,0.24723278,0.0001293235254706,0.0888986513018608
glide_00561,fusion,1,0.35025713,0.4661939442157745,0.0755224451422691
glide_00562,fusion,1,0.35025713,0.0914065763354301,0.0223463512957096
glide_00563,fusion,1,0.23120296,0.0002558519772719,0.4225248992443084
glide_00564,fusion,1,0.35025713,0.0056873252615332,0.4001429378986358
glide_00565,fusion,1,0.7156657,0.039254005998373,0.0652180984616279
glide_00566,fusion,1,0.35025713,9.83268932941428e-07,0.0593368932604789
glide_00567,fusion,1,0.35025713,0.0474176332354545,0.3871524631977081
glide_00568,fusion,1,0.115558684,0.6147173643112183,0.142343133687973
glide_00569,fusion,1,0.35025713,6.851500984339509e-06,0.86469966173172
glide_00570,fusion,1,0.35025713,0.0901508927345275,0.0030201466288417
glide_00571,fusion,1,0.35025713,0.9996104836463928,0.8008295893669128
glide_00572,fusion,1,0.016636863,0.690159261226654,0.0822117626667022
glide_00573,fusion,1,0.29297128,0.9998843669891356,0.0044811270199716
glide_00574,fusion,1,0.35025713,0.0280454959720373,0.9315072298049928
glide_00575,fusion,1,0.11327968,5.225356653681956e-05,0.2028623670339584
glide_00576,fusion,1,0.35025713,3.4859092465922004e-06,0.2301152348518371
glide_00577,fusion,1,0.35025713,0.0126801207661628,0.5579781532287598
glide_00578,fusion,1,0.35025713,0.0053550684824585,0.0287194438278675
glide_00579,fusion,1,0.35025713,0.0146737992763519,0.1353255063295364
glide_00580,fusion,1,0.35025713,3.545210711308755e-05,0.0157658066600561
glide_00581,fusion,1,0.35025713,1.258565953321522e-05,0.0018335599452257
glide_00582,fusion,1,0.35025713,5.522924766410142e-05,0.0743717774748802
glide_00583,fusion,1,0.07558199,0.0988558530807495,0.9875813722610474
glide_00584,fusion,1,0.09013788,0.0528693199157714,0.515083372592926
glide_00585,fusion,1,0.0047238674,0.0028931773267686,0.073949322104454
glide_00586,fusion,1,0.35025713,0.1855394691228866,0.6470696926116943
glide_00587,fusion,1,0.13401414,0.0123151326552033,0.4850435256958008
glide_00588,fusion,1,0.35025713,9.844673513725866e-06,0.0624245703220367
glide_00589,fusion,1,0.112175606,0.000982632744126,0.0033319788053631
glide_00590,fusion,1,0.4805055,1.7036085409927182e-05,0.7795289754867554
glide_00591,fusion,1,0.35025713,0.0217883288860321,0.4125266671180725
glide_00592,fusion,1,0.28703713,0.7118443846702576,0.9309356212615968
glide_00593,fusion,1,0.35025713,0.0457451194524765,0.0601024702191352
glide_00594,fusion,1,0.14860816,1.396821289745276e-06,0.3725649118423462
glide_00595,fusion,1,0.35025713,0.7991443872451782,0.8122261762619019
glide_00596,fusion,1,0.35025713,8.866802818374708e-05,0.0096109313890337
glide_00597,fusion,1,0.35025713,0.4611707031726837,0.9926034808158876
glide_00598,fusion,1,0.1717687,0.0010006926022469,0.3136010766029358
glide_00599,fusion,1,0.35025713,0.0006747755105607,0.0542792081832885
glide_00600,fusion,1,0.35025713,0.2363965660333633,0.8655229806900024
glide_00601,fusion,1,0.0736297,0.9012019634246826,0.1978702694177627
glide_00602,fusion,1,0.1550724,0.0021696120966225,0.1499565094709396
glide_00603,fusion,1,0.35025713,0.0269363913685083,0.0005277695599943
glide_00604,fusion,1,0.35025713,0.0014350230339914,0.0709380134940147
glide_00605,fusion,1,0.35025713,3.2218620162893785e-06,0.0018970445962622
glide_00606,fusion,1,0.35025713,2.043286440311931e-05,0.0808622539043426
glide_00607,fusion,1,0.50834227,0.82787024974823,0.4210810959339142
glide_00608,fusion,1,0.22077373,4.742380042443983e-05,0.8956806063652039
glide_00609,fusion,1,0.11037624,1.3533252740671744e-07,0.0052828970365226
glide_00610,fusion,1,0.01937481,2.431336554309383e-07,8.972852083388716e-05
glide_00611,fusion,1,0.35025713,4.194886571440293e-07,0.1159902438521385
glide_00612,fusion,1,0.35025713,0.9992390871047974,0.0073762852698564
glide_00613,fusion,1,0.35025713,0.000277264858596,0.0188708063215017
glide_00614,fusion,1,0.09324958,0.1123425662517547,0.9097306132316588
glide_00615,fusion,1,0.35025713,0.9999666213989258,0.5243976712226868
glide_00616,fusion,1,0.35025713,0.024958997964859,0.5841375589370728
glide_00617,fusion,1,0.062695876,0.011033990420401,0.9832831621170044
glide_00618,fusion,1,0.03451804,1.537000230200647e-06,0.7948420643806458
glide_00619,fusion,1,0.35025713,0.2644127309322357,0.2139527648687362
glide_00620,fusion,1,0.35025713,0.9960599541664124,0.699665904045105
glide_00621,fusion,1,0.35025713,0.0019011626718565,0.1897717416286468
glide_00622,fusion,1,0.35025713,0.7688974142074585,0.2084886282682418
glide_00623,fusion,1,0.051257823,0.0230767391622066,0.2497640401124954
glide_00624,fusion,1,0.35025713,0.1454335004091262,0.901356041431427
glide_00625,fusion,1,0.24007596,0.0010612559271976,0.0677601620554924
glide_00626,fusion,1,0.21447784,0.0038000617641955,0.0016275615198537
glide_00627,fusion,1,0.35025713,0.0001784153282642,0.6442331075668335
glide_00628,fusion,1,0.35025713,0.0003848494961857,0.9512054920196532
glide_00629,fusion,1,0.35025713,0.8724559545516968,0.8851890563964844
glide_00630,fusion,1,0.544124,0.099852330982685,0.0373739004135131
glide_00631,fusion,1,0.0028859423,0.0112123945727944,0.0120499413460493
glide_00632,fusion,1,0.35025713,1.0936881153611466e-05,0.8245843052864075
glide_00633,fusion,1,0.061561797,4.9219198161587485e-11,0.078047826886177
glide_00634,fusion,1,0.35025713,7.661428753635846e-06,0.0067339707165956
glide_00635,fusion,1,0.35025713,0.4373698234558105,0.9925512075424194
glide_00636,fusion,1,0.35025713,0.8258314728736877,0.0177168287336826
glide_00637,fusion,1,0.060537685,0.9747305512428284,0.0046146246604621
glide_00638,fusion,1,0.35025713,0.0009096429566852,0.1458439230918884
glide_00639,fusion,1,0.35025713,0.0001705600734567,0.0362832434475421
glide_00640,fusion,1,0.35025713,1.3587040257334593e-06,0.6705463528633118
glide_00641,fusion,1,0.35025713,0.0066959299147129,0.0004210206679999
glide_00642,fusion,1,0.35025713,8.437092765234411e-05,0.015925109386444
glide_00643,fusion,1,0.35025713,0.04167340695858,0.0390204973518848
glide_00644,fusion,1,0.017858973,0.2209056466817855,0.0297151058912277
glide_00645,fusion,1,0.35025713,0.0006637491169385,0.0019566470291465
glide_00646,fusion,1,0.35025713,0.206833615899086,0.998832643032074
glide_00647,fusion,1,0.35025713,5.352602602215484e-05,0.0026966135483235
glide_00648,fusion,1,0.35025713,0.0009816449601203,7.997635111678392e-05
glide_00649,fusion,1,0.35025713,4.236570748616941e-05,0.0033367893192917
glide_00650,fusion,1,0.35025713,2.2298740987025667e-06,0.335856020450592
glide_00651,fusion,1,0.2432859,0.1248260661959648,0.2829877436161041
glide_00652,fusion,1,0.35025713,0.828504741191864,0.1229131817817688
glide_00653,fusion,1,0.27074903,0.0001328187208855,0.0853713229298591
glide_00654,fusion,1,0.35025713,1.1820128520412254e-06,0.034855019301176
glide_00655,fusion,1,0.35025713,0.0005042787524871,0.1762815713882446
glide_00656,fusion,1,0.35025713,0.8776264190673828,0.2046795934438705
glide_00657,fusion,1,0.35025713,2.796012722683372e-06,0.0214750152081251
glide_00658,fusion,1,0.35025713,0.88108891248703,0.5841671228408813
glide_00659,fusion,1,0.632116,0.0016596626956015,0.8560689687728882
glide_00660,fusion,1,0.28683463,0.0012977897422388,0.6541208624839783
glide_00661,fusion,1,0.35025713,0.0006261193193495,0.0148592162877321
glide_00662,fusion,1,0.35025713,0.0003840792924165,0.0031361863948404
glide_00663,fusion,1,0.65641487,6.215591565705836e-05,0.4880335628986358
glide_00664,fusion,1,0.35025713,0.005837068427354,0.9481474161148072
glide_00665,fusion,1,0.35025713,0.5432603359222412,0.059087835252285
glide_00666,fusion,1,0.35025713,0.0515244603157043,0.1350645273923874
glide_00667,fusion,1,0.35025713,0.1822191923856735,0.0342095643281936
glide_00668,fusion,1,0.26570213,8.634405821794644e-05,0.0164709314703941
glide_00669,fusion,1,0.35025713,2.654377203725744e-05,0.3398090600967407
glide_00670,fusion,1,0.0338777,3.057912635995308e-06,0.2517392635345459
glide_00671,fusion,1,0.35025713,0.1617108285427093,0.8872286081314087
glide_00672,fusion,1,0.28048217,0.0001174736389657,0.1128439456224441
glide_00673,fusion,1,0.35025713,0.001050878316164,0.2107322365045547
glide_00674,fusion,1,0.78964937,0.9899160265922546,0.0165426917374134
glide_00675,fusion,1,0.10379149,1.8079954315908253e-05,0.1767729818820953
glide_00676,fusion,1,0.35025713,7.420912425004644e-06,0.4997894465923309
glide_00677,fusion,1,0.38567835,0.3799405395984649,0.0081178760156035
glide_00678,fusion,1,0.35025713,0.1806932240724563,0.6095768809318542
glide_00679,fusion,1,0.35025713,0.0006540454924106,0.07928516715765
glide_00680,fusion,1,0.96254635,0.9890843033790588,0.2021619379520416
glide_00681,fusion,1,0.35025713,0.0612612813711166,0.0004219888651277
glide_00682,fusion,1,0.35025713,0.0012874667299911,0.763562798500061
glide_00683,fusion,1,0.35025713,0.034483715891838,0.0202137678861618
glide_00684,fusion,1,0.35025713,0.0146654732525348,0.3149791657924652
glide_00685,fusion,1,0.35025713,8.280238716906752e-09,0.0085334070026874
glide_00686,fusion,1,0.28884175,0.014506128616631,0.0350556671619415
glide_00687,fusion,1,0.35025713,0.1569806635379791,0.9250440001487732
glide_00688,fusion,1,0.7506614,9.128727833740412e-05,0.0854856967926025
glide_00689,fusion,1,0.35025713,5.798191341455095e-05,0.988559067249298
glide_00690,fusion,1,0.35025713,0.0011010492453351,0.0954879224300384
glide_00691,fusion,1,0.3424079,0.0046200272627174,0.0430865548551082
glide_00692,fusion,1,0.35025713,0.0040808287449181,0.1215577721595764
glide_00693,fusion,1,0.1798632,0.6595812439918518,0.8460162281990051
glide_00694,fusion,1,0.35025713,0.0146626085042953,0.8400067090988159
glide_00695,fusion,1,0.05550828,0.0045332927256822,0.2940389811992645
glide_00696,fusion,1,0.35025713,0.0003987859527114,0.0257567763328552
glide_00697,fusion,1,0.35025713,0.0038972250185906,0.0384054966270923
glide_00698,fusion,1,0.35025713,0.020890187472105,0.7368342876434326
glide_00699,fusion,1,0.35025713,0.0015850750496611,0.0025006046053022
glide_00700,fusion,1,0.35025713,2.0197168851154856e-05,0.5783762335777283
glide_00701,fusion,1,0.35025713,0.0003867388586513,0.0262724515050649
glide_00702,fusion,1,0.35025713,1.963436062624169e-07,0.0558868646621704
glide_00703,fusion,1,0.3986883,5.992584206637731e-09,0.0489252284169197
glide_00704,fusion,1,0.3700754,1.620667120505459e-07,0.1328383088111877
glide_00705,fusion,1,0.72564065,3.33844489830426e-08,0.752497673034668
glide_00706,fusion,1,0.35025713,8.689727110322565e-06,0.0237800180912017
glide_00707,fusion,1,0.35025713,0.028369640931487,0.5714468955993652
glide_00708,fusion,1,0.35025713,0.0090650422498583,0.0670849606394767
glide_00709,fusion,1,0.35025713,1.9578187675506342e-06,0.0137959346175193
glide_00710,fusion,1,0.043658815,3.78084005205892e-05,0.8331444263458252
glide_00711,fusion,1,0.71033597,0.720416784286499,0.2670957148075104
glide_00712,fusion,1,0.35025713,9.138715540757404e-06,0.0032623303122818
glide_00713,fusion,1,0.35025713,0.0001037299007293,0.1672687083482742
glide_00714,fusion,1,0.35025713,1.0,0.9986957907676696
glide_00715,fusion,1,0.35025713,0.7180416584014893,0.0042409733869135
glide_00716,fusion,1,0.35025713,1.5343977111115237e-06,0.016869792714715
glide_00717,fusion,1,0.35025713,5.469310622174817e-07,0.698271632194519
glide_00718,fusion,1,0.35025713,4.594656275003217e-05,0.0295835565775632
glide_00719,fusion,1,0.6676537,1.654475227041985e-06,0.811513364315033
glide_00720,fusion,1,0.35025713,4.354501652414911e-05,0.0006947306683287
glide_00721,fusion,1,0.35025713,0.0214772019535303,0.910622775554657
glide_00722,fusion,1,0.39259997,9.742700967763083e-06,0.002887777518481
glide_00723,fusion,1,0.35025713,2.5047289454960264e-05,0.0143807800486683
glide_00724,fusion,1,0.35025713,0.0028559775091707,0.2245334833860397
glide_00725,fusion,1,0.35025713,4.337568952905713e-06,0.3583452701568603
glide_00726,fusion,1,0.14022805,0.0780841037631034,0.0117385033518075
glide_00727,fusion,1,0.46033537,1.7002974345814437e-05,0.014739197678864
glide_00728,fusion,1,0.05367854,0.0087534440681338,0.0022111118305474
glide_00729,fusion,1,0.10500845,0.0282878335565328,0.0197389554232358
glide_00730,fusion,1,0.35025713,5.408051251265533e-08,0.0565508306026458
glide_00731,fusion,1,0.35025713,2.6475843696971424e-05,0.7668049335479736
glide_00732,fusion,1,0.34715497,1.8582171890102472e-07,0.0021530946251004
glide_00733,fusion,1,0.5992695,3.382891372893937e-05,0.0855551958084106
glide_00734,fusion,1,0.6205425,5.548744593397714e-05,0.0582806132733821
glide_00735,fusion,1,0.3881881,4.32306524089654e-06,0.0205418206751346
glide_00736,fusion,1,0.35025713,0.0004065587418153,0.0010935554746538
glide_00737,fusion,1,0.02265394,0.924263596534729,0.7652401924133301
glide_00738,fusion,1,0.30564043,0.000145852958667,0.5509193539619446
glide_00739,fusion,1,0.35025713,0.0002986139443237,0.241243377327919
glide_00740,fusion,1,0.4388503,0.1689603626728058,0.0033064442686736
glide_00741,fusion,1,0.35025713,0.9999008178710938,0.0711051225662231
glide_00742,fusion,1,0.35025713,0.0220679156482219,0.0010660934494808
glide_00743,fusion,1,0.35025713,1.6944773051363882e-06,0.0002560325374361
glide_00744,fusion,1,0.70183676,0.7108559608459473,0.0365522243082523
glide_00745,fusion,1,0.35025713,0.00028924329672,0.166080355644226
glide_00746,fusion,1,0.35025713,2.354089883738197e-05,0.0261608771979808
glide_00747,fusion,1,0.35025713,1.9562639863579534e-06,0.0574058480560779
glide_00748,fusion,1,0.695796,0.001643986091949,0.4059832990169525
glide_00749,fusion,1,0.13253418,3.2594103686278686e-05,0.974660098552704
glide_00750,fusion,1,0.16314602,0.0013418070739135,0.8900889158248901
glide_00751,fusion,1,0.009444503,0.0083891842514276,0.0090932743623852
glide_00752,fusion,1,0.35025713,0.0053928126581013,0.0808206498622894
glide_00753,fusion,1,0.35025713,0.9911988377571106,0.4308454692363739
glide_00754,fusion,1,0.35025713,0.0035606708843261,0.21275694668293
glide_00755,fusion,1,0.35025713,0.0027517930138856,0.1176292672753334
glide_00756,fusion,1,0.35025713,0.0009625293896533,0.0382808893918991
glide_00757,fusion,1,0.20917049,0.9964590668678284,0.9872764945030212
glide_00758,fusion,1,0.35025713,5.8793933277456745e-08,0.0917301625013351
glide_00759,fusion,1,0.554143,4.706508480012417e-05,0.1405989974737167
glide_00760,fusion,1,0.35025713,2.7773136679343224e-08,0.1722592115402221
glide_00761,fusion,1,0.067081586,0.7384485006332397,0.48613041639328
glide_00762,fusion,1,0.2490064,0.0278219226747751,0.6785932779312134
glide_00763,fusion,1,0.35025713,5.8056215493706986e-05,0.1755924671888351
glide_00764,fusion,1,0.35025713,3.174562834828976e-06,0.0109517341479659
glide_00765,fusion,1,0.95407045,0.2349457740783691,0.6754969954490662
glide_00766,fusion,1,0.35025713,4.698592022123194e-07,0.057444542646408
glide_00767,fusion,1,0.35025713,0.8408622145652771,0.0453456528484821
glide_00768,fusion,1,0.35025713,9.25933909456944e-06,0.8517109751701355
glide_00769,fusion,1,0.35025713,4.756727900456781e-09,0.0084850341081619
glide_00770,fusion,1,0.35025713,2.072814368148101e-06,0.6659139394760132
glide_00771,fusion,1,0.35025713,0.0170734301209449,0.0024691019207239
glide_00772,fusion,1,0.35025713,2.68935082203825e-07,0.0053950045257806
glide_00773,fusion,1,0.16891989,0.0256902370601892,0.0267517287284135
glide_00774,fusion,1,0.35025713,8.580940630054101e-06,0.3157611787319183
glide_00775,fusion,1,0.55087465,0.0425219945609569,0.1380037516355514
glide_00776,fusion,1,0.6005669,0.0011204888578504,0.133088082075119
glide_00777,fusion,1,0.35025713,0.9999899864196776,0.3487470149993896
glide_00778,fusion,1,0.35025713,3.0417993457376724e-06,0.1357442736625671
glide_00779,fusion,1,0.35025713,0.0291897747665643,0.9477993249893188
glide_00780,fusion,1,0.35025713,2.606192879284208e-07,0.2656465172767639
glide_00781,fusion,1,0.35025713,0.2982873022556305,0.0159274470061063
glide_00782,fusion,1,0.35025713,4.611498752637999e-06,0.0013327035121619
glide_00783,fusion,1,0.35025713,0.001323178759776,0.023393053561449
glide_00784,fusion,1,0.35025713,0.4448798298835754,0.9335267543792723
glide_00785,fusion,1,0.35025713,0.0006012407829985,0.5045694708824158
glide_00786,fusion,1,0.92673725,0.7723901867866516,0.005547191016376
glide_00787,fusion,1,0.35025713,0.0004015440354123,0.0199956707656383
glide_00788,fusion,1,0.35025713,0.0396551676094532,0.0339113771915435
glide_00789,fusion,1,0.35025713,0.0001226529420819,3.979774555773474e-05
glide_00790,fusion,1,0.09581777,0.000179300448508,0.4068257510662079
glide_00791,fusion,1,0.15257083,0.0001410188269801,0.0167086198925972
glide_00792,fusion,1,0.35025713,3.10362310074197e-07,0.0166412852704525
glide_00793,fusion,1,0.35025713,0.9999982118606568,0.9998136162757874
glide_00794,fusion,1,0.35025713,0.0026410270947963,0.0133948288857936
glide_00795,fusion,1,0.35025713,6.198295977810631e-06,0.0317193567752838
glide_00796,fusion,1,0.044264317,1.354395590169588e-05,0.0555269420146942
glide_00797,fusion,1,0.070349775,0.0257720854133367,0.0075240894220769
glide_00798,fusion,1,0.35025713,2.964935083582532e-05,0.000705275859218
glide_00799,fusion,1,0.35025713,0.9928065538406372,0.0935693755745887
glide_00800,fusion,1,0.91914034,0.0004104324325453,0.092427872121334
glide_00801,fusion,1,0.24675764,0.6792760491371155,0.5924351811408997
glide_00802,fusion,1,0.35025713,0.000433680252172,0.003098668763414
glide_00803,fusion,1,0.35025713,2.464524732204154e-05,0.1360794156789779
glide_00804,fusion,1,0.35025713,0.0004522906092461,0.0402744747698307
glide_00805,fusion,1,0.35025713,8.179170254152268e-05,0.6503667831420898
glide_00806,fusion,1,0.35025713,0.0282152853906154,0.1387146562337875
glide_00807,fusion,1,0.04381703,0.9854649901390076,0.710639238357544
glide_00808,fusion,1,0.35025713,0.0001853699213825,0.1903415918350219
glide_00809,fusion,1,0.35025713,0.3919901549816131,0.6419129371643066
glide_00810,fusion,1,0.35025713,0.0050672311335802,0.0026799263432621
glide_00811,fusion,1,0.35025713,1.0905009730777238e-06,0.1455683261156082
glide_00812,fusion,1,0.35025713,4.439254098542733e-06,0.0166474264115095
glide_00813,fusion,1,0.31501284,0.00018044267199,0.019791018217802
glide_00814,fusion,1,0.35025713,0.0013038495089858,0.0054859900847077
glide_00815,fusion,1,0.6780432,0.0061083072796463,0.5785179138183594
glide_00816,fusion,1,0.05237242,0.999962329864502,0.446375161409378
glide_00817,fusion,1,0.35025713,5.1026252667618615e-11,0.8899216651916504
glide_00818,fusion,1,0.35025713,4.508893312049622e-07,0.7391349673271179
glide_00819,fusion,1,0.35025713,0.8081498146057129,0.694352388381958
glide_00820,fusion,1,0.35025713,6.140221842088067e-08,0.0617288947105407
glide_00821,fusion,1,0.35025713,0.0010982098756358,0.3865422904491424
glide_00822,fusion,1,0.35025713,3.607652388382121e-06,0.9804495573043824
glide_00823,fusion,1,0.014662545,0.0012989881215617,0.0133057637140154
glide_00824,fusion,1,0.35025713,0.0157501362264156,0.3329223692417145
glide_00825,fusion,1,0.35025713,0.0328106917440891,0.0016148054273799
glide_00826,fusion,1,0.35025713,0.0003209625429008,0.6199049353599548
glide_00827,fusion,1,0.35025713,0.9931188821792604,0.0084902718663215
glide_00828,fusion,1,0.8279736,0.2926052808761596,0.0110102202743291
glide_00829,fusion,1,0.35025713,4.946613216816331e-07,0.4318475723266601
glide_00830,fusion,1,0.35025713,0.0016253902576863,0.6693944931030273
glide_00831,fusion,1,0.35025713,0.0051912488415837,0.6633601784706116
glide_00832,fusion,1,0.35025713,0.0044910525903105,0.0064894901588559
glide_00833,fusion,1,0.40401098,3.059475056943484e-05,0.933851420879364
glide_00834,fusion,1,0.35025713,0.2170843034982681,0.34593465924263
glide_00835,fusion,1,0.22019017,0.3299475908279419,0.6307541131973267
glide_00836,fusion,1,0.35025713,0.9994414448738098,0.1331165432929992
glide_00837,fusion,1,0.35025713,1.2354268619674258e-05,0.0011456775246188
glide_00838,fusion,1,0.35025713,0.0005025067366659,0.8092419505119324
glide_00839,fusion,1,0.35025713,9.489792063277493e-09,0.0739066675305366
glide_00840,fusion,1,0.35025713,0.1527941077947616,0.869728684425354
glide_00841,fusion,1,0.35025713,8.096879901131615e-05,0.4946641027927398
glide_00842,fusion,1,0.6543466,0.0003414708189666,0.275319904088974
glide_00843,fusion,1,0.44880807,0.1028398126363754,0.3931722044944763
glide_00844,fusion,1,0.23613259,1.162975081570039e-06,0.5874723196029663
glide_00845,fusion,1,0.35025713,0.9591664671897888,0.1394683122634887
glide_00846,fusion,1,0.35025713,0.0058908509090542,0.0810873433947563
glide_00847,fusion,1,0.35025713,1.2120391374992323e-06,0.4405259490013122
glide_00848,fusion,1,0.35025713,0.0006745620630681,0.0274353306740522
glide_00849,fusion,1,0.35025713,8.228707156376913e-05,0.156196728348732
glide_00850,fusion,1,0.35025713,0.0003350903280079,0.9777846336364746
glide_00851,fusion,1,0.35025713,0.7612016201019287,0.0362172946333885
glide_00852,fusion,1,0.051804278,0.2616421580314636,0.0325183942914009
glide_00853,fusion,1,0.19897982,2.455796220601769e-06,0.0835012421011924
glide_00854,fusion,1,0.1938873,0.0016425593057647,0.4801730215549469
glide_00855,fusion,1,0.35025713,0.0007591564208269,0.0041556875221431
glide_00856,fusion,1,0.35025713,0.7126947641372681,0.0009550820104777
glide_00857,fusion,1,0.35025713,0.000777784967795,0.0463679581880569
glide_00858,fusion,1,0.35025713,0.2972797453403473,0.0473156757652759
glide_00859,fusion,1,0.35025713,0.9998352527618408,0.0035084795672446
glide_00860,fusion,1,0.35025713,0.2117146849632263,0.5463235378265381
glide_00861,fusion,1,0.529251,0.3744270205497741,0.1426404118537902
glide_00862,fusion,1,0.35025713,2.64949139818782e-05,0.0292481109499931
glide_00863,fusion,1,0.35025713,0.1140947118401527,0.0066154049709439
glide_00864,fusion,1,0.94689757,0.0036925093736499,0.1900480538606643
glide_00865,fusion,1,0.35025713,0.00017901926185,0.0085122929885983
glide_00866,fusion,1,0.12102528,0.0083127357065677,0.0209929551929235
glide_00867,fusion,1,0.35025713,8.259165042545646e-06,0.2640632688999176
glide_00868,fusion,1,0.35025713,0.3693067133426666,0.8938058018684387
glide_00869,fusion,1,0.2312034,5.996726031298749e-07,0.1299944370985031
glide_00870,fusion,1,0.35025713,4.360684761195444e-05,0.0328453071415424
glide_00871,fusion,1,0.35025713,0.0001437210885342,0.8050068616867065
glide_00872,fusion,1,0.35025713,0.999810516834259,0.9480521082878112
glide_00873,fusion,1,0.0042292294,0.005147042684257,0.932266354560852
glide_00874,fusion,1,0.7736098,0.9121394157409668,0.0028437627479434
glide_00875,fusion,1,0.35025713,3.3792741305660456e-05,0.1708982735872268
glide_00876,fusion,1,0.35025713,0.0013709821505472,0.6307061910629272
glide_00877,fusion,1,0.35025713,4.3521356474229833e-07,0.3638574779033661
glide_00878,fusion,1,0.35025713,0.3293720781803131,0.3678693175315857
glide_00879,fusion,1,0.17462389,0.0138316759839653,0.0121422847732901
glide_00880,fusion,1,0.35025713,0.0001311748055741,0.0308610759675502
glide_00881,fusion,1,0.35025713,0.0007830233662389,0.6275179982185364
glide_00882,fusion,1,0.12888055,0.9213595986366272,0.0690316706895828
glide_00883,fusion,1,0.35025713,3.8827852044676087e-10,0.0107260467484593
glide_00884,fusion,1,0.35025713,1.6444564607809298e-05,0.0993307158350944
glide_00885,fusion,1,0.35025713,2.678327473404352e-05,0.24322509765625
glide_00886,fusion,1,0.35025713,1.6040405625972198e-06,0.0289760697633028
glide_00887,fusion,1,0.35025713,0.9999921321868896,0.8123148679733276
glide_00888,fusion,1,0.35025713,9.942638143911608e-07,0.0004863559734076
glide_00889,fusion,1,0.35025713,0.1738567799329757,0.0108948638662695
glide_00890,fusion,1,0.6149029,0.0001144188718171,0.8905006647109985
glide_00891,fusion,1,0.35025713,0.8148334622383118,0.282933622598648
glide_00892,fusion,1,0.46531543,0.9975316524505616,0.1782705634832382
glide_00893,fusion,1,0.35025713,0.0051521635614335,0.0084202121943235
glide_00894,fusion,1,0.35025713,2.978917791551794e-06,0.3466454744338989
glide_00895,fusion,1,0.35025713,0.0013976116897538,0.9047520756721495
glide_00896,fusion,1,0.02969054,1.7316460798610933e-07,0.0010585478739812
glide_00897,fusion,1,0.35025713,0.2200676202774047,0.3915349245071411
glide_00898,fusion,1,0.089790866,0.0291123259812593,0.0239276103675365
glide_00899,fusion,1,0.35025713,1.1299041034362745e-05,0.004336695652455
glide_00900,fusion,1,0.35025713,0.0383030027151107,0.6349322199821472
glide_00901,fusion,1,0.35025713,5.8866749895969406e-05,0.0695029124617576
glide_00902,fusion,1,0.35025713,6.830225061094097e-07,0.7590981721878052
glide_00903,fusion,1,0.35025713,0.0014372954610735,0.0007507108966819
glide_00904,fusion,1,0.004614711,0.006659987848252,0.3160759210586548
glide_00905,fusion,1,0.22566056,0.0065764500759541,0.0067525585182011
glide_00906,fusion,1,0.35025713,0.0098723946139216,0.0051004057750105
glide_00907,fusion,1,0.12471251,0.0004420673649292,0.4543884992599487
glide_00908,fusion,1,0.35025713,0.7314521074295044,0.8384177684783936
glide_00909,fusion,1,0.04212201,0.9609580039978028,0.0515455901622772
glide_00910,fusion,1,0.9289645,0.0002653861010912,0.0540980026125907
glide_00911,fusion,1,0.64290726,0.0113552724942564,0.6046259999275208
glide_00912,fusion,1,0.35025713,0.2939213216304779,0.7274647355079651
glide_00913,fusion,1,0.063302174,0.0396842882037162,0.0009391551720909
glide_00914,fusion,1,0.9250226,0.0093518774956464,0.5256751775741577
glide_00915,fusion,1,0.35025713,1.141268603532808e-05,0.0337150022387504
glide_00916,fusion,1,0.35025713,0.0759876146912574,0.0149887846782803
glide_00917,fusion,1,0.04818452,4.534932304522954e-05,0.0256405975669622
glide_00918,fusion,1,0.35025713,0.0548635832965374,0.5549995303153992
glide_00919,fusion,1,0.87885696,0.0129618793725967,0.0004978634533472
glide_00920,fusion,1,0.35025713,0.0001257013500435,0.5347527265548706
glide_00921,fusion,1,0.028205156,0.3949945867061615,0.9882031083106996
glide_00922,fusion,1,0.35025713,0.0025016348809003,0.4715617299079895
glide_00923,fusion,1,0.35025713,0.0051405085250735,0.0228976793587207
glide_00924,fusion,1,0.1496399,0.0507352352142334,0.0108601115643978
glide_00925,fusion,1,0.690673,0.0488190799951553,0.1254459619522094
glide_00926,fusion,1,0.35025713,0.978358030319214,0.2067905664443969
glide_00927,fusion,1,0.06519157,0.0029490562155842,0.2771260142326355
glide_00928,fusion,1,0.6442611,0.0010314014507457,0.219253584742546
glide_00929,fusion,1,0.35025713,0.2688506543636322,0.7183752655982971
glide_00930,fusion,1,0.08238107,0.0030352862086147,0.9169101119041444
glide_00931,fusion,1,0.35025713,0.4328330457210541,0.2839879691600799
glide_00932,fusion,1,0.35025713,2.570360209119827e-07,0.1101102381944656
glide_00933,fusion,1,0.35025713,6.481921445811167e-05,0.1166613847017288
glide_00934,fusion,1,0.35025713,3.473152901278809e-05,0.0693473443388938
glide_00935,fusion,1,0.5030071,0.0001119349471991,0.3999716341495514
glide_00936,fusion,1,0.35025713,0.9950588941574096,0.0477206148207187
glide_00937,fusion,1,0.35025713,0.0003051440289709,0.0591351762413978
glide_00938,fusion,1,0.35025713,0.0012739913072437,0.0006180813070386
glide_00939,fusion,1,0.35025713,5.342718850442907e-06,0.5104824304580688
glide_00940,fusion,1,0.35025713,7.673119029050214e-08,0.0057098688557744
glide_00941,fusion,1,0.35025713,0.0651336386799812,0.7572131156921387
glide_00942,fusion,1,0.35025713,0.0384765304625034,0.001936990651302
glide_00943,fusion,1,0.19264053,0.0001510147121734,0.0263952668756246
glide_00944,fusion,1,0.35025713,0.0011730196420103,0.1307839602231979
glide_00945,fusion,1,0.6661964,0.0172206349670887,0.907987415790558
glide_00946,fusion,1,0.35025713,0.0014411403099074,0.187530368566513
glide_00947,fusion,1,0.35025713,0.0175689980387687,0.2293915599584579
glide_00948,fusion,1,0.018930683,0.0044209063053131,0.1658385246992111
glide_00949,fusion,1,0.35025713,0.1211226508021354,0.5837873220443726
glide_00950,fusion,1,0.35025713,0.0017705112695693,0.7762943506240845
glide_00951,fusion,1,0.35025713,0.0513765476644039,0.0030299832578748
glide_00952,fusion,1,0.35025713,0.0002638931910041,0.8666384816169739
glide_00953,fusion,1,0.2657375,0.0050215357914566,0.2471868097782135
glide_00954,fusion,1,0.35025713,2.598219452920602e-06,0.0254170671105384
glide_00955,fusion,1,0.6590739,0.0191081631928682,0.3204613029956817
glide_00956,fusion,1,0.35025713,4.271068405614642e-07,0.011265467852354
glide_00957,fusion,1,0.35025713,0.0001262558798771,0.0028832843527197
glide_00958,fusion,1,0.35025713,8.942528074840084e-05,0.8446542620658875
glide_00959,fusion,1,0.052159086,0.004232688806951,0.603326141834259
glide_00960,fusion,1,0.3251031,0.0039753667078912,0.0028342511504888
glide_00961,fusion,1,0.457458,0.0047380435280501,0.7064765691757202
glide_00962,fusion,1,0.35025713,0.0002750831190496,0.0086875595152378
glide_00963,fusion,1,0.3360905,0.6195788383483887,0.9271742105484008
glide_00964,fusion,1,0.35025713,0.2962311208248138,0.5085570216178894
glide_00965,fusion,1,0.35025713,4.855936026615382e-07,0.0440220013260841
glide_00966,fusion,1,0.3507688,0.9984102249145508,0.0662436410784721
glide_00967,fusion,1,0.35025713,0.0024344075936824,0.5058779120445251
glide_00968,fusion,1,0.39630622,0.0032643543090671,0.9562578797340392
glide_00969,fusion,1,0.35025713,0.1812502592802047,0.8122172951698303
glide_00970,fusion,1,0.167885,7.157425716286525e-05,0.3925125896930694
glide_00971,fusion,1,0.35025713,8.558498848287854e-06,0.1800677478313446
glide_00972,fusion,1,0.35025713,0.0087614497169852,0.961539626121521
glide_00973,fusion,1,0.35025713,0.9999957084655762,0.9999793767929076
glide_00974,fusion,1,0.76608723,1.857128881965764e-05,0.9819191694259644
glide_00975,fusion,1,0.35025713,1.2149137091910234e-06,0.147274762392044
glide_00976,fusion,1,0.35025713,0.0195637084543705,0.3169581592082977
glide_00977,fusion,1,0.35025713,0.0565083064138889,0.0070822304114699
glide_00978,fusion,1,0.35025713,1.5946090570650995e-05,0.7426568269729614
glide_00979,fusion,1,0.06513343,0.7437952756881714,0.1254122406244278
glide_00980,fusion,1,0.35025713,4.4252460611460265e-06,0.2003900855779647
glide_00981,fusion,1,0.33029264,0.0810225680470466,0.3613410890102386
glide_00982,fusion,1,0.35025713,1.5313161156882416e-06,0.0015620787162333
glide_00983,fusion,1,0.35025713,0.0025449381209909,0.0424741692841053
glide_00984,fusion,1,0.35025713,0.0001010400010272,0.648281455039978
glide_00985,fusion,1,0.35025713,0.1541018038988113,0.9573884606361388
glide_00986,fusion,1,0.35025713,0.0009794677607715,0.035796720534563
glide_00987,fusion,1,0.1065758,0.3049830794334411,0.0253607481718063
glide_00988,fusion,1,0.35025713,0.0023057020734995,0.4510044157505035
glide_00989,fusion,1,0.35025713,2.357720407797359e-10,0.2400896698236465
glide_00990,fusion,1,0.35025713,0.0001847459789132,0.012403892353177
glide_00991,fusion,1,0.35025713,0.000177686670213,0.0065398570150136
glide_00992,fusion,1,0.35025713,0.0040367315523326,0.0095072416588664
glide_00993,fusion,1,0.35025713,4.977349817636423e-05,0.0115574849769473
glide_00994,fusion,1,0.35025713,0.9655749201774596,0.1278713941574096
glide_00995,fusion,1,0.28708753,0.0006768986932002,0.3014918863773346
glide_00996,fusion,1,0.35025713,0.9974125027656556,0.1584977209568023
glide_00997,fusion,1,0.35025713,0.0005364642711356,0.4632123708724975
glide_00998,fusion,1,0.37158814,0.0579188428819179,0.1784790307283401
glide_00999,fusion,1,0.15026477,2.1754690493480663e-08,0.0005757422186434
