chave,label,generator,v1,label_rep,replica,discorda
coco/coco_000023.png,0,real,0.0003175681340508163,0,0.00782329,False
coco/coco_000033.png,0,real,3.8528090954059735e-05,0,0.01582323,False
coco/coco_000046.png,0,real,5.713357313652523e-05,0,3e-08,False
coco/coco_000060.png,0,real,0.0008450154564343393,0,8e-07,False
coco/coco_000062.png,0,real,1.6996351632769802e-06,0,0.34740075,False
coco/coco_000079.png,0,real,3.8915752043067187e-07,0,8.02e-06,False
coco/coco_000081.png,0,real,1.5949551368521497e-07,0,3.67e-06,False
coco/coco_000083.png,0,real,4.673802777688252e-06,0,2.04e-06,False
coco/coco_000085.png,0,real,0.0023015649057924747,0,0.10970238,False
coco/coco_000128.png,0,real,0.9634217023849487,0,9.017e-05,True
coco/coco_000184.png,0,real,6.261399539653212e-05,0,0.00028266,False
coco/coco_000199.png,0,real,6.101786493672989e-05,0,0.0,False
coco/coco_000201.png,0,real,4.151371831540018e-05,0,5.803e-05,False
coco/coco_000227.png,0,real,4.676793396996004e-10,0,0.0,False
coco/coco_000229.png,0,real,0.00013577468052972108,0,5.1e-06,False
coco/coco_000297.png,0,real,1.7882482994391324e-10,0,0.0,False
coco/coco_000308.png,0,real,0.003500359831377864,0,0.24603902,False
coco/coco_000315.png,0,real,2.7892369303117448e-08,0,0.7670927,True
coco/coco_000333.png,0,real,1.7549359860279112e-13,0,0.00048512,False
coco/coco_000358.png,0,real,3.3600758797547314e-07,0,5.27e-06,False
coco/coco_000378.png,0,real,0.007941832765936852,0,3.39e-06,False
coco/coco_000380.png,0,real,7.680864655412734e-08,0,0.01516898,False
coco/coco_000389.png,0,real,0.0009813504293560982,0,0.43350887,False
coco/coco_000390.png,0,real,0.984840452671051,0,0.7344349,False
coco/coco_000397.png,0,real,8.091224326003825e-19,0,5.26e-06,False
coco/coco_000437.png,0,real,2.131263136107009e-05,0,8.398e-05,False
coco/coco_000440.png,0,real,9.794413927011192e-06,0,2.6e-07,False
coco/coco_000547.png,0,real,1.3784504517388996e-05,0,0.00045054,False
coco/coco_000548.png,0,real,4.925434404867701e-05,0,0.06335989,False
coco/coco_000566.png,0,real,1.3270833321143982e-08,0,0.0,False
coco/coco_000568.png,0,real,5.117672117194161e-07,0,1.8e-07,False
coco/coco_000576.png,0,real,9.447438060306013e-06,0,0.00052363,False
coco/coco_000588.png,0,real,2.406402927590534e-06,0,7.14e-06,False
coco/coco_000599.png,0,real,0.17961856722831726,0,0.03697827,False
coco/coco_000620.png,0,real,4.426016467778939e-21,0,0.0,False
coco/coco_000627.png,0,real,2.668941078809439e-06,0,4e-08,False
coco/coco_000646.png,0,real,2.9477227325713784e-09,0,0.16056108,False
coco/coco_000675.png,0,real,2.985888758466615e-10,0,1e-08,False
coco/coco_000688.png,0,real,3.2458487009279224e-09,0,0.0,False
coco/coco_000726.png,0,real,2.7679638137101392e-08,0,3e-08,False
coco/coco_000736.png,0,real,0.0008566774195060134,0,0.98789018,True
coco/coco_000746.png,0,real,0.014116698876023293,0,0.08788405,False
coco/coco_000750.png,0,real,5.427935775514925e-06,0,0.0,False
coco/coco_000764.png,0,real,6.665896944468841e-05,0,1.75e-06,False
coco/coco_000772.png,0,real,1.3665041718826146e-15,0,0.00071314,False
coco/coco_000796.png,0,real,4.8476915298807655e-15,0,0.0,False
coco/coco_000801.png,0,real,8.323132533405442e-06,0,9.91e-06,False
coco/coco_000814.png,0,real,3.2764290835984866e-07,0,0.0,False
coco/coco_000841.png,0,real,1.738990533795004e-07,0,0.0,False
coco/coco_000872.png,0,real,0.0003426783950999379,0,0.0139528,False
coco/coco_000878.png,0,real,6.8792282945651095e-06,0,2e-08,False
coco/coco_000886.png,0,real,2.859464075299911e-06,0,1e-08,False
coco/coco_000916.png,0,real,1.0706761486289906e-06,0,0.00099975,False
coco/coco_000924.png,0,real,0.00020402758673299104,0,0.0,False
coco/coco_000948.png,0,real,1.075542876982638e-09,0,1.301e-05,False
coco/coco_000950.png,0,real,4.553757833036798e-07,0,3.67e-05,False
coco/coco_000953.png,0,real,5.3930353238751394e-11,0,0.00061007,False
coco/coco_000958.png,0,real,4.631190222426085e-06,0,0.01474229,False
coco/coco_000970.png,0,real,2.225864818683476e-06,0,0.0,False
coco/coco_000984.png,0,real,4.660902306469206e-12,0,0.00295815,False
coco/coco_000991.png,0,real,0.00030929315835237503,0,5e-08,False
coco/coco_001057.png,0,real,2.568733907537535e-05,0,0.0,False
coco/coco_001068.png,0,real,5.949409853656107e-09,0,0.0,False
coco/coco_001079.png,0,real,4.2069323171745054e-06,0,3.4e-07,False
coco/coco_001080.png,0,real,0.01648525893688202,0,0.06374405,False
coco/coco_001101.png,0,real,0.0002131582732545212,0,3.82e-06,False
coco/coco_001110.png,0,real,3.499644463111906e-10,0,0.0,False
coco/coco_001140.png,0,real,0.000151693748193793,0,0.03797727,False
coco/coco_001173.png,0,real,6.565331887031789e-07,0,0.0,False
coco/coco_001182.png,0,real,1.196997416550577e-13,0,2.968e-05,False
coco/coco_001193.png,0,real,0.00011295743024675176,0,3.21e-06,False
coco/coco_001201.png,0,real,1.0909940506564908e-08,0,0.0,False
coco/coco_001259.png,0,real,2.058414067451428e-14,0,0.0,False
coco/coco_001283.png,0,real,0.013651961460709572,0,3.661e-05,False
coco/coco_001292.png,0,real,4.0209527457189705e-20,0,0.00358124,False
coco/coco_001298.png,0,real,1.6788297330094792e-07,0,1e-08,False
coco/coco_001315.png,0,real,7.298262789845467e-05,0,0.00162165,False
coco/coco_001331.png,0,real,3.870050022669602e-06,0,0.0,False
coco/coco_001337.png,0,real,1.273366160603473e-05,0,4.9e-06,False
coco/coco_001344.png,0,real,0.6214067935943604,0,0.00239285,True
coco/coco_001350.png,0,real,0.045754022896289825,0,3.1e-06,False
coco/coco_001368.png,0,real,1.950976411535521e-06,0,0.00019183,False
coco/coco_001424.png,0,real,3.6793011304325773e-07,0,0.00882543,False
coco/coco_001487.png,0,real,0.5576002597808838,0,0.70980555,False
coco/coco_001499.png,0,real,9.45818374020746e-06,0,0.00145022,False
coco/coco_001500.png,0,real,1.6288436199829448e-07,0,1.1e-06,False
coco/coco_001510.png,0,real,2.920843326137401e-05,0,0.00310654,False
coco/coco_001513.png,0,real,1.384639761382216e-14,0,0.00043015,False
coco/coco_001579.png,0,real,2.2121044687857527e-13,0,0.420131,False
coco/coco_001588.png,0,real,0.0005477415979839861,0,0.00744151,False
coco/coco_001595.png,0,real,0.004180401563644409,0,0.48228917,False
coco/coco_001598.png,0,real,0.03403940051794052,0,0.04830472,False
coco/coco_001628.png,0,real,0.0015708459541201591,0,0.03502778,False
coco/coco_001631.png,0,real,3.670594850291309e-08,0,0.02662912,False
coco/coco_001640.png,0,real,6.960838409988219e-15,0,0.0,False
coco/coco_001654.png,0,real,3.143687029598312e-24,0,0.00796023,False
coco/coco_001661.png,0,real,1.466072990297107e-05,0,2.5e-07,False
coco/coco_001669.png,0,real,0.00483078695833683,0,0.02230377,False
coco/coco_001671.png,0,real,7.359458467713197e-16,0,0.0,False
coco/coco_001679.png,0,real,6.929487312845595e-07,0,0.00289015,False
coco/coco_001688.png,0,real,1.1728875506378245e-05,0,1e-08,False
coco/coco_001710.png,0,real,1.5154157154029235e-05,0,4e-07,False
coco/coco_001722.png,0,real,2.1404941435321234e-05,0,1.243e-05,False
coco/coco_001735.png,0,real,0.012641066685318947,0,0.00151621,False
coco/coco_001788.png,0,real,2.8282801878276587e-08,0,0.0,False
coco/coco_001815.png,0,real,4.522233965076339e-08,0,1e-08,False
coco/coco_001845.png,0,real,2.5494510946799664e-09,0,0.0,False
coco/coco_001848.png,0,real,3.7146541398414e-09,0,0.01385925,False
coco/coco_001871.png,0,real,2.331582704684365e-09,0,0.0,False
coco/coco_001882.png,0,real,0.004922557156533003,0,0.00115956,False
coco/coco_001885.png,0,real,2.6580826428812543e-09,0,2.031e-05,False
coco/coco_001897.png,0,real,1.7216476408066228e-05,0,1.7e-07,False
coco/coco_001898.png,0,real,7.849997018638533e-06,0,0.0,False
coco/coco_001900.png,0,real,0.0002512531355023384,0,0.00119091,False
coco/coco_001904.png,0,real,6.84830520185642e-05,0,2.3e-06,False
coco/coco_001908.png,0,real,8.240506588208518e-08,0,0.0108573,False
coco/coco_001928.png,0,real,0.001715099555440247,0,4.06e-06,False
coco/coco_001950.png,0,real,2.455092362652067e-05,0,0.00119659,False
coco/coco_001959.png,0,real,2.4945853738245205e-07,0,9.85e-06,False
coco/coco_001971.png,0,real,1.0149698255190742e-06,0,4.94e-06,False
coco/coco_001990.png,0,real,6.97729234389044e-08,0,2e-08,False
coco/coco_002010.png,0,real,4.0275078289560264e-20,0,0.0,False
coco/coco_002043.png,0,real,1.9580865817658832e-09,0,0.0,False
coco/coco_002081.png,0,real,1.2155322304252536e-09,0,0.89022195,True
coco/coco_002138.png,0,real,3.1086815397429746e-06,0,0.0003006,False
coco/coco_002141.png,0,real,0.0008955875528044999,0,0.00027524,False
coco/coco_002157.png,0,real,1.294468443546748e-08,0,0.0,False
coco/coco_002192.png,0,real,0.0002883212291635573,0,0.01527847,False
coco/coco_002207.png,0,real,4.838660606765188e-05,0,0.05795934,False
coco/coco_002214.png,0,real,0.0005777565529569983,0,0.00014752,False
coco/coco_002217.png,0,real,0.0007888565305620432,0,0.01949986,False
coco/coco_002230.png,0,real,2.8903607017127797e-05,0,0.0,False
coco/coco_002235.png,0,real,0.01473223976790905,0,0.24676551,False
coco/coco_002272.png,0,real,3.4603248041583794e-17,0,6.956e-05,False
coco/coco_002315.png,0,real,1.746804059621354e-06,0,1e-07,False
coco/coco_002377.png,0,real,0.005351742263883352,0,0.00039514,False
coco/coco_002396.png,0,real,3.1625173591010025e-09,0,0.04818609,False
coco/coco_002406.png,0,real,1.4720495841236024e-19,0,0.00011235,False
coco/coco_002489.png,0,real,5.0865426601376384e-05,0,4.73e-05,False
coco/coco_002494.png,0,real,0.002421539044007659,0,2.105e-05,False
coco/coco_002499.png,0,real,2.006400201537417e-08,0,1e-07,False
coco/coco_002520.png,0,real,0.0010200580582022667,0,0.0,False
coco/coco_002523.png,0,real,0.0008537877001799643,0,3.306e-05,False
coco/coco_002534.png,0,real,0.0007455840823240578,0,0.00145348,False
coco/coco_002536.png,0,real,2.3819313355488703e-05,0,0.00170473,False
coco/coco_002541.png,0,real,1.573767178797425e-07,0,0.0,False
coco/coco_002549.png,0,real,3.1997510632209014e-06,0,0.0,False
coco/coco_002560.png,0,real,4.455292526017729e-07,0,0.0,False
coco/coco_002571.png,0,real,2.4816307928062624e-31,0,0.0,False
coco/coco_002582.png,0,real,1.0110986750078155e-06,0,0.0,False
coco/coco_002588.png,0,real,0.00019972494919784367,0,0.00030545,False
coco/coco_002591.png,0,real,0.0013192846672609448,0,6.5e-07,False
coco/coco_002626.png,0,real,4.118463493796298e-06,0,0.01280985,False
coco/coco_002648.png,0,real,1.4360963590184794e-12,0,0.00021351,False
coco/coco_002672.png,0,real,0.9838017821311951,0,0.73990297,False
coco/coco_002696.png,0,real,2.0367392608022783e-06,0,3.304e-05,False
coco/coco_002706.png,0,real,1.3112344326646208e-12,0,0.05424504,False
coco/coco_002744.png,0,real,3.907346113329879e-10,0,6.2e-06,False
coco/coco_002754.png,0,real,1.5459043424925767e-05,0,0.01582596,False
coco/coco_002800.png,0,real,9.393631626153365e-05,0,5.49e-06,False
coco/coco_002810.png,0,real,6.207961632753722e-06,0,0.00212525,False
coco/coco_002863.png,0,real,3.2751856338109064e-07,0,2e-08,False
coco/coco_002915.png,0,real,0.00958692841231823,0,0.00391515,False
coco/coco_002941.png,0,real,0.0006152131827548146,0,0.00947799,False
coco/coco_002958.png,0,real,3.531150287017226e-05,0,0.06237759,False
coco/coco_002960.png,0,real,0.0018053014064207673,0,0.12864441,False
coco/coco_002986.png,0,real,0.00011091969645349309,0,0.00029914,False
coco/coco_002990.png,0,real,7.942271622596309e-06,0,0.08349007,False
coco/coco_003003.png,0,real,0.0005709014949388802,0,0.00338868,False
coco/coco_003023.png,0,real,1.905111624012079e-08,0,0.0,False
coco/coco_003027.png,0,real,1.696184170896231e-08,0,0.0,False
coco/coco_003033.png,0,real,1.658859218878206e-05,0,2.2e-07,False
coco/coco_003037.png,0,real,0.0005557853146456182,0,1.2e-05,False
coco/coco_003087.png,0,real,0.0007244092994369566,0,0.56731761,True
coco/coco_003088.png,0,real,0.0010061374632641673,0,0.00041491,False
coco/coco_003099.png,0,real,2.1160186491897548e-08,0,0.0,False
coco/coco_003114.png,0,real,0.2658013701438904,0,0.0,False
coco/coco_003125.png,0,real,8.790955325821415e-05,0,0.00072646,False
coco/coco_003129.png,0,real,1.8708113884713384e-06,0,0.05086689,False
coco/coco_003141.png,0,real,5.899095448236302e-12,0,6.005e-05,False
coco/coco_003142.png,0,real,2.928459211237744e-11,0,0.0,False
coco/coco_003154.png,0,real,2.065755325020291e-05,0,1.482e-05,False
coco/coco_003185.png,0,real,0.0022015266586095095,0,0.00050622,False
coco/coco_003219.png,0,real,6.361058718599762e-19,0,4.378e-05,False
coco/coco_003240.png,0,real,0.00016822970064822584,0,2.254e-05,False
coco/coco_003241.png,0,real,6.022881643730216e-05,0,0.0,False
coco/coco_003244.png,0,real,0.004469101317226887,0,0.01258212,False
coco/coco_003257.png,0,real,4.457163868210046e-06,0,1e-08,False
coco/coco_003285.png,0,real,0.00033192193950526416,0,0.00204824,False
coco/coco_003330.png,0,real,0.0015680193901062012,0,0.00050441,False
coco/coco_003343.png,0,real,0.04810841754078865,0,0.00011914,False
coco/coco_003371.png,0,real,1.4966531636623055e-25,0,1.59e-06,False
coco/coco_003375.png,0,real,0.0002937576500698924,0,0.0,False
coco/coco_003377.png,0,real,0.0022373239044100046,0,9.21e-06,False
coco/coco_003414.png,0,real,1.0774418248641196e-21,0,0.00107051,False
coco/coco_003428.png,0,real,2.9975731763443036e-07,0,7.8e-06,False
coco/coco_003485.png,0,real,1.067708399205003e-05,0,0.0,False
coco/coco_003494.png,0,real,5.697807523574738e-07,0,0.0,False
coco/coco_003525.png,0,real,2.3699517441855278e-06,0,0.0,False
coco/coco_003527.png,0,real,0.00015275304031092674,0,0.00078709,False
coco/coco_003543.png,0,real,7.846786331811018e-08,0,0.00157811,False
coco/coco_003554.png,0,real,7.141152309486642e-05,0,0.99999964,True
coco/coco_003566.png,0,real,8.422113069173065e-07,0,0.0,False
coco/coco_003573.png,0,real,0.0003867624036502093,0,0.00708729,False
coco/coco_003603.png,0,real,1.3319729867677932e-11,0,7.68e-06,False
coco/coco_003606.png,0,real,0.7379536628723145,0,3.02e-06,True
coco/coco_003649.png,0,real,7.604494749102741e-05,0,2e-08,False
coco/coco_003662.png,0,real,0.0006147566600702703,0,0.11242157,False
coco/coco_003678.png,0,real,5.5225980759132653e-05,0,0.1645781,False
coco/coco_003690.png,0,real,3.746946308780252e-09,0,0.0,False
coco/coco_003722.png,0,real,0.015297013334929943,0,0.0218933,False
coco/coco_003737.png,0,real,0.0004957811324857175,0,0.03673963,False
coco/coco_003786.png,0,real,0.7905775904655457,0,0.98871428,False
coco/coco_003807.png,0,real,0.9255865216255188,0,1.0,False
coco/coco_003818.png,0,real,4.413882379594725e-06,0,0.0,False
coco/coco_003823.png,0,real,2.3141106453294924e-07,0,0.26669168,False
coco/coco_003866.png,0,real,0.0017576789250597358,0,0.00139409,False
coco/coco_003874.png,0,real,1.3850607274434878e-06,0,1.103e-05,False
coco/coco_003897.png,0,real,0.2740815281867981,0,0.07435797,False
coco/coco_003902.png,0,real,6.7369796852290165e-06,0,0.00638088,False
coco/coco_003949.png,0,real,5.259931877397593e-15,0,0.0,False
coco/coco_003986.png,0,real,5.4194788847578e-13,0,0.0,False
coco/coco_003990.png,0,real,6.7221158133179415e-06,0,0.23099628,False
coco/coco_004022.png,0,real,4.908928895019926e-05,0,0.0013671,False
coco/coco_004071.png,0,real,7.720551366219297e-06,0,0.02205489,False
coco/coco_004105.png,0,real,1.8878579055581213e-07,0,7.895e-05,False
coco/coco_004107.png,0,real,5.643674739985727e-06,0,0.29453018,False
coco/coco_004121.png,0,real,4.839114886578955e-09,0,0.0,False
coco/coco_004137.png,0,real,1.5204083183562034e-06,0,6.8e-07,False
coco/coco_004150.png,0,real,6.741026368217717e-07,0,0.06910349,False
coco/coco_004153.png,0,real,3.730126450773863e-12,0,2.172e-05,False
coco/coco_004154.png,0,real,1.5824269894437748e-06,0,0.0,False
coco/coco_004155.png,0,real,8.985501153802034e-06,0,0.00110334,False
coco/coco_004159.png,0,real,5.829157089465298e-06,0,0.00788424,False
coco/coco_004185.png,0,real,1.242972575710155e-05,0,0.00147175,False
coco/coco_004187.png,0,real,3.8279675209196284e-05,0,0.0,False
coco/coco_004233.png,0,real,6.821744280571806e-10,0,1.56e-06,False
coco/coco_004238.png,0,real,4.111339876544662e-05,0,0.00106125,False
coco/coco_004246.png,0,real,0.0013334143441170454,0,0.03144834,False
coco/coco_004260.png,0,real,0.00010784533515106887,0,0.00051576,False
coco/coco_004280.png,0,real,6.635176396230236e-05,0,0.00026723,False
coco/coco_004387.png,0,real,7.330366315727588e-06,0,0.00019873,False
coco/coco_004395.png,0,real,6.165783617007037e-08,0,4.214e-05,False
coco/coco_004403.png,0,real,2.4645026687822313e-13,0,0.0,False
coco/coco_004410.png,0,real,0.0004376440483611077,0,1.56e-06,False
coco/coco_004449.png,0,real,1.6528018704775604e-06,0,0.0,False
coco/coco_004452.png,0,real,6.241656592465006e-06,0,0.0,False
coco/coco_004458.png,0,real,0.0016066106036305428,0,0.06152759,False
coco/coco_004465.png,0,real,0.00025514917797409,0,1e-08,False
coco/coco_004468.png,0,real,0.9999918937683105,0,0.43961963,True
coco/coco_004508.png,0,real,0.016808798536658287,0,1.2e-07,False
coco/coco_004528.png,0,real,5.255701580608729e-06,0,4.7e-07,False
coco/coco_004532.png,0,real,0.00247105211019516,0,0.99433953,True
coco/coco_004538.png,0,real,8.099750630208291e-06,0,0.0,False
coco/coco_004563.png,0,real,1.196876070475028e-10,0,0.0,False
coco/coco_004603.png,0,real,0.008173679001629353,0,0.88304514,True
coco/coco_004660.png,0,real,8.330816037016575e-10,0,0.0,False
coco/coco_004661.png,0,real,7.087233466762655e-09,0,3e-08,False
coco/coco_004668.png,0,real,0.0001286733167944476,0,1.4e-07,False
coco/coco_004678.png,0,real,7.91435559222009e-06,0,1.8e-06,False
coco/coco_004725.png,0,real,0.00040732708293944597,0,0.00061405,False
coco/coco_004726.png,0,real,0.45521682500839233,0,0.03205251,False
coco/coco_004762.png,0,real,0.00032721253228373826,0,0.0,False
coco/coco_004785.png,0,real,6.730598023363399e-11,0,0.0,False
coco/coco_004799.png,0,real,1.791170143405907e-05,0,0.07882041,False
coco/coco_004804.png,0,real,0.022855954244732857,0,0.01262158,False
coco/coco_004894.png,0,real,1.5437208276125602e-05,0,0.00542915,False
coco/coco_004911.png,0,real,0.00014984398148953915,0,0.0,False
coco/coco_004920.png,0,real,0.00014530493353959173,0,3e-08,False
coco/coco_004921.png,0,real,0.05450854450464249,0,0.00294317,False
coco/coco_004923.png,0,real,2.986492719792011e-10,0,0.0664521,False
coco/coco_004953.png,0,real,0.0033654801081866026,0,0.89410084,True
coco/coco_004999.png,0,real,1.181797108090743e-11,0,0.0,False
coco/coco_005003.png,0,real,1.961985418574841e-07,0,0.0,False
coco/coco_005008.png,0,real,0.0001001961572910659,0,0.48009688,False
coco/coco_005010.png,0,real,2.4697653699945477e-08,0,3.61e-06,False
coco/coco_005069.png,0,real,6.798237972560628e-09,0,0.0,False
coco/coco_005073.png,0,real,2.701502093229347e-24,0,0.0,False
coco/coco_005090.png,0,real,0.00036948019987903535,0,0.13227095,False
coco/coco_005126.png,0,real,0.04636112600564957,0,0.00253502,False
coco/coco_005170.png,0,real,2.678482587725739e-06,0,8.6e-07,False
coco/coco_005255.png,0,real,5.13246122864075e-05,0,2.993e-05,False
coco/coco_005262.png,0,real,3.0955463898862945e-06,0,1.504e-05,False
coco/coco_005279.png,0,real,9.341721190006536e-13,0,1.01e-06,False
coco/coco_005291.png,0,real,0.009418494999408722,0,0.00056892,False
coco/coco_005305.png,0,real,1.9093755554422387e-07,0,0.0,False
coco/coco_005327.png,0,real,0.38422149419784546,0,0.0017477,False
coco/coco_005348.png,0,real,0.0006884132162667811,0,0.00033365,False
coco/coco_005358.png,0,real,5.204270792091847e-07,0,0.0,False
coco/coco_005363.png,0,real,2.8584573537370275e-14,0,0.0,False
coco/coco_005375.png,0,real,9.039986252901144e-06,0,1.96e-06,False
coco/coco_005429.png,0,real,0.0020188370253890753,0,1.449e-05,False
coco/coco_005463.png,0,real,2.2363257812685333e-05,0,5.24e-06,False
coco/coco_005464.png,0,real,0.00033889058977365494,0,0.0020518,False
coco/coco_005499.png,0,real,0.0008661843603476882,0,0.05651393,False
coco/coco_005546.png,0,real,1.3394222264651034e-07,0,0.99690008,True
coco/coco_005561.png,0,real,3.4169636181046007e-37,0,2.9e-07,False
coco/coco_005601.png,0,real,2.735646263493531e-28,0,0.00098158,False
coco/coco_005616.png,0,real,4.020130290882662e-07,0,3.12e-06,False
coco/coco_005626.png,0,real,0.00011717873712768778,0,0.05014887,False
coco/coco_005638.png,0,real,2.0172297809040174e-05,0,0.04726622,False
coco/coco_005649.png,0,real,1.1178048764381998e-10,0,0.0,False
coco/coco_005656.png,0,real,7.311270729462582e-13,0,5e-07,False
coco/coco_005668.png,0,real,6.963569720852547e-09,0,6.16e-06,False
coco/coco_005676.png,0,real,0.0024727359414100647,0,0.00152171,False
coco/coco_005698.png,0,real,0.7916051149368286,0,0.00087135,True
coco/coco_005705.png,0,real,3.865001081281777e-17,0,0.00319793,False
coco/coco_005709.png,0,real,8.330958700675239e-10,0,0.01064987,False
coco/coco_005726.png,0,real,1.9611036350397626e-08,0,0.69167548,True
coco/coco_005737.png,0,real,4.0861406887415797e-05,0,0.00463501,False
coco/coco_005740.png,0,real,4.716933359747225e-15,0,0.0,False
coco/coco_005763.png,0,real,1.943692950590048e-05,0,0.00317122,False
coco/coco_005764.png,0,real,7.363278200500645e-07,0,6.6e-06,False
coco/coco_005787.png,0,real,0.005441756919026375,0,1.281e-05,False
coco/coco_005799.png,0,real,0.1159423366189003,0,4.78e-06,False
coco/coco_005820.png,0,real,5.383099521694135e-10,0,0.00055467,False
coco/coco_005831.png,0,real,9.77963918558089e-06,0,0.00019785,False
coco/coco_005842.png,0,real,1.662619069975335e-05,0,2.497e-05,False
coco/coco_005846.png,0,real,0.00013168048462830484,0,0.00339713,False
coco/coco_005867.png,0,real,1.0495395495891882e-22,0,2e-07,False
coco/coco_005880.png,0,real,6.755134108971106e-06,0,1.516e-05,False
coco/coco_005883.png,0,real,5.718533170384065e-17,0,9.06e-06,False
coco/coco_005907.png,0,real,0.0003877897106576711,0,6.381e-05,False
coco/coco_005949.png,0,real,1.6846581729623722e-07,0,0.0,False
coco/coco_005998.png,0,real,0.09908673912286758,0,0.91246319,True
coco/coco_006009.png,0,real,2.575269945737091e-06,0,2.2e-07,False
coco/coco_006011.png,0,real,1.7008319446176756e-06,0,0.00246332,False
coco/coco_006027.png,0,real,2.1493899566848995e-06,0,0.02777045,False
coco/coco_006045.png,0,real,1.988258979679358e-08,0,2.08e-06,False
coco/coco_006075.png,0,real,0.020865552127361298,0,5.7e-07,False
coco/coco_006092.png,0,real,0.02769060619175434,0,8.695e-05,False
coco/coco_006107.png,0,real,7.815672375954819e-08,0,7.2e-07,False
coco/coco_006140.png,0,real,0.0004628331807907671,0,0.28634661,False
coco/coco_006179.png,0,real,5.576418698183261e-05,0,4.951e-05,False
coco/coco_006181.png,0,real,1.8580109895083297e-08,0,1.493e-05,False
coco/coco_006199.png,0,real,0.0019251646008342505,0,0.01155282,False
coco/coco_006218.png,0,real,6.162461491619753e-14,0,0.0,False
coco/coco_006234.png,0,real,3.507923111101263e-06,0,0.00159625,False
coco/coco_006237.png,0,real,1.8623970277076296e-07,0,2.08e-06,False
coco/coco_006284.png,0,real,5.0342954631410475e-12,0,0.00482361,False
coco/coco_006286.png,0,real,3.6130386241501234e-16,0,0.0,False
coco/coco_006333.png,0,real,6.745626251358772e-06,0,9.408e-05,False
coco/coco_006346.png,0,real,0.025138236582279205,0,3.912e-05,False
coco/coco_006370.png,0,real,0.08163388073444366,0,1.211e-05,False
coco/coco_006380.png,0,real,3.049188308068551e-06,0,0.0,False
coco/coco_006384.png,0,real,0.002737014787271619,0,0.40839046,False
coco/coco_006399.png,0,real,1.3076030882075429e-05,0,2.661e-05,False
coco/coco_006409.png,0,real,0.0005081371637061238,0,0.01223502,False
coco/coco_006418.png,0,real,0.0006047656061127782,0,0.07920448,False
coco/coco_006420.png,0,real,4.961266064640313e-09,0,8.3e-06,False
coco/coco_006427.png,0,real,0.0021078193094581366,0,0.00474558,False
coco/coco_006440.png,0,real,1.9996753142237367e-09,0,1.53e-06,False
coco/coco_006455.png,0,real,0.0009110511746257544,0,8.07e-06,False
coco/coco_006476.png,0,real,5.41784913821175e-07,0,0.0,False
coco/coco_006490.png,0,real,0.0008457351941615343,0,0.00499996,False
coco/coco_006495.png,0,real,1.2529700461545756e-16,0,0.0,False
coco/coco_006500.png,0,real,1.817532506720454e-06,0,0.00020729,False
coco/coco_006551.png,0,real,0.0076799942180514336,0,0.00018134,False
coco/coco_006554.png,0,real,8.164500286511611e-06,0,7.9e-07,False
coco/coco_006555.png,0,real,0.0012913185637444258,0,2.14e-06,False
coco/coco_006571.png,0,real,1.0832972236604816e-15,0,0.0,False
coco/coco_006576.png,0,real,1.625734569188353e-08,0,4.928e-05,False
coco/coco_006580.png,0,real,9.069300722330809e-05,0,0.23501173,False
coco/coco_006593.png,0,real,1.4167418349586569e-08,0,1e-08,False
coco/coco_006594.png,0,real,2.790375901895459e-06,0,2.83e-06,False
coco/coco_006655.png,0,real,4.736367895447264e-16,0,0.0,False
coco/coco_006668.png,0,real,0.00026593878283165395,0,0.0,False
coco/coco_006685.png,0,real,1.421070373908151e-05,0,3e-08,False
coco/coco_006695.png,0,real,8.191220786102349e-07,0,1.6e-07,False
coco/coco_006768.png,0,real,0.003840784775093198,0,0.00074141,False
coco/coco_006777.png,0,real,4.007195457234047e-06,0,0.81657004,True
coco/coco_006790.png,0,real,2.4312558632999526e-09,0,0.0,False
coco/coco_006792.png,0,real,2.4645612484164303e-07,0,1.7e-07,False
coco/coco_006820.png,0,real,1.780543357199349e-06,0,0.31063557,False
coco/coco_006893.png,0,real,0.0016503187362104654,0,1.5e-07,False
coco/coco_006902.png,0,real,1.4796519280935172e-06,0,2.22e-06,False
coco/coco_006921.png,0,real,0.0006266490672715008,0,0.95836377,True
coco/coco_006948.png,0,real,0.004544057883322239,0,0.21674567,False
coco/coco_006977.png,0,real,0.18445290625095367,0,0.00732022,False
coco/coco_006982.png,0,real,0.027091670781373978,0,0.00014747,False
coco/coco_006983.png,0,real,0.000526607793290168,0,4.3e-07,False
coco/coco_006986.png,0,real,4.0542039641877636e-05,0,9e-08,False
coco/coco_006989.png,0,real,1.7075514179704099e-12,0,0.0,False
coco/coco_006996.png,0,real,8.761627534603633e-11,0,0.01323973,False
coco/coco_007005.png,0,real,6.781624506402295e-06,0,8.1e-07,False
coco/coco_007015.png,0,real,0.000763269723393023,0,0.00074024,False
coco/coco_007046.png,0,real,4.274998900655191e-06,0,8.66e-06,False
coco/coco_007066.png,0,real,1.0823555593453271e-11,0,0.0001571,False
coco/coco_007072.png,0,real,9.870224857877474e-06,0,4.3e-07,False
coco/coco_007099.png,0,real,0.07442394644021988,0,0.01124846,False
coco/coco_007110.png,0,real,2.7308237804390956e-07,0,0.0,False
coco/coco_007147.png,0,real,0.09453440457582474,0,0.00340386,False
coco/coco_007184.png,0,real,1.3537658105633454e-06,0,1e-08,False
coco/coco_007199.png,0,real,3.1377600099616337e-22,0,0.0,False
coco/coco_007200.png,0,real,0.04980850964784622,0,0.34212062,False
coco/coco_007202.png,0,real,7.434438157361001e-05,0,3.8e-07,False
coco/coco_007210.png,0,real,0.015357769094407558,0,0.000275,False
coco/coco_007221.png,0,real,0.00016059205518104136,0,2.286e-05,False
coco/coco_007230.png,0,real,3.9788712456356734e-05,0,0.00046854,False
coco/coco_007258.png,0,real,0.002993960166350007,0,0.11352167,False
coco/coco_007261.png,0,real,9.595667371797845e-09,0,3.707e-05,False
coco/coco_007271.png,0,real,4.740241532630307e-10,0,0.00054677,False
coco/coco_007300.png,0,real,1.6619798592909518e-10,0,0.0,False
coco/coco_007338.png,0,real,1.1974515473411884e-05,0,0.00104223,False
coco/coco_007391.png,0,real,0.0001430260599590838,0,0.01923341,False
coco/coco_007432.png,0,real,5.074210496225362e-10,0,1e-08,False
coco/coco_007440.png,0,real,0.00032464778632856905,0,0.00144011,False
coco/coco_007441.png,0,real,0.9399295449256897,0,0.00017105,True
coco/coco_007456.png,0,real,3.8407500824177987e-07,0,2.759e-05,False
coco/coco_007457.png,0,real,0.00013342636520974338,0,0.00036952,False
coco/coco_007459.png,0,real,4.706454637926072e-05,0,0.00030466,False
coco/coco_007476.png,0,real,5.438844359446283e-20,0,8.76e-06,False
coco/coco_007487.png,0,real,1.335735255736381e-08,0,0.00089152,False
coco/coco_007512.png,0,real,1.5354429706349038e-05,0,0.00309993,False
coco/coco_007528.png,0,real,9.497782593825832e-05,0,1.361e-05,False
coco/coco_007537.png,0,real,0.004106367006897926,0,1e-08,False
coco/coco_007555.png,0,real,2.5489853783255967e-08,0,7.472e-05,False
coco/coco_007565.png,0,real,1.4239706615626346e-05,0,0.00053624,False
coco/coco_007572.png,0,real,0.0007763318717479706,0,0.00013589,False
coco/coco_007593.png,0,real,2.5495051886537112e-05,0,5e-08,False
coco/coco_007598.png,0,real,1.6554403681201535e-10,0,0.0010699,False
coco/coco_007636.png,0,real,0.1329110860824585,0,0.04202272,False
coco/coco_007645.png,0,real,9.467721184819311e-08,0,4.838e-05,False
coco/coco_007648.png,0,real,4.66306829594032e-07,0,2.9e-06,False
coco/coco_007654.png,0,real,0.0035310424864292145,0,0.00016835,False
coco/coco_007684.png,0,real,0.0017923281993716955,0,0.01510027,False
coco/coco_007700.png,0,real,8.099907966574449e-10,0,0.0,False
coco/coco_007704.png,0,real,1.0020907714736182e-11,0,0.00655718,False
coco/coco_007729.png,0,real,0.0019570160657167435,0,0.0,False
coco/coco_007758.png,0,real,1.3018941899645142e-05,0,0.0046265,False
coco/coco_007768.png,0,real,9.39020264922874e-06,0,1.359e-05,False
coco/coco_007769.png,0,real,0.0002541888679843396,0,3.4e-07,False
coco/coco_007786.png,0,real,0.00011231064854655415,0,0.00170901,False
coco/coco_007800.png,0,real,0.04156824201345444,0,0.01643457,False
coco/coco_007819.png,0,real,1.7114082373481665e-09,0,1.368e-05,False
coco/coco_007845.png,0,real,6.99837132689396e-10,0,0.0,False
coco/coco_007853.png,0,real,0.022456221282482147,0,0.00042418,False
coco/coco_007869.png,0,real,0.014074408449232578,0,0.85404181,True
coco/coco_007882.png,0,real,7.52779206122092e-20,0,0.00046359,False
coco/coco_007909.png,0,real,9.247869456885383e-07,0,1e-08,False
coco/coco_007917.png,0,real,0.6759447455406189,0,0.878654,False
coco/coco_007935.png,0,real,9.613922158369093e-11,0,0.0,False
coco/coco_007979.png,0,real,5.7494726206641644e-06,0,0.06005295,False
coco/coco_007980.png,0,real,5.260091029413161e-07,0,0.0,False
coco/coco_008033.png,0,real,2.7525713448994793e-05,0,0.00688197,False
coco/coco_008040.png,0,real,7.74320746410595e-11,0,0.0,False
coco/coco_008063.png,0,real,4.1425163299635415e-10,0,0.0,False
coco/coco_008079.png,0,real,0.001127561554312706,0,0.00315074,False
coco/coco_008112.png,0,real,0.0004913999582640827,0,1e-08,False
coco/coco_008119.png,0,real,2.579046134640328e-12,0,0.0,False
coco/coco_008125.png,0,real,2.6665831764915993e-09,0,0.0,False
coco/coco_008184.png,0,real,1.345171973810011e-08,0,7e-08,False
coco/coco_008189.png,0,real,0.0005036830552853644,0,0.42060822,False
coco/coco_008243.png,0,real,4.016174443677301e-06,0,1.07e-06,False
coco/coco_008259.png,0,real,1.3600860973621504e-16,0,0.00141637,False
coco/coco_008286.png,0,real,1.8684380847844295e-05,0,0.01387449,False
coco/coco_008304.png,0,real,0.004480993375182152,0,0.06864626,False
coco/coco_008313.png,0,real,0.8411891460418701,0,0.64726424,False
coco/coco_008347.png,0,real,0.00344322482123971,0,0.00012716,False
coco/coco_008371.png,0,real,2.72347108420945e-07,0,0.0,False
coco/coco_008380.png,0,real,3.2900609320263285e-12,0,0.0,False
coco/coco_008395.png,0,real,5.659678947722568e-09,0,3.443e-05,False
coco/coco_008448.png,0,real,1.986236839002231e-06,0,0.00026513,False
coco/coco_008460.png,0,real,0.017889108508825302,0,0.37797779,False
coco/coco_008487.png,0,real,4.631074546068703e-08,0,2e-08,False
coco/coco_008527.png,0,real,1.788110978728774e-11,0,0.0,False
coco/coco_008532.png,0,real,1.4783550795982592e-05,0,9.09e-06,False
coco/coco_008549.png,0,real,0.023358481004834175,0,0.00034227,False
coco/coco_008571.png,0,real,9.45909323091243e-12,0,0.00010198,False
coco/coco_008695.png,0,real,6.248187855817378e-05,0,1e-08,False
coco/coco_008697.png,0,real,3.488076174562593e-07,0,1.579e-05,False
coco/coco_008702.png,0,real,7.538191766798263e-06,0,5e-08,False
coco/coco_008719.png,0,real,0.00014640951121691614,0,0.00886119,False
coco/coco_008726.png,0,real,0.0026066317223012447,0,0.70694429,True
coco/coco_008744.png,0,real,1.8110014934791252e-05,0,0.00042276,False
coco/coco_008769.png,0,real,8.768122228275388e-09,0,0.00311112,False
coco/coco_008850.png,0,real,2.5450028715567896e-06,0,0.05384938,False
coco/coco_008851.png,0,real,2.0499305719567928e-07,0,1.6e-07,False
coco/coco_008913.png,0,real,5.403463001130149e-05,0,0.15435837,False
coco/coco_008919.png,0,real,0.8726582527160645,0,0.00261269,True
coco/coco_008944.png,0,real,4.4824957967648515e-07,0,0.00032677,False
coco/coco_008952.png,0,real,0.03511751443147659,0,0.0,False
coco/coco_008968.png,0,real,8.931654156185687e-05,0,7.19e-06,False
coco/coco_008973.png,0,real,1.0260156159347389e-05,0,0.00037807,False
coco/coco_008991.png,0,real,0.09918687492609024,0,0.00037803,False
coco/coco_009000.png,0,real,0.00010709150956245139,0,3e-08,False
coco/coco_009014.png,0,real,1.25510922543981e-07,0,2.05e-06,False
coco/coco_009025.png,0,real,0.4018707275390625,0,0.00991029,False
coco/coco_009031.png,0,real,6.102973566157743e-05,0,0.01651459,False
coco/coco_009032.png,0,real,7.841676051612012e-06,0,2e-07,False
coco/coco_009040.png,0,real,6.878175362601269e-09,0,0.00061569,False
coco/coco_009042.png,0,real,8.565836469642818e-05,0,0.00099605,False
coco/coco_009073.png,0,real,1.3553970347857103e-05,0,0.140534,False
coco/coco_009106.png,0,real,6.192435103002936e-05,0,2.19e-06,False
coco/coco_009126.png,0,real,0.0011275664437562227,0,2e-08,False
coco/coco_009144.png,0,real,0.0003463079046923667,0,0.00333966,False
coco/coco_009160.png,0,real,8.843740241570917e-16,0,5.264e-05,False
coco/coco_009177.png,0,real,5.91832122154301e-06,0,0.00071964,False
coco/coco_009179.png,0,real,0.0010715373791754246,0,0.00041223,False
coco/coco_009191.png,0,real,3.07286995848699e-07,0,4.288e-05,False
coco/coco_009208.png,0,real,0.8731678128242493,0,0.00722933,True
coco/coco_009231.png,0,real,0.0,0,0.01086795,False
coco/coco_009248.png,0,real,0.020793955773115158,0,6.987e-05,False
coco/coco_009303.png,0,real,0.0003355001099407673,0,0.00040787,False
coco/coco_009317.png,0,real,1.751563286234159e-05,0,2.976e-05,False
coco/coco_009328.png,0,real,2.264931514908697e-12,0,5.618e-05,False
coco/coco_009348.png,0,real,2.0057269622952845e-08,0,0.0,False
coco/coco_009353.png,0,real,0.00037915047141723335,0,0.00467956,False
coco/coco_009373.png,0,real,2.6560878723103087e-06,0,8e-07,False
coco/coco_009387.png,0,real,2.4740407752688043e-05,0,6.573e-05,False
coco/coco_009395.png,0,real,6.894067337270826e-05,0,0.01730171,False
coco/coco_009429.png,0,real,1.5720768020699438e-09,0,0.0,False
coco/coco_009431.png,0,real,1.7180194333832333e-07,0,1.79e-06,False
coco/coco_009441.png,0,real,0.002285849303007126,0,0.00019932,False
coco/coco_009470.png,0,real,7.467616001122224e-07,0,2.516e-05,False
coco/coco_009480.png,0,real,1.9398154108785093e-05,0,0.04610702,False
coco/coco_009486.png,0,real,0.0026609115302562714,0,0.74040663,True
coco/coco_009503.png,0,real,3.9233546544892306e-07,0,0.00015157,False
coco/coco_009519.png,0,real,3.994916810551308e-12,0,0.00022856,False
coco/coco_009531.png,0,real,0.169173926115036,0,0.97313541,True
coco/coco_009532.png,0,real,0.00028762497822754085,0,0.00010115,False
coco/coco_009600.png,0,real,3.39561011060141e-05,0,5.883e-05,False
coco/coco_009611.png,0,real,0.00034517620224505663,0,1.4e-07,False
coco/coco_009612.png,0,real,5.008538916939642e-09,0,1.04e-06,False
coco/coco_009639.png,0,real,9.364679136068807e-17,0,1.16e-06,False
coco/coco_009663.png,0,real,6.110626418376341e-05,0,2.653e-05,False
coco/coco_009697.png,0,real,4.259851266397163e-06,0,5.303e-05,False
coco/coco_009739.png,0,real,2.7913843458904353e-10,0,3e-08,False
coco/coco_009747.png,0,real,7.601892139064148e-05,0,7.179e-05,False
coco/coco_009792.png,0,real,0.00039755270699970424,0,0.00592677,False
coco/coco_009810.png,0,real,3.7909967431914993e-06,0,0.00037878,False
coco/coco_009811.png,0,real,8.65008509265408e-09,0,0.01817641,False
coco/coco_009856.png,0,real,2.2445608749421808e-07,0,0.0,False
coco/coco_009901.png,0,real,7.95390775465421e-08,0,0.0,False
coco/coco_009921.png,0,real,9.18173827813007e-05,0,0.00029961,False
coco/coco_009929.png,0,real,1.8944984537844385e-15,0,0.0,False
coco/coco_009970.png,0,real,7.403542258543894e-05,0,3e-08,False
coco/coco_009989.png,0,real,6.316610345891149e-09,0,0.0,False
coco/coco_010001.png,0,real,0.005443525034934282,0,0.00617119,False
coco/coco_010027.png,0,real,0.0006669355207122862,0,3.45e-05,False
coco/coco_010036.png,0,real,0.0001749447255861014,0,2.54e-05,False
coco/coco_010078.png,0,real,0.00020144642621744424,0,0.0,False
coco/coco_010099.png,0,real,5.93851098074083e-07,0,0.0,False
coco/coco_010166.png,0,real,5.234084243495654e-14,0,0.0,False
coco/coco_010185.png,0,real,0.02403845079243183,0,0.00105335,False
coco/coco_010189.png,0,real,2.062621570075862e-05,0,5.19e-05,False
coco/coco_010247.png,0,real,3.411834370581346e-07,0,8e-08,False
coco/coco_010295.png,0,real,1.3251554264570586e-05,0,0.02099972,False
coco/coco_010311.png,0,real,0.9835602045059204,0,0.28016195,True
coco/coco_010348.png,0,real,1.4832644410489593e-06,0,0.00189254,False
coco/coco_010366.png,0,real,3.174993423726846e-08,0,2.56e-06,False
coco/coco_010401.png,0,real,1.4757566280110268e-09,0,0.0046316,False
coco/coco_010450.png,0,real,4.959253829082046e-19,0,2.639e-05,False
coco/coco_010482.png,0,real,0.00017807084077503532,0,4.094e-05,False
coco/coco_010495.png,0,real,1.3946695617050864e-05,0,0.00306113,False
coco/coco_010505.png,0,real,2.52603513217764e-07,0,2e-08,False
coco/coco_010506.png,0,real,3.201061554136686e-05,0,0.00067522,False
coco/coco_010524.png,0,real,1.646563987378613e-06,0,1.66e-06,False
coco/coco_010597.png,0,real,7.327950366734642e-14,0,1e-08,False
coco/coco_010612.png,0,real,2.9233204263323306e-14,0,2.614e-05,False
coco/coco_010647.png,0,real,2.0075567874755507e-07,0,0.0,False
coco/coco_010654.png,0,real,1.101931701441572e-08,0,3.858e-05,False
coco/coco_010661.png,0,real,4.872210621065243e-11,0,0.0,False
coco/coco_010724.png,0,real,0.00011689146776916459,0,2.3e-07,False
coco/coco_010732.png,0,real,2.133103225787636e-05,0,1.029e-05,False
coco/coco_010741.png,0,real,0.9342214465141296,0,0.75781357,False
coco/coco_010744.png,0,real,1.6108268141579174e-07,0,0.03294855,False
coco/coco_010787.png,0,real,4.8273291614053804e-11,0,0.0,False
coco/coco_010815.png,0,real,1.6651359077116037e-15,0,0.0,False
coco/coco_010833.png,0,real,2.6433815136783778e-08,0,0.0273407,False
coco/coco_010837.png,0,real,0.001974305836483836,0,2.695e-05,False
coco/coco_010841.png,0,real,1.519008401373867e-05,0,0.0,False
coco/coco_010854.png,0,real,0.00022330200590658933,0,9.807e-05,False
coco/coco_010872.png,0,real,1.0934973943221848e-05,0,0.00168624,False
coco/coco_010885.png,0,real,1.179047330879257e-06,0,0.0,False
coco/coco_010886.png,0,real,3.9828787511998753e-13,0,6e-08,False
coco/coco_010889.png,0,real,9.163990762317553e-05,0,0.00045144,False
coco/coco_010993.png,0,real,0.0004476649919524789,0,0.00217355,False
coco/coco_011061.png,0,real,0.0002657187869772315,0,0.00332103,False
coco/coco_011102.png,0,real,7.73301689349637e-09,0,6.08e-06,False
coco/coco_011115.png,0,real,2.858578929121336e-09,0,0.01883117,False
coco/coco_011185.png,0,real,6.306384420895483e-06,0,0.00025654,False
coco/coco_011217.png,0,real,0.0001550559827592224,0,0.00611813,False
coco/coco_011268.png,0,real,6.634043529629707e-05,0,0.28333163,False
coco/coco_011270.png,0,real,5.187081342228339e-08,0,0.00087451,False
coco/coco_011317.png,0,real,5.501539872909765e-16,0,0.00791041,False
coco/coco_011331.png,0,real,3.008498970302753e-05,0,9.683e-05,False
coco/coco_011353.png,0,real,0.6306644082069397,0,0.43718737,True
coco/coco_011420.png,0,real,2.609521265739545e-09,0,0.00080111,False
coco/coco_011424.png,0,real,1.3187419906079967e-11,0,0.00014372,False
coco/coco_011471.png,0,real,6.414350082195597e-06,0,6.073e-05,False
coco/coco_011478.png,0,real,4.874485739492229e-07,0,0.0,False
coco/coco_011482.png,0,real,1.4872950487188064e-05,0,0.0,False
coco/coco_011535.png,0,real,0.0010570604354143143,0,0.0,False
coco/coco_011549.png,0,real,0.004195678047835827,0,5e-07,False
coco/coco_011568.png,0,real,0.7784202694892883,0,0.68231076,False
coco/coco_011570.png,0,real,4.107218742888108e-08,0,0.0,False
coco/coco_011590.png,0,real,1.0191478594379078e-07,0,0.00047124,False
coco/coco_011598.png,0,real,0.006991314236074686,0,0.00838785,False
coco/coco_011620.png,0,real,4.682922281062929e-06,0,0.00016893,False
coco/coco_011630.png,0,real,1.0143857975819515e-09,0,0.0,False
coco/coco_011632.png,0,real,9.598409087629989e-05,0,2e-08,False
coco/coco_011635.png,0,real,2.067308347078467e-12,0,0.0,False
coco/coco_011639.png,0,real,9.59370590862818e-05,0,1.569e-05,False
coco/coco_011653.png,0,real,0.9410127997398376,0,0.00131345,True
coco/coco_011687.png,0,real,0.00021666444081347436,0,8e-08,False
coco/coco_011688.png,0,real,0.09979637712240219,0,0.00260391,False
coco/coco_011765.png,0,real,0.0016204963903874159,0,0.27464479,False
coco/coco_011801.png,0,real,3.05993739857513e-06,0,0.02264224,False
coco/coco_011808.png,0,real,0.0001702351146377623,0,4.346e-05,False
coco/coco_011832.png,0,real,0.017366573214530945,0,8e-07,False
coco/coco_011850.png,0,real,1.5637256183254067e-06,0,1.06e-06,False
coco/coco_011852.png,0,real,2.410934314411861e-07,0,0.09991935,False
coco/coco_011873.png,0,real,1.3221263195362098e-08,0,6.014e-05,False
coco/coco_011886.png,0,real,0.9807608127593994,0,0.00014192,True
coco/coco_011902.png,0,real,0.12444832921028137,0,0.00569423,False
coco/coco_011924.png,0,real,2.8805839974666014e-05,0,0.0,False
coco/coco_011929.png,0,real,5.061900054670332e-08,0,7.2e-07,False
coco/coco_011949.png,0,real,9.168430551653728e-06,0,1.1e-07,False
coco/coco_011959.png,0,real,0.24884970486164093,0,0.26049164,False
coco/coco_011962.png,0,real,5.732467343477765e-06,0,0.0,False
coco/coco_011984.png,0,real,0.0004943140666000545,0,2.8e-07,False
coco/coco_012013.png,0,real,1.1416635865846292e-11,0,0.0,False
coco/coco_012041.png,0,real,0.12728054821491241,0,0.01681675,False
coco/coco_012042.png,0,real,5.265787805797117e-10,0,9.872e-05,False
coco/coco_012073.png,0,real,5.163489427695289e-12,0,0.01959125,False
coco/coco_012125.png,0,real,8.016734653892854e-08,0,2.273e-05,False
coco/coco_012128.png,0,real,0.0004655233642552048,0,2.525e-05,False
coco/coco_012214.png,0,real,6.1547264680605895e-12,0,0.0,False
coco/coco_012239.png,0,real,0.00023030195734463632,0,4.983e-05,False
coco/coco_012254.png,0,real,5.190268126398223e-08,0,4.927e-05,False
coco/coco_012256.png,0,real,5.627206078884228e-08,0,0.0,False
coco/coco_012281.png,0,real,9.52732989389915e-06,0,5.025e-05,False
coco/coco_012285.png,0,real,0.0003838983247987926,0,2e-08,False
coco/coco_012289.png,0,real,6.808441685279831e-05,0,0.01269846,False
coco/coco_012303.png,0,real,0.27977702021598816,0,1e-08,False
coco/coco_012325.png,0,real,2.3664217678742716e-06,0,4.1e-07,False
coco/coco_012326.png,0,real,2.3197739210445434e-05,0,8.22e-06,False
coco/coco_012374.png,0,real,3.645760443760082e-05,0,5.8e-07,False
coco/coco_012392.png,0,real,6.498659672615759e-07,0,0.01314716,False
coco/coco_012397.png,0,real,5.352102380129509e-05,0,0.34292567,False
coco/coco_012398.png,0,real,1.5277455531759188e-05,0,0.54094326,True
coco/coco_012424.png,0,real,6.512342224596068e-05,0,0.00028812,False
coco/coco_012442.png,0,real,4.2813113395823166e-05,0,0.00663567,False
coco/coco_012456.png,0,real,0.11036906391382217,0,0.70605522,True
coco/coco_012495.png,0,real,0.8546708226203918,0,0.001485,True
coco/coco_012510.png,0,real,0.044364891946315765,0,0.24105693,False
coco/coco_012524.png,0,real,1.1405714985812665e-06,0,5.35e-06,False
coco/coco_012568.png,0,real,3.217014710177324e-10,0,0.00011122,False
coco/coco_012575.png,0,real,0.3286988437175751,0,0.0,False
coco/coco_012583.png,0,real,1.3589797163149342e-05,0,0.00315126,False
coco/coco_012599.png,0,real,1.5625224477844313e-05,0,2.72e-06,False
coco/coco_012610.png,0,real,0.3696776330471039,0,0.24971049,False
coco/coco_012612.png,0,real,1.1725718362239442e-21,0,0.0,False
coco/coco_012643.png,0,real,0.0003866013139486313,0,0.0252932,False
coco/coco_012726.png,0,real,2.9149303372832946e-05,0,1.6e-07,False
coco/coco_012727.png,0,real,3.296805152785964e-05,0,1.35e-06,False
coco/coco_012776.png,0,real,1.5035168871690985e-05,0,0.0,False
coco/coco_012778.png,0,real,0.00023566866002511233,0,0.003596,False
coco/coco_012793.png,0,real,0.00107888865750283,0,0.00466475,False
coco/coco_012821.png,0,real,4.7554502089042217e-05,0,0.0122506,False
coco/coco_012852.png,0,real,0.03474655747413635,0,0.04641427,False
coco/coco_012864.png,0,real,6.3242832766263746e-06,0,1.905e-05,False
coco/coco_012872.png,0,real,6.754963255417579e-09,0,0.0,False
coco/coco_012877.png,0,real,3.263702819822356e-05,0,0.00715322,False
coco/coco_012878.png,0,real,1.9044162513637275e-07,0,0.04163761,False
coco/coco_012893.png,0,real,7.515090216791975e-10,0,0.06163975,False
coco/coco_012898.png,0,real,0.0013515647733584046,0,0.02742095,False
coco/coco_012940.png,0,real,1.8705474076341488e-06,0,2.625e-05,False
coco/coco_012967.png,0,real,0.0009651212021708488,0,0.00022511,False
coco/coco_012977.png,0,real,1.2258117749297526e-05,0,0.00109304,False
coco/coco_012991.png,0,real,4.824574517670044e-08,0,9.44e-06,False
coco/coco_013004.png,0,real,1.3332869741589093e-07,0,4.854e-05,False
coco/coco_013024.png,0,real,0.000145688682096079,0,0.0,False
coco/coco_013036.png,0,real,0.0001425473456038162,0,0.0007545,False
coco/coco_013095.png,0,real,1.1224403102189973e-15,0,0.0,False
coco/coco_013107.png,0,real,4.819755304197315e-06,0,0.00014433,False
coco/coco_013108.png,0,real,1.1700551638682555e-08,0,0.0,False
coco/coco_013132.png,0,real,0.9608293175697327,0,3.07e-06,True
coco/coco_013139.png,0,real,0.0011833597673103213,0,0.0101552,False
coco/coco_013140.png,0,real,1.7611573639442213e-05,0,9e-08,False
coco/coco_013143.png,0,real,1.0003393526858417e-06,0,4.28e-06,False
coco/coco_013171.png,0,real,3.3693256247090825e-14,0,0.02511811,False
coco/coco_013209.png,0,real,0.001196257071569562,0,0.01316539,False
coco/coco_013214.png,0,real,3.193859914373146e-26,0,0.00051997,False
coco/coco_013222.png,0,real,1.7199209878526744e-06,0,1e-08,False
coco/coco_013246.png,0,real,1.0611573841856625e-08,0,1.6e-07,False
coco/coco_013247.png,0,real,4.677956167142838e-05,0,0.00905959,False
coco/coco_013285.png,0,real,0.0006077158031985164,0,1.99e-06,False
coco/coco_013329.png,0,real,3.060783910768805e-06,0,0.02582618,False
coco/coco_013333.png,0,real,0.0025669264141470194,0,0.14333457,False
coco/coco_013387.png,0,real,2.343397476067821e-09,0,0.02356922,False
coco/coco_013388.png,0,real,3.5264038171994483e-19,0,0.0,False
coco/coco_013409.png,0,real,0.004454283509403467,0,4.54e-06,False
coco/coco_013415.png,0,real,0.0016488346736878157,0,7.636e-05,False
coco/coco_013428.png,0,real,5.07102299707185e-07,0,0.0,False
coco/coco_013439.png,0,real,2.4298344669659855e-07,0,0.01280598,False
coco/coco_013444.png,0,real,0.01539742760360241,0,0.00554194,False
coco/coco_013449.png,0,real,1.377427025772704e-07,0,0.00010249,False
coco/coco_013495.png,0,real,1.1858912785100983e-06,0,0.02304762,False
coco/coco_013499.png,0,real,2.9886439278925536e-06,0,1.9e-07,False
coco/coco_013535.png,0,real,3.189917379131657e-07,0,0.88104731,True
coco/coco_013543.png,0,real,0.0008770673885010183,0,0.00122603,False
coco/coco_013588.png,0,real,2.05307378564612e-06,0,0.00038794,False
coco/coco_013595.png,0,real,5.4206208965901226e-11,0,8.933e-05,False
coco/coco_013628.png,0,real,1.0549961793060447e-08,0,3.3e-07,False
coco/coco_013629.png,0,real,0.1426379233598709,0,0.77948552,True
coco/coco_013630.png,0,real,0.00011315989831928164,0,0.04349836,False
coco/coco_013636.png,0,real,2.1936720884241367e-07,0,0.00024152,False
coco/coco_013651.png,0,real,8.926065675041173e-06,0,4.335e-05,False
coco/coco_013688.png,0,real,2.194415856138221e-06,0,0.01890522,False
coco/coco_013695.png,0,real,1.72197451320244e-05,0,0.00659979,False
coco/coco_013702.png,0,real,0.005139781627804041,0,0.00031928,False
coco/coco_013760.png,0,real,0.00011121699208160862,0,0.00025511,False
coco/coco_013767.png,0,real,2.6338545566773064e-08,0,0.02796831,False
coco/coco_013785.png,0,real,0.001581579097546637,0,0.01514525,False
coco/coco_013796.png,0,real,3.0328980993310495e-10,0,0.77745271,True
coco/coco_013814.png,0,real,2.2428885131375864e-06,0,8.88e-06,False
coco/coco_013819.png,0,real,5.149620392330689e-06,0,4e-08,False
coco/coco_013840.png,0,real,0.008526929654181004,0,0.01323225,False
coco/coco_013857.png,0,real,3.0297558168967953e-06,0,0.0,False
coco/coco_013862.png,0,real,9.311311066610062e-26,0,4.9e-07,False
coco/coco_013878.png,0,real,3.365899559071295e-08,0,2.1e-07,False
coco/coco_013882.png,0,real,0.0003929841914214194,0,3.59e-05,False
coco/coco_013898.png,0,real,0.9870643615722656,0,0.57949615,False
coco/coco_013899.png,0,real,8.308627002406865e-06,0,0.03098912,False
coco/coco_013901.png,0,real,0.0072617256082594395,0,0.278878,False
coco/coco_013902.png,0,real,9.540499740978703e-05,0,3.99e-05,False
coco/coco_013922.png,0,real,5.266493463551569e-09,0,5.345e-05,False
coco/coco_013930.png,0,real,3.9456503486690053e-07,0,8.13e-05,False
coco/coco_013943.png,0,real,0.00022544062812812626,0,0.11043721,False
coco/coco_013945.png,0,real,9.392638457939029e-05,0,0.00016316,False
coco/coco_013978.png,0,real,1.6024050637497567e-05,0,1.871e-05,False
coco/coco_013993.png,0,real,4.22726849184929e-13,0,0.0,False
coco/coco_013996.png,0,real,0.00017626381304580718,0,2e-08,False
coco/coco_014014.png,0,real,0.0002027716691372916,0,0.03259965,False
coco/coco_014017.png,0,real,1.700923530734144e-05,0,9e-08,False
coco/coco_014024.png,0,real,3.86478453406891e-11,0,0.0,False
coco/coco_014043.png,0,real,1.1577830036912928e-06,0,1.39e-06,False
coco/coco_014054.png,0,real,0.00015339029778260738,0,6.768e-05,False
coco/coco_014060.png,0,real,1.6870433682925068e-05,0,0.02803812,False
coco/coco_014096.png,0,real,0.00024316724739037454,0,1.05e-06,False
coco/coco_014102.png,0,real,5.482379037857754e-06,0,0.0,False
coco/coco_014129.png,0,real,0.0006430362700484693,0,9.499e-05,False
coco/coco_014132.png,0,real,6.565497187693836e-06,0,0.00087084,False
coco/coco_014145.png,0,real,7.316202504936697e-11,0,4.839e-05,False
coco/coco_014173.png,0,real,1.4300421580470378e-23,0,2e-08,False
coco/coco_014210.png,0,real,0.0004890077980235219,0,0.00114574,False
coco/coco_014235.png,0,real,7.480291969841346e-05,0,0.94917506,True
coco/coco_014264.png,0,real,0.00018249252752866596,0,0.03988393,False
coco/coco_014274.png,0,real,7.971972991072107e-06,0,0.0,False
coco/coco_014347.png,0,real,4.13258272047301e-09,0,7.02e-05,False
coco/coco_014366.png,0,real,1.6139580111484975e-05,0,0.00062773,False
coco/coco_014368.png,0,real,1.616502777324058e-05,0,1.19e-06,False
coco/coco_014370.png,0,real,8.644505578558892e-05,0,0.05224076,False
coco/coco_014382.png,0,real,0.00011395861656637862,0,0.00035212,False
coco/coco_014387.png,0,real,6.976939581626596e-10,0,0.00126959,False
coco/coco_014409.png,0,real,0.0053820377215743065,0,0.01515705,False
coco/coco_014420.png,0,real,3.1970082137178224e-09,0,0.00086979,False
coco/coco_014423.png,0,real,5.126484552420152e-07,0,5.27e-06,False
coco/coco_014433.png,0,real,1.4090598597249482e-05,0,1.588e-05,False
coco/coco_014446.png,0,real,3.6919727790518664e-06,0,0.0,False
coco/coco_014484.png,0,real,2.439459079184303e-09,0,0.0,False
coco/coco_014513.png,0,real,0.14478814601898193,0,0.00019682,False
coco/coco_014529.png,0,real,0.0002565119357313961,0,9.53e-06,False
coco/coco_014639.png,0,real,4.679673656937666e-05,0,9.81e-06,False
coco/coco_014653.png,0,real,1.188520673167659e-05,0,1e-07,False
coco/coco_014678.png,0,real,9.46546037994267e-07,0,9.362e-05,False
coco/coco_014690.png,0,real,1.2828925264329882e-06,0,0.00036439,False
coco/coco_014710.png,0,real,0.00011222425382584333,0,7.526e-05,False
coco/coco_014713.png,0,real,0.03419753536581993,0,0.18632191,False
coco/coco_014752.png,0,real,9.167923735731165e-07,0,1.097e-05,False
coco/coco_014764.png,0,real,8.505078312737169e-07,0,0.0,False
coco/coco_014772.png,0,real,0.00015688150597270578,0,0.01310889,False
coco/coco_014805.png,0,real,3.866495577817383e-22,0,0.0,False
coco/coco_014859.png,0,real,6.24553722445853e-05,0,2.12e-06,False
coco/coco_014860.png,0,real,0.11180359870195389,0,0.11116596,False
coco/coco_014881.png,0,real,0.000408526771934703,0,5.8e-07,False
coco/coco_014911.png,0,real,1.6253629837592598e-06,0,0.02796554,False
coco/coco_014920.png,0,real,1.144273156228337e-07,0,0.0,False
coco/coco_014935.png,0,real,7.310138607863337e-05,0,1.91e-05,False
coco/coco_014952.png,0,real,9.11819711291173e-07,0,0.0,False
coco/coco_014979.png,0,real,0.0005364172393456101,0,0.00149252,False
coco/coco_014987.png,0,real,0.0005056953523308039,0,0.00503286,False
coco/coco_015001.png,0,real,3.743974230019376e-05,0,0.00038986,False
coco/coco_015002.png,0,real,9.090822712665148e-12,0,0.00060174,False
coco/coco_015064.png,0,real,1.1176684893143829e-05,0,0.00023566,False
coco/coco_015090.png,0,real,0.00039943656884133816,0,2.686e-05,False
coco/coco_015092.png,0,real,0.01576477847993374,0,0.00160631,False
coco/coco_015103.png,0,real,1.7966675613934058e-06,0,0.0,False
coco/coco_015104.png,0,real,0.00022066022211220115,0,0.00961013,False
coco/coco_015126.png,0,real,0.0003375749511178583,0,0.00122374,False
coco/coco_015135.png,0,real,1.0340899502258274e-26,0,7.159e-05,False
coco/coco_015146.png,0,real,0.022478364408016205,0,0.0027985,False
coco/coco_015156.png,0,real,4.6802963282743804e-08,0,2.545e-05,False
coco/coco_015193.png,0,real,8.459473677113749e-10,0,1e-08,False
coco/coco_015237.png,0,real,5.021354081691243e-05,0,4.38e-06,False
coco/coco_015246.png,0,real,0.8792933225631714,0,1.0,False
coco/coco_015266.png,0,real,2.000560384018968e-09,0,1.405e-05,False
coco/coco_015279.png,0,real,7.131554866646184e-06,0,0.0,False
coco/coco_015284.png,0,real,0.004380090162158012,0,0.00058581,False
coco/coco_015287.png,0,real,0.0023869890719652176,0,0.00012348,False
coco/coco_015313.png,0,real,1.463859280103827e-16,0,1.38e-05,False
coco/coco_015328.png,0,real,7.377634756267071e-05,0,2.79e-06,False
coco/coco_015346.png,0,real,2.7564222133729515e-33,0,5.451e-05,False
coco/coco_015354.png,0,real,1.5495485058636405e-05,0,0.00020678,False
coco/coco_015356.png,0,real,6.426876097975764e-08,0,4.079e-05,False
coco/coco_015373.png,0,real,3.3683376386761665e-05,0,0.00584586,False
coco/coco_015385.png,0,real,3.900289424763059e-09,0,0.00342168,False
coco/coco_015402.png,0,real,9.270919321124893e-08,0,0.0,False
coco/coco_015426.png,0,real,0.00013294276141095906,0,0.00018917,False
coco/coco_015429.png,0,real,1.0586167263682e-05,0,4.94e-06,False
coco/coco_015451.png,0,real,1.199294246134741e-07,0,0.01479213,False
coco/coco_015456.png,0,real,1.467669676458172e-06,0,7.08e-06,False
coco/coco_015466.png,0,real,0.006638577673584223,0,0.00399274,False
coco/coco_015472.png,0,real,2.3292058060064846e-08,0,0.00285947,False
coco/coco_015474.png,0,real,2.808707222357043e-07,0,0.01259184,False
coco/coco_015490.png,0,real,1.0488057905853803e-17,0,1e-08,False
coco/coco_015495.png,0,real,0.0007017633179202676,0,0.00133002,False
coco/coco_015509.png,0,real,0.0005216131685301661,0,0.02606353,False
coco/coco_015523.png,0,real,0.734856367111206,0,0.5806219,False
coco/coco_015548.png,0,real,9.685209079179913e-06,0,0.00534226,False
coco/coco_015550.png,0,real,1.0689952745224218e-07,0,2.09e-06,False
coco/coco_015554.png,0,real,3.0033667219875326e-10,0,0.0,False
coco/coco_015567.png,0,real,0.026047157123684883,0,6.069e-05,False
coco/coco_015574.png,0,real,5.9627862745768565e-22,0,1.985e-05,False
coco/coco_015580.png,0,real,7.1397621468349826e-06,0,1.57e-06,False
coco/coco_015583.png,0,real,0.00016974625759758055,0,0.00416363,False
coco/coco_015600.png,0,real,5.81137804545051e-10,0,0.0,False
coco/coco_015601.png,0,real,0.032514628022909164,0,0.00154582,False
coco/coco_015614.png,0,real,4.384912861477156e-20,0,0.0,False
coco/coco_015651.png,0,real,0.00018161418847739697,0,4.484e-05,False
coco/coco_015673.png,0,real,0.022782830521464348,0,0.11198267,False
coco/coco_015688.png,0,real,0.00042497209506109357,0,0.00490366,False
coco/coco_015710.png,0,real,0.4225364625453949,0,0.00017429,False
coco/coco_015723.png,0,real,6.212835432961583e-05,0,0.0,False
coco/coco_015730.png,0,real,5.8370307669974864e-05,0,2e-08,False
coco/coco_015775.png,0,real,7.211395313788671e-06,0,0.0,False
coco/coco_015778.png,0,real,8.218300536100287e-06,0,5.997e-05,False
coco/coco_015794.png,0,real,6.6295666329097e-05,0,0.00037277,False
coco/coco_015890.png,0,real,1.735853948048316e-05,0,0.00386728,False
coco/coco_015912.png,0,real,5.435531056718901e-05,0,0.00134976,False
coco/coco_015914.png,0,real,1.0808420256580575e-06,0,0.0,False
coco/coco_015916.png,0,real,6.470132802860462e-07,0,0.00667513,False
coco/coco_015935.png,0,real,5.913672329604935e-12,0,8.13e-06,False
coco/coco_015943.png,0,real,1.625031654839404e-05,0,2.525e-05,False
coco/coco_015948.png,0,real,3.036151052793201e-10,0,0.0,False
coco/coco_015955.png,0,real,8.523068390786648e-05,0,7.25e-06,False
coco/coco_015980.png,0,real,8.337416147696786e-06,0,0.04634923,False
coco/coco_016011.png,0,real,3.2549769457546063e-07,0,0.00183409,False
coco/coco_016029.png,0,real,0.0009053421090357006,0,0.67697889,True
coco/coco_016032.png,0,real,1.2036836871131304e-15,0,2e-05,False
coco/coco_016041.png,0,real,5.05267605532822e-09,0,0.0,False
coco/coco_016042.png,0,real,1.8019873948560416e-07,0,4.84e-06,False
coco/coco_016070.png,0,real,9.628626685298514e-06,0,0.00024733,False
coco/coco_016080.png,0,real,1.3507349683195002e-09,0,0.00010201,False
coco/coco_016097.png,0,real,0.9254077076911926,0,0.08336505,True
coco/coco_016110.png,0,real,6.201566975505557e-07,0,1.14e-06,False
coco/coco_016152.png,0,real,6.766200794094956e-11,0,0.00609342,False
coco/coco_016160.png,0,real,2.6872461603488773e-05,0,0.00016069,False
coco/coco_016172.png,0,real,2.0579177473223353e-08,0,0.0,False
coco/coco_016176.png,0,real,8.624832759096535e-08,0,0.0,False
coco/coco_016200.png,0,real,0.0005247308872640133,0,0.13039584,False
coco/coco_016218.png,0,real,1.0091435598269527e-07,0,0.29853877,False
coco/coco_016219.png,0,real,0.0021855055820196867,0,0.04867049,False
coco/coco_016220.png,0,real,8.328222065756563e-06,0,0.01332853,False
coco/coco_016226.png,0,real,9.019932578624434e-10,0,3e-08,False
coco/coco_016287.png,0,real,7.13178110345325e-07,0,0.0,False
coco/coco_016289.png,0,real,1.1703385816019818e-08,0,0.01141175,False
coco/coco_016322.png,0,real,3.744367038649443e-09,0,1.782e-05,False
coco/coco_016351.png,0,real,2.8074358393581633e-09,0,3e-08,False
coco/coco_016360.png,0,real,1.6913112403926789e-06,0,2.7e-06,False
coco/coco_016389.png,0,real,0.0003834378148894757,0,2.3e-07,False
coco/coco_016424.png,0,real,1.2411446448368224e-07,0,0.0,False
coco/coco_016430.png,0,real,0.0037972740828990936,0,0.00103678,False
coco/coco_016465.png,0,real,0.7840027809143066,0,0.01493718,True
coco/coco_016471.png,0,real,0.0035416418686509132,0,0.00050313,False
coco/coco_016477.png,0,real,6.302457768470049e-05,0,3.456e-05,False
coco/coco_016487.png,0,real,3.32369381794706e-06,0,0.17246708,False
coco/coco_016491.png,0,real,7.328643647497302e-08,0,0.0,False
coco/coco_016505.png,0,real,0.0003779380931518972,0,8.95e-06,False
coco/coco_016522.png,0,real,5.7512900691891744e-11,0,0.0,False
coco/coco_016537.png,0,real,1.8955280012278308e-08,0,0.72109187,True
coco/coco_016548.png,0,real,9.675283081378439e-07,0,3.04e-06,False
coco/coco_016584.png,0,real,0.3894478976726532,0,0.99674964,True
coco/coco_016589.png,0,real,7.412262220896082e-06,0,3.761e-05,False
coco/coco_016593.png,0,real,0.00035428887349553406,0,0.01051358,False
coco/coco_016671.png,0,real,8.275817364733484e-09,0,1.8e-07,False
coco/coco_016690.png,0,real,1.3524145288101863e-05,0,4.186e-05,False
coco/coco_016700.png,0,real,4.5449692152033094e-06,0,0.00698684,False
coco/coco_016712.png,0,real,2.8065114747732878e-06,0,0.0,False
coco/coco_016722.png,0,real,1.0983485544408932e-14,0,1.933e-05,False
coco/coco_016730.png,0,real,3.2395968854800753e-16,0,0.0,False
coco/coco_016770.png,0,real,2.344336280657444e-09,0,8.65e-06,False
coco/coco_016783.png,0,real,0.0008379622013308108,0,6.25e-05,False
coco/coco_016785.png,0,real,3.146107019347255e-07,0,3.04e-06,False
coco/coco_016789.png,0,real,1.0824614121718312e-10,0,0.02277967,False
coco/coco_016815.png,0,real,0.00039526348700746894,0,0.53840899,True
coco/coco_016829.png,0,real,1.417438738826604e-06,0,0.0,False
coco/coco_016863.png,0,real,7.312537491088733e-05,0,0.0,False
coco/coco_016868.png,0,real,2.4879691409296356e-06,0,4.34e-06,False
coco/coco_016869.png,0,real,1.101040766116057e-06,0,1.151e-05,False
coco/coco_016916.png,0,real,4.079733884054804e-09,0,0.00126846,False
coco/coco_016981.png,0,real,2.757946276688017e-06,0,0.00390317,False
coco/coco_016984.png,0,real,4.002641329492462e-09,0,0.00013138,False
coco/coco_017048.png,0,real,2.4688977646292187e-05,0,0.00575556,False
coco/coco_017053.png,0,real,6.582185505976668e-06,0,0.0,False
coco/coco_017055.png,0,real,6.291510544542689e-06,0,0.0,False
coco/coco_017058.png,0,real,0.007632394786924124,0,0.00544724,False
coco/coco_017075.png,0,real,0.0004486482357606292,0,0.00098496,False
coco/coco_017078.png,0,real,2.7341950044501573e-05,0,0.07149339,False
coco/coco_017102.png,0,real,4.041950489863666e-07,0,2.918e-05,False
coco/coco_017143.png,0,real,1.3614592309432738e-12,0,0.0,False
coco/coco_017148.png,0,real,0.00011303199426038191,0,0.0002593,False
coco/coco_017174.png,0,real,7.702622184524444e-08,0,0.06914748,False
coco/coco_017193.png,0,real,1.375548663418158e-06,0,3.2e-07,False
coco/coco_017242.png,0,real,2.8659394857299958e-08,0,1e-08,False
coco/coco_017259.png,0,real,2.0699782510291698e-07,0,0.0,False
coco/coco_017278.png,0,real,0.006587059702724218,0,0.00046186,False
coco/coco_017285.png,0,real,5.044916057747996e-16,0,1.976e-05,False
coco/coco_017289.png,0,real,3.42653585505559e-08,0,0.0,False
coco/coco_017303.png,0,real,0.003551764879375696,0,0.00424377,False
coco/coco_017357.png,0,real,0.0005116157699376345,0,0.0,False
coco/coco_017361.png,0,real,4.4413354771677405e-07,0,0.00039556,False
coco/coco_017373.png,0,real,2.3783839820019394e-14,0,0.0819831,False
coco/coco_017386.png,0,real,1.4835910278065967e-09,0,8.1e-06,False
coco/coco_017390.png,0,real,1.347420948150102e-06,0,0.01099596,False
coco/coco_017399.png,0,real,2.357753373871674e-06,0,0.0,False
coco/coco_017424.png,0,real,0.545833170413971,0,0.13343617,True
coco/coco_017426.png,0,real,0.00024540923186577857,0,0.00017902,False
coco/coco_017452.png,0,real,2.470275928256882e-10,0,0.0,False
coco/coco_017464.png,0,real,2.1762778033007635e-06,0,2.79e-06,False
coco/coco_017507.png,0,real,1.0393502725136727e-10,0,0.0,False
coco/coco_017521.png,0,real,5.201685553402058e-07,0,2.403e-05,False
coco/coco_017526.png,0,real,0.004044441506266594,0,0.34811905,False
coco/coco_017527.png,0,real,4.167221590023473e-08,0,5.2e-07,False
coco/coco_017534.png,0,real,1.7690948705961773e-09,0,0.0,False
coco/coco_017538.png,0,real,3.403867594897747e-05,0,0.00019731,False
coco/coco_017577.png,0,real,1.4917924673341076e-08,0,1e-08,False
coco/coco_017581.png,0,real,3.6753300056147076e-12,0,0.0,False
coco/coco_017617.png,0,real,7.537127203249838e-06,0,3.3e-06,False
coco/coco_017669.png,0,real,7.953750173328444e-05,0,0.00010291,False
coco/coco_017701.png,0,real,1.3190152685638168e-06,0,5.61e-06,False
coco/coco_017744.png,0,real,3.391923746676184e-05,0,1.669e-05,False
coco/coco_017792.png,0,real,4.108075700059999e-06,0,7.632e-05,False
coco/coco_017838.png,0,real,7.260718604129579e-08,0,0.00046198,False
coco/coco_017842.png,0,real,0.8899349570274353,0,0.00427334,True
coco/coco_017870.png,0,real,0.024991653859615326,0,0.00551499,False
coco/coco_017886.png,0,real,2.3986128780961735e-06,0,0.00372474,False
coco/coco_017890.png,0,real,2.60605656876578e-06,0,6.892e-05,False
coco/coco_017944.png,0,real,4.923029761627618e-10,0,3.35e-06,False
coco/coco_017953.png,0,real,1.366344577036216e-06,0,1.5e-07,False
coco/coco_017955.png,0,real,0.0026446597184985876,0,0.06239472,False
coco/coco_018081.png,0,real,3.2200007353822002e-06,0,0.00140139,False
coco/coco_018082.png,0,real,1.1680242550937692e-07,0,1e-07,False
coco/coco_018094.png,0,real,1.1254877494747611e-17,0,4.04e-06,False
coco/coco_018115.png,0,real,5.880088451704069e-07,0,0.00043299,False
coco/coco_018116.png,0,real,1.2611936654138844e-05,0,0.0,False
coco/coco_018152.png,0,real,2.2459178580902517e-05,0,0.00415515,False
coco/coco_018160.png,0,real,2.872905247031099e-09,0,0.0001976,False
coco/coco_018194.png,0,real,0.9965618252754211,0,0.008668,True
coco/coco_018207.png,0,real,3.86604770028498e-05,0,1.48e-06,False
coco/coco_018216.png,0,real,2.1175599114745897e-20,0,0.0,False
coco/coco_018230.png,0,real,0.014700906351208687,0,0.00522168,False
coco/coco_018253.png,0,real,0.0071968333795666695,0,0.05363915,False
coco/coco_018256.png,0,real,3.2691987144062296e-06,0,0.00013385,False
coco/coco_018258.png,0,real,1.0297751487087226e-06,0,0.0,False
coco/coco_018286.png,0,real,1.0575401665491313e-09,0,0.0,False
coco/coco_018321.png,0,real,6.558985887750168e-07,0,2e-08,False
coco/coco_018364.png,0,real,5.9688030887627974e-05,0,1.877e-05,False
coco/coco_018379.png,0,real,0.9084643125534058,0,0.02037388,True
coco/coco_018419.png,0,real,0.003308503422886133,0,2.42e-06,False
coco/coco_018421.png,0,real,0.024378644302487373,0,8.435e-05,False
coco/coco_018464.png,0,real,2.4820185906548886e-09,0,1.33e-06,False
coco/coco_018500.png,0,real,0.29139596223831177,0,4.513e-05,False
coco/coco_018534.png,0,real,5.245316424407065e-05,0,4e-08,False
coco/coco_018552.png,0,real,7.973814941664159e-10,0,0.0,False
coco/coco_018603.png,0,real,0.0005031279288232327,0,0.11517472,False
coco/coco_018634.png,0,real,2.475162270214754e-25,0,7.34e-06,False
coco/coco_018647.png,0,real,7.528688089619706e-11,0,0.0,False
coco/coco_018659.png,0,real,1.9977424159378643e-09,0,0.01056693,False
coco/coco_018664.png,0,real,2.066419619950466e-05,0,0.0,False
coco/coco_018683.png,0,real,1.2101566426281352e-05,0,1e-08,False
coco/coco_018701.png,0,real,0.00016400645836256444,0,1e-08,False
coco/coco_018713.png,0,real,8.01471600198056e-08,0,0.0,False
coco/coco_018715.png,0,real,0.10315250605344772,0,0.00178729,False
coco/coco_018718.png,0,real,2.908231121201421e-11,0,1e-06,False
coco/coco_018726.png,0,real,0.0007260103593580425,0,0.0004588,False
coco/coco_018729.png,0,real,3.0916234550204535e-07,0,0.0,False
coco/coco_018748.png,0,real,1.6137466900545405e-06,0,1e-08,False
coco/coco_018750.png,0,real,1.0870021469600033e-05,0,1.23e-06,False
coco/coco_018804.png,0,real,2.629809330301214e-07,0,0.0,False
coco/coco_018807.png,0,real,2.3091133698471822e-05,0,0.0,False
coco/coco_018819.png,0,real,4.3768695832113735e-06,0,8.602e-05,False
coco/coco_018857.png,0,real,0.0018298274371773005,0,0.0006124,False
coco/coco_018872.png,0,real,3.9807625284993264e-07,0,1.43e-06,False
coco/coco_018939.png,0,real,0.004998502321541309,0,5.34e-06,False
coco/coco_018952.png,0,real,2.83866684185341e-05,0,0.0,False
coco/coco_018956.png,0,real,5.976097857106744e-18,0,5.47e-06,False
coco/coco_018973.png,0,real,2.5147857130036755e-08,0,0.00011722,False
coco/coco_019016.png,0,real,2.6607835726388807e-11,0,0.04199431,False
coco/coco_019019.png,0,real,4.95463439165178e-07,0,6.97e-06,False
coco/coco_019029.png,0,real,1.6641247384541202e-06,0,2.48e-06,False
coco/coco_019037.png,0,real,0.0004778183065354824,0,0.00634091,False
coco/coco_019070.png,0,real,2.8453673195372176e-08,0,0.00016056,False
coco/coco_019081.png,0,real,7.933714368846267e-05,0,0.00184028,False
coco/coco_019082.png,0,real,0.00014743753126822412,0,3.376e-05,False
coco/coco_019099.png,0,real,1.4527912526318687e-06,0,6.7e-07,False
coco/coco_019170.png,0,real,1.648902070883196e-05,0,1.46e-06,False
coco/coco_019174.png,0,real,1.4438966515484264e-12,0,0.00651648,False
coco/coco_019187.png,0,real,6.13433371654537e-07,0,0.0,False
coco/coco_019211.png,0,real,1.886490110791783e-07,0,0.00040348,False
coco/coco_019230.png,0,real,1.6071963955255342e-06,0,0.00048071,False
coco/coco_019275.png,0,real,3.7360115001661143e-10,0,0.00669846,False
coco/coco_019281.png,0,real,5.151138338987948e-06,0,1.3e-07,False
coco/coco_019296.png,0,real,3.009994179592468e-05,0,7.73e-06,False
coco/coco_019297.png,0,real,4.029191586596426e-06,0,3.9e-07,False
coco/coco_019344.png,0,real,1.3762415846940712e-06,0,0.00139254,False
coco/coco_019350.png,0,real,0.00011496121442178264,0,0.00154697,False
coco/coco_019385.png,0,real,6.508708016994547e-10,0,0.0,False
coco/coco_019408.png,0,real,4.087130491825519e-06,0,1.06e-06,False
coco/coco_019411.png,0,real,3.0932965078278585e-09,0,0.0,False
coco/coco_019428.png,0,real,1.2767134016655746e-08,0,2.3e-07,False
coco/coco_019431.png,0,real,0.0004823361523449421,0,0.0018222,False
coco/coco_019458.png,0,real,1.2629035595068672e-08,0,1.31e-06,False
coco/coco_019474.png,0,real,2.9951701435493305e-05,0,3e-08,False
coco/coco_019475.png,0,real,6.818332010105621e-11,0,0.0,False
coco/coco_019508.png,0,real,6.651699550275225e-06,0,2.486e-05,False
coco/coco_019536.png,0,real,0.002556340303272009,0,0.01055172,False
coco/coco_019543.png,0,real,3.00959013266322e-09,0,0.0,False
coco/coco_019597.png,0,real,5.933342777098005e-07,0,0.00147503,False
coco/coco_019610.png,0,real,0.0006933592376299202,0,0.00243254,False
coco/coco_019658.png,0,real,0.0012686011614277959,0,4.565e-05,False
coco/coco_019696.png,0,real,5.776261088365209e-13,0,0.0,False
coco/coco_019700.png,0,real,8.136215910781175e-06,0,0.00430252,False
coco/coco_019702.png,0,real,1.9801826056209393e-05,0,0.0,False
coco/coco_019709.png,0,real,3.654824831755832e-05,0,4e-08,False
coco/coco_019718.png,0,real,4.6575610923582644e-08,0,0.04871926,False
coco/coco_019815.png,0,real,0.0020199324935674667,0,2.75e-05,False
coco/coco_019818.png,0,real,0.0008284705691039562,0,0.00017906,False
coco/coco_019824.png,0,real,8.9690372988116e-05,0,4.863e-05,False
coco/coco_019840.png,0,real,0.004079726524651051,0,0.00078049,False
coco/coco_019841.png,0,real,5.548180865844188e-07,0,0.00073193,False
coco/coco_019859.png,0,real,0.002774258842691779,0,0.00027765,False
coco/coco_019861.png,0,real,7.106072007445619e-05,0,0.00590718,False
coco/coco_019871.png,0,real,1.434658400967237e-07,0,0.0,False
coco/coco_019880.png,0,real,0.02535885013639927,0,4.26e-06,False
coco/coco_019889.png,0,real,6.037871713715504e-08,0,0.00027323,False
coco/coco_019903.png,0,real,0.15611796081066132,0,3.47e-06,False
coco/coco_019911.png,0,real,0.000319222774123773,0,0.28656521,False
coco/coco_019913.png,0,real,0.005201513413339853,0,0.08644896,False
coco/coco_019919.png,0,real,2.189778030015077e-07,0,0.0002609,False
coco/coco_019968.png,0,real,2.440274511172902e-05,0,0.0,False
coco/coco_019994.png,0,real,4.397943484946154e-07,0,0.0,False
coco/coco_019997.png,0,real,0.00011938573879888281,0,0.0,False
coco/coco_020025.png,0,real,0.003268881468102336,0,0.02110293,False
coco/coco_020041.png,0,real,0.0003002190787810832,0,0.05077907,False
coco/coco_020071.png,0,real,0.04468473792076111,0,0.60255229,True
coco/coco_020078.png,0,real,0.2714976370334625,0,1e-08,False
coco/coco_020097.png,0,real,1.0051312528958078e-05,0,3.2e-05,False
coco/coco_020119.png,0,real,0.00011077225644839928,0,0.0273207,False
coco/coco_020135.png,0,real,0.0002900275285355747,0,0.78939754,True
coco/coco_020246.png,0,real,8.437200182033111e-26,0,0.00015488,False
coco/coco_020253.png,0,real,6.211444087966811e-06,0,0.00019862,False
coco/coco_020292.png,0,real,8.976688150141854e-06,0,1.3e-07,False
coco/coco_020293.png,0,real,3.0812720069661736e-05,0,1e-08,False
coco/coco_020302.png,0,real,1.870948472060263e-05,0,0.05407587,False
coco/coco_020320.png,0,real,9.396473615197465e-06,0,4.4e-05,False
coco/coco_020327.png,0,real,0.10962919145822525,0,0.00012053,False
coco/coco_020331.png,0,real,1.8055185364573845e-06,0,0.0,False
coco/coco_020345.png,0,real,5.179854452233569e-27,0,0.00018804,False
coco/coco_020386.png,0,real,1.2287819117773324e-07,0,0.016592,False
coco/coco_020431.png,0,real,0.960742712020874,0,0.00074648,True
coco/coco_020437.png,0,real,0.000415253423852846,0,0.07086267,False
coco/coco_020470.png,0,real,6.468556421168614e-06,0,1.45e-06,False
coco/coco_020477.png,0,real,1.0111590053041617e-22,0,2.21e-06,False
coco/coco_020501.png,0,real,6.863933066370009e-08,0,0.0,False
coco/coco_020509.png,0,real,1.0528216165539561e-07,0,0.0,False
coco/coco_020532.png,0,real,5.975352337372897e-07,0,0.00060486,False
coco/coco_020537.png,0,real,0.0033086054027080536,0,0.00038219,False
coco/coco_020556.png,0,real,3.228653667974868e-06,0,0.0,False
coco/coco_020569.png,0,real,9.300640522269532e-05,0,1e-08,False
coco/coco_020585.png,0,real,3.58517638687772e-07,0,0.00038942,False
coco/coco_020594.png,0,real,7.792011729179649e-07,0,0.00997668,False
coco/coco_020617.png,0,real,0.00016061349015217274,0,0.0,False
coco/coco_020635.png,0,real,0.0008000531233847141,0,0.70199525,True
coco/coco_020636.png,0,real,0.4331308603286743,0,0.02215441,False
coco/coco_020642.png,0,real,1.3642822765599916e-12,0,0.02297539,False
coco/coco_020645.png,0,real,2.8261371198823326e-07,0,0.00012817,False
coco/coco_020653.png,0,real,1.0803425539052114e-05,0,3.36e-05,False
coco/coco_020686.png,0,real,1.1601395399907233e-08,0,0.0,False
coco/coco_020693.png,0,real,1.4498281188934925e-06,0,0.0,False
coco/coco_020708.png,0,real,6.952846888452768e-05,0,1.829e-05,False
coco/coco_020721.png,0,real,4.588116553350119e-08,0,0.0,False
coco/coco_020734.png,0,real,0.00011180884757777676,0,0.00013518,False
coco/coco_020738.png,0,real,0.09778282046318054,0,0.00861945,False
coco/coco_020748.png,0,real,2.2098515728430357e-06,0,1e-08,False
coco/coco_020762.png,0,real,0.05629435181617737,0,0.00071304,False
coco/coco_020764.png,0,real,4.263673303306348e-10,0,3.616e-05,False
coco/coco_020766.png,0,real,0.000776820641476661,0,0.10397646,False
coco/coco_020774.png,0,real,1.1706958069623852e-08,0,1e-08,False
coco/coco_020784.png,0,real,3.136075621412715e-09,0,0.0,False
coco/coco_020904.png,0,real,7.743266905890778e-05,0,0.02017585,False
coco/coco_020908.png,0,real,0.0037764429580420256,0,0.99561274,True
coco/coco_020930.png,0,real,4.745837941300124e-06,0,4.97e-06,False
coco/coco_020987.png,0,real,2.3678001070948085e-07,0,9e-08,False
coco/coco_020993.png,0,real,0.0001309685903834179,0,4.55e-06,False
coco/coco_021013.png,0,real,7.991063284862321e-06,0,0.00029906,False
coco/coco_021028.png,0,real,9.110794341182782e-10,0,3.2e-07,False
coco/coco_021045.png,0,real,0.00037123888614587486,0,0.01145548,False
coco/coco_021049.png,0,real,7.38666813049349e-06,0,0.01953,False
coco/coco_021066.png,0,real,3.8565991417272016e-05,0,0.00590678,False
coco/coco_021084.png,0,real,3.211939825220611e-09,0,3.83e-06,False
coco/coco_021100.png,0,real,3.263885162141378e-08,0,1.8e-07,False
coco/coco_021106.png,0,real,5.595259366941718e-08,0,0.00013133,False
coco/coco_021135.png,0,real,9.550744639597042e-10,0,0.00045836,False
coco/coco_021138.png,0,real,2.7184787541045807e-06,0,1.332e-05,False
coco/coco_021150.png,0,real,1.0790775569801669e-16,0,8e-08,False
coco/coco_021154.png,0,real,0.0038586610462516546,0,4.835e-05,False
coco/coco_021188.png,0,real,2.1489322429977628e-33,0,0.00206634,False
coco/coco_021190.png,0,real,0.00021038639533799142,0,1.5e-07,False
coco/coco_021213.png,0,real,0.3723604381084442,0,0.00171897,False
coco/coco_021221.png,0,real,7.015144365141168e-05,0,0.03606513,False
coco/coco_021226.png,0,real,4.6902516714908415e-07,0,7e-08,False
coco/coco_021239.png,0,real,1.5599297853441385e-08,0,1.36e-06,False
coco/coco_021296.png,0,real,0.003372955834493041,0,6.15e-06,False
coco/coco_021335.png,0,real,1.9818584273689765e-10,0,9.3e-07,False
coco/coco_021365.png,0,real,4.2988503992091864e-06,0,0.0,False
coco/coco_021406.png,0,real,0.0019349304493516684,0,0.04344584,False
coco/coco_021442.png,0,real,1.113382281335562e-12,0,0.0,False
coco/coco_021447.png,0,real,0.0011882868129760027,0,0.05762642,False
coco/coco_021466.png,0,real,1.2737477739221958e-09,0,4.08e-06,False
coco/coco_021468.png,0,real,1.0,0,1.0,False
coco/coco_021474.png,0,real,2.814986821420007e-08,0,0.0,False
coco/coco_021475.png,0,real,0.4047693610191345,0,7.81e-06,False
coco/coco_021483.png,0,real,2.031085932685528e-05,0,0.0,False
coco/coco_021497.png,0,real,2.92354105368986e-08,0,0.0,False
coco/coco_021531.png,0,real,3.5903012758353725e-05,0,0.03421162,False
coco/coco_021560.png,0,real,0.053532861173152924,0,2.13e-05,False
coco/coco_021562.png,0,real,0.00047258500126190484,0,0.01979868,False
coco/coco_021579.png,0,real,3.2508316785001545e-12,0,0.0,False
coco/coco_021586.png,0,real,6.451366061810404e-05,0,8.07e-06,False
coco/coco_021597.png,0,real,0.00030795790371485054,0,0.0181949,False
coco/coco_021614.png,0,real,5.739473749599711e-07,0,1e-08,False
coco/coco_021636.png,0,real,3.713002570293611e-06,0,0.00063181,False
coco/coco_021658.png,0,real,2.1572244804701768e-05,0,0.00973211,False
coco/coco_021679.png,0,real,0.0009464104077778757,0,1.874e-05,False
coco/coco_021703.png,0,real,3.368811124654647e-18,0,8.358e-05,False
coco/coco_021717.png,0,real,0.00045610693632625043,0,4.84e-06,False
coco/coco_021721.png,0,real,0.00011724098294507712,0,2.41e-06,False
coco/coco_021727.png,0,real,0.00201776041649282,0,0.06118713,False
coco/coco_021769.png,0,real,0.010386275127530098,0,0.46912652,False
coco/coco_021791.png,0,real,2.113595883201924e-06,0,0.00013846,False
coco/coco_021797.png,0,real,1.0390659781478462e-06,0,0.37072808,False
coco/coco_021830.png,0,real,1.3327052101885783e-06,0,5.02e-06,False
coco/coco_021841.png,0,real,6.535717602673685e-06,0,0.27110583,False
coco/coco_021854.png,0,real,6.441456207539886e-05,0,8e-08,False
coco/coco_021860.png,0,real,2.6672780063775056e-18,0,0.04453787,False
coco/coco_021886.png,0,real,1.302182965901011e-07,0,0.00036948,False
coco/coco_021893.png,0,real,2.803563745601423e-07,0,0.00013808,False
coco/coco_021905.png,0,real,1.0095908464791137e-06,0,4.47e-06,False
coco/coco_021987.png,0,real,4.39373877725302e-07,0,0.56848347,True
coco/coco_022014.png,0,real,2.1674814178716806e-14,0,5.359e-05,False
coco/coco_022026.png,0,real,6.244599029580232e-18,0,0.00044189,False
coco/coco_022043.png,0,real,2.174427521720035e-12,0,4.5e-07,False
coco/coco_022058.png,0,real,7.139334456951474e-07,0,0.0,False
coco/coco_022087.png,0,real,0.0003183222725056112,0,5e-08,False
coco/coco_022113.png,0,real,3.617331450654279e-14,0,0.0,False
coco/coco_022162.png,0,real,6.069925378299201e-12,0,0.0,False
coco/coco_022169.png,0,real,0.001022263546474278,0,0.86678737,True
coco/coco_022177.png,0,real,1.1823934054078222e-09,0,0.0,False
coco/coco_022189.png,0,real,1.6609838837666757e-07,0,2e-08,False
coco/coco_022216.png,0,real,0.0007758736610412598,0,0.00053226,False
coco/coco_022218.png,0,real,0.0002766905236057937,0,3.127e-05,False
coco/coco_022228.png,0,real,4.042601275955349e-08,0,3e-08,False
coco/coco_022236.png,0,real,1.6714093362679705e-06,0,2.09e-06,False
coco/coco_022249.png,0,real,1.3363833204493858e-06,0,4.775e-05,False
coco/coco_022272.png,0,real,2.1409778838688e-08,0,0.0,False
coco/coco_022288.png,0,real,0.0,0,0.0,False
coco/coco_022289.png,0,real,2.059192816261657e-09,0,0.00019126,False
coco/coco_022293.png,0,real,1.9071480039656308e-07,0,0.00303494,False
coco/coco_022311.png,0,real,0.0003388055774848908,0,0.00029143,False
coco/coco_022321.png,0,real,9.026442967297044e-06,0,0.00741624,False
coco/coco_022322.png,0,real,2.501343132621514e-08,0,1.12e-06,False
coco/coco_022331.png,0,real,0.00015683901438023895,0,6.292e-05,False
coco/coco_022341.png,0,real,4.999408338335343e-05,0,2e-08,False
coco/coco_022360.png,0,real,0.019959522411227226,0,0.00047041,False
coco/coco_022367.png,0,real,0.0067345448769629,0,0.0,False
coco/coco_022372.png,0,real,2.765214055996945e-12,0,0.0,False
coco/coco_022421.png,0,real,1.532934987835688e-07,0,0.03233898,False
coco/coco_022463.png,0,real,0.9503065943717957,0,0.20265408,True
coco/coco_022474.png,0,real,0.01287589967250824,0,0.00031082,False
coco/coco_022498.png,0,real,6.223132942295706e-08,0,2e-08,False
coco/coco_022508.png,0,real,0.0001031811916618608,0,0.01953944,False
coco/coco_022522.png,0,real,0.0001675477542448789,0,0.00261467,False
coco/coco_022523.png,0,real,0.00014272198313847184,0,5.7e-07,False
coco/coco_022524.png,0,real,2.003057670663111e-05,0,0.0,False
coco/coco_022544.png,0,real,1.264612251361541e-06,0,0.00026195,False
coco/coco_022554.png,0,real,7.6071150942880195e-06,0,0.0,False
coco/coco_022577.png,0,real,2.2463247262294317e-08,0,0.0,False
coco/coco_022584.png,0,real,1.3142736898785756e-09,0,0.0,False
coco/coco_022603.png,0,real,7.499406365241157e-06,0,2e-08,False
coco/coco_022733.png,0,real,5.1736215311848355e-09,0,0.06516506,False
coco/coco_022840.png,0,real,0.011583513580262661,0,0.01266914,False
coco/coco_022863.png,0,real,7.39507441949172e-08,0,3.46e-06,False
coco/coco_022883.png,0,real,4.605298090609722e-05,0,5.66e-06,False
coco/coco_022886.png,0,real,5.3913460362764454e-08,0,0.00011892,False
coco/coco_022912.png,0,real,9.370352017867845e-06,0,0.00274282,False
coco/coco_022916.png,0,real,2.2474162559172478e-13,0,0.0,False
coco/coco_022938.png,0,real,0.009282886050641537,0,0.00787619,False
coco/coco_022939.png,0,real,0.0022015110589563847,0,0.01775946,False
coco/coco_022940.png,0,real,8.705904581767475e-15,0,0.0,False
coco/coco_022949.png,0,real,2.2388835532183293e-06,0,0.0366569,False
coco/coco_022966.png,0,real,3.103642711721477e-06,0,0.0,False
coco/coco_022967.png,0,real,0.00032205769093707204,0,0.00205003,False
coco/coco_022995.png,0,real,3.0777420761296526e-05,0,0.00013839,False
coco/coco_023017.png,0,real,2.0242425307515077e-05,0,8e-08,False
coco/coco_023030.png,0,real,0.0,0,4.079e-05,False
coco/coco_023041.png,0,real,3.3273404864697653e-11,0,0.03701521,False
coco/coco_023076.png,0,real,0.007367147598415613,0,0.0717666,False
coco/coco_023089.png,0,real,1.1220142148715695e-08,0,4.4e-06,False
coco/coco_023113.png,0,real,5.1504550356185064e-05,0,0.0090872,False
coco/coco_023123.png,0,real,7.073845953442515e-10,0,0.00014714,False
coco/coco_023139.png,0,real,8.106637778837467e-07,0,9.63e-06,False
coco/coco_023142.png,0,real,0.000434046087320894,0,3e-07,False
coco/coco_023193.png,0,real,5.032034096075222e-05,0,3.2e-06,False
coco/coco_023196.png,0,real,1.8401185286620603e-07,0,0.0,False
coco/coco_023232.png,0,real,0.00021932886738795787,0,0.02468677,False
coco/coco_023284.png,0,real,0.0002361977385589853,0,1.51e-06,False
coco/coco_023288.png,0,real,4.6227622078731656e-05,0,0.0,False
coco/coco_023302.png,0,real,0.03755396232008934,0,0.00130492,False
coco/coco_023310.png,0,real,0.0013761079171672463,0,0.02777163,False
coco/coco_023312.png,0,real,1.657215022987657e-07,0,0.0,False
coco/coco_023332.png,0,real,0.03061625175178051,0,0.00661474,False
coco/coco_023334.png,0,real,0.11071936041116714,0,0.91879457,True
coco/coco_023337.png,0,real,1.844144039136065e-14,0,0.01363786,False
coco/coco_023350.png,0,real,4.4962362153455615e-06,0,0.00028604,False
coco/coco_023358.png,0,real,9.330549333122624e-18,0,0.85149181,True
coco/coco_023399.png,0,real,1.942410563060548e-06,0,1e-08,False
coco/coco_023403.png,0,real,8.826306649155199e-18,0,0.0,False
coco/coco_023416.png,0,real,2.6996052615579913e-10,0,0.0,False
coco/coco_023459.png,0,real,2.385167476859351e-07,0,4.6e-07,False
coco/coco_023474.png,0,real,0.00018627301324158907,0,1.8e-06,False
coco/coco_023492.png,0,real,1.119344759104024e-07,0,0.01085304,False
coco/coco_023497.png,0,real,1.1173455277457833e-05,0,0.00032105,False
coco/coco_023534.png,0,real,1.7850713962541676e-11,0,0.0,False
coco/coco_023547.png,0,real,3.738745490977635e-08,0,0.00396404,False
coco/coco_023562.png,0,real,5.400132067734376e-06,0,0.85438401,True
coco/coco_023566.png,0,real,5.410971084529592e-07,0,0.00131844,False
coco/coco_023571.png,0,real,0.2849276065826416,0,0.9928087,True
coco/coco_023573.png,0,real,3.1848743674345315e-05,0,1.799e-05,False
coco/coco_023589.png,0,real,5.3935955293127336e-06,0,7.48e-06,False
coco/coco_023592.png,0,real,3.887995262630284e-06,0,0.00527078,False
coco/coco_023606.png,0,real,4.767266545968596e-06,0,0.00099041,False
coco/coco_023628.png,0,real,0.0006031836965121329,0,0.01610728,False
coco/coco_023630.png,0,real,9.334190690424293e-05,0,0.00570963,False
coco/coco_023691.png,0,real,3.3991087548201904e-05,0,5.05e-06,False
coco/coco_023705.png,0,real,3.779538928938564e-06,0,0.0,False
coco/coco_023714.png,0,real,0.3624310791492462,0,0.53484213,True
coco/coco_023726.png,0,real,5.302183126332238e-06,0,4e-08,False
coco/coco_023743.png,0,real,1.2738186114802375e-06,0,0.00584587,False
coco/coco_023750.png,0,real,5.929016166916767e-10,0,1.856e-05,False
coco/coco_023751.png,0,real,8.924126859710668e-08,0,1e-07,False
coco/coco_023793.png,0,real,0.004704555030912161,0,1.56e-06,False
coco/coco_023806.png,0,real,5.753698406607555e-09,0,2.147e-05,False
coco/coco_023809.png,0,real,0.00015193883155006915,0,0.09145185,False
coco/coco_023878.png,0,real,4.940630446981231e-07,0,0.01361434,False
coco/coco_023886.png,0,real,1.2707222367680515e-06,0,1.7e-07,False
coco/coco_023902.png,0,real,6.23601295046683e-08,0,0.0,False
coco/coco_023929.png,0,real,9.710029189591296e-07,0,3.34e-06,False
coco/coco_023938.png,0,real,4.704550117529127e-12,0,0.0,False
coco/coco_023939.png,0,real,9.526843314233702e-07,0,0.00183089,False
coco/coco_023987.png,0,real,6.105817362822563e-08,0,0.0,False
coco/coco_023997.png,0,real,6.920955638634041e-05,0,5.63e-06,False
coco/coco_023999.png,0,real,1.5703962574775687e-08,0,3.75e-06,False
coco/coco_024058.png,0,real,0.0004259160195942968,0,0.81832653,True
coco/coco_024065.png,0,real,4.0096122688737523e-07,0,0.0,False
coco/coco_024108.png,0,real,0.00038353248964995146,0,0.00026214,False
coco/coco_024117.png,0,real,0.00012157816672697663,0,0.00073455,False
coco/coco_024127.png,0,real,5.6671389857352455e-14,0,0.0,False
coco/coco_024163.png,0,real,4.751656888402067e-06,0,0.0,False
coco/coco_024166.png,0,real,9.054446309164632e-06,0,6.13e-06,False
coco/coco_024168.png,0,real,0.0005593661335296929,0,0.00042463,False
coco/coco_024179.png,0,real,1.4225293222803618e-29,0,7.185e-05,False
coco/coco_024200.png,0,real,0.0002791701699607074,0,0.02394021,False
coco/coco_024209.png,0,real,0.013814249075949192,0,0.15114973,False
coco/coco_024236.png,0,real,6.761569082414098e-11,0,0.0,False
coco/coco_024274.png,0,real,0.0026668377686291933,0,0.00124852,False
coco/coco_024277.png,0,real,5.206564068771513e-10,0,0.0,False
coco/coco_024296.png,0,real,4.495854682318168e-06,0,0.0,False
coco/coco_024317.png,0,real,8.779455384910761e-08,0,0.0,False
coco/coco_024329.png,0,real,8.454680937575176e-07,0,3.344e-05,False
coco/coco_024341.png,0,real,0.00043579377233982086,0,0.0084261,False
coco/coco_024353.png,0,real,3.257671096434933e-06,0,1.72e-06,False
coco/coco_024373.png,0,real,0.0017798616318032146,0,0.61500782,True
coco/coco_024434.png,0,real,3.608921304021351e-07,0,2.05e-06,False
coco/coco_024469.png,0,real,9.29796083876111e-12,0,0.0,False
coco/coco_024477.png,0,real,9.824515423417779e-09,0,0.00044595,False
coco/coco_024483.png,0,real,2.099523399579084e-08,0,1e-08,False
coco/coco_024512.png,0,real,4.563871698337607e-06,0,5.677e-05,False
coco/coco_024530.png,0,real,3.848721007670974e-06,0,0.00017398,False
coco/coco_024552.png,0,real,1.3399730214302963e-09,0,8e-08,False
coco/coco_024576.png,0,real,6.153100571282266e-07,0,0.0,False
coco/coco_024579.png,0,real,0.0013565955450758338,0,0.00024186,False
coco/coco_024598.png,0,real,0.006366487126797438,0,0.00374145,False
coco/coco_024602.png,0,real,0.0008998171542771161,0,0.00011764,False
coco/coco_024622.png,0,real,2.1433994579211912e-09,0,1.69e-06,False
coco/coco_024625.png,0,real,3.284053586414492e-24,0,1e-08,False
coco/coco_024628.png,0,real,0.00044865524978376925,0,0.1758354,False
coco/coco_024640.png,0,real,1.0650433036581489e-14,0,0.00044849,False
coco/coco_024641.png,0,real,5.271629106573528e-06,0,0.06757897,False
coco/coco_024650.png,0,real,0.00043167968397028744,0,3.23e-06,False
coco/coco_024680.png,0,real,9.691465675132349e-05,0,0.02299901,False
coco/coco_024694.png,0,real,1.8190479522672831e-06,0,0.0,False
coco/coco_024696.png,0,real,1.6325043361575808e-07,0,0.05179108,False
coco/coco_024710.png,0,real,2.2539531352450126e-10,0,0.58063537,True
coco/coco_024713.png,0,real,6.0478523231100034e-12,0,1.148e-05,False
coco/coco_024717.png,0,real,2.919538610868244e-09,0,1.7e-07,False
coco/coco_024736.png,0,real,0.00021165961516089737,0,2e-06,False
coco/coco_024753.png,0,real,0.00041542467079125345,0,6.5e-07,False
coco/coco_024787.png,0,real,1.3698248949367553e-05,0,4e-08,False
coco/coco_024801.png,0,real,5.69037911191117e-05,0,0.95423084,True
coco/coco_024829.png,0,real,1.3464918424688221e-07,0,0.0,False
coco/coco_024836.png,0,real,0.0004951714654453099,0,8e-07,False
coco/coco_024853.png,0,real,2.8873442715848796e-05,0,8.609e-05,False
coco/coco_024870.png,0,real,6.108587967901258e-06,0,2.299e-05,False
coco/coco_024873.png,0,real,0.0009349759202450514,0,0.00026716,False
coco/coco_024927.png,0,real,3.919470525914903e-09,0,0.0,False
coco/coco_024939.png,0,real,4.542411602415086e-07,0,3.1e-06,False
coco/coco_024940.png,0,real,0.0009782572742551565,0,0.0,False
coco/coco_025014.png,0,real,1.2905792345918599e-06,0,1.3e-07,False
coco/coco_025026.png,0,real,3.301184551673941e-05,0,0.00442176,False
coco/coco_025035.png,0,real,0.005519802216440439,0,0.0020048,False
coco/coco_025085.png,0,real,1.898105295436137e-18,0,0.0,False
coco/coco_025096.png,0,real,0.01712857373058796,0,0.00020662,False
coco/coco_025097.png,0,real,1.635416069234452e-08,0,0.0,False
coco/coco_025109.png,0,real,0.01809394173324108,0,0.00778873,False
coco/coco_025126.png,0,real,1.418699321220629e-05,0,0.0,False
coco/coco_025132.png,0,real,5.481061568154977e-13,0,0.0,False
coco/coco_025139.png,0,real,3.2525871773714243e-08,0,2.211e-05,False
coco/coco_025148.png,0,real,1.0253050675146369e-07,0,7.858e-05,False
coco/coco_025150.png,0,real,1.070276448444929e-05,0,2e-07,False
coco/coco_025153.png,0,real,0.016025178134441376,0,0.00704467,False
coco/coco_025159.png,0,real,0.001135406200774014,0,0.00174861,False
coco/coco_025196.png,0,real,3.972449746925122e-07,0,0.0,False
coco/coco_025221.png,0,real,5.43962077184874e-17,0,0.78488857,True
coco/coco_025240.png,0,real,0.00036984391044825315,0,0.00018613,False
coco/coco_025297.png,0,real,3.950133304897463e-06,0,0.0,False
coco/coco_025307.png,0,real,0.00020647620840463787,0,0.0,False
coco/coco_025325.png,0,real,1.794762916063064e-08,0,0.0003797,False
coco/coco_025367.png,0,real,0.00016304563905578107,0,7.4e-07,False
coco/coco_025370.png,0,real,0.0009030525689013302,0,0.01222114,False
coco/coco_025444.png,0,real,6.045309532964893e-07,0,0.0,False
coco/coco_025469.png,0,real,0.018875928595662117,0,0.48009688,False
coco/coco_025477.png,0,real,0.008576078340411186,0,0.00012802,False
coco/coco_025484.png,0,real,1.8545014413007266e-09,0,5e-08,False
coco/coco_025499.png,0,real,1.0286267837500418e-08,0,0.0,False
coco/coco_025590.png,0,real,3.973555919856153e-07,0,0.00018263,False
coco/coco_025604.png,0,real,4.506421760197554e-07,0,0.06534177,False
coco/coco_025632.png,0,real,9.8747454657655e-10,0,7.67e-05,False
coco/coco_025748.png,0,real,0.00043691296014003456,0,2.08e-06,False
coco/coco_025755.png,0,real,4.425826105602937e-08,0,0.00510058,False
coco/coco_025776.png,0,real,9.829959890339524e-05,0,0.0004131,False
coco/coco_025786.png,0,real,2.0153734112682287e-06,0,0.0,False
coco/coco_025790.png,0,real,2.099547380396416e-08,0,0.00010278,False
coco/coco_025854.png,0,real,2.3136721427619023e-09,0,1e-08,False
coco/coco_025856.png,0,real,4.2862864368942155e-09,0,1.053e-05,False
coco/coco_025945.png,0,real,0.9966481328010559,0,0.92982018,False
coco/coco_025946.png,0,real,8.074709398897539e-07,0,4.03e-06,False
coco/coco_025950.png,0,real,0.00024276183103211224,0,0.0320231,False
coco/coco_025963.png,0,real,1.7090375337147634e-08,0,9e-08,False
coco/coco_026010.png,0,real,6.897080684353796e-09,0,7e-08,False
coco/coco_026026.png,0,real,0.9973740577697754,0,1.0,False
coco/coco_026080.png,0,real,1.0055926445408587e-15,0,0.18854713,False
coco/coco_026097.png,0,real,4.7391799284923763e-07,0,1.37e-06,False
coco/coco_026100.png,0,real,7.798083956345181e-09,0,0.0,False
coco/coco_026117.png,0,real,2.1281080080370884e-06,0,0.0,False
coco/coco_026125.png,0,real,0.0005550896166823804,0,2.4e-07,False
coco/coco_026143.png,0,real,1.2209235400462148e-08,0,0.0,False
coco/coco_026186.png,0,real,7.587092731853318e-09,0,0.00036829,False
coco/coco_026232.png,0,real,1.6631454855087213e-05,0,0.00029951,False
coco/coco_026262.png,0,real,0.00033471002825535834,0,4.206e-05,False
coco/coco_026332.png,0,real,0.005315844900906086,0,0.00391672,False
coco/coco_026376.png,0,real,0.0006877528503537178,0,0.0,False
coco/coco_026378.png,0,real,5.447748918641082e-10,0,9.919e-05,False
coco/coco_026422.png,0,real,1.86059256890303e-08,0,2e-08,False
coco/coco_026434.png,0,real,0.006085852161049843,0,0.03878914,False
coco/coco_026508.png,0,real,8.327908362915082e-10,0,1.12e-06,False
coco/coco_026518.png,0,real,0.004171426873654127,0,0.00031233,False
coco/coco_026656.png,0,real,1.7919970559887588e-05,0,1e-07,False
coco/coco_026693.png,0,real,2.2417794752982445e-05,0,0.01793558,False
coco/coco_026769.png,0,real,5.66008702662657e-06,0,2.687e-05,False
coco/coco_026775.png,0,real,2.6296330446484717e-08,0,0.0,False
coco/coco_026889.png,0,real,4.0423817071477686e-10,0,8.5e-07,False
coco/coco_026912.png,0,real,2.546955979454424e-10,0,6.329e-05,False
coco/coco_026921.png,0,real,5.889044700779777e-07,0,1.592e-05,False
coco/coco_026956.png,0,real,0.000497928005643189,0,0.00082247,False
coco/coco_026983.png,0,real,0.000230998222832568,0,7.897e-05,False
coco/coco_026989.png,0,real,9.542895445212307e-14,0,0.13739239,False
coco/coco_026992.png,0,real,1.056520559927776e-08,0,0.01944539,False
coco/coco_027054.png,0,real,1.4632052449370935e-17,0,0.0,False
coco/coco_027064.png,0,real,6.397948163794354e-05,0,1.63e-06,False
coco/coco_027076.png,0,real,1.2066205101746164e-07,0,0.0,False
coco/coco_027102.png,0,real,0.004057226702570915,0,1.8e-07,False
coco/coco_027105.png,0,real,8.422919363805674e-34,0,0.00131045,False
coco/coco_027136.png,0,real,1.2584465059113127e-14,0,0.0,False
coco/coco_027182.png,0,real,8.274506399175152e-06,0,2e-08,False
coco/coco_027193.png,0,real,0.0007545785629190505,0,0.01055666,False
coco/coco_027198.png,0,real,0.007218759506940842,0,0.09847189,False
coco/coco_027222.png,0,real,8.163092957147455e-07,0,0.0,False
coco/coco_027253.png,0,real,0.00018210212874691933,0,1.391e-05,False
coco/coco_027254.png,0,real,1.238627311828111e-09,0,1.9e-07,False
coco/coco_027294.png,0,real,2.207318732633766e-15,0,0.0,False
coco/coco_027386.png,0,real,1.0719411136506096e-08,0,0.00030953,False
coco/coco_027390.png,0,real,5.941502422501799e-06,0,1.65e-06,False
coco/coco_027429.png,0,real,8.383840821579724e-08,0,0.0,False
coco/coco_027445.png,0,real,0.9861924052238464,0,0.81909138,False
coco/coco_027460.png,0,real,9.774885256774724e-05,0,0.00010089,False
coco/coco_027541.png,0,real,1.0658758320403194e-08,0,1.21e-06,False
coco/coco_027583.png,0,real,3.1047500215208856e-06,0,0.0,False
coco/coco_027604.png,0,real,1.9046102579522994e-06,0,2.91e-06,False
coco/coco_027643.png,0,real,0.008471930399537086,0,0.00775451,False
coco/coco_027711.png,0,real,6.679390025965404e-06,0,0.12154997,False
coco/coco_027773.png,0,real,4.1790107729866577e-07,0,0.00268089,False
coco/coco_027792.png,0,real,4.878424988419283e-07,0,2e-08,False
coco/coco_027804.png,0,real,4.527774777329796e-08,0,0.00895377,False
coco/coco_027830.png,0,real,5.762723631619338e-10,0,0.0,False
coco/coco_027836.png,0,real,1.1343254300300032e-06,0,0.00060228,False
coco/coco_027879.png,0,real,0.008068354800343513,0,0.02852206,False
coco/coco_027902.png,0,real,5.934434739174321e-06,0,0.00029688,False
coco/coco_027934.png,0,real,1.3085378321262692e-13,0,0.0,False
coco/coco_027940.png,0,real,2.955938498416799e-06,0,0.00714317,False
coco/coco_027960.png,0,real,0.0015150259714573622,0,0.0,False
coco/coco_027979.png,0,real,2.7872169084730558e-05,0,1.17e-06,False
coco/coco_028001.png,0,real,0.00012224054080434144,0,1.43e-06,False
coco/coco_028026.png,0,real,0.00021119997836649418,0,1.5e-07,False
coco/coco_028078.png,0,real,1.2285386219446082e-06,0,0.00192017,False
coco/coco_028095.png,0,real,3.2239998404293146e-07,0,0.0,False
coco/coco_028099.png,0,real,2.0058805334913004e-15,0,0.0,False
coco/coco_028176.png,0,real,3.4768247132888064e-05,0,1.6e-07,False
coco/coco_028198.png,0,real,2.6276765208166353e-09,0,3.002e-05,False
coco/coco_028201.png,0,real,0.02468748204410076,0,0.04042644,False
coco/coco_028210.png,0,real,3.614266574913927e-08,0,0.00014356,False
coco/coco_028294.png,0,real,1.3896648276556789e-09,0,0.00018452,False
coco/coco_028460.png,0,real,0.0011823255335912108,0,0.00175007,False
coco/coco_028477.png,0,real,1.9312617951072752e-05,0,0.010386,False
coco/coco_028535.png,0,real,3.109518365818076e-05,0,5.664e-05,False
coco/coco_028621.png,0,real,4.618448201654246e-06,0,0.0,False
coco/coco_028666.png,0,real,0.0070839375257492065,0,4.226e-05,False
coco/coco_028726.png,0,real,8.702783265356843e-15,0,0.00448602,False
coco/coco_028731.png,0,real,0.000200580689124763,0,0.85157007,True
coco/coco_028732.png,0,real,2.251359099147976e-09,0,1.25e-06,False
coco/coco_028741.png,0,real,2.7327848428626567e-08,0,0.0,False
coco/coco_028763.png,0,real,1.531560711587332e-10,0,2.103e-05,False
coco/coco_028764.png,0,real,0.0002495861263014376,0,3e-08,False
coco/coco_028871.png,0,real,4.541284034147561e-31,0,0.00400711,False
coco/coco_028883.png,0,real,9.941254575096536e-06,0,5.52e-06,False
coco/coco_028915.png,0,real,6.424720777431503e-05,0,5.13e-06,False
coco/coco_028968.png,0,real,0.0001584682468092069,0,0.01064399,False
coco/coco_029011.png,0,real,4.477253696677508e-07,0,2e-08,False
coco/coco_029031.png,0,real,2.5042272682185285e-05,0,0.38295674,False
coco/coco_029069.png,0,real,2.9012254820770522e-09,0,3.7e-06,False
coco/coco_029103.png,0,real,5.6582157412776724e-05,0,0.00221659,False
coco/coco_029108.png,0,real,2.041242623818107e-06,0,0.00021911,False
coco/coco_029168.png,0,real,0.00014340446796268225,0,2.28e-06,False
coco/coco_029178.png,0,real,2.395574665570166e-05,0,4e-08,False
coco/coco_029198.png,0,real,0.024511879310011864,0,0.64230782,True
coco/coco_029217.png,0,real,1.7082926739853121e-10,0,0.00022225,False
coco/coco_029229.png,0,real,3.94633457856397e-12,0,4.782e-05,False
coco/coco_029232.png,0,real,0.00020748842507600784,0,9.07e-06,False
coco/coco_029313.png,0,real,8.918453386286274e-05,0,0.00086116,False
coco/coco_029379.png,0,real,6.6888437686429825e-06,0,0.00284345,False
coco/coco_029397.png,0,real,5.5647167429562217e-11,0,0.0,False
coco/coco_029404.png,0,real,0.8601482510566711,0,0.31297129,True
coco/coco_029419.png,0,real,9.493270880511773e-08,0,0.0,False
coco/coco_029425.png,0,real,7.487396942451596e-07,0,1e-08,False
coco/coco_029494.png,0,real,0.5306158661842346,0,0.92612666,False
coco/coco_029633.png,0,real,1.7712512636073804e-14,0,0.0,False
coco/coco_029643.png,0,real,1.3287950423546135e-05,0,0.00015376,False
coco/coco_029685.png,0,real,0.0015292568132281303,0,0.01216619,False
coco/coco_029691.png,0,real,2.0865347778453724e-06,0,4.07e-06,False
coco/coco_029719.png,0,real,1.1809396482931334e-07,0,0.0,False
coco/coco_029755.png,0,real,2.0664529074565507e-05,0,0.00141815,False
coco/coco_029775.png,0,real,1.250024411092454e-06,0,1.5e-07,False
coco/coco_029861.png,0,real,1.5809803244337672e-06,0,1e-08,False
coco/coco_029876.png,0,real,3.9790847949916497e-07,0,5.58e-06,False
coco/coco_029971.png,0,real,3.6892964999424294e-05,0,5.69e-05,False
latent_diffusion/latent_diffusion_000034.png,1,latent_diffusion,4.7673827793914825e-05,1,0.99916792,True
latent_diffusion/latent_diffusion_000043.png,1,latent_diffusion,1.0,1,1.0,False
latent_diffusion/latent_diffusion_000085.png,1,latent_diffusion,1.0,1,1.0,False
latent_diffusion/latent_diffusion_000156.png,1,latent_diffusion,0.9988403916358948,1,0.95994741,False
latent_diffusion/latent_diffusion_000244.png,1,latent_diffusion,0.7340787053108215,1,0.92828244,False
latent_diffusion/latent_diffusion_000246.png,1,latent_diffusion,0.8031124472618103,1,0.09467173,True
latent_diffusion/latent_diffusion_000248.png,1,latent_diffusion,0.999381422996521,1,0.98852366,False
latent_diffusion/latent_diffusion_000274.png,1,latent_diffusion,1.0,1,0.9987973,False
latent_diffusion/latent_diffusion_000316.png,1,latent_diffusion,1.0,1,0.99956018,False
latent_diffusion/latent_diffusion_000326.png,1,latent_diffusion,0.9967340230941772,1,0.98577487,False
latent_diffusion/latent_diffusion_000347.png,1,latent_diffusion,0.9998742341995239,1,0.9999876,False
latent_diffusion/latent_diffusion_000379.png,1,latent_diffusion,1.0,1,1.0,False
latent_diffusion/latent_diffusion_000466.png,1,latent_diffusion,1.0,1,1.0,False
latent_diffusion/latent_diffusion_000470.png,1,latent_diffusion,0.9898109436035156,1,0.44103989,True
latent_diffusion/latent_diffusion_000543.png,1,latent_diffusion,0.0020854163449257612,1,0.0750011,False
latent_diffusion/latent_diffusion_000625.png,1,latent_diffusion,0.9937971830368042,1,0.92573279,False
latent_diffusion/latent_diffusion_000658.png,1,latent_diffusion,0.9999998807907104,1,0.12353084,True
latent_diffusion/latent_diffusion_000692.png,1,latent_diffusion,1.0,1,0.99995279,False
latent_diffusion/latent_diffusion_000711.png,1,latent_diffusion,0.9996709823608398,1,0.98814619,False
latent_diffusion/latent_diffusion_000724.png,1,latent_diffusion,0.764502227306366,1,0.9999994,False
latent_diffusion/latent_diffusion_000746.png,1,latent_diffusion,0.9998026490211487,1,0.99630201,False
latent_diffusion/latent_diffusion_000821.png,1,latent_diffusion,1.0,1,0.98289251,False
latent_diffusion/latent_diffusion_000869.png,1,latent_diffusion,1.0,1,1.0,False
latent_diffusion/latent_diffusion_000881.png,1,latent_diffusion,1.0,1,1.0,False
latent_diffusion/latent_diffusion_000932.png,1,latent_diffusion,0.9999998807907104,1,0.8399244,False
latent_diffusion/latent_diffusion_000946.png,1,latent_diffusion,0.9986382126808167,1,0.45410141,True
latent_diffusion/latent_diffusion_000975.png,1,latent_diffusion,0.9999991655349731,1,0.17712957,True
latent_diffusion/latent_diffusion_001033.png,1,latent_diffusion,1.0,1,0.99949324,False
latent_diffusion/latent_diffusion_001039.png,1,latent_diffusion,0.9929401874542236,1,0.99995661,False
latent_diffusion/latent_diffusion_001049.png,1,latent_diffusion,0.9987524747848511,1,0.99916744,False
latent_diffusion/latent_diffusion_001057.png,1,latent_diffusion,1.0,1,0.99982136,False
latent_diffusion/latent_diffusion_001074.png,1,latent_diffusion,0.9999998807907104,1,0.97024417,False
latent_diffusion/latent_diffusion_001092.png,1,latent_diffusion,0.999603807926178,1,0.97547352,False
latent_diffusion/latent_diffusion_001178.png,1,latent_diffusion,0.9999727010726929,1,0.99137032,False
latent_diffusion/latent_diffusion_001192.png,1,latent_diffusion,0.999285876750946,1,0.99985921,False
latent_diffusion/latent_diffusion_001197.png,1,latent_diffusion,0.9999899864196777,1,0.99883479,False
latent_diffusion/latent_diffusion_001211.png,1,latent_diffusion,1.0,1,1.0,False
latent_diffusion/latent_diffusion_001318.png,1,latent_diffusion,0.9898442029953003,1,0.9396202,False
latent_diffusion/latent_diffusion_001345.png,1,latent_diffusion,1.0,1,1.0,False
latent_diffusion/latent_diffusion_001378.png,1,latent_diffusion,1.0,1,1.0,False
latent_diffusion/latent_diffusion_001385.png,1,latent_diffusion,1.0,1,1.0,False
latent_diffusion/latent_diffusion_001411.png,1,latent_diffusion,1.0,1,0.99999881,False
latent_diffusion/latent_diffusion_001418.png,1,latent_diffusion,1.0,1,1.0,False
latent_diffusion/latent_diffusion_001523.png,1,latent_diffusion,1.0,1,0.99998569,False
latent_diffusion/latent_diffusion_001563.png,1,latent_diffusion,1.0,1,0.99265552,False
latent_diffusion/latent_diffusion_001621.png,1,latent_diffusion,1.0,1,1.652e-05,True
latent_diffusion/latent_diffusion_001628.png,1,latent_diffusion,0.9746454954147339,1,0.08442993,True
latent_diffusion/latent_diffusion_001644.png,1,latent_diffusion,0.9998730421066284,1,0.27624688,True
latent_diffusion/latent_diffusion_001661.png,1,latent_diffusion,0.9322460293769836,1,0.88001412,False
latent_diffusion/latent_diffusion_001693.png,1,latent_diffusion,0.9416720867156982,1,0.79963577,False
latent_diffusion/latent_diffusion_001729.png,1,latent_diffusion,1.0,1,0.99926966,False
latent_diffusion/latent_diffusion_001736.png,1,latent_diffusion,0.0002365894615650177,1,0.89075643,True
latent_diffusion/latent_diffusion_001795.png,1,latent_diffusion,0.99989914894104,1,0.58950454,False
latent_diffusion/latent_diffusion_001804.png,1,latent_diffusion,1.0,1,0.99989915,False
latent_diffusion/latent_diffusion_001840.png,1,latent_diffusion,0.9999966621398926,1,0.99950397,False
latent_diffusion/latent_diffusion_001893.png,1,latent_diffusion,0.9927946925163269,1,0.99952626,False
latent_diffusion/latent_diffusion_001913.png,1,latent_diffusion,0.913602352142334,1,0.99999583,False
latent_diffusion/latent_diffusion_001936.png,1,latent_diffusion,0.9908125996589661,1,0.99966073,False
latent_diffusion/latent_diffusion_001963.png,1,latent_diffusion,0.999970555305481,1,0.99574512,False
latent_diffusion/latent_diffusion_001969.png,1,latent_diffusion,0.9964969754219055,1,0.78877228,False
latent_diffusion/latent_diffusion_002067.png,1,latent_diffusion,0.999996542930603,1,0.99999988,False
latent_diffusion/latent_diffusion_002072.png,1,latent_diffusion,1.0,1,0.99999595,False
latent_diffusion/latent_diffusion_002135.png,1,latent_diffusion,0.9998871088027954,1,1.0,False
latent_diffusion/latent_diffusion_002156.png,1,latent_diffusion,1.0,1,0.99815124,False
latent_diffusion/latent_diffusion_002188.png,1,latent_diffusion,0.9999743700027466,1,0.99342781,False
latent_diffusion/latent_diffusion_002199.png,1,latent_diffusion,0.9999579191207886,1,0.00714724,True
latent_diffusion/latent_diffusion_002329.png,1,latent_diffusion,0.9997631907463074,1,0.99613023,False
latent_diffusion/latent_diffusion_002416.png,1,latent_diffusion,1.0,1,1.0,False
latent_diffusion/latent_diffusion_002463.png,1,latent_diffusion,0.9999185800552368,1,0.99992526,False
latent_diffusion/latent_diffusion_002560.png,1,latent_diffusion,0.9998534917831421,1,0.99953032,False
latent_diffusion/latent_diffusion_002573.png,1,latent_diffusion,1.0,1,0.99992335,False
latent_diffusion/latent_diffusion_002602.png,1,latent_diffusion,1.0,1,1.0,False
latent_diffusion/latent_diffusion_002607.png,1,latent_diffusion,1.0,1,1.0,False
latent_diffusion/latent_diffusion_002743.png,1,latent_diffusion,1.0,1,0.9998191,False
latent_diffusion/latent_diffusion_002772.png,1,latent_diffusion,0.9999985694885254,1,0.99872369,False
latent_diffusion/latent_diffusion_002894.png,1,latent_diffusion,1.0,1,1.0,False
latent_diffusion/latent_diffusion_002912.png,1,latent_diffusion,0.805056095123291,1,0.84790933,False
latent_diffusion/latent_diffusion_002916.png,1,latent_diffusion,1.0,1,1.0,False
latent_diffusion/latent_diffusion_002946.png,1,latent_diffusion,0.9999855756759644,1,0.48791003,True
latent_diffusion/latent_diffusion_002961.png,1,latent_diffusion,0.999869704246521,1,0.99929774,False
latent_diffusion/latent_diffusion_002994.png,1,latent_diffusion,1.0,1,0.99961793,False
latent_diffusion/latent_diffusion_003035.png,1,latent_diffusion,0.999996542930603,1,0.98094636,False
latent_diffusion/latent_diffusion_003179.png,1,latent_diffusion,0.9997628331184387,1,0.98939836,False
latent_diffusion/latent_diffusion_003257.png,1,latent_diffusion,0.9998914003372192,1,0.99972993,False
latent_diffusion/latent_diffusion_003265.png,1,latent_diffusion,0.9991210103034973,1,0.99949145,False
latent_diffusion/latent_diffusion_003273.png,1,latent_diffusion,1.0,1,0.9999994,False
latent_diffusion/latent_diffusion_003297.png,1,latent_diffusion,1.0,1,1.0,False
latent_diffusion/latent_diffusion_003389.png,1,latent_diffusion,0.9542298913002014,1,0.98413569,False
latent_diffusion/latent_diffusion_003429.png,1,latent_diffusion,1.0,1,0.99855524,False
latent_diffusion/latent_diffusion_003516.png,1,latent_diffusion,0.999711811542511,1,0.95165515,False
latent_diffusion/latent_diffusion_003596.png,1,latent_diffusion,1.0,1,0.91612822,False
latent_diffusion/latent_diffusion_003609.png,1,latent_diffusion,0.39937373995780945,1,0.99908698,True
latent_diffusion/latent_diffusion_003671.png,1,latent_diffusion,1.0,1,0.99992502,False
latent_diffusion/latent_diffusion_003705.png,1,latent_diffusion,0.9999773502349854,1,0.97659272,False
latent_diffusion/latent_diffusion_003814.png,1,latent_diffusion,0.9927750825881958,1,0.86895567,False
latent_diffusion/latent_diffusion_003841.png,1,latent_diffusion,0.9962467551231384,1,0.97016263,False
latent_diffusion/latent_diffusion_003859.png,1,latent_diffusion,0.9996465444564819,1,0.9999299,False
latent_diffusion/latent_diffusion_003875.png,1,latent_diffusion,1.0,1,1.0,False
latent_diffusion/latent_diffusion_003932.png,1,latent_diffusion,1.0,1,0.99910057,False
latent_diffusion/latent_diffusion_003955.png,1,latent_diffusion,1.0,1,0.46721059,True
latent_diffusion/latent_diffusion_003971.png,1,latent_diffusion,0.9999721050262451,1,0.99494261,False
latent_diffusion/latent_diffusion_003993.png,1,latent_diffusion,0.9927634596824646,1,0.52685279,False
latent_diffusion/latent_diffusion_004076.png,1,latent_diffusion,1.0,1,0.99999654,False
latent_diffusion/latent_diffusion_004104.png,1,latent_diffusion,0.9921779036521912,1,0.99996197,False
latent_diffusion/latent_diffusion_004201.png,1,latent_diffusion,0.999990701675415,1,0.99977106,False
latent_diffusion/latent_diffusion_004203.png,1,latent_diffusion,0.9916085600852966,1,0.30267835,True
latent_diffusion/latent_diffusion_004208.png,1,latent_diffusion,0.9927789568901062,1,0.99971455,False
latent_diffusion/latent_diffusion_004224.png,1,latent_diffusion,1.0,1,0.99324143,False
latent_diffusion/latent_diffusion_004240.png,1,latent_diffusion,0.9366998672485352,1,0.99909258,False
latent_diffusion/latent_diffusion_004280.png,1,latent_diffusion,0.9999574422836304,1,0.9999907,False
latent_diffusion/latent_diffusion_004289.png,1,latent_diffusion,0.9643584489822388,1,0.98667288,False
latent_diffusion/latent_diffusion_004303.png,1,latent_diffusion,0.9997887015342712,1,0.99148202,False
latent_diffusion/latent_diffusion_004348.png,1,latent_diffusion,1.0,1,0.99986339,False
latent_diffusion/latent_diffusion_004359.png,1,latent_diffusion,1.0,1,0.99864751,False
latent_diffusion/latent_diffusion_004505.png,1,latent_diffusion,0.9999997615814209,1,0.87573493,False
latent_diffusion/latent_diffusion_004527.png,1,latent_diffusion,1.0,1,1.0,False
latent_diffusion/latent_diffusion_004691.png,1,latent_diffusion,1.0,1,0.99955517,False
latent_diffusion/latent_diffusion_004874.png,1,latent_diffusion,0.9999994039535522,1,0.99872917,False
latent_diffusion/latent_diffusion_004915.png,1,latent_diffusion,0.9761162996292114,1,0.99228901,False
latent_diffusion/latent_diffusion_004959.png,1,latent_diffusion,1.0,1,1.0,False
latent_diffusion/latent_diffusion_005008.png,1,latent_diffusion,0.9999991655349731,1,0.89671928,False
latent_diffusion/latent_diffusion_005023.png,1,latent_diffusion,1.0,1,0.99999881,False
latent_diffusion/latent_diffusion_005217.png,1,latent_diffusion,0.9997476935386658,1,0.95454228,False
latent_diffusion/latent_diffusion_005266.png,1,latent_diffusion,0.946622371673584,1,0.06067883,True
latent_diffusion/latent_diffusion_005308.png,1,latent_diffusion,0.9998107552528381,1,0.99999785,False
latent_diffusion/latent_diffusion_005355.png,1,latent_diffusion,0.9999934434890747,1,0.98486972,False
latent_diffusion/latent_diffusion_005415.png,1,latent_diffusion,0.9998713731765747,1,0.97844362,False
latent_diffusion/latent_diffusion_005430.png,1,latent_diffusion,0.9988269209861755,1,0.99518305,False
latent_diffusion/latent_diffusion_005451.png,1,latent_diffusion,0.9927349090576172,1,0.96149045,False
latent_diffusion/latent_diffusion_005496.png,1,latent_diffusion,1.0,1,0.9907257,False
latent_diffusion/latent_diffusion_005533.png,1,latent_diffusion,0.9970678687095642,1,0.99909163,False
latent_diffusion/latent_diffusion_005537.png,1,latent_diffusion,0.9999992847442627,1,0.95679212,False
latent_diffusion/latent_diffusion_005626.png,1,latent_diffusion,0.9999713897705078,1,0.00093138,True
latent_diffusion/latent_diffusion_005645.png,1,latent_diffusion,1.0,1,0.90628564,False
latent_diffusion/latent_diffusion_005698.png,1,latent_diffusion,0.006701910402625799,1,0.996705,True
latent_diffusion/latent_diffusion_005699.png,1,latent_diffusion,1.0,1,0.65107077,False
latent_diffusion/latent_diffusion_005716.png,1,latent_diffusion,1.0,1,0.99961698,False
latent_diffusion/latent_diffusion_005947.png,1,latent_diffusion,0.9994460940361023,1,0.99950576,False
latent_diffusion/latent_diffusion_005960.png,1,latent_diffusion,1.0,1,0.99999952,False
latent_diffusion/latent_diffusion_005968.png,1,latent_diffusion,1.0,1,0.0,True
latent_diffusion/latent_diffusion_006004.png,1,latent_diffusion,1.0,1,0.0,True
latent_diffusion/latent_diffusion_006022.png,1,latent_diffusion,0.9997625946998596,1,0.99999642,False
latent_diffusion/latent_diffusion_006053.png,1,latent_diffusion,0.9786619544029236,1,0.97869861,False
latent_diffusion/latent_diffusion_006097.png,1,latent_diffusion,0.9987505674362183,1,0.99225545,False
latent_diffusion/latent_diffusion_006160.png,1,latent_diffusion,1.0,1,1.0,False
latent_diffusion/latent_diffusion_006177.png,1,latent_diffusion,1.0,1,0.94929934,False
latent_diffusion/latent_diffusion_006242.png,1,latent_diffusion,0.9999997615814209,1,0.99478984,False
latent_diffusion/latent_diffusion_006268.png,1,latent_diffusion,0.9998550415039062,1,0.98748255,False
latent_diffusion/latent_diffusion_006270.png,1,latent_diffusion,1.0,1,0.99999273,False
latent_diffusion/latent_diffusion_006283.png,1,latent_diffusion,1.0,1,0.95893478,False
latent_diffusion/latent_diffusion_006301.png,1,latent_diffusion,0.9999997615814209,1,0.98647434,False
latent_diffusion/latent_diffusion_006322.png,1,latent_diffusion,0.9994040727615356,1,0.99995995,False
latent_diffusion/latent_diffusion_006342.png,1,latent_diffusion,0.9971063733100891,1,0.73825794,False
latent_diffusion/latent_diffusion_006351.png,1,latent_diffusion,0.8395552635192871,1,0.38946891,True
latent_diffusion/latent_diffusion_006378.png,1,latent_diffusion,1.0,1,0.99999654,False
latent_diffusion/latent_diffusion_006476.png,1,latent_diffusion,1.0,1,0.99995613,False
latent_diffusion/latent_diffusion_006496.png,1,latent_diffusion,1.0,1,0.8750782,False
latent_diffusion/latent_diffusion_006538.png,1,latent_diffusion,0.9970334768295288,1,0.9974221,False
latent_diffusion/latent_diffusion_006709.png,1,latent_diffusion,0.9999895095825195,1,0.80360121,False
latent_diffusion/latent_diffusion_006792.png,1,latent_diffusion,0.9978005290031433,1,0.93672127,False
latent_diffusion/latent_diffusion_006980.png,1,latent_diffusion,1.0,1,1.0,False
latent_diffusion/latent_diffusion_006987.png,1,latent_diffusion,0.9957802295684814,1,0.99325246,False
latent_diffusion/latent_diffusion_007164.png,1,latent_diffusion,0.9993205070495605,1,0.97813785,False
latent_diffusion/latent_diffusion_007230.png,1,latent_diffusion,1.0,1,1.0,False
latent_diffusion/latent_diffusion_007234.png,1,latent_diffusion,0.9999985694885254,1,0.99998426,False
latent_diffusion/latent_diffusion_007247.png,1,latent_diffusion,1.0,1,0.99899489,False
latent_diffusion/latent_diffusion_007276.png,1,latent_diffusion,1.0,1,0.99035066,False
latent_diffusion/latent_diffusion_007305.png,1,latent_diffusion,0.9999963045120239,1,0.99823207,False
latent_diffusion/latent_diffusion_007340.png,1,latent_diffusion,1.0,1,0.99461752,False
latent_diffusion/latent_diffusion_007345.png,1,latent_diffusion,1.0,1,1.0,False
latent_diffusion/latent_diffusion_007481.png,1,latent_diffusion,1.0,1,0.96910203,False
latent_diffusion/latent_diffusion_007549.png,1,latent_diffusion,1.0,1,0.86254758,False
latent_diffusion/latent_diffusion_007579.png,1,latent_diffusion,0.9999221563339233,1,0.99893421,False
latent_diffusion/latent_diffusion_007589.png,1,latent_diffusion,0.9999986886978149,1,0.99979144,False
latent_diffusion/latent_diffusion_007633.png,1,latent_diffusion,1.0,1,0.96607012,False
latent_diffusion/latent_diffusion_007755.png,1,latent_diffusion,0.9999986886978149,1,0.97676975,False
latent_diffusion/latent_diffusion_007762.png,1,latent_diffusion,0.9999997615814209,1,0.98509699,False
latent_diffusion/latent_diffusion_007765.png,1,latent_diffusion,1.0,1,0.95125735,False
latent_diffusion/latent_diffusion_007892.png,1,latent_diffusion,0.046966034919023514,1,0.03105924,False
latent_diffusion/latent_diffusion_007925.png,1,latent_diffusion,0.9999972581863403,1,0.99692851,False
latent_diffusion/latent_diffusion_008052.png,1,latent_diffusion,1.0,1,0.99409711,False
latent_diffusion/latent_diffusion_008075.png,1,latent_diffusion,0.7771154642105103,1,0.87491935,False
latent_diffusion/latent_diffusion_008083.png,1,latent_diffusion,0.9987087249755859,1,0.95804662,False
latent_diffusion/latent_diffusion_008084.png,1,latent_diffusion,0.9999457597732544,1,0.99999511,False
latent_diffusion/latent_diffusion_008092.png,1,latent_diffusion,0.9980279803276062,1,0.99999881,False
latent_diffusion/latent_diffusion_008136.png,1,latent_diffusion,0.9999063014984131,1,0.99611217,False
latent_diffusion/latent_diffusion_008306.png,1,latent_diffusion,0.9999977350234985,1,0.99965,False
latent_diffusion/latent_diffusion_008330.png,1,latent_diffusion,1.0,1,0.99999988,False
latent_diffusion/latent_diffusion_008332.png,1,latent_diffusion,0.3103547990322113,1,0.71798772,True
latent_diffusion/latent_diffusion_008377.png,1,latent_diffusion,0.9997996687889099,1,0.99290538,False
latent_diffusion/latent_diffusion_008461.png,1,latent_diffusion,0.996905505657196,1,0.99585766,False
latent_diffusion/latent_diffusion_008514.png,1,latent_diffusion,0.8797745108604431,1,0.89038283,False
latent_diffusion/latent_diffusion_008599.png,1,latent_diffusion,0.997803270816803,1,0.98117697,False
latent_diffusion/latent_diffusion_008728.png,1,latent_diffusion,0.9981405735015869,1,0.6159668,False
latent_diffusion/latent_diffusion_008779.png,1,latent_diffusion,0.9998526573181152,1,0.9450087,False
latent_diffusion/latent_diffusion_008867.png,1,latent_diffusion,0.2760612964630127,1,0.68055016,True
latent_diffusion/latent_diffusion_008924.png,1,latent_diffusion,0.9999998807907104,1,0.75710249,False
latent_diffusion/latent_diffusion_008969.png,1,latent_diffusion,1.0,1,0.99999189,False
latent_diffusion/latent_diffusion_009009.png,1,latent_diffusion,0.5799041986465454,1,0.79338837,False
latent_diffusion/latent_diffusion_009040.png,1,latent_diffusion,1.0,1,0.998514,False
latent_diffusion/latent_diffusion_009149.png,1,latent_diffusion,0.9999990463256836,1,0.2697331,True
latent_diffusion/latent_diffusion_009185.png,1,latent_diffusion,1.0,1,0.9999032,False
latent_diffusion/latent_diffusion_009220.png,1,latent_diffusion,0.9940575361251831,1,0.9851281,False
latent_diffusion/latent_diffusion_009228.png,1,latent_diffusion,1.0,1,0.99623388,False
latent_diffusion/latent_diffusion_009231.png,1,latent_diffusion,1.0,1,0.99982303,False
latent_diffusion/latent_diffusion_009336.png,1,latent_diffusion,0.9999997615814209,1,0.95885068,False
latent_diffusion/latent_diffusion_009338.png,1,latent_diffusion,0.9995631575584412,1,0.93989921,False
latent_diffusion/latent_diffusion_009349.png,1,latent_diffusion,0.9999998807907104,1,0.93484819,False
latent_diffusion/latent_diffusion_009384.png,1,latent_diffusion,1.0,1,0.30231896,True
latent_diffusion/latent_diffusion_009385.png,1,latent_diffusion,0.9998488426208496,1,0.99989069,False
latent_diffusion/latent_diffusion_009419.png,1,latent_diffusion,0.9992952346801758,1,0.99564642,False
latent_diffusion/latent_diffusion_009433.png,1,latent_diffusion,1.0,1,0.99990594,False
latent_diffusion/latent_diffusion_009491.png,1,latent_diffusion,0.9996127486228943,1,0.9998616,False
latent_diffusion/latent_diffusion_009506.png,1,latent_diffusion,0.9968969821929932,1,0.89056259,False
latent_diffusion/latent_diffusion_009515.png,1,latent_diffusion,0.9973219037055969,1,0.96490496,False
latent_diffusion/latent_diffusion_009519.png,1,latent_diffusion,0.9999969005584717,1,0.99364942,False
latent_diffusion/latent_diffusion_009752.png,1,latent_diffusion,1.0,1,0.99989772,False
latent_diffusion/latent_diffusion_009768.png,1,latent_diffusion,0.999508261680603,1,0.98434246,False
latent_diffusion/latent_diffusion_009829.png,1,latent_diffusion,1.0,1,0.99999642,False
latent_diffusion/latent_diffusion_009848.png,1,latent_diffusion,0.9840278625488281,1,0.70814943,False
latent_diffusion/latent_diffusion_009986.png,1,latent_diffusion,1.0,1,1.0,False
latent_diffusion/latent_diffusion_009989.png,1,latent_diffusion,1.0,1,0.99999475,False
latent_diffusion/latent_diffusion_010007.png,1,latent_diffusion,1.0,1,1.0,False
latent_diffusion/latent_diffusion_010016.png,1,latent_diffusion,0.2635338306427002,1,0.9960652,True
latent_diffusion/latent_diffusion_010035.png,1,latent_diffusion,0.998365581035614,1,0.99998438,False
latent_diffusion/latent_diffusion_010062.png,1,latent_diffusion,1.0,1,1.0,False
latent_diffusion/latent_diffusion_010072.png,1,latent_diffusion,1.0,1,0.99971837,False
latent_diffusion/latent_diffusion_010075.png,1,latent_diffusion,1.0,1,1.0,False
latent_diffusion/latent_diffusion_010097.png,1,latent_diffusion,1.0,1,0.99999917,False
latent_diffusion/latent_diffusion_010130.png,1,latent_diffusion,0.9999053478240967,1,0.99719691,False
latent_diffusion/latent_diffusion_010153.png,1,latent_diffusion,0.9629759788513184,1,0.84813458,False
latent_diffusion/latent_diffusion_010193.png,1,latent_diffusion,0.9999959468841553,1,0.99928975,False
latent_diffusion/latent_diffusion_010227.png,1,latent_diffusion,1.0,1,1.0,False
latent_diffusion/latent_diffusion_010237.png,1,latent_diffusion,0.9998868703842163,1,0.98633367,False
latent_diffusion/latent_diffusion_010243.png,1,latent_diffusion,0.9999995231628418,1,0.99984181,False
latent_diffusion/latent_diffusion_010277.png,1,latent_diffusion,0.997317373752594,1,0.04001188,True
latent_diffusion/latent_diffusion_010281.png,1,latent_diffusion,1.0,1,0.99999917,False
latent_diffusion/latent_diffusion_010398.png,1,latent_diffusion,0.9999998807907104,1,0.99999988,False
latent_diffusion/latent_diffusion_010425.png,1,latent_diffusion,0.9883865714073181,1,0.99998438,False
latent_diffusion/latent_diffusion_010446.png,1,latent_diffusion,1.0,1,1.0,False
latent_diffusion/latent_diffusion_010491.png,1,latent_diffusion,0.9981599450111389,1,0.19103006,True
latent_diffusion/latent_diffusion_010497.png,1,latent_diffusion,0.9962196946144104,1,0.97041953,False
latent_diffusion/latent_diffusion_010571.png,1,latent_diffusion,0.99908447265625,1,0.99999988,False
latent_diffusion/latent_diffusion_010632.png,1,latent_diffusion,1.0,1,1.0,False
latent_diffusion/latent_diffusion_010653.png,1,latent_diffusion,0.5143755674362183,1,0.97562927,False
latent_diffusion/latent_diffusion_010658.png,1,latent_diffusion,0.9999595880508423,1,0.99773163,False
latent_diffusion/latent_diffusion_010679.png,1,latent_diffusion,1.0,1,0.99993801,False
latent_diffusion/latent_diffusion_010718.png,1,latent_diffusion,1.0,1,0.99958676,False
latent_diffusion/latent_diffusion_010722.png,1,latent_diffusion,0.9999978542327881,1,0.99999845,False
latent_diffusion/latent_diffusion_010725.png,1,latent_diffusion,1.0,1,0.99999917,False
latent_diffusion/latent_diffusion_010745.png,1,latent_diffusion,1.0,1,1.0,False
latent_diffusion/latent_diffusion_010829.png,1,latent_diffusion,0.9997785687446594,1,0.99243027,False
latent_diffusion/latent_diffusion_010865.png,1,latent_diffusion,0.035546816885471344,1,0.99982244,True
latent_diffusion/latent_diffusion_010871.png,1,latent_diffusion,0.9999432563781738,1,0.58800113,False
latent_diffusion/latent_diffusion_010890.png,1,latent_diffusion,0.694233238697052,1,0.98676109,False
latent_diffusion/latent_diffusion_010921.png,1,latent_diffusion,0.9999997615814209,1,0.97901148,False
latent_diffusion/latent_diffusion_010955.png,1,latent_diffusion,0.9884870052337646,1,0.07425994,True
latent_diffusion/latent_diffusion_011043.png,1,latent_diffusion,1.0,1,0.99999988,False
latent_diffusion/latent_diffusion_011336.png,1,latent_diffusion,1.0,1,0.99999821,False
latent_diffusion/latent_diffusion_011382.png,1,latent_diffusion,1.0,1,0.99999833,False
latent_diffusion/latent_diffusion_011413.png,1,latent_diffusion,0.9998773336410522,1,0.99371403,False
latent_diffusion/latent_diffusion_011483.png,1,latent_diffusion,0.9999687671661377,1,0.99999928,False
latent_diffusion/latent_diffusion_011524.png,1,latent_diffusion,0.9983078241348267,1,0.99825078,False
latent_diffusion/latent_diffusion_011538.png,1,latent_diffusion,0.9390690326690674,1,0.48009688,True
latent_diffusion/latent_diffusion_011554.png,1,latent_diffusion,0.9951424598693848,1,0.2515732,True
latent_diffusion/latent_diffusion_011571.png,1,latent_diffusion,0.9999980926513672,1,1.0,False
latent_diffusion/latent_diffusion_011660.png,1,latent_diffusion,1.0,1,1.0,False
latent_diffusion/latent_diffusion_011663.png,1,latent_diffusion,1.0,1,0.98863178,False
latent_diffusion/latent_diffusion_011681.png,1,latent_diffusion,0.9999265670776367,1,0.22770499,True
latent_diffusion/latent_diffusion_011759.png,1,latent_diffusion,0.9999998807907104,1,0.99937731,False
latent_diffusion/latent_diffusion_011770.png,1,latent_diffusion,0.9965977072715759,1,0.89153719,False
latent_diffusion/latent_diffusion_011921.png,1,latent_diffusion,1.0,1,1.0,False
latent_diffusion/latent_diffusion_011951.png,1,latent_diffusion,0.9662879109382629,1,0.86794055,False
latent_diffusion/latent_diffusion_012002.png,1,latent_diffusion,0.9997174143791199,1,0.99951828,False
latent_diffusion/latent_diffusion_012013.png,1,latent_diffusion,1.0,1,1.0,False
latent_diffusion/latent_diffusion_012069.png,1,latent_diffusion,0.9999889135360718,1,0.99980837,False
latent_diffusion/latent_diffusion_012210.png,1,latent_diffusion,1.0,1,0.07418587,True
latent_diffusion/latent_diffusion_012258.png,1,latent_diffusion,0.999962568283081,1,0.96647125,False
latent_diffusion/latent_diffusion_012342.png,1,latent_diffusion,0.47769537568092346,1,1.0,True
latent_diffusion/latent_diffusion_012458.png,1,latent_diffusion,0.998207688331604,1,0.99921727,False
latent_diffusion/latent_diffusion_012492.png,1,latent_diffusion,0.9793857932090759,1,0.94397867,False
latent_diffusion/latent_diffusion_012510.png,1,latent_diffusion,0.9993417859077454,1,0.99984241,False
latent_diffusion/latent_diffusion_012537.png,1,latent_diffusion,0.9823118448257446,1,0.59624702,False
latent_diffusion/latent_diffusion_012552.png,1,latent_diffusion,1.0,1,0.98814166,False
latent_diffusion/latent_diffusion_012579.png,1,latent_diffusion,0.9993487000465393,1,0.99741995,False
latent_diffusion/latent_diffusion_012728.png,1,latent_diffusion,1.0,1,0.99999869,False
latent_diffusion/latent_diffusion_012744.png,1,latent_diffusion,1.0,1,0.99861348,False
latent_diffusion/latent_diffusion_012781.png,1,latent_diffusion,0.9967886209487915,1,0.99872559,False
latent_diffusion/latent_diffusion_012856.png,1,latent_diffusion,0.956823468208313,1,0.99392724,False
latent_diffusion/latent_diffusion_012940.png,1,latent_diffusion,0.8052749633789062,1,0.99490571,False
latent_diffusion/latent_diffusion_012963.png,1,latent_diffusion,0.9999043941497803,1,0.90342051,False
latent_diffusion/latent_diffusion_012967.png,1,latent_diffusion,1.0,1,0.99998367,False
latent_diffusion/latent_diffusion_013115.png,1,latent_diffusion,1.0,1,0.99993837,False
latent_diffusion/latent_diffusion_013203.png,1,latent_diffusion,0.9958282113075256,1,0.93459231,False
latent_diffusion/latent_diffusion_013213.png,1,latent_diffusion,0.9994182586669922,1,0.99043053,False
latent_diffusion/latent_diffusion_013276.png,1,latent_diffusion,0.9999957084655762,1,0.99641305,False
latent_diffusion/latent_diffusion_013285.png,1,latent_diffusion,0.9999353885650635,1,0.0068567,True
latent_diffusion/latent_diffusion_013312.png,1,latent_diffusion,0.9999994039535522,1,0.99904913,False
latent_diffusion/latent_diffusion_013364.png,1,latent_diffusion,1.0,1,0.99997592,False
latent_diffusion/latent_diffusion_013405.png,1,latent_diffusion,0.9997170567512512,1,0.85673016,False
latent_diffusion/latent_diffusion_013430.png,1,latent_diffusion,1.0,1,1.0,False
latent_diffusion/latent_diffusion_013487.png,1,latent_diffusion,1.0,1,0.99967909,False
latent_diffusion/latent_diffusion_013509.png,1,latent_diffusion,1.0,1,0.98094577,False
latent_diffusion/latent_diffusion_013552.png,1,latent_diffusion,0.9999946355819702,1,0.99720567,False
latent_diffusion/latent_diffusion_013626.png,1,latent_diffusion,0.9999998807907104,1,0.99166006,False
latent_diffusion/latent_diffusion_013636.png,1,latent_diffusion,0.9999330043792725,1,0.99999499,False
latent_diffusion/latent_diffusion_013874.png,1,latent_diffusion,1.0,1,0.99999297,False
latent_diffusion/latent_diffusion_013892.png,1,latent_diffusion,1.0,1,0.94445825,False
latent_diffusion/latent_diffusion_013895.png,1,latent_diffusion,1.0,1,0.9999032,False
latent_diffusion/latent_diffusion_013905.png,1,latent_diffusion,1.0,1,0.79083472,False
latent_diffusion/latent_diffusion_014015.png,1,latent_diffusion,1.0,1,0.99999011,False
latent_diffusion/latent_diffusion_014063.png,1,latent_diffusion,1.0,1,0.02362524,True
latent_diffusion/latent_diffusion_014145.png,1,latent_diffusion,1.0,1,0.99998653,False
latent_diffusion/latent_diffusion_014186.png,1,latent_diffusion,1.0,1,0.99996066,False
latent_diffusion/latent_diffusion_014279.png,1,latent_diffusion,1.0,1,1.0,False
latent_diffusion/latent_diffusion_014297.png,1,latent_diffusion,1.0,1,1.0,False
latent_diffusion/latent_diffusion_014316.png,1,latent_diffusion,1.0,1,0.99939644,False
latent_diffusion/latent_diffusion_014317.png,1,latent_diffusion,1.0,1,0.99999976,False
latent_diffusion/latent_diffusion_014320.png,1,latent_diffusion,1.0,1,1.0,False
latent_diffusion/latent_diffusion_014329.png,1,latent_diffusion,1.0,1,1.0,False
latent_diffusion/latent_diffusion_014375.png,1,latent_diffusion,1.0,1,0.99999881,False
latent_diffusion/latent_diffusion_014525.png,1,latent_diffusion,0.999988317489624,1,0.98944688,False
latent_diffusion/latent_diffusion_014548.png,1,latent_diffusion,0.9993091821670532,1,1.0,False
latent_diffusion/latent_diffusion_014610.png,1,latent_diffusion,0.9999830722808838,1,0.74270618,False
latent_diffusion/latent_diffusion_014651.png,1,latent_diffusion,0.999961256980896,1,0.99159861,False
latent_diffusion/latent_diffusion_014663.png,1,latent_diffusion,0.9994613528251648,1,0.00685452,True
latent_diffusion/latent_diffusion_014734.png,1,latent_diffusion,1.0,1,1.0,False
latent_diffusion/latent_diffusion_014787.png,1,latent_diffusion,1.0,1,0.99966455,False
latent_diffusion/latent_diffusion_014842.png,1,latent_diffusion,0.9785872101783752,1,0.90684348,False
latent_diffusion/latent_diffusion_014863.png,1,latent_diffusion,0.9999876022338867,1,0.99920303,False
latent_diffusion/latent_diffusion_014900.png,1,latent_diffusion,0.9999850988388062,1,0.99999511,False
latent_diffusion/latent_diffusion_014921.png,1,latent_diffusion,0.9929112792015076,1,0.99996018,False
latent_diffusion/latent_diffusion_014932.png,1,latent_diffusion,0.9991389513015747,1,1.0,False
latent_diffusion/latent_diffusion_014959.png,1,latent_diffusion,0.9999990463256836,1,0.9997713,False
latent_diffusion/latent_diffusion_014969.png,1,latent_diffusion,1.0,1,1.0,False
latent_diffusion/latent_diffusion_015044.png,1,latent_diffusion,1.0,1,1.0,False
latent_diffusion/latent_diffusion_015149.png,1,latent_diffusion,1.0,1,0.96596086,False
latent_diffusion/latent_diffusion_015159.png,1,latent_diffusion,1.0,1,1.0,False
latent_diffusion/latent_diffusion_015256.png,1,latent_diffusion,1.0,1,0.99998808,False
latent_diffusion/latent_diffusion_015328.png,1,latent_diffusion,1.0,1,1.0,False
latent_diffusion/latent_diffusion_015332.png,1,latent_diffusion,1.0,1,1.0,False
latent_diffusion/latent_diffusion_015370.png,1,latent_diffusion,1.0,1,0.99963427,False
latent_diffusion/latent_diffusion_015481.png,1,latent_diffusion,0.9997097849845886,1,0.99695814,False
latent_diffusion/latent_diffusion_015496.png,1,latent_diffusion,0.999996542930603,1,0.9998771,False
latent_diffusion/latent_diffusion_015516.png,1,latent_diffusion,0.9978920817375183,1,0.44230911,True
latent_diffusion/latent_diffusion_015669.png,1,latent_diffusion,1.0,1,1.0,False
latent_diffusion/latent_diffusion_015697.png,1,latent_diffusion,0.9996341466903687,1,0.99343538,False
latent_diffusion/latent_diffusion_015727.png,1,latent_diffusion,1.0,1,1.0,False
latent_diffusion/latent_diffusion_015739.png,1,latent_diffusion,0.537310004234314,1,0.76040822,False
latent_diffusion/latent_diffusion_015749.png,1,latent_diffusion,1.0,1,0.87263012,False
latent_diffusion/latent_diffusion_015764.png,1,latent_diffusion,0.9992013573646545,1,0.98036683,False
latent_diffusion/latent_diffusion_015795.png,1,latent_diffusion,1.0,1,0.99957103,False
latent_diffusion/latent_diffusion_015827.png,1,latent_diffusion,0.9999996423721313,1,0.99999821,False
latent_diffusion/latent_diffusion_015929.png,1,latent_diffusion,0.9998975992202759,1,0.99996996,False
latent_diffusion/latent_diffusion_015955.png,1,latent_diffusion,0.9999984502792358,1,0.99972552,False
latent_diffusion/latent_diffusion_015970.png,1,latent_diffusion,0.9999970197677612,1,0.99996257,False
latent_diffusion/latent_diffusion_015975.png,1,latent_diffusion,1.0,1,0.99999928,False
latent_diffusion/latent_diffusion_015992.png,1,latent_diffusion,0.9998965263366699,1,0.99820828,False
latent_diffusion/latent_diffusion_016110.png,1,latent_diffusion,1.0,1,0.99877506,False
latent_diffusion/latent_diffusion_016112.png,1,latent_diffusion,0.9992066025733948,1,0.16613907,True
latent_diffusion/latent_diffusion_016314.png,1,latent_diffusion,0.999701201915741,1,0.99875951,False
latent_diffusion/latent_diffusion_016327.png,1,latent_diffusion,1.0,1,0.98700279,False
latent_diffusion/latent_diffusion_016437.png,1,latent_diffusion,0.9999833106994629,1,1.0,False
latent_diffusion/latent_diffusion_016590.png,1,latent_diffusion,1.0,1,0.78014976,False
latent_diffusion/latent_diffusion_016682.png,1,latent_diffusion,1.0,1,0.99514586,False
latent_diffusion/latent_diffusion_016685.png,1,latent_diffusion,0.9958140254020691,1,0.99909043,False
latent_diffusion/latent_diffusion_016718.png,1,latent_diffusion,1.0,1,0.99976963,False
latent_diffusion/latent_diffusion_016735.png,1,latent_diffusion,1.0,1,0.99996626,False
latent_diffusion/latent_diffusion_016742.png,1,latent_diffusion,1.0,1,0.99894923,False
latent_diffusion/latent_diffusion_016767.png,1,latent_diffusion,1.0,1,0.96531504,False
latent_diffusion/latent_diffusion_016908.png,1,latent_diffusion,1.0,1,0.86929637,False
latent_diffusion/latent_diffusion_016915.png,1,latent_diffusion,1.0,1,0.9993962,False
latent_diffusion/latent_diffusion_016928.png,1,latent_diffusion,0.9849995970726013,1,1.0,False
latent_diffusion/latent_diffusion_016953.png,1,latent_diffusion,0.9999997615814209,1,0.99999166,False
latent_diffusion/latent_diffusion_016969.png,1,latent_diffusion,1.0,1,0.9999907,False
latent_diffusion/latent_diffusion_016991.png,1,latent_diffusion,1.0,1,1.0,False
latent_diffusion/latent_diffusion_017067.png,1,latent_diffusion,0.9999998807907104,1,0.98157984,False
latent_diffusion/latent_diffusion_017119.png,1,latent_diffusion,1.0,1,1.0,False
latent_diffusion/latent_diffusion_017163.png,1,latent_diffusion,0.9965554475784302,1,0.92043561,False
latent_diffusion/latent_diffusion_017206.png,1,latent_diffusion,0.9999995231628418,1,0.60655421,False
latent_diffusion/latent_diffusion_017260.png,1,latent_diffusion,0.9582535624504089,1,0.99827206,False
latent_diffusion/latent_diffusion_017271.png,1,latent_diffusion,0.9999935626983643,1,0.9999814,False
latent_diffusion/latent_diffusion_017389.png,1,latent_diffusion,0.999998927116394,1,0.99999702,False
latent_diffusion/latent_diffusion_017467.png,1,latent_diffusion,1.0,1,0.99999416,False
latent_diffusion/latent_diffusion_017589.png,1,latent_diffusion,0.9991888403892517,1,0.81350261,False
latent_diffusion/latent_diffusion_017648.png,1,latent_diffusion,0.9962239265441895,1,0.70602691,False
latent_diffusion/latent_diffusion_017685.png,1,latent_diffusion,1.0,1,0.99970549,False
latent_diffusion/latent_diffusion_017767.png,1,latent_diffusion,0.9999995231628418,1,0.14627522,True
latent_diffusion/latent_diffusion_017827.png,1,latent_diffusion,0.9999053478240967,1,0.99997604,False
latent_diffusion/latent_diffusion_017833.png,1,latent_diffusion,1.0,1,0.99995923,False
latent_diffusion/latent_diffusion_017847.png,1,latent_diffusion,0.9999991655349731,1,0.99999309,False
latent_diffusion/latent_diffusion_017875.png,1,latent_diffusion,1.0,1,0.99399853,False
latent_diffusion/latent_diffusion_017894.png,1,latent_diffusion,0.9999748468399048,1,0.77250248,False
latent_diffusion/latent_diffusion_017903.png,1,latent_diffusion,1.0,1,0.99730194,False
latent_diffusion/latent_diffusion_017910.png,1,latent_diffusion,0.9999591112136841,1,0.99758124,False
latent_diffusion/latent_diffusion_018039.png,1,latent_diffusion,1.0,1,0.97074002,False
latent_diffusion/latent_diffusion_018057.png,1,latent_diffusion,1.0,1,0.99983573,False
latent_diffusion/latent_diffusion_018077.png,1,latent_diffusion,0.9997667670249939,1,0.99491477,False
latent_diffusion/latent_diffusion_018118.png,1,latent_diffusion,1.0,1,0.98904163,False
latent_diffusion/latent_diffusion_018176.png,1,latent_diffusion,1.0,1,1.0,False
latent_diffusion/latent_diffusion_018178.png,1,latent_diffusion,1.0,1,0.99447459,False
latent_diffusion/latent_diffusion_018333.png,1,latent_diffusion,1.0,1,1.0,False
latent_diffusion/latent_diffusion_018350.png,1,latent_diffusion,1.0,1,1.0,False
latent_diffusion/latent_diffusion_018358.png,1,latent_diffusion,1.0,1,0.98815513,False
latent_diffusion/latent_diffusion_018394.png,1,latent_diffusion,0.9678133130073547,1,0.83390939,False
latent_diffusion/latent_diffusion_018399.png,1,latent_diffusion,0.9923446774482727,1,0.99998307,False
latent_diffusion/latent_diffusion_018432.png,1,latent_diffusion,0.9999908208847046,1,0.99998677,False
latent_diffusion/latent_diffusion_018460.png,1,latent_diffusion,1.0,1,1.0,False
latent_diffusion/latent_diffusion_018528.png,1,latent_diffusion,1.0,1,0.61385626,False
latent_diffusion/latent_diffusion_018532.png,1,latent_diffusion,1.0,1,0.28201249,True
latent_diffusion/latent_diffusion_018599.png,1,latent_diffusion,1.0,1,0.99907267,False
latent_diffusion/latent_diffusion_018609.png,1,latent_diffusion,1.0,1,0.99995232,False
latent_diffusion/latent_diffusion_018651.png,1,latent_diffusion,0.13343335688114166,1,0.79454052,True
latent_diffusion/latent_diffusion_018680.png,1,latent_diffusion,1.0,1,0.46311134,True
latent_diffusion/latent_diffusion_018716.png,1,latent_diffusion,1.0,1,0.99997389,False
latent_diffusion/latent_diffusion_018718.png,1,latent_diffusion,0.9999998807907104,1,1.0,False
latent_diffusion/latent_diffusion_018747.png,1,latent_diffusion,1.0,1,1.0,False
latent_diffusion/latent_diffusion_018786.png,1,latent_diffusion,1.0,1,0.03969225,True
latent_diffusion/latent_diffusion_018851.png,1,latent_diffusion,0.005116770043969154,1,0.12644985,False
latent_diffusion/latent_diffusion_018903.png,1,latent_diffusion,0.9998936653137207,1,0.99924719,False
latent_diffusion/latent_diffusion_018944.png,1,latent_diffusion,1.0,1,0.99999499,False
latent_diffusion/latent_diffusion_018950.png,1,latent_diffusion,0.9999977350234985,1,0.9999994,False
latent_diffusion/latent_diffusion_018960.png,1,latent_diffusion,1.0,1,0.99998355,False
latent_diffusion/latent_diffusion_018980.png,1,latent_diffusion,0.9999959468841553,1,0.89334065,False
latent_diffusion/latent_diffusion_019020.png,1,latent_diffusion,1.0,1,0.97118932,False
latent_diffusion/latent_diffusion_019031.png,1,latent_diffusion,1.0,1,0.36606878,True
latent_diffusion/latent_diffusion_019210.png,1,latent_diffusion,1.0,1,0.99999988,False
latent_diffusion/latent_diffusion_019224.png,1,latent_diffusion,1.0,1,0.99951255,False
latent_diffusion/latent_diffusion_019283.png,1,latent_diffusion,1.0,1,0.99993706,False
latent_diffusion/latent_diffusion_019329.png,1,latent_diffusion,1.0,1,0.99973112,False
latent_diffusion/latent_diffusion_019397.png,1,latent_diffusion,0.9888120889663696,1,0.99994314,False
latent_diffusion/latent_diffusion_019403.png,1,latent_diffusion,1.0,1,1.0,False
latent_diffusion/latent_diffusion_019553.png,1,latent_diffusion,1.0,1,0.68352252,False
latent_diffusion/latent_diffusion_019610.png,1,latent_diffusion,1.0,1,0.99997962,False
latent_diffusion/latent_diffusion_019703.png,1,latent_diffusion,0.1795768290758133,1,0.63055259,True
latent_diffusion/latent_diffusion_019790.png,1,latent_diffusion,0.6670466661453247,1,0.02065514,True
latent_diffusion/latent_diffusion_019796.png,1,latent_diffusion,1.0,1,0.99987733,False
latent_diffusion/latent_diffusion_019797.png,1,latent_diffusion,0.9999674558639526,1,0.99999166,False
latent_diffusion/latent_diffusion_019846.png,1,latent_diffusion,1.0,1,0.99997079,False
latent_diffusion/latent_diffusion_019856.png,1,latent_diffusion,1.0,1,1.0,False
latent_diffusion/latent_diffusion_019967.png,1,latent_diffusion,1.0,1,1.0,False
latent_diffusion/latent_diffusion_019979.png,1,latent_diffusion,1.0,1,1.0,False
latent_diffusion/latent_diffusion_019983.png,1,latent_diffusion,1.0,1,0.99955338,False
latent_diffusion/latent_diffusion_020023.png,1,latent_diffusion,1.0,1,0.9995116,False
latent_diffusion/latent_diffusion_020039.png,1,latent_diffusion,0.9993157386779785,1,0.99805743,False
latent_diffusion/latent_diffusion_020048.png,1,latent_diffusion,1.0,1,1.0,False
latent_diffusion/latent_diffusion_020078.png,1,latent_diffusion,0.9984810948371887,1,0.99975926,False
latent_diffusion/latent_diffusion_020082.png,1,latent_diffusion,0.9999986886978149,1,0.99963903,False
latent_diffusion/latent_diffusion_020088.png,1,latent_diffusion,0.16513553261756897,1,0.04680961,False
latent_diffusion/latent_diffusion_020130.png,1,latent_diffusion,1.0,1,0.99976498,False
latent_diffusion/latent_diffusion_020168.png,1,latent_diffusion,0.9999997615814209,1,1.0,False
latent_diffusion/latent_diffusion_020197.png,1,latent_diffusion,1.0,1,1.0,False
latent_diffusion/latent_diffusion_020215.png,1,latent_diffusion,0.9999998807907104,1,0.99510407,False
latent_diffusion/latent_diffusion_020266.png,1,latent_diffusion,0.9751707315444946,1,0.54612941,False
latent_diffusion/latent_diffusion_020300.png,1,latent_diffusion,1.0,1,0.99546695,False
latent_diffusion/latent_diffusion_020319.png,1,latent_diffusion,0.9959191679954529,1,0.97210735,False
latent_diffusion/latent_diffusion_020320.png,1,latent_diffusion,1.0,1,0.91335285,False
latent_diffusion/latent_diffusion_020326.png,1,latent_diffusion,1.0,1,0.99998355,False
latent_diffusion/latent_diffusion_020429.png,1,latent_diffusion,1.0,1,1.0,False
latent_diffusion/latent_diffusion_020461.png,1,latent_diffusion,0.08443692326545715,1,0.99998224,True
latent_diffusion/latent_diffusion_020487.png,1,latent_diffusion,0.9973180890083313,1,0.99984086,False
latent_diffusion/latent_diffusion_020585.png,1,latent_diffusion,1.0,1,0.99969566,False
latent_diffusion/latent_diffusion_020627.png,1,latent_diffusion,1.0,1,0.98833615,False
latent_diffusion/latent_diffusion_020706.png,1,latent_diffusion,1.0,1,0.99999833,False
latent_diffusion/latent_diffusion_020743.png,1,latent_diffusion,1.0,1,0.96390235,False
latent_diffusion/latent_diffusion_020822.png,1,latent_diffusion,0.9999747276306152,1,0.63347304,False
latent_diffusion/latent_diffusion_020865.png,1,latent_diffusion,0.9999339580535889,1,0.99825972,False
latent_diffusion/latent_diffusion_020937.png,1,latent_diffusion,1.0,1,0.99996305,False
latent_diffusion/latent_diffusion_021041.png,1,latent_diffusion,0.9989375472068787,1,0.99844652,False
latent_diffusion/latent_diffusion_021130.png,1,latent_diffusion,0.9999642372131348,1,0.09738605,True
latent_diffusion/latent_diffusion_021147.png,1,latent_diffusion,1.0,1,0.98583972,False
latent_diffusion/latent_diffusion_021364.png,1,latent_diffusion,0.9999998807907104,1,0.99941707,False
latent_diffusion/latent_diffusion_021385.png,1,latent_diffusion,1.0,1,0.99943393,False
latent_diffusion/latent_diffusion_021495.png,1,latent_diffusion,1.0,1,0.99945432,False
latent_diffusion/latent_diffusion_021543.png,1,latent_diffusion,1.0,1,0.99997127,False
latent_diffusion/latent_diffusion_021558.png,1,latent_diffusion,1.0,1,0.99999917,False
latent_diffusion/latent_diffusion_021564.png,1,latent_diffusion,1.0,1,0.9986999,False
latent_diffusion/latent_diffusion_021700.png,1,latent_diffusion,0.9873269200325012,1,0.99355763,False
latent_diffusion/latent_diffusion_021871.png,1,latent_diffusion,0.15495488047599792,1,0.39723015,False
latent_diffusion/latent_diffusion_021891.png,1,latent_diffusion,1.0,1,0.99999869,False
latent_diffusion/latent_diffusion_021910.png,1,latent_diffusion,0.2370086908340454,1,0.941585,True
latent_diffusion/latent_diffusion_021926.png,1,latent_diffusion,0.9973040819168091,1,0.96881235,False
latent_diffusion/latent_diffusion_021938.png,1,latent_diffusion,0.9999990463256836,1,1.0,False
latent_diffusion/latent_diffusion_021991.png,1,latent_diffusion,1.0,1,0.99999952,False
latent_diffusion/latent_diffusion_022070.png,1,latent_diffusion,1.0,1,0.00849221,True
latent_diffusion/latent_diffusion_022081.png,1,latent_diffusion,1.0,1,0.99873012,False
latent_diffusion/latent_diffusion_022158.png,1,latent_diffusion,1.0,1,0.9105711,False
latent_diffusion/latent_diffusion_022165.png,1,latent_diffusion,0.27688783407211304,1,0.99959821,True
latent_diffusion/latent_diffusion_022203.png,1,latent_diffusion,0.9999655485153198,1,0.80874187,False
latent_diffusion/latent_diffusion_022234.png,1,latent_diffusion,1.0,1,1.0,False
latent_diffusion/latent_diffusion_022265.png,1,latent_diffusion,1.0,1,0.99998045,False
latent_diffusion/latent_diffusion_022347.png,1,latent_diffusion,1.0,1,0.99367058,False
latent_diffusion/latent_diffusion_022382.png,1,latent_diffusion,1.0,1,0.50626981,False
latent_diffusion/latent_diffusion_022490.png,1,latent_diffusion,1.0,1,0.99964809,False
latent_diffusion/latent_diffusion_022517.png,1,latent_diffusion,1.0,1,0.99995708,False
latent_diffusion/latent_diffusion_022521.png,1,latent_diffusion,0.9999997615814209,1,0.98244298,False
latent_diffusion/latent_diffusion_022532.png,1,latent_diffusion,1.0,1,1.0,False
latent_diffusion/latent_diffusion_022563.png,1,latent_diffusion,1.0,1,1.0,False
latent_diffusion/latent_diffusion_022570.png,1,latent_diffusion,1.0,1,0.90652412,False
latent_diffusion/latent_diffusion_022599.png,1,latent_diffusion,1.0,1,1.0,False
latent_diffusion/latent_diffusion_022690.png,1,latent_diffusion,1.0,1,1.0,False
latent_diffusion/latent_diffusion_022722.png,1,latent_diffusion,1.0,1,1.0,False
latent_diffusion/latent_diffusion_022819.png,1,latent_diffusion,0.9998552799224854,1,0.55312115,False
latent_diffusion/latent_diffusion_022830.png,1,latent_diffusion,1.0,1,0.99997258,False
latent_diffusion/latent_diffusion_022840.png,1,latent_diffusion,0.9999986886978149,1,0.5687902,False
latent_diffusion/latent_diffusion_022877.png,1,latent_diffusion,1.0,1,1.0,False
latent_diffusion/latent_diffusion_022955.png,1,latent_diffusion,1.0,1,1.0,False
latent_diffusion/latent_diffusion_022957.png,1,latent_diffusion,0.9999997615814209,1,0.99999833,False
latent_diffusion/latent_diffusion_023149.png,1,latent_diffusion,1.0,1,0.99999869,False
latent_diffusion/latent_diffusion_023157.png,1,latent_diffusion,0.9910026788711548,1,0.9999541,False
latent_diffusion/latent_diffusion_023202.png,1,latent_diffusion,1.0,1,0.99933159,False
latent_diffusion/latent_diffusion_023204.png,1,latent_diffusion,0.9999696016311646,1,0.99997401,False
latent_diffusion/latent_diffusion_023246.png,1,latent_diffusion,0.9999803304672241,1,1.0,False
latent_diffusion/latent_diffusion_023247.png,1,latent_diffusion,0.999922513961792,1,0.98191637,False
latent_diffusion/latent_diffusion_023257.png,1,latent_diffusion,0.6766060590744019,1,0.9862895,False
latent_diffusion/latent_diffusion_023361.png,1,latent_diffusion,1.0,1,0.99999964,False
latent_diffusion/latent_diffusion_023367.png,1,latent_diffusion,0.8427304625511169,1,0.99894708,False
latent_diffusion/latent_diffusion_023381.png,1,latent_diffusion,0.9998114705085754,1,0.9999907,False
latent_diffusion/latent_diffusion_023407.png,1,latent_diffusion,0.9999960660934448,1,0.98548871,False
latent_diffusion/latent_diffusion_023435.png,1,latent_diffusion,0.9998072981834412,1,0.99035627,False
latent_diffusion/latent_diffusion_023545.png,1,latent_diffusion,1.0,1,0.99999893,False
latent_diffusion/latent_diffusion_023553.png,1,latent_diffusion,0.999976634979248,1,0.94489831,False
latent_diffusion/latent_diffusion_023617.png,1,latent_diffusion,0.9991570711135864,1,0.99086642,False
latent_diffusion/latent_diffusion_023625.png,1,latent_diffusion,0.5824553966522217,1,0.01977043,True
latent_diffusion/latent_diffusion_023661.png,1,latent_diffusion,1.0,1,0.99999976,False
latent_diffusion/latent_diffusion_023672.png,1,latent_diffusion,0.7680759429931641,1,0.99869186,False
latent_diffusion/latent_diffusion_023690.png,1,latent_diffusion,1.0,1,0.99999821,False
latent_diffusion/latent_diffusion_023710.png,1,latent_diffusion,1.0,1,0.70917654,False
latent_diffusion/latent_diffusion_023737.png,1,latent_diffusion,1.0,1,0.98735541,False
latent_diffusion/latent_diffusion_023749.png,1,latent_diffusion,1.0,1,0.99999928,False
latent_diffusion/latent_diffusion_023771.png,1,latent_diffusion,1.0,1,0.99961436,False
latent_diffusion/latent_diffusion_023935.png,1,latent_diffusion,0.9999545812606812,1,0.99270052,False
latent_diffusion/latent_diffusion_023956.png,1,latent_diffusion,0.9980691075325012,1,0.996687,False
latent_diffusion/latent_diffusion_024052.png,1,latent_diffusion,1.0,1,1.0,False
latent_diffusion/latent_diffusion_024085.png,1,latent_diffusion,0.9999998807907104,1,1.0,False
latent_diffusion/latent_diffusion_024145.png,1,latent_diffusion,0.9999294281005859,1,0.94788975,False
latent_diffusion/latent_diffusion_024207.png,1,latent_diffusion,1.0,1,1.0,False
latent_diffusion/latent_diffusion_024209.png,1,latent_diffusion,1.0,1,0.99046504,False
latent_diffusion/latent_diffusion_024229.png,1,latent_diffusion,1.0,1,0.20691071,True
latent_diffusion/latent_diffusion_024256.png,1,latent_diffusion,1.0,1,0.99995971,False
latent_diffusion/latent_diffusion_024258.png,1,latent_diffusion,0.9982557892799377,1,0.90681261,False
latent_diffusion/latent_diffusion_024384.png,1,latent_diffusion,1.0,1,0.99999154,False
latent_diffusion/latent_diffusion_024396.png,1,latent_diffusion,0.9999998807907104,1,0.98558307,False
latent_diffusion/latent_diffusion_024404.png,1,latent_diffusion,1.0,1,1.0,False
latent_diffusion/latent_diffusion_024412.png,1,latent_diffusion,1.0,1,0.99998784,False
latent_diffusion/latent_diffusion_024474.png,1,latent_diffusion,1.0,1,0.99705303,False
latent_diffusion/latent_diffusion_024558.png,1,latent_diffusion,0.9999862909317017,1,0.91209638,False
latent_diffusion/latent_diffusion_024585.png,1,latent_diffusion,0.9999998807907104,1,0.9960556,False
latent_diffusion/latent_diffusion_024740.png,1,latent_diffusion,1.0,1,1.0,False
latent_diffusion/latent_diffusion_024793.png,1,latent_diffusion,1.0,1,0.99581689,False
latent_diffusion/latent_diffusion_024835.png,1,latent_diffusion,0.999996542930603,1,0.99963582,False
latent_diffusion/latent_diffusion_024842.png,1,latent_diffusion,0.9994288086891174,1,0.74597174,False
latent_diffusion/latent_diffusion_024859.png,1,latent_diffusion,0.9999985694885254,1,0.99988782,False
latent_diffusion/latent_diffusion_024885.png,1,latent_diffusion,1.0,1,0.99997675,False
latent_diffusion/latent_diffusion_024933.png,1,latent_diffusion,0.9999955892562866,1,0.99959928,False
latent_diffusion/latent_diffusion_024976.png,1,latent_diffusion,1.0,1,1.0,False
latent_diffusion/latent_diffusion_025041.png,1,latent_diffusion,0.9986011385917664,1,0.99991512,False
latent_diffusion/latent_diffusion_025069.png,1,latent_diffusion,1.0,1,1.0,False
latent_diffusion/latent_diffusion_025141.png,1,latent_diffusion,1.0,1,0.98717427,False
latent_diffusion/latent_diffusion_025166.png,1,latent_diffusion,1.0,1,1.0,False
latent_diffusion/latent_diffusion_025301.png,1,latent_diffusion,1.0,1,0.99993348,False
latent_diffusion/latent_diffusion_025324.png,1,latent_diffusion,1.0,1,0.99941623,False
latent_diffusion/latent_diffusion_025346.png,1,latent_diffusion,1.0,1,1.0,False
latent_diffusion/latent_diffusion_025434.png,1,latent_diffusion,0.9999655485153198,1,0.99998462,False
latent_diffusion/latent_diffusion_025512.png,1,latent_diffusion,0.9999997615814209,1,0.99145246,False
latent_diffusion/latent_diffusion_025716.png,1,latent_diffusion,1.0,1,1.0,False
latent_diffusion/latent_diffusion_025738.png,1,latent_diffusion,0.2355087846517563,1,0.99975103,True
latent_diffusion/latent_diffusion_025740.png,1,latent_diffusion,1.0,1,0.9942193,False
latent_diffusion/latent_diffusion_025742.png,1,latent_diffusion,0.9999998807907104,1,0.99999893,False
latent_diffusion/latent_diffusion_025811.png,1,latent_diffusion,0.986466109752655,1,0.64126951,False
latent_diffusion/latent_diffusion_025909.png,1,latent_diffusion,1.0,1,1.0,False
latent_diffusion/latent_diffusion_025935.png,1,latent_diffusion,0.9996781349182129,1,0.99999893,False
latent_diffusion/latent_diffusion_026015.png,1,latent_diffusion,1.0,1,0.99550533,False
latent_diffusion/latent_diffusion_026131.png,1,latent_diffusion,1.0,1,1.0,False
latent_diffusion/latent_diffusion_026133.png,1,latent_diffusion,1.0,1,1.0,False
latent_diffusion/latent_diffusion_026149.png,1,latent_diffusion,1.0,1,0.9999994,False
latent_diffusion/latent_diffusion_026166.png,1,latent_diffusion,1.0,1,0.99992812,False
latent_diffusion/latent_diffusion_026217.png,1,latent_diffusion,1.0,1,0.99999571,False
latent_diffusion/latent_diffusion_026235.png,1,latent_diffusion,1.0,1,0.99801886,False
latent_diffusion/latent_diffusion_026315.png,1,latent_diffusion,1.0,1,0.98771822,False
latent_diffusion/latent_diffusion_026325.png,1,latent_diffusion,1.0,1,0.99995255,False
latent_diffusion/latent_diffusion_026363.png,1,latent_diffusion,0.9998769760131836,1,0.99999809,False
latent_diffusion/latent_diffusion_026408.png,1,latent_diffusion,1.0,1,0.99993539,False
latent_diffusion/latent_diffusion_026417.png,1,latent_diffusion,0.050338976085186005,1,0.99996173,True
latent_diffusion/latent_diffusion_026434.png,1,latent_diffusion,1.0,1,0.99962115,False
latent_diffusion/latent_diffusion_026456.png,1,latent_diffusion,1.0,1,0.99674207,False
latent_diffusion/latent_diffusion_026467.png,1,latent_diffusion,0.9991024732589722,1,0.99999976,False
latent_diffusion/latent_diffusion_026469.png,1,latent_diffusion,0.9999905824661255,1,0.99999559,False
latent_diffusion/latent_diffusion_026482.png,1,latent_diffusion,1.0,1,1.0,False
latent_diffusion/latent_diffusion_026506.png,1,latent_diffusion,0.99998939037323,1,0.99394399,False
latent_diffusion/latent_diffusion_026540.png,1,latent_diffusion,1.0,1,1.0,False
latent_diffusion/latent_diffusion_026555.png,1,latent_diffusion,1.0,1,1.0,False
latent_diffusion/latent_diffusion_026719.png,1,latent_diffusion,0.9999997615814209,1,1.0,False
latent_diffusion/latent_diffusion_026845.png,1,latent_diffusion,0.9999825954437256,1,0.05127434,True
latent_diffusion/latent_diffusion_026865.png,1,latent_diffusion,1.0,1,0.04322508,True
latent_diffusion/latent_diffusion_026950.png,1,latent_diffusion,0.9999692440032959,1,0.99942672,False
latent_diffusion/latent_diffusion_027004.png,1,latent_diffusion,0.9998894929885864,1,0.9983657,False
latent_diffusion/latent_diffusion_027056.png,1,latent_diffusion,1.0,1,1.0,False
latent_diffusion/latent_diffusion_027099.png,1,latent_diffusion,0.9999138116836548,1,0.86802524,False
latent_diffusion/latent_diffusion_027103.png,1,latent_diffusion,1.0,1,0.94043231,False
latent_diffusion/latent_diffusion_027109.png,1,latent_diffusion,1.0,1,0.99988782,False
latent_diffusion/latent_diffusion_027147.png,1,latent_diffusion,0.9998741149902344,1,0.87970525,False
latent_diffusion/latent_diffusion_027229.png,1,latent_diffusion,0.9973859190940857,1,0.19830316,True
latent_diffusion/latent_diffusion_027240.png,1,latent_diffusion,0.9996745586395264,1,0.73343521,False
latent_diffusion/latent_diffusion_027277.png,1,latent_diffusion,0.03284965828061104,1,0.36508751,False
latent_diffusion/latent_diffusion_027330.png,1,latent_diffusion,0.9982708692550659,1,0.99754637,False
latent_diffusion/latent_diffusion_027357.png,1,latent_diffusion,1.0,1,0.99999321,False
latent_diffusion/latent_diffusion_027459.png,1,latent_diffusion,1.0,1,1.0,False
latent_diffusion/latent_diffusion_027570.png,1,latent_diffusion,1.0,1,0.98488438,False
latent_diffusion/latent_diffusion_027583.png,1,latent_diffusion,1.0,1,0.96248251,False
latent_diffusion/latent_diffusion_027638.png,1,latent_diffusion,1.0,1,0.99161762,False
latent_diffusion/latent_diffusion_027670.png,1,latent_diffusion,1.0,1,1.0,False
latent_diffusion/latent_diffusion_027711.png,1,latent_diffusion,1.0,1,0.53528517,False
latent_diffusion/latent_diffusion_027764.png,1,latent_diffusion,1.0,1,0.99907219,False
latent_diffusion/latent_diffusion_027859.png,1,latent_diffusion,1.0,1,0.48009688,True
latent_diffusion/latent_diffusion_027863.png,1,latent_diffusion,0.9990254640579224,1,0.9525125,False
latent_diffusion/latent_diffusion_027948.png,1,latent_diffusion,0.9999814033508301,1,0.38562986,True
latent_diffusion/latent_diffusion_027975.png,1,latent_diffusion,0.9999990463256836,1,0.99960941,False
latent_diffusion/latent_diffusion_028014.png,1,latent_diffusion,0.9998692274093628,1,0.99984896,False
latent_diffusion/latent_diffusion_028059.png,1,latent_diffusion,1.0,1,0.99962902,False
latent_diffusion/latent_diffusion_028123.png,1,latent_diffusion,1.0,1,0.99763799,False
latent_diffusion/latent_diffusion_028144.png,1,latent_diffusion,1.0,1,0.99499053,False
latent_diffusion/latent_diffusion_028185.png,1,latent_diffusion,0.9990994930267334,1,0.99783474,False
latent_diffusion/latent_diffusion_028240.png,1,latent_diffusion,0.9694851636886597,1,0.86060989,False
latent_diffusion/latent_diffusion_028334.png,1,latent_diffusion,0.9941773414611816,1,0.96125257,False
latent_diffusion/latent_diffusion_028342.png,1,latent_diffusion,1.0,1,0.9998585,False
latent_diffusion/latent_diffusion_028351.png,1,latent_diffusion,0.9999998807907104,1,0.98191535,False
latent_diffusion/latent_diffusion_028372.png,1,latent_diffusion,0.9999988079071045,1,0.99982303,False
latent_diffusion/latent_diffusion_028388.png,1,latent_diffusion,0.9999938011169434,1,0.99428374,False
latent_diffusion/latent_diffusion_028430.png,1,latent_diffusion,0.9901694655418396,1,0.83879077,False
latent_diffusion/latent_diffusion_028494.png,1,latent_diffusion,0.9999994039535522,1,0.99925655,False
latent_diffusion/latent_diffusion_028504.png,1,latent_diffusion,0.9982724189758301,1,0.85216749,False
latent_diffusion/latent_diffusion_028586.png,1,latent_diffusion,1.0,1,0.99886823,False
latent_diffusion/latent_diffusion_028627.png,1,latent_diffusion,1.0,1,0.93967515,False
latent_diffusion/latent_diffusion_028704.png,1,latent_diffusion,1.0,1,1.0,False
latent_diffusion/latent_diffusion_028744.png,1,latent_diffusion,0.9999014139175415,1,0.68983626,False
latent_diffusion/latent_diffusion_028827.png,1,latent_diffusion,1.0,1,0.99999869,False
latent_diffusion/latent_diffusion_028842.png,1,latent_diffusion,1.0,1,0.99903715,False
latent_diffusion/latent_diffusion_028882.png,1,latent_diffusion,1.0,1,0.99987078,False
latent_diffusion/latent_diffusion_029028.png,1,latent_diffusion,1.0,1,1.0,False
latent_diffusion/latent_diffusion_029054.png,1,latent_diffusion,0.9999998807907104,1,0.92341709,False
latent_diffusion/latent_diffusion_029126.png,1,latent_diffusion,1.0,1,0.99991107,False
latent_diffusion/latent_diffusion_029136.png,1,latent_diffusion,1.0,1,0.99948442,False
latent_diffusion/latent_diffusion_029164.png,1,latent_diffusion,1.0,1,1.0,False
latent_diffusion/latent_diffusion_029169.png,1,latent_diffusion,0.9952622652053833,1,0.88178217,False
latent_diffusion/latent_diffusion_029263.png,1,latent_diffusion,0.9999927282333374,1,0.99987817,False
latent_diffusion/latent_diffusion_029279.png,1,latent_diffusion,0.9999998807907104,1,0.99994457,False
latent_diffusion/latent_diffusion_029306.png,1,latent_diffusion,1.0,1,0.99996865,False
latent_diffusion/latent_diffusion_029329.png,1,latent_diffusion,1.0,1,0.72139782,False
latent_diffusion/latent_diffusion_029338.png,1,latent_diffusion,1.0,1,0.99951029,False
latent_diffusion/latent_diffusion_029421.png,1,latent_diffusion,0.9999301433563232,1,0.99795294,False
latent_diffusion/latent_diffusion_029430.png,1,latent_diffusion,0.9944105744361877,1,0.91657478,False
latent_diffusion/latent_diffusion_029538.png,1,latent_diffusion,0.0018023435259237885,1,0.92125052,True
latent_diffusion/latent_diffusion_029574.png,1,latent_diffusion,0.9997754693031311,1,0.87761605,False
latent_diffusion/latent_diffusion_029656.png,1,latent_diffusion,1.0,1,0.99999416,False
latent_diffusion/latent_diffusion_029682.png,1,latent_diffusion,0.9998486042022705,1,0.9889515,False
latent_diffusion/latent_diffusion_029740.png,1,latent_diffusion,1.0,1,1.0,False
latent_diffusion/latent_diffusion_029785.png,1,latent_diffusion,0.9950233697891235,1,0.12916565,True
latent_diffusion/latent_diffusion_029811.png,1,latent_diffusion,1.0,1,0.90473992,False
latent_diffusion/latent_diffusion_029830.png,1,latent_diffusion,0.9999974966049194,1,0.99999964,False
latent_diffusion/latent_diffusion_029912.png,1,latent_diffusion,0.9547628164291382,1,0.18403935,True
