arquivo,split,label,escore_t04,par_vazio
adobe_firefly_00000,test,1,0.30882356,1
adobe_firefly_00001,test,1,0.30882356,1
adobe_firefly_00002,test,1,0.013797376,0
adobe_firefly_00003,test,1,0.30882356,1
adobe_firefly_00004,test,1,0.02701141,0
adobe_firefly_00005,test,1,0.014228703,0
adobe_firefly_00006,test,1,0.30882356,1
adobe_firefly_00007,test,1,0.30882356,1
adobe_firefly_00008,test,1,0.30882356,1
adobe_firefly_00009,test,1,0.30882356,1
adobe_firefly_00010,test,1,0.11479191,0
adobe_firefly_00011,test,1,0.30882356,1
adobe_firefly_00012,test,1,0.30882356,1
adobe_firefly_00013,test,1,0.30882356,1
adobe_firefly_00014,test,1,0.30882356,1
adobe_firefly_00015,test,1,0.30882356,1
adobe_firefly_00016,test,1,0.30882356,1
adobe_firefly_00017,test,1,0.30882356,1
adobe_firefly_00018,test,1,0.10321887,1
adobe_firefly_00019,test,1,1.6561311e-05,0
adobe_firefly_00020,test,1,0.30882356,1
adobe_firefly_00021,test,1,0.30882356,1
adobe_firefly_00022,test,1,0.30882356,1
adobe_firefly_00023,test,1,0.9951683,0
adobe_firefly_00024,test,1,0.30882356,1
adobe_firefly_00025,test,1,0.99997985,0
adobe_firefly_00026,test,1,0.106547296,0
adobe_firefly_00027,test,1,0.30882356,1
adobe_firefly_00028,test,1,0.30882356,1
adobe_firefly_00029,test,1,0.30882356,1
adobe_firefly_00030,test,1,0.12814726,1
adobe_firefly_00031,test,1,0.30882356,1
adobe_firefly_00032,test,1,0.30882356,1
adobe_firefly_00033,test,1,0.9975648,0
adobe_firefly_00034,test,1,0.30882356,1
adobe_firefly_00035,test,1,0.30882356,1
adobe_firefly_00036,test,1,0.30882356,1
adobe_firefly_00037,test,1,0.044775017,0
adobe_firefly_00038,test,1,0.08919429,0
adobe_firefly_00039,test,1,0.2170581,0
adobe_firefly_00040,test,1,0.00032439255,0
adobe_firefly_00041,test,1,0.30882356,1
adobe_firefly_00042,test,1,0.30882356,1
adobe_firefly_00043,test,1,0.30882356,1
adobe_firefly_00044,test,1,0.30882356,1
adobe_firefly_00045,test,1,0.30882356,1
adobe_firefly_00046,test,1,0.30882356,1
adobe_firefly_00047,test,1,0.30882356,1
adobe_firefly_00048,test,1,0.30882356,1
adobe_firefly_00049,test,1,0.30882356,1
adobe_firefly_00050,test,1,0.15945874,0
adobe_firefly_00051,test,1,0.30882356,1
adobe_firefly_00052,test,1,0.00082615134,0
adobe_firefly_00053,test,1,0.30882356,1
adobe_firefly_00054,test,1,0.30882356,1
adobe_firefly_00055,test,1,0.043343335,0
adobe_firefly_00056,test,1,0.30882356,1
adobe_firefly_00057,test,1,0.0009981057,0
adobe_firefly_00058,test,1,0.6465422,0
adobe_firefly_00059,test,1,0.30882356,1
adobe_firefly_00060,test,1,8.901987e-05,0
adobe_firefly_00061,test,1,0.003936237,0
adobe_firefly_00062,test,1,0.30882356,1
adobe_firefly_00063,test,1,0.84382766,0
adobe_firefly_00064,test,1,0.00028422865,0
adobe_firefly_00065,test,1,0.03814343,0
adobe_firefly_00066,test,1,0.0879961,0
adobe_firefly_00067,test,1,0.30882356,1
adobe_firefly_00068,test,1,0.013619452,0
adobe_firefly_00069,test,1,0.30882356,1
adobe_firefly_00070,test,1,0.30882356,1
adobe_firefly_00071,test,1,0.03904536,0
adobe_firefly_00072,test,1,0.22127411,1
adobe_firefly_00073,test,1,0.9994135,0
adobe_firefly_00074,test,1,0.52141315,0
adobe_firefly_00075,test,1,0.30882356,1
adobe_firefly_00076,test,1,0.30882356,1
adobe_firefly_00077,test,1,0.036711313,0
adobe_firefly_00078,test,1,0.30882356,1
adobe_firefly_00079,test,1,0.30882356,1
adobe_firefly_00080,test,1,0.0024429406,0
adobe_firefly_00081,test,1,0.0045487927,0
adobe_firefly_00082,test,1,0.00579725,0
adobe_firefly_00083,test,1,0.30882356,1
adobe_firefly_00084,test,1,0.30882356,1
adobe_firefly_00085,test,1,0.30882356,1
adobe_firefly_00086,test,1,0.0029537138,0
adobe_firefly_00087,test,1,0.3520845,0
adobe_firefly_00088,test,1,0.25879404,0
adobe_firefly_00089,test,1,0.30882356,1
adobe_firefly_00090,test,1,0.30882356,1
adobe_firefly_00091,test,1,0.9361296,0
adobe_firefly_00092,test,1,0.0002997832,0
adobe_firefly_00093,test,1,0.30882356,1
adobe_firefly_00094,test,1,0.30882356,1
adobe_firefly_00095,test,1,0.08927936,0
adobe_firefly_00096,test,1,0.30882356,1
adobe_firefly_00097,test,1,0.30882356,1
adobe_firefly_00098,test,1,0.07858767,0
adobe_firefly_00099,test,1,0.30882356,1
adobe_firefly_00100,test,1,0.9912986,0
adobe_firefly_00101,test,1,0.30882356,1
adobe_firefly_00102,test,1,0.015533675,0
adobe_firefly_00103,test,1,0.89813393,0
adobe_firefly_00104,test,1,0.30882356,1
adobe_firefly_00105,test,1,0.70788884,0
adobe_firefly_00106,test,1,0.9995895,0
adobe_firefly_00107,test,1,0.30882356,1
adobe_firefly_00108,test,1,0.30882356,1
adobe_firefly_00109,test,1,0.39361957,0
adobe_firefly_00110,test,1,0.017331148,0
adobe_firefly_00111,test,1,0.086742654,0
adobe_firefly_00112,test,1,0.30882356,1
adobe_firefly_00113,test,1,0.30882356,1
adobe_firefly_00114,test,1,0.30882356,1
adobe_firefly_00115,test,1,0.30882356,1
adobe_firefly_00116,test,1,0.30882356,1
adobe_firefly_00117,test,1,0.30882356,1
adobe_firefly_00118,test,1,0.30882356,1
adobe_firefly_00119,test,1,0.010788769,0
adobe_firefly_00120,test,1,0.49609178,0
adobe_firefly_00121,test,1,0.13188742,0
adobe_firefly_00122,test,1,0.30882356,1
adobe_firefly_00123,test,1,0.00024578345,0
adobe_firefly_00124,test,1,0.30882356,1
adobe_firefly_00125,test,1,0.020140044,0
adobe_firefly_00126,test,1,0.30882356,1
adobe_firefly_00127,test,1,0.30882356,1
adobe_firefly_00128,test,1,0.30882356,1
adobe_firefly_00129,test,1,0.018712401,0
adobe_firefly_00130,test,1,0.30882356,1
adobe_firefly_00131,test,1,0.30882356,1
adobe_firefly_00132,test,1,0.30882356,1
adobe_firefly_00133,test,1,0.30882356,1
adobe_firefly_00134,test,1,0.30882356,1
adobe_firefly_00135,test,1,0.30882356,1
adobe_firefly_00136,test,1,0.30882356,1
adobe_firefly_00137,test,1,0.30882356,1
adobe_firefly_00138,test,1,0.30882356,1
adobe_firefly_00139,test,1,0.5518219,0
adobe_firefly_00140,test,1,0.586425,0
adobe_firefly_00141,test,1,0.003434443,0
adobe_firefly_00142,test,1,0.30882356,1
adobe_firefly_00143,test,1,0.002879506,0
adobe_firefly_00144,test,1,0.30882356,1
adobe_firefly_00145,test,1,0.30882356,1
adobe_firefly_00146,test,1,0.85188395,0
adobe_firefly_00147,test,1,0.30882356,1
adobe_firefly_00148,test,1,0.15269168,0
adobe_firefly_00149,test,1,0.30882356,1
adobe_firefly_00150,test,1,0.30882356,1
adobe_firefly_00151,test,1,0.30882356,1
adobe_firefly_00152,test,1,0.2898675,0
adobe_firefly_00153,test,1,0.30882356,1
adobe_firefly_00154,test,1,0.30882356,1
adobe_firefly_00155,test,1,0.30882356,1
adobe_firefly_00156,test,1,0.30882356,1
adobe_firefly_00157,test,1,0.034048893,0
adobe_firefly_00158,test,1,0.30882356,1
adobe_firefly_00159,test,1,6.802393e-05,0
adobe_firefly_00160,test,1,0.30882356,1
adobe_firefly_00161,test,1,0.30882356,1
adobe_firefly_00162,test,1,0.08165478,0
adobe_firefly_00163,test,1,0.8109936,0
adobe_firefly_00164,test,1,0.30882356,1
adobe_firefly_00165,test,1,0.0005184594,0
adobe_firefly_00166,test,1,0.30882356,1
adobe_firefly_00167,test,1,0.003527866,0
adobe_firefly_00168,test,1,0.00010370043,0
adobe_firefly_00169,test,1,0.07967643,0
adobe_firefly_00170,test,1,0.30882356,1
adobe_firefly_00171,test,1,0.027148647,0
adobe_firefly_00172,test,1,0.00030702015,0
adobe_firefly_00173,test,1,0.14450711,0
adobe_firefly_00174,test,1,0.30882356,1
adobe_firefly_00175,test,1,0.30882356,1
adobe_firefly_00176,test,1,0.30882356,1
adobe_firefly_00177,test,1,0.30882356,1
adobe_firefly_00178,test,1,0.30882356,1
adobe_firefly_00179,test,1,0.0032401572,0
adobe_firefly_00180,test,1,0.30882356,1
adobe_firefly_00181,test,1,0.30882356,1
adobe_firefly_00182,test,1,0.30882356,1
adobe_firefly_00183,test,1,0.30882356,1
adobe_firefly_00184,test,1,0.30882356,1
adobe_firefly_00185,test,1,0.1822726,0
adobe_firefly_00186,test,1,0.30882356,1
adobe_firefly_00187,test,1,0.30882356,1
adobe_firefly_00188,test,1,0.30882356,1
adobe_firefly_00189,test,1,0.92584425,0
adobe_firefly_00190,test,1,0.009532727,0
adobe_firefly_00191,test,1,0.30882356,1
adobe_firefly_00192,test,1,0.30882356,1
adobe_firefly_00193,test,1,0.30882356,1
adobe_firefly_00194,test,1,0.30882356,1
adobe_firefly_00195,test,1,0.30882356,1
adobe_firefly_00196,test,1,0.30882356,1
adobe_firefly_00197,test,1,0.30882356,1
adobe_firefly_00198,test,1,0.30882356,1
adobe_firefly_00199,test,1,0.9749248,0
adobe_firefly_00200,test,1,0.0051525254,0
adobe_firefly_00201,test,1,0.30882356,1
adobe_firefly_00202,test,1,0.23209366,0
adobe_firefly_00203,test,1,0.30882356,1
adobe_firefly_00204,test,1,0.30882356,1
adobe_firefly_00205,test,1,0.122650534,0
adobe_firefly_00206,test,1,0.003460138,0
adobe_firefly_00207,test,1,1.0595762e-05,0
adobe_firefly_00208,test,1,0.30882356,1
adobe_firefly_00209,test,1,0.30882356,1
adobe_firefly_00210,test,1,0.1760127,0
adobe_firefly_00211,test,1,0.0043985522,0
adobe_firefly_00212,test,1,0.05949618,0
adobe_firefly_00213,test,1,0.9032303,0
adobe_firefly_00214,test,1,0.2559154,0
adobe_firefly_00215,test,1,0.30882356,1
adobe_firefly_00216,test,1,0.30882356,1
adobe_firefly_00217,test,1,0.30882356,1
adobe_firefly_00218,test,1,0.30882356,1
adobe_firefly_00219,test,1,0.30882356,1
adobe_firefly_00220,test,1,0.03193354,0
adobe_firefly_00221,test,1,0.22213785,0
adobe_firefly_00222,test,1,0.30882356,1
adobe_firefly_00223,test,1,0.30882356,1
adobe_firefly_00224,test,1,0.30882356,1
adobe_firefly_00225,test,1,0.30882356,1
adobe_firefly_00226,test,1,0.5674737,0
adobe_firefly_00227,test,1,0.15331592,0
adobe_firefly_00228,test,1,0.13255653,0
adobe_firefly_00229,test,1,0.004412163,0
adobe_firefly_00230,test,1,0.050729264,1
adobe_firefly_00231,test,1,0.30882356,1
adobe_firefly_00232,test,1,0.030208427,0
adobe_firefly_00233,test,1,0.30882356,1
adobe_firefly_00234,test,1,0.30882356,1
adobe_firefly_00235,test,1,0.30882356,1
adobe_firefly_00236,test,1,0.00158255,0
adobe_firefly_00237,test,1,0.33164734,0
adobe_firefly_00238,test,1,0.99806887,0
adobe_firefly_00239,test,1,0.99985373,0
adobe_firefly_00240,test,1,0.30882356,1
adobe_firefly_00241,test,1,0.95394427,0
adobe_firefly_00242,test,1,0.337116,0
adobe_firefly_00243,test,1,0.30882356,1
adobe_firefly_00244,test,1,0.00036904513,0
adobe_firefly_00245,test,1,0.30882356,1
adobe_firefly_00246,test,1,0.30882356,1
adobe_firefly_00247,test,1,0.30882356,1
adobe_firefly_00248,test,1,0.77109337,0
adobe_firefly_00249,test,1,0.30882356,1
adobe_firefly_00250,test,1,0.010510701,0
adobe_firefly_00251,test,1,0.13200802,0
adobe_firefly_00252,test,1,0.30882356,1
adobe_firefly_00253,test,1,0.98464775,0
adobe_firefly_00254,test,1,0.30882356,1
adobe_firefly_00255,test,1,0.14102662,0
adobe_firefly_00256,test,1,0.1532099,0
adobe_firefly_00257,test,1,0.30882356,1
adobe_firefly_00258,test,1,0.30882356,1
adobe_firefly_00259,test,1,0.30882356,1
adobe_firefly_00260,test,1,0.117842615,0
adobe_firefly_00261,test,1,0.024504103,0
adobe_firefly_00262,test,1,0.30882356,1
adobe_firefly_00263,test,1,0.063442096,0
adobe_firefly_00264,test,1,0.30882356,1
adobe_firefly_00265,test,1,0.013687715,0
adobe_firefly_00266,test,1,0.30882356,1
adobe_firefly_00267,test,1,0.046746947,1
adobe_firefly_00268,test,1,0.82239395,0
adobe_firefly_00269,test,1,0.30882356,1
adobe_firefly_00270,test,1,0.30882356,1
adobe_firefly_00271,test,1,0.0003383771,0
adobe_firefly_00272,test,1,0.30882356,1
adobe_firefly_00273,test,1,0.6228796,0
adobe_firefly_00274,test,1,0.30882356,1
adobe_firefly_00275,test,1,0.30882356,1
adobe_firefly_00276,test,1,0.30882356,1
adobe_firefly_00277,test,1,0.30882356,1
adobe_firefly_00278,test,1,0.06685632,0
adobe_firefly_00279,test,1,0.30882356,1
adobe_firefly_00280,test,1,0.008437944,0
adobe_firefly_00281,test,1,0.30882356,1
adobe_firefly_00282,test,1,0.16241251,0
adobe_firefly_00283,test,1,0.30882356,1
adobe_firefly_00284,test,1,0.30882356,1
adobe_firefly_00285,test,1,0.30882356,1
adobe_firefly_00286,test,1,0.30882356,1
adobe_firefly_00287,test,1,0.031017879,0
adobe_firefly_00288,test,1,0.90373236,0
adobe_firefly_00289,test,1,0.101383485,0
adobe_firefly_00290,test,1,0.20516652,0
adobe_firefly_00291,test,1,0.30882356,1
adobe_firefly_00292,test,1,0.30882356,1
adobe_firefly_00293,test,1,0.06755693,0
adobe_firefly_00294,test,1,0.47858715,0
adobe_firefly_00295,test,1,0.2944201,0
adobe_firefly_00296,test,1,0.0041109174,0
adobe_firefly_00297,test,1,0.058269046,0
adobe_firefly_00298,test,1,0.08322244,0
adobe_firefly_00299,test,1,0.34486458,0
adobe_firefly_00300,test,1,0.17946838,0
adobe_firefly_00301,test,1,0.30882356,1
adobe_firefly_00302,test,1,0.011480225,0
adobe_firefly_00303,test,1,0.30882356,1
adobe_firefly_00304,test,1,0.009850954,1
adobe_firefly_00305,test,1,0.30882356,1
adobe_firefly_00306,test,1,0.0512945,0
adobe_firefly_00307,test,1,3.8826515e-06,0
adobe_firefly_00308,test,1,0.30882356,1
adobe_firefly_00309,test,1,0.43923005,0
adobe_firefly_00310,test,1,0.30882356,1
adobe_firefly_00311,test,1,0.30882356,1
adobe_firefly_00312,test,1,0.00018262256,0
adobe_firefly_00313,test,1,0.9510229,0
adobe_firefly_00314,test,1,0.30882356,1
adobe_firefly_00315,test,1,0.30882356,1
adobe_firefly_00316,test,1,0.00073236274,0
adobe_firefly_00317,test,1,0.16887584,0
adobe_firefly_00318,test,1,0.30882356,1
adobe_firefly_00319,test,1,0.30882356,1
adobe_firefly_00320,test,1,0.06650069,0
adobe_firefly_00321,test,1,0.30882356,1
adobe_firefly_00322,test,1,0.09431568,0
adobe_firefly_00323,test,1,0.021535484,0
adobe_firefly_00324,test,1,0.05622086,0
adobe_firefly_00325,test,1,0.0056102863,0
adobe_firefly_00326,test,1,0.30882356,1
adobe_firefly_00327,test,1,0.020020012,0
adobe_firefly_00328,test,1,0.12164417,0
adobe_firefly_00329,test,1,0.30882356,1
adobe_firefly_00330,test,1,0.30882356,1
adobe_firefly_00331,test,1,0.9451154,0
adobe_firefly_00332,test,1,0.30882356,1
adobe_firefly_00333,test,1,0.0005963348,0
adobe_firefly_00334,test,1,0.30882356,1
adobe_firefly_00335,test,1,0.30882356,1
adobe_firefly_00336,test,1,7.2036564e-06,0
adobe_firefly_00337,test,1,0.30882356,1
adobe_firefly_00338,test,1,0.76601267,0
adobe_firefly_00339,test,1,0.30882356,1
adobe_firefly_00340,test,1,0.30882356,1
adobe_firefly_00341,test,1,0.30882356,1
adobe_firefly_00342,test,1,0.00010971031,0
adobe_firefly_00343,test,1,0.30882356,1
adobe_firefly_00344,test,1,0.30882356,1
adobe_firefly_00345,test,1,0.30882356,1
adobe_firefly_00346,test,1,0.00054443575,0
adobe_firefly_00347,test,1,0.30882356,1
adobe_firefly_00348,test,1,0.30882356,1
adobe_firefly_00349,test,1,0.30882356,1
adobe_firefly_00350,test,1,0.30882356,1
adobe_firefly_00351,test,1,0.30882356,1
adobe_firefly_00352,test,1,0.30882356,1
adobe_firefly_00353,test,1,0.30882356,1
adobe_firefly_00354,test,1,0.80740356,0
adobe_firefly_00355,test,1,0.30882356,1
adobe_firefly_00356,test,1,0.06961832,0
adobe_firefly_00357,test,1,0.30882356,1
adobe_firefly_00358,test,1,0.13878377,0
adobe_firefly_00359,test,1,0.00689892,0
adobe_firefly_00360,test,1,0.22694252,0
adobe_firefly_00361,test,1,0.30882356,1
adobe_firefly_00362,test,1,0.15007289,0
adobe_firefly_00363,test,1,0.06679439,0
adobe_firefly_00364,test,1,0.30882356,1
adobe_firefly_00365,test,1,0.30882356,1
adobe_firefly_00366,test,1,0.30882356,1
adobe_firefly_00367,test,1,0.0019512465,0
adobe_firefly_00368,test,1,0.30882356,1
adobe_firefly_00369,test,1,0.30882356,1
adobe_firefly_00370,test,1,0.30882356,1
adobe_firefly_00371,test,1,0.30882356,1
adobe_firefly_00372,test,1,0.30882356,1
adobe_firefly_00373,test,1,0.30882356,1
adobe_firefly_00374,test,1,0.30882356,1
adobe_firefly_00375,test,1,0.30882356,1
adobe_firefly_00376,test,1,0.30882356,1
adobe_firefly_00377,test,1,0.30882356,1
adobe_firefly_00378,test,1,0.30882356,1
adobe_firefly_00379,test,1,0.30882356,1
adobe_firefly_00380,test,1,0.025081957,0
adobe_firefly_00381,test,1,0.30882356,1
adobe_firefly_00382,test,1,0.30882356,1
adobe_firefly_00383,test,1,0.30882356,1
adobe_firefly_00384,test,1,0.30882356,1
adobe_firefly_00385,test,1,0.9905144,0
adobe_firefly_00386,test,1,0.027889876,0
adobe_firefly_00387,test,1,0.30882356,1
adobe_firefly_00388,test,1,0.9983828,0
adobe_firefly_00389,test,1,0.9421318,0
adobe_firefly_00390,test,1,0.34723166,0
adobe_firefly_00391,test,1,0.085796475,0
adobe_firefly_00392,test,1,0.9979462,0
adobe_firefly_00393,test,1,0.034726366,0
adobe_firefly_00394,test,1,0.30882356,1
adobe_firefly_00395,test,1,0.20603736,0
adobe_firefly_00396,test,1,0.2873186,0
adobe_firefly_00397,test,1,0.15589197,0
adobe_firefly_00398,test,1,1.1509218e-05,0
adobe_firefly_00399,test,1,0.30882356,1
adobe_firefly_00400,test,1,0.30882356,1
adobe_firefly_00401,test,1,0.30882356,1
adobe_firefly_00402,test,1,0.036470316,0
adobe_firefly_00403,test,1,0.9286021,0
adobe_firefly_00404,test,1,0.00033627858,0
adobe_firefly_00405,test,1,0.30882356,1
adobe_firefly_00406,test,1,0.99806386,0
adobe_firefly_00407,test,1,0.0689527,0
adobe_firefly_00408,test,1,0.3287021,0
adobe_firefly_00409,test,1,0.054022472,0
adobe_firefly_00410,test,1,0.90291435,0
adobe_firefly_00411,test,1,0.30882356,1
adobe_firefly_00412,test,1,0.99425125,0
adobe_firefly_00413,test,1,0.87851447,0
adobe_firefly_00414,test,1,0.4877881,0
adobe_firefly_00415,test,1,0.040188085,0
adobe_firefly_00416,test,1,0.30882356,1
adobe_firefly_00417,test,1,0.27788678,0
adobe_firefly_00418,test,1,0.30882356,1
adobe_firefly_00419,test,1,0.30882356,1
adobe_firefly_00420,test,1,0.16046293,0
adobe_firefly_00421,test,1,0.30882356,1
adobe_firefly_00422,test,1,0.30882356,1
adobe_firefly_00423,test,1,0.30882356,1
adobe_firefly_00424,test,1,0.30882356,1
adobe_firefly_00425,test,1,0.4750825,0
adobe_firefly_00426,test,1,0.9577121,0
adobe_firefly_00427,test,1,0.09979214,0
adobe_firefly_00428,test,1,0.9460073,0
adobe_firefly_00429,test,1,0.8822389,0
adobe_firefly_00430,test,1,0.30882356,1
adobe_firefly_00431,test,1,0.30882356,1
adobe_firefly_00432,test,1,0.013976718,0
adobe_firefly_00433,test,1,0.2713284,1
adobe_firefly_00434,test,1,0.24937347,0
adobe_firefly_00435,test,1,0.26139438,0
adobe_firefly_00436,test,1,0.30882356,1
adobe_firefly_00437,test,1,0.9862191,0
adobe_firefly_00438,test,1,0.30882356,1
adobe_firefly_00439,test,1,0.30882356,1
adobe_firefly_00440,test,1,0.30882356,1
adobe_firefly_00441,test,1,0.30882356,1
adobe_firefly_00442,test,1,0.43500993,0
adobe_firefly_00443,test,1,0.6602612,0
adobe_firefly_00444,test,1,0.023609892,0
adobe_firefly_00445,test,1,0.30882356,1
adobe_firefly_00446,test,1,0.30882356,1
adobe_firefly_00447,test,1,0.11055268,0
adobe_firefly_00448,test,1,0.30882356,1
adobe_firefly_00449,test,1,0.18103981,0
adobe_firefly_00450,test,1,0.30882356,1
adobe_firefly_00451,test,1,0.30882356,1
adobe_firefly_00452,test,1,0.30882356,1
adobe_firefly_00453,test,1,0.30882356,1
adobe_firefly_00454,test,1,0.9991454,0
adobe_firefly_00455,test,1,0.0020974872,0
adobe_firefly_00456,test,1,0.35507974,1
adobe_firefly_00457,test,1,0.30882356,1
adobe_firefly_00458,test,1,0.30882356,1
adobe_firefly_00459,test,1,0.04073199,0
adobe_firefly_00460,test,1,0.021130547,0
adobe_firefly_00461,test,1,0.30882356,1
adobe_firefly_00462,test,1,0.18328989,0
adobe_firefly_00463,test,1,0.028517924,0
adobe_firefly_00464,test,1,0.30882356,1
adobe_firefly_00465,test,1,0.30882356,1
adobe_firefly_00466,test,1,0.30882356,1
adobe_firefly_00467,test,1,0.2123506,0
adobe_firefly_00468,test,1,0.30882356,1
adobe_firefly_00469,test,1,0.30882356,1
adobe_firefly_00470,test,1,0.98933697,0
adobe_firefly_00471,test,1,0.059128493,0
adobe_firefly_00472,test,1,0.003426512,0
adobe_firefly_00473,test,1,0.30882356,1
adobe_firefly_00474,test,1,0.30882356,1
adobe_firefly_00475,test,1,0.060089864,0
adobe_firefly_00476,test,1,3.2190517e-06,0
adobe_firefly_00477,test,1,0.30882356,1
adobe_firefly_00478,test,1,0.13840377,0
adobe_firefly_00479,test,1,0.36859506,0
adobe_firefly_00480,test,1,0.029917844,0
adobe_firefly_00481,test,1,0.99628687,0
adobe_firefly_00482,test,1,1.7118683e-06,0
adobe_firefly_00483,test,1,0.029210443,0
adobe_firefly_00484,test,1,0.30882356,1
adobe_firefly_00485,test,1,0.3960444,0
adobe_firefly_00486,test,1,0.9850738,0
adobe_firefly_00487,test,1,0.30882356,1
adobe_firefly_00488,test,1,0.30882356,1
adobe_firefly_00489,test,1,0.12969361,0
adobe_firefly_00490,test,1,0.57687676,0
adobe_firefly_00491,test,1,0.010064239,0
adobe_firefly_00492,test,1,0.30882356,1
adobe_firefly_00493,test,1,0.30882356,1
adobe_firefly_00494,test,1,0.30882356,1
adobe_firefly_00495,test,1,0.30882356,1
adobe_firefly_00496,test,1,0.30882356,1
adobe_firefly_00497,test,1,0.33108482,0
adobe_firefly_00498,test,1,0.30882356,1
adobe_firefly_00499,test,1,0.30882356,1
adobe_firefly_00500,test,1,0.30882356,1
adobe_firefly_00501,test,1,0.03363068,0
adobe_firefly_00502,test,1,0.30882356,1
adobe_firefly_00503,test,1,0.30882356,1
adobe_firefly_00504,test,1,0.14671841,0
adobe_firefly_00505,test,1,0.30882356,1
adobe_firefly_00506,test,1,0.02965063,0
adobe_firefly_00507,test,1,0.30882356,1
adobe_firefly_00508,test,1,0.6450459,0
adobe_firefly_00509,test,1,0.02003974,0
adobe_firefly_00510,test,1,0.30882356,1
adobe_firefly_00511,test,1,0.30882356,1
adobe_firefly_00512,test,1,0.51637983,0
adobe_firefly_00513,test,1,0.2622661,1
adobe_firefly_00514,test,1,0.30882356,1
adobe_firefly_00515,test,1,0.30882356,1
adobe_firefly_00516,test,1,0.30882356,1
adobe_firefly_00517,test,1,0.30882356,1
adobe_firefly_00518,test,1,0.009512587,0
adobe_firefly_00519,test,1,0.30882356,1
adobe_firefly_00520,test,1,0.30882356,1
adobe_firefly_00521,test,1,0.9189584,0
adobe_firefly_00522,test,1,0.009821765,0
adobe_firefly_00523,test,1,0.30882356,1
adobe_firefly_00524,test,1,0.30882356,1
adobe_firefly_00525,test,1,0.0018139846,0
adobe_firefly_00526,test,1,0.94498616,0
adobe_firefly_00527,test,1,0.30882356,1
adobe_firefly_00528,test,1,0.33957687,0
adobe_firefly_00529,test,1,0.9997118,0
adobe_firefly_00530,test,1,0.30882356,1
adobe_firefly_00531,test,1,0.11983317,0
adobe_firefly_00532,test,1,0.0907265,0
adobe_firefly_00533,test,1,0.009816758,0
adobe_firefly_00534,test,1,0.30882356,1
adobe_firefly_00535,test,1,0.30882356,1
adobe_firefly_00536,test,1,0.0008238284,0
adobe_firefly_00537,test,1,0.30882356,1
adobe_firefly_00538,test,1,0.30882356,1
adobe_firefly_00539,test,1,0.30882356,1
adobe_firefly_00540,test,1,0.30882356,1
adobe_firefly_00541,test,1,0.16226807,0
adobe_firefly_00542,test,1,0.0053901863,0
adobe_firefly_00543,test,1,0.30882356,1
adobe_firefly_00544,test,1,0.07075523,0
adobe_firefly_00545,test,1,0.30882356,1
adobe_firefly_00546,test,1,0.30882356,1
adobe_firefly_00547,test,1,0.30882356,1
adobe_firefly_00548,test,1,0.03175615,0
adobe_firefly_00549,test,1,0.13073407,0
adobe_firefly_00550,test,1,0.30882356,1
adobe_firefly_00551,test,1,0.30882356,1
adobe_firefly_00552,test,1,2.9892317e-05,0
adobe_firefly_00553,test,1,0.30882356,1
adobe_firefly_00554,test,1,0.30882356,1
adobe_firefly_00555,test,1,0.30882356,1
adobe_firefly_00556,test,1,0.00011372587,0
adobe_firefly_00557,test,1,0.30882356,1
adobe_firefly_00558,test,1,0.30882356,1
adobe_firefly_00559,test,1,0.30882356,1
adobe_firefly_00560,test,1,0.08590559,0
adobe_firefly_00561,test,1,0.04106024,0
adobe_firefly_00562,test,1,0.30882356,1
adobe_firefly_00563,test,1,0.30882356,1
adobe_firefly_00564,test,1,0.30882356,1
adobe_firefly_00565,test,1,0.30882356,1
adobe_firefly_00566,test,1,0.01260926,0
adobe_firefly_00567,test,1,0.98919094,0
adobe_firefly_00568,test,1,0.30882356,1
adobe_firefly_00569,test,1,0.30882356,1
adobe_firefly_00570,test,1,0.009972001,0
adobe_firefly_00571,test,1,0.48854446,0
adobe_firefly_00572,test,1,0.28877512,0
adobe_firefly_00573,test,1,0.30882356,1
adobe_firefly_00574,test,1,0.30882356,1
adobe_firefly_00575,test,1,0.6887677,0
adobe_firefly_00576,test,1,0.89696866,0
adobe_firefly_00577,test,1,0.0019095206,0
adobe_firefly_00578,test,1,2.7964927e-05,0
adobe_firefly_00579,test,1,0.12295089,0
adobe_firefly_00580,test,1,0.30882356,1
adobe_firefly_00581,test,1,0.053035483,0
adobe_firefly_00582,test,1,0.30882356,1
adobe_firefly_00583,test,1,0.30882356,1
adobe_firefly_00584,test,1,0.30882356,1
adobe_firefly_00585,test,1,0.10263467,0
adobe_firefly_00586,test,1,0.8201093,0
adobe_firefly_00587,test,1,0.30882356,1
adobe_firefly_00588,test,1,0.30882356,1
adobe_firefly_00589,test,1,0.17311598,0
adobe_firefly_00590,test,1,0.028412864,0
adobe_firefly_00591,test,1,0.9997414,0
adobe_firefly_00592,test,1,0.30882356,1
adobe_firefly_00593,test,1,0.061199367,1
adobe_firefly_00594,test,1,0.02413511,0
adobe_firefly_00595,test,1,0.019994479,0
adobe_firefly_00596,test,1,0.30882356,1
adobe_firefly_00597,test,1,0.30882356,1
adobe_firefly_00598,test,1,0.30882356,1
adobe_firefly_00599,test,1,0.30882356,1
adobe_firefly_00600,test,1,0.30882356,1
adobe_firefly_00601,test,1,0.10518732,0
adobe_firefly_00602,test,1,0.23893307,0
adobe_firefly_00603,test,1,0.00081274996,0
adobe_firefly_00604,test,1,0.30882356,1
adobe_firefly_00605,test,1,0.30882356,1
adobe_firefly_00606,test,1,0.0022312468,0
adobe_firefly_00607,test,1,0.07812361,0
adobe_firefly_00608,test,1,0.015495868,0
adobe_firefly_00609,test,1,0.30882356,1
adobe_firefly_00610,test,1,0.0012921268,0
adobe_firefly_00611,test,1,0.061743896,0
adobe_firefly_00612,test,1,0.4518858,0
adobe_firefly_00613,test,1,0.04350714,0
adobe_firefly_00614,test,1,0.30882356,1
adobe_firefly_00615,test,1,0.30882356,1
adobe_firefly_00616,test,1,0.20743454,0
adobe_firefly_00617,test,1,0.30882356,1
adobe_firefly_00618,test,1,0.0031079534,1
adobe_firefly_00619,test,1,0.42677957,0
adobe_firefly_00620,test,1,0.8346137,0
adobe_firefly_00621,test,1,0.255145,0
adobe_firefly_00622,test,1,0.26478654,0
adobe_firefly_00623,test,1,0.97078305,0
adobe_firefly_00624,test,1,0.30882356,1
adobe_firefly_00625,test,1,0.30882356,1
adobe_firefly_00626,test,1,0.024716267,0
adobe_firefly_00627,test,1,0.30882356,1
adobe_firefly_00628,test,1,0.30882356,1
adobe_firefly_00629,test,1,0.30882356,1
adobe_firefly_00630,test,1,0.99648106,0
adobe_firefly_00631,test,1,0.30882356,1
adobe_firefly_00632,test,1,0.30882356,1
adobe_firefly_00633,test,1,0.099486955,0
adobe_firefly_00634,test,1,0.14955005,0
adobe_firefly_00635,test,1,0.30882356,1
adobe_firefly_00636,test,1,0.30882356,1
adobe_firefly_00637,test,1,0.05324786,0
adobe_firefly_00638,test,1,0.017350364,0
adobe_firefly_00639,test,1,0.30882356,1
adobe_firefly_00640,test,1,0.99555486,0
adobe_firefly_00641,test,1,0.30882356,1
adobe_firefly_00642,test,1,0.010209315,0
adobe_firefly_00643,test,1,0.30882356,1
adobe_firefly_00644,test,1,0.00022943846,0
adobe_firefly_00645,test,1,0.30882356,1
adobe_firefly_00646,test,1,0.30882356,1
adobe_firefly_00647,test,1,0.30882356,1
adobe_firefly_00648,test,1,0.30882356,1
adobe_firefly_00649,test,1,0.30882356,1
adobe_firefly_00650,test,1,0.0029313527,0
adobe_firefly_00651,test,1,0.07863375,0
adobe_firefly_00652,test,1,0.30882356,1
adobe_firefly_00653,test,1,0.30882356,1
adobe_firefly_00654,test,1,0.010561969,0
adobe_firefly_00655,test,1,0.15554541,0
adobe_firefly_00656,test,1,0.9615111,0
adobe_firefly_00657,test,1,0.007340008,0
adobe_firefly_00658,test,1,0.30882356,1
adobe_firefly_00659,test,1,0.011117237,0
adobe_firefly_00660,test,1,0.30567157,0
adobe_firefly_00661,test,1,0.08299379,0
adobe_firefly_00662,test,1,0.08415116,0
adobe_firefly_00663,test,1,0.0006864387,0
adobe_firefly_00664,test,1,0.30882356,1
adobe_firefly_00665,test,1,0.30882356,1
adobe_firefly_00666,test,1,0.30882356,1
adobe_firefly_00667,test,1,0.08453937,0
adobe_firefly_00668,test,1,0.113632604,0
adobe_firefly_00669,test,1,0.30882356,1
adobe_firefly_00670,test,1,0.017515637,0
adobe_firefly_00671,test,1,0.9501875,0
adobe_firefly_00672,test,1,0.9796286,0
adobe_firefly_00673,test,1,0.30882356,1
adobe_firefly_00674,test,1,0.30882356,1
adobe_firefly_00675,test,1,0.056731813,0
adobe_firefly_00676,test,1,0.0039600837,0
adobe_firefly_00677,test,1,0.30882356,1
adobe_firefly_00678,test,1,0.30882356,1
adobe_firefly_00679,test,1,0.18739572,0
adobe_firefly_00680,test,1,0.03828969,0
adobe_firefly_00681,test,1,0.0020771506,0
adobe_firefly_00682,test,1,0.30882356,1
adobe_firefly_00683,test,1,0.30882356,1
adobe_firefly_00684,test,1,0.30882356,1
adobe_firefly_00685,test,1,0.0028229938,0
adobe_firefly_00686,test,1,0.30882356,1
adobe_firefly_00687,test,1,0.031826474,0
adobe_firefly_00688,test,1,1.784718e-05,0
adobe_firefly_00689,test,1,0.026804363,0
adobe_firefly_00690,test,1,0.014941217,0
adobe_firefly_00691,test,1,0.30882356,1
adobe_firefly_00692,test,1,0.30882356,1
adobe_firefly_00693,test,1,0.016766097,0
adobe_firefly_00694,test,1,0.19253409,0
adobe_firefly_00695,test,1,0.5340688,0
adobe_firefly_00696,test,1,0.045076102,0
adobe_firefly_00697,test,1,0.010194417,0
adobe_firefly_00698,test,1,0.30882356,1
adobe_firefly_00699,test,1,0.0679282,0
adobe_firefly_00700,test,1,0.031475984,0
adobe_firefly_00701,test,1,0.30882356,1
adobe_firefly_00702,test,1,0.30882356,1
adobe_firefly_00703,test,1,0.44372123,0
adobe_firefly_00704,test,1,0.30882356,1
adobe_firefly_00705,test,1,0.15805532,0
adobe_firefly_00706,test,1,0.30882356,1
adobe_firefly_00707,test,1,0.0001321051,0
adobe_firefly_00708,test,1,0.0031864762,0
adobe_firefly_00709,test,1,0.18330853,0
adobe_firefly_00710,test,1,0.18373075,0
adobe_firefly_00711,test,1,0.9354241,0
adobe_firefly_00712,test,1,0.30882356,1
adobe_firefly_00713,test,1,0.30882356,1
adobe_firefly_00714,test,1,0.066055104,0
adobe_firefly_00715,test,1,0.30882356,1
adobe_firefly_00716,test,1,0.30882356,1
adobe_firefly_00717,test,1,0.30882356,1
adobe_firefly_00718,test,1,0.00056341133,0
adobe_firefly_00719,test,1,0.24726538,0
adobe_firefly_00720,test,1,0.30882356,1
adobe_firefly_00721,test,1,0.0044559883,0
adobe_firefly_00722,test,1,0.30882356,1
adobe_firefly_00723,test,1,0.19253409,0
adobe_firefly_00724,test,1,0.037271895,0
adobe_firefly_00725,test,1,0.5525846,0
adobe_firefly_00726,test,1,0.007784881,0
adobe_firefly_00727,test,1,0.30882356,1
adobe_firefly_00728,test,1,0.30882356,1
adobe_firefly_00729,test,1,0.91008526,0
adobe_firefly_00730,test,1,0.21172592,0
adobe_firefly_00731,test,1,0.0632956,0
adobe_firefly_00732,test,1,0.30882356,1
adobe_firefly_00733,test,1,0.30882356,1
adobe_firefly_00734,test,1,0.30882356,1
adobe_firefly_00735,test,1,0.9997737,0
adobe_firefly_00736,test,1,0.30882356,1
adobe_firefly_00737,test,1,0.010440533,0
adobe_firefly_00738,test,1,0.9377943,0
adobe_firefly_00739,test,1,0.30882356,1
adobe_firefly_00740,test,1,0.09308357,0
adobe_firefly_00741,test,1,0.30882356,1
adobe_firefly_00742,test,1,0.30882356,1
adobe_firefly_00743,test,1,0.08718853,0
adobe_firefly_00744,test,1,0.30882356,1
adobe_firefly_00745,test,1,0.87397623,0
adobe_firefly_00746,test,1,0.30882356,1
adobe_firefly_00747,test,1,0.9739336,0
adobe_firefly_00748,test,1,0.030186063,0
adobe_firefly_00749,test,1,0.49410918,0
adobe_firefly_00750,test,1,0.99668366,0
adobe_firefly_00751,test,1,0.99656516,0
adobe_firefly_00752,test,1,0.30882356,1
adobe_firefly_00753,test,1,0.76332885,0
adobe_firefly_00754,test,1,0.25122604,0
adobe_firefly_00755,test,1,0.30882356,1
adobe_firefly_00756,test,1,0.30882356,1
adobe_firefly_00757,test,1,0.1040378,0
adobe_firefly_00758,test,1,0.30882356,1
adobe_firefly_00759,test,1,0.06836117,0
adobe_firefly_00760,test,1,0.30882356,1
adobe_firefly_00761,test,1,0.04039258,0
adobe_firefly_00762,test,1,0.64733976,0
adobe_firefly_00763,test,1,0.1479746,0
adobe_firefly_00764,test,1,0.30882356,1
adobe_firefly_00765,test,1,0.23849922,0
adobe_firefly_00766,test,1,0.30882356,1
adobe_firefly_00767,test,1,6.537537e-05,0
adobe_firefly_00768,test,1,0.30882356,1
adobe_firefly_00769,test,1,0.2159628,0
adobe_firefly_00770,test,1,0.0958158,0
adobe_firefly_00771,test,1,0.005829198,0
adobe_firefly_00772,test,1,0.5155786,0
adobe_firefly_00773,test,1,0.30882356,1
adobe_firefly_00774,test,1,0.30882356,1
adobe_firefly_00775,test,1,0.0013677184,0
adobe_firefly_00776,test,1,0.16981071,0
adobe_firefly_00777,test,1,0.26046875,0
adobe_firefly_00778,test,1,0.30882356,1
adobe_firefly_00779,test,1,0.30882356,1
adobe_firefly_00780,test,1,0.015556357,0
adobe_firefly_00781,test,1,0.30882356,1
adobe_firefly_00782,test,1,0.30882356,1
adobe_firefly_00783,test,1,0.011281648,0
adobe_firefly_00784,test,1,0.002026065,0
adobe_firefly_00785,test,1,0.3657685,0
adobe_firefly_00786,test,1,0.7185528,0
adobe_firefly_00787,test,1,0.30882356,1
adobe_firefly_00788,test,1,0.30882356,1
adobe_firefly_00789,test,1,0.998359,0
adobe_firefly_00790,test,1,0.0056294273,0
adobe_firefly_00791,test,1,0.19953635,0
adobe_firefly_00792,test,1,0.0009339846,0
adobe_firefly_00793,test,1,0.30882356,1
adobe_firefly_00794,test,1,0.30882356,1
adobe_firefly_00795,test,1,0.30882356,1
adobe_firefly_00796,test,1,0.26224184,0
adobe_firefly_00797,test,1,0.048736643,0
adobe_firefly_00798,test,1,0.46534067,0
adobe_firefly_00799,test,1,0.30882356,1
adobe_firefly_00800,test,1,0.29591274,1
adobe_firefly_00801,test,1,0.04605761,0
adobe_firefly_00802,test,1,0.30882356,1
adobe_firefly_00803,test,1,0.95911384,0
adobe_firefly_00804,test,1,0.50359696,0
adobe_firefly_00805,test,1,0.11714192,0
adobe_firefly_00806,test,1,0.30882356,1
adobe_firefly_00807,test,1,0.30882356,1
adobe_firefly_00808,test,1,0.09417943,0
adobe_firefly_00809,test,1,0.30882356,1
adobe_firefly_00810,test,1,0.30882356,1
adobe_firefly_00811,test,1,0.30882356,1
adobe_firefly_00812,test,1,0.0002792061,0
adobe_firefly_00813,test,1,0.30882356,1
adobe_firefly_00814,test,1,0.064957,0
adobe_firefly_00815,test,1,0.088941135,0
adobe_firefly_00816,test,1,0.30882356,1
adobe_firefly_00817,test,1,0.9997763,0
adobe_firefly_00818,test,1,0.95688903,0
adobe_firefly_00819,test,1,0.035601966,0
adobe_firefly_00820,test,1,0.771925,0
adobe_firefly_00821,test,1,0.015052241,0
adobe_firefly_00822,test,1,0.30882356,1
adobe_firefly_00823,test,1,0.0017744952,0
adobe_firefly_00824,test,1,0.30882356,1
adobe_firefly_00825,test,1,0.26474315,0
adobe_firefly_00826,test,1,0.78609705,0
adobe_firefly_00827,test,1,0.30882356,1
adobe_firefly_00828,test,1,0.36330947,0
adobe_firefly_00829,test,1,0.06408736,0
adobe_firefly_00830,test,1,0.008029594,0
adobe_firefly_00831,test,1,0.30882356,1
adobe_firefly_00832,test,1,0.30882356,1
adobe_firefly_00833,test,1,0.30882356,1
adobe_firefly_00834,test,1,0.30882356,1
adobe_firefly_00835,test,1,0.30882356,1
adobe_firefly_00836,test,1,0.0013480195,0
adobe_firefly_00837,test,1,0.8827066,0
adobe_firefly_00838,test,1,0.30882356,1
adobe_firefly_00839,test,1,0.30882356,1
adobe_firefly_00840,test,1,0.30882356,1
adobe_firefly_00841,test,1,0.6881419,0
adobe_firefly_00842,test,1,0.30882356,1
adobe_firefly_00843,test,1,0.30882356,1
adobe_firefly_00844,test,1,0.0024746892,0
adobe_firefly_00845,test,1,0.03221725,0
adobe_firefly_00846,test,1,0.9174058,0
adobe_firefly_00847,test,1,0.30882356,1
adobe_firefly_00848,test,1,0.30882356,1
adobe_firefly_00849,test,1,0.30882356,1
adobe_firefly_00850,test,1,0.0042211483,0
adobe_firefly_00851,test,1,0.04800892,0
adobe_firefly_00852,test,1,0.027403342,0
adobe_firefly_00853,test,1,0.06804632,0
adobe_firefly_00854,test,1,0.16737163,0
adobe_firefly_00855,test,1,0.30882356,1
adobe_firefly_00856,test,1,0.025387764,0
adobe_firefly_00857,test,1,0.30882356,1
adobe_firefly_00858,test,1,0.30882356,1
adobe_firefly_00859,test,1,0.32889718,0
adobe_firefly_00860,test,1,0.28168708,1
adobe_firefly_00861,test,1,0.0014071013,0
adobe_firefly_00862,test,1,0.12773857,0
adobe_firefly_00863,test,1,0.30882356,1
adobe_firefly_00864,test,1,0.00039688946,0
adobe_firefly_00865,test,1,0.30882356,1
adobe_firefly_00866,test,1,0.07880748,0
adobe_firefly_00867,test,1,0.6579804,0
adobe_firefly_00868,test,1,0.30882356,1
adobe_firefly_00869,test,1,0.066357076,0
adobe_firefly_00870,test,1,0.036371008,0
adobe_firefly_00871,test,1,0.30882356,1
adobe_firefly_00872,test,1,0.30308697,0
adobe_firefly_00873,test,1,0.30882356,1
adobe_firefly_00874,test,1,0.30882356,1
adobe_firefly_00875,test,1,0.30882356,1
adobe_firefly_00876,test,1,0.30882356,1
adobe_firefly_00877,test,1,0.30882356,1
adobe_firefly_00878,test,1,0.98718727,0
adobe_firefly_00879,test,1,0.02617709,1
adobe_firefly_00880,test,1,0.010598218,0
adobe_firefly_00881,test,1,0.06021747,0
adobe_firefly_00882,test,1,0.30882356,1
adobe_firefly_00883,test,1,0.30882356,1
adobe_firefly_00884,test,1,0.6881419,0
adobe_firefly_00885,test,1,0.025458287,0
adobe_firefly_00886,test,1,0.30882356,1
adobe_firefly_00887,test,1,0.30882356,1
adobe_firefly_00888,test,1,0.30882356,1
adobe_firefly_00889,test,1,0.30882356,1
adobe_firefly_00890,test,1,0.8117513,0
adobe_firefly_00891,test,1,0.30882356,1
adobe_firefly_00892,test,1,0.04050335,0
adobe_firefly_00893,test,1,0.062611096,0
adobe_firefly_00894,test,1,0.0054348083,0
adobe_firefly_00895,test,1,0.30882356,1
adobe_firefly_00896,test,1,0.30882356,1
adobe_firefly_00897,test,1,0.028137425,0
adobe_firefly_00898,test,1,0.30882356,1
adobe_firefly_00899,test,1,0.30882356,1
adobe_firefly_00900,test,1,0.0008796222,0
adobe_firefly_00901,test,1,0.31390113,0
adobe_firefly_00902,test,1,0.998879,0
adobe_firefly_00903,test,1,0.30882356,1
adobe_firefly_00904,test,1,0.59889334,0
adobe_firefly_00905,test,1,0.30882356,1
adobe_firefly_00906,test,1,0.00013627172,0
adobe_firefly_00907,test,1,0.9397115,0
adobe_firefly_00908,test,1,0.35936314,0
adobe_firefly_00909,test,1,0.0118558025,0
adobe_firefly_00910,test,1,0.67246485,0
adobe_firefly_00911,test,1,0.30882356,1
adobe_firefly_00912,test,1,0.30882356,1
adobe_firefly_00913,test,1,0.30882356,1
adobe_firefly_00914,test,1,0.19703998,0
adobe_firefly_00915,test,1,0.30882356,1
adobe_firefly_00916,test,1,0.30882356,1
adobe_firefly_00917,test,1,0.5176809,0
adobe_firefly_00918,test,1,0.30882356,1
adobe_firefly_00919,test,1,0.0064413,0
adobe_firefly_00920,test,1,0.30882356,1
adobe_firefly_00921,test,1,0.7836053,0
adobe_firefly_00922,test,1,0.12849206,0
adobe_firefly_00923,test,1,0.30882356,1
adobe_firefly_00924,test,1,0.99082726,0
adobe_firefly_00925,test,1,0.016447313,0
adobe_firefly_00926,test,1,0.30882356,1
adobe_firefly_00927,test,1,0.6107191,0
adobe_firefly_00928,test,1,0.30882356,1
adobe_firefly_00929,test,1,0.30882356,1
adobe_firefly_00930,test,1,0.0012886211,0
adobe_firefly_00931,test,1,0.99993587,0
adobe_firefly_00932,test,1,0.30882356,1
adobe_firefly_00933,test,1,7.13508e-05,0
adobe_firefly_00934,test,1,0.30882356,1
adobe_firefly_00935,test,1,0.005962578,0
adobe_firefly_00936,test,1,0.0014870273,0
adobe_firefly_00937,test,1,0.30882356,1
adobe_firefly_00938,test,1,0.30882356,1
adobe_firefly_00939,test,1,0.08594955,0
adobe_firefly_00940,test,1,0.30882356,1
adobe_firefly_00941,test,1,0.30882356,1
adobe_firefly_00942,test,1,0.03411352,0
adobe_firefly_00943,test,1,0.30882356,1
adobe_firefly_00944,test,1,0.0012191706,0
adobe_firefly_00945,test,1,0.30882356,1
adobe_firefly_00946,test,1,0.016172292,1
adobe_firefly_00947,test,1,0.30882356,1
adobe_firefly_00948,test,1,0.30882356,1
adobe_firefly_00949,test,1,0.9980525,0
adobe_firefly_00950,test,1,0.054350916,0
adobe_firefly_00951,test,1,0.30882356,1
adobe_firefly_00952,test,1,0.010898631,0
adobe_firefly_00953,test,1,0.30882356,1
adobe_firefly_00954,test,1,0.30882356,1
adobe_firefly_00955,test,1,0.30882356,1
adobe_firefly_00956,test,1,0.30882356,1
adobe_firefly_00957,test,1,0.30882356,1
adobe_firefly_00958,test,1,0.19904608,0
adobe_firefly_00959,test,1,0.30882356,1
adobe_firefly_00960,test,1,0.30882356,1
adobe_firefly_00961,test,1,0.3466175,0
adobe_firefly_00962,test,1,2.073428e-07,0
adobe_firefly_00963,test,1,0.30882356,1
adobe_firefly_00964,test,1,0.30882356,1
adobe_firefly_00965,test,1,0.30882356,1
adobe_firefly_00966,test,1,0.30882356,1
adobe_firefly_00967,test,1,0.07523725,0
adobe_firefly_00968,test,1,0.42469376,0
adobe_firefly_00969,test,1,0.00035858038,0
adobe_firefly_00970,test,1,0.99950933,0
adobe_firefly_00971,test,1,0.30882356,1
adobe_firefly_00972,test,1,0.104764335,0
adobe_firefly_00973,test,1,0.30882356,1
adobe_firefly_00974,test,1,0.3368534,0
adobe_firefly_00975,test,1,0.30882356,1
adobe_firefly_00976,test,1,0.30882356,1
adobe_firefly_00977,test,1,0.30882356,1
adobe_firefly_00978,test,1,0.010280321,0
adobe_firefly_00979,test,1,0.8769256,0
adobe_firefly_00980,test,1,0.30882356,1
adobe_firefly_00981,test,1,0.104182996,0
adobe_firefly_00982,test,1,0.30882356,1
adobe_firefly_00983,test,1,0.15450597,0
adobe_firefly_00984,test,1,0.30882356,1
adobe_firefly_00985,test,1,0.30882356,1
adobe_firefly_00986,test,1,0.24297586,0
adobe_firefly_00987,test,1,0.30882356,1
adobe_firefly_00988,test,1,0.99536103,0
adobe_firefly_00989,test,1,0.30882356,1
adobe_firefly_00990,test,1,0.30882356,1
adobe_firefly_00991,test,1,0.30882356,1
adobe_firefly_00992,test,1,5.561255e-07,0
adobe_firefly_00993,test,1,0.30882356,1
adobe_firefly_00994,test,1,0.30882356,1
adobe_firefly_00995,test,1,0.021246668,0
adobe_firefly_00996,test,1,0.0027620133,0
adobe_firefly_00997,test,1,0.23426227,0
adobe_firefly_00998,test,1,0.23185831,0
adobe_firefly_00999,test,1,0.30882356,1
dalle2_00000,test,1,0.30882356,1
dalle2_00001,test,1,0.03584401,0
dalle2_00002,test,1,0.25488868,0
dalle2_00003,test,1,0.30882356,1
dalle2_00004,test,1,0.30882356,1
dalle2_00005,test,1,0.30882356,1
dalle2_00006,test,1,0.30882356,1
dalle2_00007,test,1,0.30882356,1
dalle2_00008,test,1,0.30882356,1
dalle2_00009,test,1,0.076135494,0
dalle2_00010,test,1,0.03074139,0
dalle2_00011,test,1,0.035989657,0
dalle2_00012,test,1,0.30882356,1
dalle2_00013,test,1,0.69931847,0
dalle2_00014,test,1,0.30882356,1
dalle2_00015,test,1,0.30882356,1
dalle2_00016,test,1,0.30882356,1
dalle2_00017,test,1,0.033093188,0
dalle2_00018,test,1,1.5049164e-07,0
dalle2_00019,test,1,0.30882356,1
dalle2_00020,test,1,0.30882356,1
dalle2_00021,test,1,0.90709466,0
dalle2_00022,test,1,0.0018493827,0
dalle2_00023,test,1,0.3866656,0
dalle2_00024,test,1,0.30882356,1
dalle2_00025,test,1,0.7163743,0
dalle2_00026,test,1,0.30882356,1
dalle2_00027,test,1,0.026595868,0
dalle2_00028,test,1,0.30882356,1
dalle2_00029,test,1,0.30882356,1
dalle2_00030,test,1,0.30882356,1
dalle2_00031,test,1,0.00019603549,0
dalle2_00032,test,1,0.30882356,1
dalle2_00033,test,1,0.010846469,0
dalle2_00034,test,1,0.030487971,0
dalle2_00035,test,1,0.30882356,1
dalle2_00036,test,1,0.30882356,1
dalle2_00037,test,1,0.00041923064,0
dalle2_00038,test,1,0.01587327,0
dalle2_00039,test,1,0.000400676,0
dalle2_00040,test,1,0.30882356,1
dalle2_00041,test,1,0.032834567,0
dalle2_00042,test,1,0.30882356,1
dalle2_00043,test,1,0.15315318,0
dalle2_00044,test,1,0.4232582,0
dalle2_00045,test,1,0.30882356,1
dalle2_00046,test,1,0.30882356,1
dalle2_00047,test,1,0.01883718,0
dalle2_00048,test,1,0.13276118,0
dalle2_00049,test,1,0.30882356,1
dalle2_00050,test,1,0.3201026,0
dalle2_00051,test,1,7.692279e-05,0
dalle2_00052,test,1,0.84368956,0
dalle2_00053,test,1,0.30882356,1
dalle2_00054,test,1,0.00023809861,0
dalle2_00055,test,1,0.055692025,0
dalle2_00056,test,1,0.30882356,1
dalle2_00057,test,1,0.009515804,0
dalle2_00058,test,1,0.4351634,0
dalle2_00059,test,1,0.6231065,0
dalle2_00060,test,1,0.0026202407,0
dalle2_00061,test,1,0.30882356,1
dalle2_00062,test,1,0.30882356,1
dalle2_00063,test,1,0.30882356,1
dalle2_00064,test,1,0.042550385,0
dalle2_00065,test,1,0.17298077,0
dalle2_00066,test,1,0.030970765,0
dalle2_00067,test,1,0.30882356,1
dalle2_00068,test,1,0.30882356,1
dalle2_00069,test,1,0.083138414,0
dalle2_00070,test,1,0.30882356,1
dalle2_00071,test,1,0.30882356,1
dalle2_00072,test,1,0.049446378,0
dalle2_00073,test,1,4.0902974e-06,0
dalle2_00074,test,1,0.007889763,0
dalle2_00075,test,1,0.015291083,0
dalle2_00076,test,1,0.30882356,1
dalle2_00077,test,1,0.009523484,0
dalle2_00078,test,1,0.30882356,1
dalle2_00079,test,1,0.023680806,0
dalle2_00080,test,1,0.011771413,0
dalle2_00081,test,1,0.00057698943,0
dalle2_00082,test,1,0.06107286,0
dalle2_00083,test,1,0.0030675016,0
dalle2_00084,test,1,0.30882356,1
dalle2_00085,test,1,0.3202389,0
dalle2_00086,test,1,0.30882356,1
dalle2_00087,test,1,0.44905832,0
dalle2_00088,test,1,0.01000339,0
dalle2_00089,test,1,0.83265847,0
dalle2_00090,test,1,0.30882356,1
dalle2_00091,test,1,0.10393677,1
dalle2_00092,test,1,0.12001466,0
dalle2_00093,test,1,0.30882356,1
dalle2_00094,test,1,0.0031722786,0
dalle2_00095,test,1,0.04028032,0
dalle2_00096,test,1,0.30882356,1
dalle2_00097,test,1,0.30882356,1
dalle2_00098,test,1,0.30882356,1
dalle2_00099,test,1,0.30882356,1
dalle2_00100,test,1,0.98962003,0
dalle2_00101,test,1,0.30882356,1
dalle2_00102,test,1,0.30882356,1
dalle2_00103,test,1,0.30882356,1
dalle2_00104,test,1,0.30882356,1
dalle2_00105,test,1,0.30882356,1
dalle2_00106,test,1,0.12904777,0
dalle2_00107,test,1,0.30882356,1
dalle2_00108,test,1,0.0033545657,0
dalle2_00109,test,1,0.30882356,1
dalle2_00110,test,1,0.30882356,1
dalle2_00111,test,1,0.024038952,0
dalle2_00112,test,1,0.30882356,1
dalle2_00113,test,1,0.30882356,1
dalle2_00114,test,1,0.5115327,0
dalle2_00115,test,1,0.1465817,0
dalle2_00116,test,1,0.00023327794,0
dalle2_00117,test,1,0.2957879,0
dalle2_00118,test,1,0.30882356,1
dalle2_00119,test,1,0.45608023,0
dalle2_00120,test,1,0.30882356,1
dalle2_00121,test,1,0.30882356,1
dalle2_00122,test,1,0.30882356,1
dalle2_00123,test,1,0.9978549,0
dalle2_00124,test,1,0.30882356,1
dalle2_00125,test,1,0.30882356,1
dalle2_00126,test,1,0.30882356,1
dalle2_00127,test,1,0.30882356,1
dalle2_00128,test,1,0.30882356,1
dalle2_00129,test,1,0.012991219,0
dalle2_00130,test,1,0.001046025,0
dalle2_00131,test,1,0.30882356,1
dalle2_00132,test,1,0.9821879,0
dalle2_00133,test,1,2.3134035e-06,0
dalle2_00134,test,1,0.1235771,0
dalle2_00135,test,1,0.30882356,1
dalle2_00136,test,1,0.30882356,1
dalle2_00137,test,1,0.3062389,0
dalle2_00138,test,1,0.30882356,1
dalle2_00139,test,1,0.99999094,0
dalle2_00140,test,1,0.30882356,1
dalle2_00141,test,1,0.30882356,1
dalle2_00142,test,1,0.30882356,1
dalle2_00143,test,1,0.30882356,1
dalle2_00144,test,1,0.28200185,0
dalle2_00145,test,1,0.30882356,1
dalle2_00146,test,1,0.23054384,0
dalle2_00147,test,1,0.30882356,1
dalle2_00148,test,1,0.08149177,0
dalle2_00149,test,1,0.30882356,1
dalle2_00150,test,1,0.30882356,1
dalle2_00151,test,1,0.30882356,1
dalle2_00152,test,1,0.30882356,1
dalle2_00153,test,1,0.000595402,0
dalle2_00154,test,1,0.30882356,1
dalle2_00155,test,1,0.30882356,1
dalle2_00156,test,1,0.30882356,1
dalle2_00157,test,1,0.0023994425,0
dalle2_00158,test,1,0.98756826,0
dalle2_00159,test,1,0.30882356,1
dalle2_00160,test,1,0.08542056,0
dalle2_00161,test,1,0.30882356,1
dalle2_00162,test,1,0.00029268474,0
dalle2_00163,test,1,0.30882356,1
dalle2_00164,test,1,0.30882356,1
dalle2_00165,test,1,0.00011800244,0
dalle2_00166,test,1,0.30882356,1
dalle2_00167,test,1,0.30882356,1
dalle2_00168,test,1,0.0024383597,0
dalle2_00169,test,1,0.77641165,0
dalle2_00170,test,1,0.30882356,1
dalle2_00171,test,1,0.30882356,1
dalle2_00172,test,1,0.30882356,1
dalle2_00173,test,1,0.30882356,1
dalle2_00174,test,1,0.30882356,1
dalle2_00175,test,1,0.30882356,1
dalle2_00176,test,1,0.30882356,1
dalle2_00177,test,1,0.30882356,1
dalle2_00178,test,1,0.30882356,1
dalle2_00179,test,1,0.30882356,1
dalle2_00180,test,1,0.30882356,1
dalle2_00181,test,1,0.15183815,0
dalle2_00182,test,1,0.30882356,1
dalle2_00183,test,1,0.071239725,0
dalle2_00184,test,1,0.30882356,1
dalle2_00185,test,1,0.011875716,0
dalle2_00186,test,1,0.30882356,1
dalle2_00187,test,1,0.15603162,0
dalle2_00188,test,1,1.1478003e-05,0
dalle2_00189,test,1,0.0075209737,0
dalle2_00190,test,1,0.021978686,0
dalle2_00191,test,1,0.004711357,0
dalle2_00192,test,1,0.8865589,0
dalle2_00193,test,1,0.30882356,1
dalle2_00194,test,1,0.00948484,0
dalle2_00195,test,1,0.00093161204,0
dalle2_00196,test,1,0.30882356,1
dalle2_00197,test,1,0.30882356,1
dalle2_00198,test,1,0.30882356,1
dalle2_00199,test,1,0.30882356,1
dalle2_00200,test,1,0.30882356,1
dalle2_00201,test,1,0.30882356,1
dalle2_00202,test,1,0.10546699,0
dalle2_00203,test,1,0.37259302,1
dalle2_00204,test,1,0.68151677,0
dalle2_00205,test,1,0.30882356,1
dalle2_00206,test,1,0.30882356,1
dalle2_00207,test,1,0.10067483,0
dalle2_00208,test,1,0.30882356,1
dalle2_00209,test,1,0.30882356,1
dalle2_00210,test,1,0.88109946,0
dalle2_00211,test,1,0.30882356,1
dalle2_00212,test,1,0.30882356,1
dalle2_00213,test,1,0.30882356,1
dalle2_00214,test,1,0.72323203,0
dalle2_00215,test,1,0.30882356,1
dalle2_00216,test,1,0.016087024,0
dalle2_00217,test,1,0.30882356,1
dalle2_00218,test,1,0.30882356,1
dalle2_00219,test,1,0.45412365,0
dalle2_00220,test,1,0.30882356,1
dalle2_00221,test,1,0.4131845,0
dalle2_00222,test,1,0.30882356,1
dalle2_00223,test,1,0.07992724,0
dalle2_00224,test,1,0.30882356,1
dalle2_00225,test,1,0.0069769383,0
dalle2_00226,test,1,0.0016386689,0
dalle2_00227,test,1,0.82970977,0
dalle2_00228,test,1,0.30882356,1
dalle2_00229,test,1,0.30882356,1
dalle2_00230,test,1,0.14745405,0
dalle2_00231,test,1,0.30882356,1
dalle2_00232,test,1,0.30882356,1
dalle2_00233,test,1,0.30882356,1
dalle2_00234,test,1,0.30882356,1
dalle2_00235,test,1,0.30882356,1
dalle2_00236,test,1,0.14974311,0
dalle2_00237,test,1,0.0010832946,0
dalle2_00238,test,1,0.30882356,1
dalle2_00239,test,1,0.99531627,0
dalle2_00240,test,1,0.30882356,1
dalle2_00241,test,1,0.0011254187,0
dalle2_00242,test,1,0.11570506,0
dalle2_00243,test,1,0.018510109,0
dalle2_00244,test,1,0.08713273,0
dalle2_00245,test,1,0.30882356,1
dalle2_00246,test,1,0.30882356,1
dalle2_00247,test,1,2.1625448e-05,0
dalle2_00248,test,1,0.5401904,0
dalle2_00249,test,1,0.30882356,1
dalle2_00250,test,1,0.012409646,0
dalle2_00251,test,1,0.28669214,0
dalle2_00252,test,1,0.016511861,0
dalle2_00253,test,1,0.016181763,0
dalle2_00254,test,1,0.7666814,0
dalle2_00255,test,1,0.30882356,1
dalle2_00256,test,1,0.3560529,0
dalle2_00257,test,1,0.30882356,1
dalle2_00258,test,1,0.64279014,0
dalle2_00259,test,1,0.30882356,1
dalle2_00260,test,1,9.4982715e-05,0
dalle2_00261,test,1,0.30882356,1
dalle2_00262,test,1,0.30882356,1
dalle2_00263,test,1,0.106159635,0
dalle2_00264,test,1,0.30882356,1
dalle2_00265,test,1,0.30882356,1
dalle2_00266,test,1,0.30882356,1
dalle2_00267,test,1,0.08652327,0
dalle2_00268,test,1,0.30882356,1
dalle2_00269,test,1,0.30882356,1
dalle2_00270,test,1,0.30882356,1
dalle2_00271,test,1,0.30882356,1
dalle2_00272,test,1,0.30882356,1
dalle2_00273,test,1,0.14030755,0
dalle2_00274,test,1,0.30882356,1
dalle2_00275,test,1,0.30882356,1
dalle2_00276,test,1,0.18966013,0
dalle2_00277,test,1,0.98618954,0
dalle2_00278,test,1,0.30882356,1
dalle2_00279,test,1,0.30882356,1
dalle2_00280,test,1,0.89509714,0
dalle2_00281,test,1,0.30882356,1
dalle2_00282,test,1,0.30882356,1
dalle2_00283,test,1,0.30882356,1
dalle2_00284,test,1,0.30882356,1
dalle2_00285,test,1,0.30882356,1
dalle2_00286,test,1,0.30882356,1
dalle2_00287,test,1,0.0038525155,0
dalle2_00288,test,1,0.30882356,1
dalle2_00289,test,1,0.35217994,0
dalle2_00290,test,1,0.30882356,1
dalle2_00291,test,1,0.30882356,1
dalle2_00292,test,1,0.040657125,0
dalle2_00293,test,1,0.04676618,1
dalle2_00294,test,1,0.30882356,1
dalle2_00295,test,1,0.76878935,0
dalle2_00296,test,1,0.22567639,0
dalle2_00297,test,1,0.79600954,0
dalle2_00298,test,1,0.99975544,0
dalle2_00299,test,1,0.30882356,1
dalle2_00300,test,1,0.0057071457,0
dalle2_00301,test,1,0.30882356,1
dalle2_00302,test,1,0.00103469,0
dalle2_00303,test,1,0.12853241,0
dalle2_00304,test,1,0.30882356,1
dalle2_00305,test,1,0.30882356,1
dalle2_00306,test,1,0.24589601,0
dalle2_00307,test,1,0.0012112038,0
dalle2_00308,test,1,0.30882356,1
dalle2_00309,test,1,0.30882356,1
dalle2_00310,test,1,0.30882356,1
dalle2_00311,test,1,0.06442761,0
dalle2_00312,test,1,0.0014496676,0
dalle2_00313,test,1,0.30882356,1
dalle2_00314,test,1,0.30882356,1
dalle2_00315,test,1,0.30882356,1
dalle2_00316,test,1,0.30882356,1
dalle2_00317,test,1,0.30882356,1
dalle2_00318,test,1,4.077242e-06,0
dalle2_00319,test,1,0.30882356,1
dalle2_00320,test,1,0.009627085,0
dalle2_00321,test,1,0.30882356,1
dalle2_00322,test,1,0.048610076,0
dalle2_00323,test,1,0.10620462,0
dalle2_00324,test,1,0.08310032,0
dalle2_00325,test,1,0.30882356,1
dalle2_00326,test,1,0.30882356,1
dalle2_00327,test,1,0.9998319,0
dalle2_00328,test,1,0.30882356,1
dalle2_00329,test,1,0.30882356,1
dalle2_00330,test,1,0.22305019,0
dalle2_00331,test,1,0.08690696,0
dalle2_00332,test,1,0.30882356,1
dalle2_00333,test,1,0.0006607632,0
dalle2_00334,test,1,0.00017640101,0
dalle2_00335,test,1,0.30882356,1
dalle2_00336,test,1,0.032905597,0
dalle2_00337,test,1,0.30882356,1
dalle2_00338,test,1,0.034733936,0
dalle2_00339,test,1,0.30882356,1
dalle2_00340,test,1,3.9785227e-05,0
dalle2_00341,test,1,0.04918495,0
dalle2_00342,test,1,1.6132374e-06,0
dalle2_00343,test,1,0.056663867,0
dalle2_00344,test,1,0.30882356,1
dalle2_00345,test,1,0.30882356,1
dalle2_00346,test,1,0.30882356,1
dalle2_00347,test,1,0.30882356,1
dalle2_00348,test,1,0.30882356,1
dalle2_00349,test,1,0.30882356,1
dalle2_00350,test,1,0.30882356,1
dalle2_00351,test,1,3.299663e-06,0
dalle2_00352,test,1,0.30882356,1
dalle2_00353,test,1,0.002041863,0
dalle2_00354,test,1,0.0062141805,0
dalle2_00355,test,1,0.30882356,1
dalle2_00356,test,1,0.02332572,0
dalle2_00357,test,1,0.30882356,1
dalle2_00358,test,1,0.30882356,1
dalle2_00359,test,1,0.0071092006,0
dalle2_00360,test,1,0.30882356,1
dalle2_00361,test,1,0.30882356,1
dalle2_00362,test,1,0.30882356,1
dalle2_00363,test,1,0.079159185,0
dalle2_00364,test,1,0.8792995,0
dalle2_00365,test,1,0.30882356,1
dalle2_00366,test,1,0.9834658,0
dalle2_00367,test,1,0.30882356,1
dalle2_00368,test,1,0.10673012,0
dalle2_00369,test,1,0.30882356,1
dalle2_00370,test,1,0.30882356,1
dalle2_00371,test,1,0.21088676,0
dalle2_00372,test,1,0.30882356,1
dalle2_00373,test,1,0.46886602,0
dalle2_00374,test,1,0.30882356,1
dalle2_00375,test,1,0.30882356,1
dalle2_00376,test,1,0.30882356,1
dalle2_00377,test,1,0.30882356,1
dalle2_00378,test,1,5.366894e-06,0
dalle2_00379,test,1,0.9279557,1
dalle2_00380,test,1,0.30882356,1
dalle2_00381,test,1,0.9998672,0
dalle2_00382,test,1,0.30882356,1
dalle2_00383,test,1,0.30882356,1
dalle2_00384,test,1,0.30882356,1
dalle2_00385,test,1,0.30882356,1
dalle2_00386,test,1,0.30882356,1
dalle2_00387,test,1,0.30882356,1
dalle2_00388,test,1,0.15617712,0
dalle2_00389,test,1,0.14050546,0
dalle2_00390,test,1,0.30882356,1
dalle2_00391,test,1,0.005957035,0
dalle2_00392,test,1,0.30882356,1
dalle2_00393,test,1,1.2730588e-05,0
dalle2_00394,test,1,0.30882356,1
dalle2_00395,test,1,0.30882356,1
dalle2_00396,test,1,0.30882356,1
dalle2_00397,test,1,0.029759282,0
dalle2_00398,test,1,0.054290824,0
dalle2_00399,test,1,0.30882356,1
dalle2_00400,test,1,0.045320056,0
dalle2_00401,test,1,0.30882356,1
dalle2_00402,test,1,0.30882356,1
dalle2_00403,test,1,0.011003837,0
dalle2_00404,test,1,0.008244889,0
dalle2_00405,test,1,0.30882356,1
dalle2_00406,test,1,0.30882356,1
dalle2_00407,test,1,0.30882356,1
dalle2_00408,test,1,0.30882356,1
dalle2_00409,test,1,0.30882356,1
dalle2_00410,test,1,0.30882356,1
dalle2_00411,test,1,0.30882356,1
dalle2_00412,test,1,0.7478069,0
dalle2_00413,test,1,0.00017177075,0
dalle2_00414,test,1,0.2845834,0
dalle2_00415,test,1,0.30882356,1
dalle2_00416,test,1,0.30882356,1
dalle2_00417,test,1,0.17910305,0
dalle2_00418,test,1,0.30882356,1
dalle2_00419,test,1,0.4780748,0
dalle2_00420,test,1,0.30882356,1
dalle2_00421,test,1,0.25012696,0
dalle2_00422,test,1,0.003951434,0
dalle2_00423,test,1,0.29866257,0
dalle2_00424,test,1,0.50064796,0
dalle2_00425,test,1,0.004636588,0
dalle2_00426,test,1,0.0002186084,0
dalle2_00427,test,1,0.30882356,1
dalle2_00428,test,1,0.9909287,0
dalle2_00429,test,1,0.30882356,1
dalle2_00430,test,1,0.30882356,1
dalle2_00431,test,1,4.961042e-07,0
dalle2_00432,test,1,0.000444244,0
dalle2_00433,test,1,0.30882356,1
dalle2_00434,test,1,0.08020663,0
dalle2_00435,test,1,0.30882356,1
dalle2_00436,test,1,0.006266659,0
dalle2_00437,test,1,0.30882356,1
dalle2_00438,test,1,0.30882356,1
dalle2_00439,test,1,0.30882356,1
dalle2_00440,test,1,0.30882356,1
dalle2_00441,test,1,0.30882356,1
dalle2_00442,test,1,0.30882356,1
dalle2_00443,test,1,0.66489804,0
dalle2_00444,test,1,0.14997989,0
dalle2_00445,test,1,0.30882356,1
dalle2_00446,test,1,0.30882356,1
dalle2_00447,test,1,0.30882356,1
dalle2_00448,test,1,0.30882356,1
dalle2_00449,test,1,0.30882356,1
dalle2_00450,test,1,0.30882356,1
dalle2_00451,test,1,0.30882356,1
dalle2_00452,test,1,0.018179936,0
dalle2_00453,test,1,0.8122323,0
dalle2_00454,test,1,0.30882356,1
dalle2_00455,test,1,0.30882356,1
dalle2_00456,test,1,0.0075294357,0
dalle2_00457,test,1,0.30882356,1
dalle2_00458,test,1,0.30882356,1
dalle2_00459,test,1,0.1151573,0
dalle2_00460,test,1,0.0025567499,0
dalle2_00461,test,1,0.30882356,1
dalle2_00462,test,1,0.00019556018,0
dalle2_00463,test,1,0.51921916,0
dalle2_00464,test,1,0.30882356,1
dalle2_00465,test,1,0.30882356,1
dalle2_00466,test,1,0.16744572,1
dalle2_00467,test,1,0.30882356,1
dalle2_00468,test,1,0.013474556,0
dalle2_00469,test,1,0.30882356,1
dalle2_00470,test,1,7.850798e-08,0
dalle2_00471,test,1,0.36555776,0
dalle2_00472,test,1,0.08163322,0
dalle2_00473,test,1,0.84723306,0
dalle2_00474,test,1,0.30882356,1
dalle2_00475,test,1,0.30882356,1
dalle2_00476,test,1,0.30882356,1
dalle2_00477,test,1,0.30882356,1
dalle2_00478,test,1,0.0027497842,0
dalle2_00479,test,1,0.30882356,1
dalle2_00480,test,1,0.32453442,0
dalle2_00481,test,1,0.13705444,0
dalle2_00482,test,1,0.30882356,1
dalle2_00483,test,1,0.00013904045,0
dalle2_00484,test,1,0.022067599,0
dalle2_00485,test,1,0.30882356,1
dalle2_00486,test,1,0.45915696,0
dalle2_00487,test,1,0.30882356,1
dalle2_00488,test,1,0.32525215,0
dalle2_00489,test,1,0.0056544524,0
dalle2_00490,test,1,0.051355496,0
dalle2_00491,test,1,0.058299094,0
dalle2_00492,test,1,0.30882356,1
dalle2_00493,test,1,0.05521719,0
dalle2_00494,test,1,0.30882356,1
dalle2_00495,test,1,0.30882356,1
dalle2_00496,test,1,0.30882356,1
dalle2_00497,test,1,0.094971955,0
dalle2_00498,test,1,0.021529844,0
dalle2_00499,test,1,0.30882356,1
dalle2_00500,test,1,0.94571966,0
dalle2_00501,test,1,0.30882356,1
dalle2_00502,test,1,0.30882356,1
dalle2_00503,test,1,0.83689696,0
dalle2_00504,test,1,0.30882356,1
dalle2_00505,test,1,0.30882356,1
dalle2_00506,test,1,0.014172725,0
dalle2_00507,test,1,0.103612445,0
dalle2_00508,test,1,0.07615478,0
dalle2_00509,test,1,0.30882356,1
dalle2_00510,test,1,0.30882356,1
dalle2_00511,test,1,0.30882356,1
dalle2_00512,test,1,0.015611322,0
dalle2_00513,test,1,0.30882356,1
dalle2_00514,test,1,0.0065859645,0
dalle2_00515,test,1,0.02841699,1
dalle2_00516,test,1,0.30882356,1
dalle2_00517,test,1,0.30882356,1
dalle2_00518,test,1,0.000252972,0
dalle2_00519,test,1,1.2454631e-05,0
dalle2_00520,test,1,0.30882356,1
dalle2_00521,test,1,0.30882356,1
dalle2_00522,test,1,0.30882356,1
dalle2_00523,test,1,0.30882356,1
dalle2_00524,test,1,0.30882356,1
dalle2_00525,test,1,0.010088529,0
dalle2_00526,test,1,0.30882356,1
dalle2_00527,test,1,0.30882356,1
dalle2_00528,test,1,0.30882356,1
dalle2_00529,test,1,0.30882356,1
dalle2_00530,test,1,0.30882356,1
dalle2_00531,test,1,0.30882356,1
dalle2_00532,test,1,0.30882356,1
dalle2_00533,test,1,0.16972373,0
dalle2_00534,test,1,0.30882356,1
dalle2_00535,test,1,0.30882356,1
dalle2_00536,test,1,0.30882356,1
dalle2_00537,test,1,0.30882356,1
dalle2_00538,test,1,0.30882356,1
dalle2_00539,test,1,0.00018334524,0
dalle2_00540,test,1,0.30882356,1
dalle2_00541,test,1,0.0004357452,0
dalle2_00542,test,1,0.02424105,0
dalle2_00543,test,1,0.16769111,0
dalle2_00544,test,1,0.00036012626,0
dalle2_00545,test,1,0.30882356,1
dalle2_00546,test,1,0.71369815,0
dalle2_00547,test,1,0.30882356,1
dalle2_00548,test,1,0.043330107,0
dalle2_00549,test,1,0.30882356,1
dalle2_00550,test,1,0.10039392,0
dalle2_00551,test,1,0.30882356,1
dalle2_00552,test,1,0.13787916,0
dalle2_00553,test,1,0.30882356,1
dalle2_00554,test,1,0.30882356,1
dalle2_00555,test,1,0.30882356,1
dalle2_00556,test,1,0.30882356,1
dalle2_00557,test,1,0.003519903,0
dalle2_00558,test,1,0.16543746,0
dalle2_00559,test,1,0.30882356,1
dalle2_00560,test,1,0.30882356,1
dalle2_00561,test,1,0.0006417334,0
dalle2_00562,test,1,0.30882356,1
dalle2_00563,test,1,0.30882356,1
dalle2_00564,test,1,0.011587026,0
dalle2_00565,test,1,0.14029695,0
dalle2_00566,test,1,0.30960065,0
dalle2_00567,test,1,0.9810922,0
dalle2_00568,test,1,0.30882356,1
dalle2_00569,test,1,0.002361545,0
dalle2_00570,test,1,0.0001040355,0
dalle2_00571,test,1,0.025971718,0
dalle2_00572,test,1,0.026592974,0
dalle2_00573,test,1,0.805595,0
dalle2_00574,test,1,0.0063660285,0
dalle2_00575,test,1,0.9054901,0
dalle2_00576,test,1,0.5292892,0
dalle2_00577,test,1,0.21660554,0
dalle2_00578,test,1,0.30882356,1
dalle2_00579,test,1,0.30882356,1
dalle2_00580,test,1,0.02598424,0
dalle2_00581,test,1,0.30882356,1
dalle2_00582,test,1,0.0004961352,0
dalle2_00583,test,1,0.19879013,0
dalle2_00584,test,1,0.05471239,0
dalle2_00585,test,1,0.30882356,1
dalle2_00586,test,1,0.008861056,0
dalle2_00587,test,1,0.30882356,1
dalle2_00588,test,1,0.30882356,1
dalle2_00589,test,1,0.8998121,0
dalle2_00590,test,1,0.2793633,0
dalle2_00591,test,1,0.30882356,1
dalle2_00592,test,1,0.0026908466,0
dalle2_00593,test,1,0.30882356,1
dalle2_00594,test,1,0.0001333961,0
dalle2_00595,test,1,0.30882356,1
dalle2_00596,test,1,0.30882356,1
dalle2_00597,test,1,0.30882356,1
dalle2_00598,test,1,0.0022334505,0
dalle2_00599,test,1,0.30882356,1
dalle2_00600,test,1,0.30882356,1
dalle2_00601,test,1,0.30882356,1
dalle2_00602,test,1,0.00067657494,0
dalle2_00603,test,1,0.30882356,1
dalle2_00604,test,1,0.06842452,0
dalle2_00605,test,1,0.017482795,0
dalle2_00606,test,1,0.3209337,0
dalle2_00607,test,1,0.018105537,0
dalle2_00608,test,1,0.11870394,0
dalle2_00609,test,1,0.9834009,0
dalle2_00610,test,1,0.56490797,0
dalle2_00611,test,1,0.37205026,0
dalle2_00612,test,1,0.012843649,0
dalle2_00613,test,1,0.010857145,0
dalle2_00614,test,1,0.30882356,1
dalle2_00615,test,1,0.0431849,0
dalle2_00616,test,1,0.008484921,0
dalle2_00617,test,1,0.65179193,0
dalle2_00618,test,1,0.023274977,0
dalle2_00619,test,1,0.30882356,1
dalle2_00620,test,1,0.30882356,1
dalle2_00621,test,1,0.01712659,0
dalle2_00622,test,1,0.30882356,1
dalle2_00623,test,1,2.8436847e-05,0
dalle2_00624,test,1,0.30882356,1
dalle2_00625,test,1,2.7562779e-05,0
dalle2_00626,test,1,0.30882356,1
dalle2_00627,test,1,0.30882356,1
dalle2_00628,test,1,0.30882356,1
dalle2_00629,test,1,0.52827257,0
dalle2_00630,test,1,0.14651759,0
dalle2_00631,test,1,0.00021836425,0
dalle2_00632,test,1,0.30882356,1
dalle2_00633,test,1,0.30882356,1
dalle2_00634,test,1,0.30882356,1
dalle2_00635,test,1,0.10150354,0
dalle2_00636,test,1,0.026425494,0
dalle2_00637,test,1,0.070095375,0
dalle2_00638,test,1,0.89762294,0
dalle2_00639,test,1,0.1506683,0
dalle2_00640,test,1,0.30882356,1
dalle2_00641,test,1,0.14052051,0
dalle2_00642,test,1,0.30882356,1
dalle2_00643,test,1,0.30882356,1
dalle2_00644,test,1,0.26215488,0
dalle2_00645,test,1,0.30882356,1
dalle2_00646,test,1,0.30882356,1
dalle2_00647,test,1,0.52681816,0
dalle2_00648,test,1,0.30882356,1
dalle2_00649,test,1,0.5654085,0
dalle2_00650,test,1,0.30882356,1
dalle2_00651,test,1,0.99875724,0
dalle2_00652,test,1,0.13204797,0
dalle2_00653,test,1,0.13349013,0
dalle2_00654,test,1,0.5244612,0
dalle2_00655,test,1,0.30882356,1
dalle2_00656,test,1,0.30882356,1
dalle2_00657,test,1,0.079459436,0
dalle2_00658,test,1,0.30882356,1
dalle2_00659,test,1,0.03189323,0
dalle2_00660,test,1,0.10896153,0
dalle2_00661,test,1,0.30882356,1
dalle2_00662,test,1,0.30882356,1
dalle2_00663,test,1,0.30882356,1
dalle2_00664,test,1,0.00030171694,0
dalle2_00665,test,1,0.7845162,0
dalle2_00666,test,1,0.30882356,1
dalle2_00667,test,1,0.0054959008,0
dalle2_00668,test,1,0.30882356,1
dalle2_00669,test,1,0.30882356,1
dalle2_00670,test,1,0.0039826846,0
dalle2_00671,test,1,0.4639551,0
dalle2_00672,test,1,0.33108538,0
dalle2_00673,test,1,0.08215436,0
dalle2_00674,test,1,0.30882356,1
dalle2_00675,test,1,0.30882356,1
dalle2_00676,test,1,0.006712286,0
dalle2_00677,test,1,0.30882356,1
dalle2_00678,test,1,0.061484076,0
dalle2_00679,test,1,0.30882356,1
dalle2_00680,test,1,0.06923917,0
dalle2_00681,test,1,0.30882356,1
dalle2_00682,test,1,0.028861122,0
dalle2_00683,test,1,0.30882356,1
dalle2_00684,test,1,0.30882356,1
dalle2_00685,test,1,0.30882356,1
dalle2_00686,test,1,0.30882356,1
dalle2_00687,test,1,0.30882356,1
dalle2_00688,test,1,0.30882356,1
dalle2_00689,test,1,0.30882356,1
dalle2_00690,test,1,0.062505305,0
dalle2_00691,test,1,0.96007705,0
dalle2_00692,test,1,0.30882356,1
dalle2_00693,test,1,0.033211928,0
dalle2_00694,test,1,0.30882356,1
dalle2_00695,test,1,0.2061167,0
dalle2_00696,test,1,0.30882356,1
dalle2_00697,test,1,0.30882356,1
dalle2_00698,test,1,0.30882356,1
dalle2_00699,test,1,0.00019184225,0
dalle2_00700,test,1,0.0002933555,0
dalle2_00701,test,1,0.30882356,1
dalle2_00702,test,1,0.13428548,0
dalle2_00703,test,1,0.019878168,0
dalle2_00704,test,1,0.08880316,0
dalle2_00705,test,1,2.671819e-06,0
dalle2_00706,test,1,0.30882356,1
dalle2_00707,test,1,0.30882356,1
dalle2_00708,test,1,0.30882356,1
dalle2_00709,test,1,0.0024963443,0
dalle2_00710,test,1,0.78280187,0
dalle2_00711,test,1,0.001287447,0
dalle2_00712,test,1,0.11114075,0
dalle2_00713,test,1,0.19598483,0
dalle2_00714,test,1,0.30882356,1
dalle2_00715,test,1,0.0011239799,0
dalle2_00716,test,1,0.22601786,0
dalle2_00717,test,1,0.30882356,1
dalle2_00718,test,1,0.30882356,1
dalle2_00719,test,1,0.04701481,0
dalle2_00720,test,1,0.005915915,0
dalle2_00721,test,1,0.028314337,0
dalle2_00722,test,1,0.0019888785,0
dalle2_00723,test,1,0.30882356,1
dalle2_00724,test,1,0.30882356,1
dalle2_00725,test,1,0.9890962,0
dalle2_00726,test,1,0.30882356,1
dalle2_00727,test,1,0.99573624,0
dalle2_00728,test,1,0.30882356,1
dalle2_00729,test,1,0.00019607645,0
dalle2_00730,test,1,0.5016986,0
dalle2_00731,test,1,0.30882356,1
dalle2_00732,test,1,0.30882356,1
dalle2_00733,test,1,1.0,0
dalle2_00734,test,1,0.008969257,0
dalle2_00735,test,1,0.6560415,0
dalle2_00736,test,1,0.30882356,1
dalle2_00737,test,1,0.036227345,0
dalle2_00738,test,1,0.30882356,1
dalle2_00739,test,1,0.65437376,0
dalle2_00740,test,1,0.30882356,1
dalle2_00741,test,1,0.30882356,1
dalle2_00742,test,1,0.08643362,0
dalle2_00743,test,1,0.30882356,1
dalle2_00744,test,1,0.30882356,1
dalle2_00745,test,1,0.15820478,0
dalle2_00746,test,1,0.011004375,0
dalle2_00747,test,1,0.30882356,1
dalle2_00748,test,1,0.30882356,1
dalle2_00749,test,1,0.52831405,0
dalle2_00750,test,1,0.14933908,0
dalle2_00751,test,1,0.26496843,0
dalle2_00752,test,1,0.30882356,1
dalle2_00753,test,1,0.30882356,1
dalle2_00754,test,1,0.4297619,0
dalle2_00755,test,1,0.0023793913,0
dalle2_00756,test,1,0.0055955364,1
dalle2_00757,test,1,0.019597093,0
dalle2_00758,test,1,0.30882356,1
dalle2_00759,test,1,0.0034701545,0
dalle2_00760,test,1,0.00055223354,0
dalle2_00761,test,1,0.100498095,0
dalle2_00762,test,1,0.31511867,0
dalle2_00763,test,1,0.30882356,1
dalle2_00764,test,1,0.30882356,1
dalle2_00765,test,1,0.18945882,0
dalle2_00766,test,1,0.30882356,1
dalle2_00767,test,1,0.5198627,0
dalle2_00768,test,1,0.30882356,1
dalle2_00769,test,1,0.028652163,0
dalle2_00770,test,1,0.30882356,1
dalle2_00771,test,1,0.30882356,1
dalle2_00772,test,1,0.30882356,1
dalle2_00773,test,1,0.0049806507,0
dalle2_00774,test,1,0.30882356,1
dalle2_00775,test,1,0.30882356,1
dalle2_00776,test,1,0.00043177634,0
dalle2_00777,test,1,0.026448753,0
dalle2_00778,test,1,0.061755024,0
dalle2_00779,test,1,0.23117965,0
dalle2_00780,test,1,0.0042789155,0
dalle2_00781,test,1,0.032127894,0
dalle2_00782,test,1,0.30882356,1
dalle2_00783,test,1,0.30882356,1
dalle2_00784,test,1,0.30882356,1
dalle2_00785,test,1,0.30882356,1
dalle2_00786,test,1,0.016155837,0
dalle2_00787,test,1,0.30882356,1
dalle2_00788,test,1,0.30882356,1
dalle2_00789,test,1,0.30882356,1
dalle2_00790,test,1,0.30882356,1
dalle2_00791,test,1,0.88113606,0
dalle2_00792,test,1,0.30882356,1
dalle2_00793,test,1,0.80018836,0
dalle2_00794,test,1,0.30882356,1
dalle2_00795,test,1,0.30882356,1
dalle2_00796,test,1,0.9999932,0
dalle2_00797,test,1,0.30882356,1
dalle2_00798,test,1,0.9289398,0
dalle2_00799,test,1,0.30882356,1
dalle2_00800,test,1,0.322297,0
dalle2_00801,test,1,0.39931944,0
dalle2_00802,test,1,0.30882356,1
dalle2_00803,test,1,0.8836502,0
dalle2_00804,test,1,0.30882356,1
dalle2_00805,test,1,0.30882356,1
dalle2_00806,test,1,0.0023238943,0
dalle2_00807,test,1,0.30882356,1
dalle2_00808,test,1,0.30882356,1
dalle2_00809,test,1,0.00058951916,0
dalle2_00810,test,1,0.033167396,0
dalle2_00811,test,1,0.00939943,0
dalle2_00812,test,1,0.30882356,1
dalle2_00813,test,1,0.30882356,1
dalle2_00814,test,1,0.30882356,1
dalle2_00815,test,1,0.29530564,0
dalle2_00816,test,1,0.1624366,0
dalle2_00817,test,1,0.029571155,0
dalle2_00818,test,1,0.31383398,0
dalle2_00819,test,1,0.30882356,1
dalle2_00820,test,1,0.04061723,0
dalle2_00821,test,1,0.30882356,1
dalle2_00822,test,1,0.7423076,0
dalle2_00823,test,1,0.30882356,1
dalle2_00824,test,1,6.75849e-05,0
dalle2_00825,test,1,0.00032758492,0
dalle2_00826,test,1,0.30882356,1
dalle2_00827,test,1,0.30882356,1
dalle2_00828,test,1,0.0026880123,0
dalle2_00829,test,1,0.15658878,0
dalle2_00830,test,1,0.30882356,1
dalle2_00831,test,1,6.9127236e-05,0
dalle2_00832,test,1,0.30882356,1
dalle2_00833,test,1,0.30882356,1
dalle2_00834,test,1,0.30882356,1
dalle2_00835,test,1,0.30882356,1
dalle2_00836,test,1,0.30882356,1
dalle2_00837,test,1,0.47093487,0
dalle2_00838,test,1,0.30882356,1
dalle2_00839,test,1,0.30882356,1
dalle2_00840,test,1,0.8492127,0
dalle2_00841,test,1,0.8793096,0
dalle2_00842,test,1,0.30882356,1
dalle2_00843,test,1,0.30882356,1
dalle2_00844,test,1,0.00057097274,0
dalle2_00845,test,1,0.30882356,1
dalle2_00846,test,1,0.30882356,1
dalle2_00847,test,1,0.01522976,0
dalle2_00848,test,1,0.30882356,1
dalle2_00849,test,1,0.09075869,0
dalle2_00850,test,1,0.30882356,1
dalle2_00851,test,1,0.0058834893,0
dalle2_00852,test,1,0.30882356,1
dalle2_00853,test,1,0.30882356,1
dalle2_00854,test,1,0.4678508,0
dalle2_00855,test,1,0.30882356,1
dalle2_00856,test,1,0.029023869,0
dalle2_00857,test,1,0.4646738,0
dalle2_00858,test,1,0.16658868,0
dalle2_00859,test,1,0.30882356,1
dalle2_00860,test,1,0.30882356,1
dalle2_00861,test,1,0.30882356,1
dalle2_00862,test,1,0.30882356,1
dalle2_00863,test,1,0.28559864,0
dalle2_00864,test,1,0.0037266484,0
dalle2_00865,test,1,0.30882356,1
dalle2_00866,test,1,3.9241866e-05,0
dalle2_00867,test,1,0.30882356,1
dalle2_00868,test,1,0.018562794,0
dalle2_00869,test,1,0.89947814,0
dalle2_00870,test,1,0.5250066,1
dalle2_00871,test,1,0.30882356,1
dalle2_00872,test,1,0.050824393,0
dalle2_00873,test,1,0.27517337,0
dalle2_00874,test,1,0.010197785,0
dalle2_00875,test,1,0.30882356,1
dalle2_00876,test,1,0.46383423,0
dalle2_00877,test,1,0.009020675,0
dalle2_00878,test,1,0.30882356,1
dalle2_00879,test,1,0.30882356,1
dalle2_00880,test,1,0.60025716,0
dalle2_00881,test,1,0.00809537,0
dalle2_00882,test,1,0.0016707344,0
dalle2_00883,test,1,0.7298094,0
dalle2_00884,test,1,0.002722602,0
dalle2_00885,test,1,0.30882356,1
dalle2_00886,test,1,0.065085344,0
dalle2_00887,test,1,0.043702517,0
dalle2_00888,test,1,0.30882356,1
dalle2_00889,test,1,0.1039057,0
dalle2_00890,test,1,0.30882356,1
dalle2_00891,test,1,0.010087676,0
dalle2_00892,test,1,6.130906e-06,0
dalle2_00893,test,1,0.30882356,1
dalle2_00894,test,1,0.015131376,0
dalle2_00895,test,1,0.30882356,1
dalle2_00896,test,1,0.00475892,0
dalle2_00897,test,1,0.30882356,1
dalle2_00898,test,1,0.30882356,1
dalle2_00899,test,1,0.02506659,0
dalle2_00900,test,1,3.139682e-05,0
dalle2_00901,test,1,0.57720786,0
dalle2_00902,test,1,0.30882356,1
dalle2_00903,test,1,0.082470246,0
dalle2_00904,test,1,0.9132183,0
dalle2_00905,test,1,0.0005432198,0
dalle2_00906,test,1,0.30882356,1
dalle2_00907,test,1,0.04319631,0
dalle2_00908,test,1,0.30882356,1
dalle2_00909,test,1,0.11127204,0
dalle2_00910,test,1,0.30882356,1
dalle2_00911,test,1,0.39139667,0
dalle2_00912,test,1,0.30882356,1
dalle2_00913,test,1,8.322227e-05,0
dalle2_00914,test,1,0.9999993,0
dalle2_00915,test,1,0.049017105,0
dalle2_00916,test,1,0.30882356,1
dalle2_00917,test,1,0.30882356,1
dalle2_00918,test,1,0.13026631,1
dalle2_00919,test,1,0.30882356,1
dalle2_00920,test,1,0.0063513145,0
dalle2_00921,test,1,0.30882356,1
dalle2_00922,test,1,0.002262989,0
dalle2_00923,test,1,0.30882356,1
dalle2_00924,test,1,0.0013542473,0
dalle2_00925,test,1,0.30882356,1
dalle2_00926,test,1,0.30882356,1
dalle2_00927,test,1,0.30882356,1
dalle2_00928,test,1,0.90337145,0
dalle2_00929,test,1,0.00031126477,0
dalle2_00930,test,1,0.8431033,0
dalle2_00931,test,1,0.2651708,0
dalle2_00932,test,1,0.30882356,1
dalle2_00933,test,1,0.0004528312,0
dalle2_00934,test,1,0.30882356,1
dalle2_00935,test,1,0.028631257,0
dalle2_00936,test,1,0.30882356,1
dalle2_00937,test,1,0.11154838,0
dalle2_00938,test,1,0.00189123,0
dalle2_00939,test,1,0.0038709498,0
dalle2_00940,test,1,6.5053455e-06,0
dalle2_00941,test,1,0.30882356,1
dalle2_00942,test,1,0.07533331,0
dalle2_00943,test,1,0.024918731,0
dalle2_00944,test,1,0.30882356,1
dalle2_00945,test,1,0.30882356,1
dalle2_00946,test,1,0.30882356,1
dalle2_00947,test,1,0.30882356,1
dalle2_00948,test,1,0.30882356,1
dalle2_00949,test,1,0.82200724,0
dalle2_00950,test,1,0.0042471653,0
dalle2_00951,test,1,0.30882356,1
dalle2_00952,test,1,0.30882356,1
dalle2_00953,test,1,0.30882356,1
dalle2_00954,test,1,0.30882356,1
dalle2_00955,test,1,0.0011578358,0
dalle2_00956,test,1,0.30882356,1
dalle2_00957,test,1,0.30882356,1
dalle2_00958,test,1,0.30882356,1
dalle2_00959,test,1,0.000111474794,0
dalle2_00960,test,1,0.0007646782,0
dalle2_00961,test,1,0.30882356,1
dalle2_00962,test,1,0.002835821,0
dalle2_00963,test,1,0.30882356,1
dalle2_00964,test,1,0.09151478,0
dalle2_00965,test,1,0.30882356,1
dalle2_00966,test,1,0.30882356,1
dalle2_00967,test,1,0.30882356,1
dalle2_00968,test,1,0.00089046726,1
dalle2_00969,test,1,0.03744652,0
dalle2_00970,test,1,0.4199584,0
dalle2_00971,test,1,0.30882356,1
dalle2_00972,test,1,0.30882356,1
dalle2_00973,test,1,0.30882356,1
dalle2_00974,test,1,0.15061314,0
dalle2_00975,test,1,0.016606426,0
dalle2_00976,test,1,0.30882356,1
dalle2_00977,test,1,0.0026617977,0
dalle2_00978,test,1,0.30882356,1
dalle2_00979,test,1,0.41747165,0
dalle2_00980,test,1,0.30882356,1
dalle2_00981,test,1,0.30882356,1
dalle2_00982,test,1,0.8571437,0
dalle2_00983,test,1,0.30882356,1
dalle2_00984,test,1,0.93411636,0
dalle2_00985,test,1,0.30882356,1
dalle2_00986,test,1,0.50061387,0
dalle2_00987,test,1,0.30882356,1
dalle2_00988,test,1,0.00022042303,0
dalle2_00989,test,1,0.30882356,1
dalle2_00990,test,1,0.30882356,1
dalle2_00991,test,1,0.30882356,1
dalle2_00992,test,1,0.30882356,1
dalle2_00993,test,1,0.30882356,1
dalle2_00994,test,1,0.042756446,0
dalle2_00995,test,1,0.30882356,1
dalle2_00996,test,1,2.6820107e-05,0
dalle2_00997,test,1,0.03606595,0
dalle2_00998,test,1,0.30882356,1
dalle2_00999,test,1,0.30882356,1
dalle3_00000,test,1,0.30882356,1
dalle3_00001,test,1,0.30882356,1
dalle3_00002,test,1,0.29216716,0
dalle3_00003,test,1,0.24468978,0
dalle3_00004,test,1,0.93090266,0
dalle3_00005,test,1,0.8077135,0
dalle3_00006,test,1,0.30882356,1
dalle3_00007,test,1,0.30882356,1
dalle3_00008,test,1,0.30882356,1
dalle3_00009,test,1,0.9011531,0
dalle3_00010,test,1,0.30882356,1
dalle3_00011,test,1,0.30882356,1
dalle3_00012,test,1,0.30882356,1
dalle3_00013,test,1,0.057279862,0
dalle3_00014,test,1,0.008262946,0
dalle3_00015,test,1,0.30882356,1
dalle3_00016,test,1,0.9973334,0
dalle3_00017,test,1,0.9931462,0
dalle3_00018,test,1,2.1291115e-05,0
dalle3_00019,test,1,0.30882356,1
dalle3_00020,test,1,0.30882356,1
dalle3_00021,test,1,0.0007773379,0
dalle3_00022,test,1,0.06807135,0
dalle3_00023,test,1,0.30882356,1
dalle3_00024,test,1,0.30882356,1
dalle3_00025,test,1,0.89127326,0
dalle3_00026,test,1,0.10584995,0
dalle3_00027,test,1,0.30491593,0
dalle3_00028,test,1,0.30882356,1
dalle3_00029,test,1,0.15276136,0
dalle3_00030,test,1,0.30882356,1
dalle3_00031,test,1,0.30882356,1
dalle3_00032,test,1,0.0054165297,0
dalle3_00033,test,1,0.30882356,1
dalle3_00034,test,1,0.44858417,0
dalle3_00035,test,1,0.30882356,1
dalle3_00036,test,1,0.30882356,1
dalle3_00037,test,1,0.88233894,0
dalle3_00038,test,1,0.30882356,1
dalle3_00039,test,1,0.9594079,0
dalle3_00040,test,1,0.30882356,1
dalle3_00041,test,1,0.101094425,0
dalle3_00042,test,1,0.30882356,1
dalle3_00043,test,1,0.30882356,1
dalle3_00044,test,1,0.32631162,0
dalle3_00045,test,1,0.056790985,0
dalle3_00046,test,1,0.0013908725,0
dalle3_00047,test,1,0.30882356,1
dalle3_00048,test,1,0.15103409,0
dalle3_00049,test,1,0.8968132,0
dalle3_00050,test,1,0.030861313,0
dalle3_00051,test,1,0.0011242476,0
dalle3_00052,test,1,0.9398525,0
dalle3_00053,test,1,0.30882356,1
dalle3_00054,test,1,0.18759723,0
dalle3_00055,test,1,0.30339774,0
dalle3_00056,test,1,0.30882356,1
dalle3_00057,test,1,0.00025663304,0
dalle3_00058,test,1,0.9897015,0
dalle3_00059,test,1,0.7649409,0
dalle3_00060,test,1,0.30882356,1
dalle3_00061,test,1,0.30882356,1
dalle3_00062,test,1,0.30882356,1
dalle3_00063,test,1,0.05330709,0
dalle3_00064,test,1,0.30882356,1
dalle3_00065,test,1,0.040563785,0
dalle3_00066,test,1,0.30882356,1
dalle3_00067,test,1,0.14444156,0
dalle3_00068,test,1,0.30882356,1
dalle3_00069,test,1,0.051260542,0
dalle3_00070,test,1,0.029459791,0
dalle3_00071,test,1,0.9992482,0
dalle3_00072,test,1,0.479081,0
dalle3_00073,test,1,0.86421347,0
dalle3_00074,test,1,0.30882356,1
dalle3_00075,test,1,0.30882356,1
dalle3_00076,test,1,0.30882356,1
dalle3_00077,test,1,0.057683382,1
dalle3_00078,test,1,0.30882356,1
dalle3_00079,test,1,0.30882356,1
dalle3_00080,test,1,0.31109476,0
dalle3_00081,test,1,0.4076046,0
dalle3_00082,test,1,0.018178098,0
dalle3_00083,test,1,0.30882356,1
dalle3_00084,test,1,0.03872898,0
dalle3_00085,test,1,0.30882356,1
dalle3_00086,test,1,0.99997294,0
dalle3_00087,test,1,0.0012308317,0
dalle3_00088,test,1,0.009036295,0
dalle3_00089,test,1,0.30882356,1
dalle3_00090,test,1,0.30882356,1
dalle3_00091,test,1,0.8429845,0
dalle3_00092,test,1,0.30882356,1
dalle3_00093,test,1,0.22069506,1
dalle3_00094,test,1,0.80016184,0
dalle3_00095,test,1,0.0133064985,0
dalle3_00096,test,1,0.30882356,1
dalle3_00097,test,1,0.0686955,0
dalle3_00098,test,1,0.30882356,1
dalle3_00099,test,1,0.034862623,0
dalle3_00100,test,1,0.99345267,0
dalle3_00101,test,1,0.9587218,0
dalle3_00102,test,1,0.00079185294,0
dalle3_00103,test,1,0.2659642,0
dalle3_00104,test,1,0.30882356,1
dalle3_00105,test,1,0.043276317,0
dalle3_00106,test,1,0.073631644,0
dalle3_00107,test,1,0.30882356,1
dalle3_00108,test,1,0.29479995,0
dalle3_00109,test,1,0.99900144,0
dalle3_00110,test,1,0.30882356,1
dalle3_00111,test,1,3.804334e-05,0
dalle3_00112,test,1,0.9981293,0
dalle3_00113,test,1,0.30882356,1
dalle3_00114,test,1,0.00054484355,0
dalle3_00115,test,1,0.16403861,0
dalle3_00116,test,1,0.45112965,0
dalle3_00117,test,1,0.30882356,1
dalle3_00118,test,1,0.06567784,0
dalle3_00119,test,1,0.019400025,0
dalle3_00120,test,1,0.05874764,0
dalle3_00121,test,1,0.30882356,1
dalle3_00122,test,1,0.30882356,1
dalle3_00123,test,1,0.30882356,1
dalle3_00124,test,1,0.30882356,1
dalle3_00125,test,1,0.0012049157,0
dalle3_00126,test,1,0.3176711,0
dalle3_00127,test,1,0.9997478,0
dalle3_00128,test,1,0.30882356,1
dalle3_00129,test,1,0.9299315,0
dalle3_00130,test,1,0.8675877,0
dalle3_00131,test,1,0.30882356,1
dalle3_00132,test,1,0.30882356,1
dalle3_00133,test,1,0.30882356,1
dalle3_00134,test,1,0.37200174,0
dalle3_00135,test,1,0.0007658304,0
dalle3_00136,test,1,0.0013387334,0
dalle3_00137,test,1,0.30882356,1
dalle3_00138,test,1,0.5959641,0
dalle3_00139,test,1,0.30882356,1
dalle3_00140,test,1,0.0011316065,0
dalle3_00141,test,1,0.11724978,0
dalle3_00142,test,1,0.27155814,0
dalle3_00143,test,1,0.30882356,1
dalle3_00144,test,1,0.023938103,0
dalle3_00145,test,1,0.30882356,1
dalle3_00146,test,1,0.30882356,1
dalle3_00147,test,1,0.76235545,0
dalle3_00148,test,1,0.30882356,1
dalle3_00149,test,1,0.30882356,1
dalle3_00150,test,1,0.09544726,0
dalle3_00151,test,1,0.30882356,1
dalle3_00152,test,1,0.30882356,1
dalle3_00153,test,1,6.6431036e-05,0
dalle3_00154,test,1,0.30882356,1
dalle3_00155,test,1,0.30882356,1
dalle3_00156,test,1,0.99883026,0
dalle3_00157,test,1,0.40836254,0
dalle3_00158,test,1,0.77114046,0
dalle3_00159,test,1,8.168826e-05,0
dalle3_00160,test,1,0.07615814,0
dalle3_00161,test,1,0.77886295,0
dalle3_00162,test,1,0.00013841502,0
dalle3_00163,test,1,0.30882356,1
dalle3_00164,test,1,0.3274325,0
dalle3_00165,test,1,0.30882356,1
dalle3_00166,test,1,0.30882356,1
dalle3_00167,test,1,0.30882356,1
dalle3_00168,test,1,0.9881583,0
dalle3_00169,test,1,0.6740541,0
dalle3_00170,test,1,0.00016355951,0
dalle3_00171,test,1,0.11694663,0
dalle3_00172,test,1,0.30882356,1
dalle3_00173,test,1,0.0007585881,0
dalle3_00174,test,1,0.30882356,1
dalle3_00175,test,1,0.30882356,1
dalle3_00176,test,1,0.30882356,1
dalle3_00177,test,1,0.15456656,0
dalle3_00178,test,1,0.30882356,1
dalle3_00179,test,1,0.53722936,0
dalle3_00180,test,1,0.12900493,0
dalle3_00181,test,1,0.13982831,0
dalle3_00182,test,1,0.9987684,0
dalle3_00183,test,1,0.0021016384,0
dalle3_00184,test,1,0.6370228,0
dalle3_00185,test,1,0.30882356,1
dalle3_00186,test,1,0.25279677,1
dalle3_00187,test,1,0.5032966,0
dalle3_00188,test,1,0.22495663,0
dalle3_00189,test,1,0.45425087,0
dalle3_00190,test,1,0.02430737,0
dalle3_00191,test,1,0.30882356,1
dalle3_00192,test,1,0.30882356,1
dalle3_00193,test,1,0.30882356,1
dalle3_00194,test,1,0.30882356,1
dalle3_00195,test,1,0.24263434,0
dalle3_00196,test,1,0.30882356,1
dalle3_00197,test,1,0.035527565,0
dalle3_00198,test,1,0.30882356,1
dalle3_00199,test,1,0.30882356,1
dalle3_00200,test,1,0.30882356,1
dalle3_00201,test,1,0.92952985,0
dalle3_00202,test,1,1.5646876e-05,0
dalle3_00203,test,1,0.34807166,0
dalle3_00204,test,1,0.017124046,0
dalle3_00205,test,1,0.19061308,0
dalle3_00206,test,1,0.46503842,0
dalle3_00207,test,1,0.029504888,0
dalle3_00208,test,1,0.0016211045,0
dalle3_00209,test,1,0.30882356,1
dalle3_00210,test,1,0.30882356,1
dalle3_00211,test,1,0.02264551,0
dalle3_00212,test,1,0.30882356,1
dalle3_00213,test,1,0.7742138,0
dalle3_00214,test,1,0.9740215,0
dalle3_00215,test,1,0.30882356,1
dalle3_00216,test,1,0.06464204,0
dalle3_00217,test,1,0.02631146,0
dalle3_00218,test,1,0.0030639847,0
dalle3_00219,test,1,0.97950864,0
dalle3_00220,test,1,0.31228715,0
dalle3_00221,test,1,0.8908022,0
dalle3_00222,test,1,0.30882356,1
dalle3_00223,test,1,0.30092824,0
dalle3_00224,test,1,0.30882356,1
dalle3_00225,test,1,0.04363925,0
dalle3_00226,test,1,0.30882356,1
dalle3_00227,test,1,0.016936336,0
dalle3_00228,test,1,0.1969704,0
dalle3_00229,test,1,0.30882356,1
dalle3_00230,test,1,0.9292049,0
dalle3_00231,test,1,0.30882356,1
dalle3_00232,test,1,0.08981908,0
dalle3_00233,test,1,0.30882356,1
dalle3_00234,test,1,0.30882356,1
dalle3_00235,test,1,7.079222e-09,0
dalle3_00236,test,1,0.000860118,0
dalle3_00237,test,1,0.30882356,1
dalle3_00238,test,1,0.17208806,0
dalle3_00239,test,1,0.00011378868,0
dalle3_00240,test,1,0.30882356,1
dalle3_00241,test,1,0.8304645,0
dalle3_00242,test,1,0.30882356,1
dalle3_00243,test,1,0.07258546,0
dalle3_00244,test,1,0.9788342,0
dalle3_00245,test,1,0.30882356,1
dalle3_00246,test,1,0.30882356,1
dalle3_00247,test,1,0.30882356,1
dalle3_00248,test,1,0.5026887,0
dalle3_00249,test,1,0.016152743,0
dalle3_00250,test,1,0.907394,0
dalle3_00251,test,1,0.92660964,0
dalle3_00252,test,1,0.30882356,1
dalle3_00253,test,1,0.86564827,0
dalle3_00254,test,1,0.34620926,0
dalle3_00255,test,1,0.30882356,1
dalle3_00256,test,1,0.24911758,0
dalle3_00257,test,1,0.30882356,1
dalle3_00258,test,1,0.30882356,1
dalle3_00259,test,1,0.1782335,0
dalle3_00260,test,1,0.6565666,0
dalle3_00261,test,1,0.30882356,1
dalle3_00262,test,1,0.30882356,1
dalle3_00263,test,1,0.30882356,1
dalle3_00264,test,1,0.30882356,1
dalle3_00265,test,1,0.9902699,0
dalle3_00266,test,1,0.09930649,0
dalle3_00267,test,1,0.03519843,1
dalle3_00268,test,1,0.30882356,1
dalle3_00269,test,1,0.21265468,1
dalle3_00270,test,1,0.30882356,1
dalle3_00271,test,1,0.30882356,1
dalle3_00272,test,1,0.06075636,0
dalle3_00273,test,1,0.30882356,1
dalle3_00274,test,1,0.30882356,1
dalle3_00275,test,1,0.0078120073,0
dalle3_00276,test,1,0.03704735,0
dalle3_00277,test,1,0.53233343,0
dalle3_00278,test,1,0.003004226,0
dalle3_00279,test,1,0.017872194,0
dalle3_00280,test,1,0.27808845,0
dalle3_00281,test,1,0.21493882,0
dalle3_00282,test,1,0.30882356,1
dalle3_00283,test,1,0.30882356,1
dalle3_00284,test,1,0.30882356,1
dalle3_00285,test,1,0.71517813,0
dalle3_00286,test,1,0.30882356,1
dalle3_00287,test,1,0.30882356,1
dalle3_00288,test,1,0.30882356,1
dalle3_00289,test,1,0.9993944,0
dalle3_00290,test,1,0.30882356,1
dalle3_00291,test,1,0.30882356,1
dalle3_00292,test,1,0.02057686,0
dalle3_00293,test,1,0.030474218,0
dalle3_00294,test,1,0.48789147,0
dalle3_00295,test,1,0.35780013,0
dalle3_00296,test,1,0.01106905,0
dalle3_00297,test,1,0.025509333,0
dalle3_00298,test,1,0.30882356,1
dalle3_00299,test,1,0.0061469153,0
dalle3_00300,test,1,7.0194874e-05,0
dalle3_00301,test,1,0.30882356,1
dalle3_00302,test,1,0.30882356,1
dalle3_00303,test,1,0.1006274,0
dalle3_00304,test,1,0.30882356,1
dalle3_00305,test,1,0.88130933,0
dalle3_00306,test,1,0.30882356,1
dalle3_00307,test,1,0.13181067,0
dalle3_00308,test,1,0.0059538707,0
dalle3_00309,test,1,0.59349906,0
dalle3_00310,test,1,0.16786158,0
dalle3_00311,test,1,0.2521053,0
dalle3_00312,test,1,0.3918472,0
dalle3_00313,test,1,0.30882356,1
dalle3_00314,test,1,0.30882356,1
dalle3_00315,test,1,0.30882356,1
dalle3_00316,test,1,0.30882356,1
dalle3_00317,test,1,0.30882356,1
dalle3_00318,test,1,0.011990144,0
dalle3_00319,test,1,0.00046700658,0
dalle3_00320,test,1,0.39511722,0
dalle3_00321,test,1,0.30882356,1
dalle3_00322,test,1,0.99999356,0
dalle3_00323,test,1,0.06377697,0
dalle3_00324,test,1,0.08494769,0
dalle3_00325,test,1,0.5061566,0
dalle3_00326,test,1,0.30882356,1
dalle3_00327,test,1,0.053130712,0
dalle3_00328,test,1,0.92278534,0
dalle3_00329,test,1,0.30882356,1
dalle3_00330,test,1,0.30882356,1
dalle3_00331,test,1,0.5699032,0
dalle3_00332,test,1,0.007915372,0
dalle3_00333,test,1,0.30882356,1
dalle3_00334,test,1,0.867389,0
dalle3_00335,test,1,0.00029107914,0
dalle3_00336,test,1,0.30882356,1
dalle3_00337,test,1,0.0010898235,0
dalle3_00338,test,1,0.5224513,0
dalle3_00339,test,1,0.00014083782,0
dalle3_00340,test,1,0.12017237,0
dalle3_00341,test,1,0.30882356,1
dalle3_00342,test,1,0.8966617,0
dalle3_00343,test,1,0.98300856,0
dalle3_00344,test,1,0.30882356,1
dalle3_00345,test,1,0.0053625866,0
dalle3_00346,test,1,0.6493407,0
dalle3_00347,test,1,0.30882356,1
dalle3_00348,test,1,0.18302776,0
dalle3_00349,test,1,0.104361385,0
dalle3_00350,test,1,0.30882356,1
dalle3_00351,test,1,0.9437859,0
dalle3_00352,test,1,0.0031024003,0
dalle3_00353,test,1,0.8549738,0
dalle3_00354,test,1,0.8191422,0
dalle3_00355,test,1,0.30882356,1
dalle3_00356,test,1,0.017784204,0
dalle3_00357,test,1,0.941417,0
dalle3_00358,test,1,0.0041297968,0
dalle3_00359,test,1,0.05583806,0
dalle3_00360,test,1,0.021483965,0
dalle3_00361,test,1,0.30882356,1
dalle3_00362,test,1,0.17070873,0
dalle3_00363,test,1,0.9388433,0
dalle3_00364,test,1,0.016533906,0
dalle3_00365,test,1,0.30882356,1
dalle3_00366,test,1,0.30882356,1
dalle3_00367,test,1,0.30882356,1
dalle3_00368,test,1,0.23278257,0
dalle3_00369,test,1,0.021619186,0
dalle3_00370,test,1,0.30882356,1
dalle3_00371,test,1,0.027628902,0
dalle3_00372,test,1,0.30882356,1
dalle3_00373,test,1,0.78049684,0
dalle3_00374,test,1,0.30882356,1
dalle3_00375,test,1,0.30882356,1
dalle3_00376,test,1,0.693464,0
dalle3_00377,test,1,0.30882356,1
dalle3_00378,test,1,0.30882356,1
dalle3_00379,test,1,0.30882356,1
dalle3_00380,test,1,0.30882356,1
dalle3_00381,test,1,0.30882356,1
dalle3_00382,test,1,0.04308912,0
dalle3_00383,test,1,0.30882356,1
dalle3_00384,test,1,0.30882356,1
dalle3_00385,test,1,0.30882356,1
dalle3_00386,test,1,0.30882356,1
dalle3_00387,test,1,0.30882356,1
dalle3_00388,test,1,0.0630841,0
dalle3_00389,test,1,0.99789137,0
dalle3_00390,test,1,0.30882356,1
dalle3_00391,test,1,0.30882356,1
dalle3_00392,test,1,0.9753479,0
dalle3_00393,test,1,0.30882356,1
dalle3_00394,test,1,0.99637246,0
dalle3_00395,test,1,0.30882356,1
dalle3_00396,test,1,0.15451658,0
dalle3_00397,test,1,0.014675841,0
dalle3_00398,test,1,0.20545354,0
dalle3_00399,test,1,0.02510893,0
dalle3_00400,test,1,0.0058318297,0
dalle3_00401,test,1,0.30882356,1
dalle3_00402,test,1,0.0001263708,0
dalle3_00403,test,1,0.9928236,0
dalle3_00404,test,1,0.30882356,1
dalle3_00405,test,1,0.30882356,1
dalle3_00406,test,1,5.228397e-05,0
dalle3_00407,test,1,0.30882356,1
dalle3_00408,test,1,0.30882356,1
dalle3_00409,test,1,0.83876735,0
dalle3_00410,test,1,0.8580643,0
dalle3_00411,test,1,0.00048418238,0
dalle3_00412,test,1,0.1882759,0
dalle3_00413,test,1,0.20320049,0
dalle3_00414,test,1,0.004021796,0
dalle3_00415,test,1,0.0019265896,0
dalle3_00416,test,1,0.30882356,1
dalle3_00417,test,1,0.036339194,0
dalle3_00418,test,1,0.0004977125,0
dalle3_00419,test,1,0.18003194,0
dalle3_00420,test,1,0.30882356,1
dalle3_00421,test,1,0.30882356,1
dalle3_00422,test,1,0.30882356,1
dalle3_00423,test,1,0.052491643,0
dalle3_00424,test,1,0.30882356,1
dalle3_00425,test,1,0.21161048,0
dalle3_00426,test,1,0.30882356,1
dalle3_00427,test,1,0.0034797152,0
dalle3_00428,test,1,0.024821661,0
dalle3_00429,test,1,0.990833,0
dalle3_00430,test,1,0.00093812455,0
dalle3_00431,test,1,0.0020286604,0
dalle3_00432,test,1,0.018932087,0
dalle3_00433,test,1,0.019870384,0
dalle3_00434,test,1,0.11440323,0
dalle3_00435,test,1,0.27557033,0
dalle3_00436,test,1,0.30882356,1
dalle3_00437,test,1,0.29271978,0
dalle3_00438,test,1,0.30882356,1
dalle3_00439,test,1,0.026381735,0
dalle3_00440,test,1,0.5493295,0
dalle3_00441,test,1,0.30882356,1
dalle3_00442,test,1,0.9550765,0
dalle3_00443,test,1,0.30882356,1
dalle3_00444,test,1,0.10526272,0
dalle3_00445,test,1,0.30882356,1
dalle3_00446,test,1,0.4763827,0
dalle3_00447,test,1,0.3571575,0
dalle3_00448,test,1,0.09259174,0
dalle3_00449,test,1,0.30882356,1
dalle3_00450,test,1,0.30882356,1
dalle3_00451,test,1,0.007489299,0
dalle3_00452,test,1,0.02838249,0
dalle3_00453,test,1,0.9999987,0
dalle3_00454,test,1,0.30882356,1
dalle3_00455,test,1,0.30882356,1
dalle3_00456,test,1,0.048840098,0
dalle3_00457,test,1,0.0024877023,0
dalle3_00458,test,1,0.30882356,1
dalle3_00459,test,1,0.99987936,0
dalle3_00460,test,1,0.30882356,1
dalle3_00461,test,1,0.9999169,0
dalle3_00462,test,1,0.98365444,0
dalle3_00463,test,1,3.7626683e-06,0
dalle3_00464,test,1,0.0656122,0
dalle3_00465,test,1,0.30882356,1
dalle3_00466,test,1,0.30882356,1
dalle3_00467,test,1,0.30882356,1
dalle3_00468,test,1,0.30882356,1
dalle3_00469,test,1,0.9459066,0
dalle3_00470,test,1,0.30882356,1
dalle3_00471,test,1,0.027134003,0
dalle3_00472,test,1,0.30882356,1
dalle3_00473,test,1,0.93643135,0
dalle3_00474,test,1,0.6820053,0
dalle3_00475,test,1,0.9757238,0
dalle3_00476,test,1,0.026134074,0
dalle3_00477,test,1,0.30882356,1
dalle3_00478,test,1,0.91668135,0
dalle3_00479,test,1,0.30882356,1
dalle3_00480,test,1,0.7775748,0
dalle3_00481,test,1,0.30882356,1
dalle3_00482,test,1,0.09347028,0
dalle3_00483,test,1,0.99995565,0
dalle3_00484,test,1,0.30882356,1
dalle3_00485,test,1,0.30882356,1
dalle3_00486,test,1,0.0021295077,0
dalle3_00487,test,1,0.02996135,0
dalle3_00488,test,1,0.5089687,0
dalle3_00489,test,1,0.13216747,0
dalle3_00490,test,1,0.037263647,0
dalle3_00491,test,1,0.30882356,1
dalle3_00492,test,1,0.30882356,1
dalle3_00493,test,1,0.9481681,0
dalle3_00494,test,1,0.30882356,1
dalle3_00495,test,1,0.9989937,0
dalle3_00496,test,1,0.6989844,0
dalle3_00497,test,1,0.7672672,0
dalle3_00498,test,1,0.86031985,0
dalle3_00499,test,1,0.30882356,1
dalle3_00500,test,1,0.30882356,1
dalle3_00501,test,1,0.2446358,0
dalle3_00502,test,1,0.05045995,0
dalle3_00503,test,1,0.5175816,0
dalle3_00504,test,1,0.9979572,0
dalle3_00505,test,1,0.30882356,1
dalle3_00506,test,1,0.30882356,1
dalle3_00507,test,1,0.30630392,0
dalle3_00508,test,1,3.3509565e-05,0
dalle3_00509,test,1,0.30882356,1
dalle3_00510,test,1,0.56189185,0
dalle3_00511,test,1,0.30882356,1
dalle3_00512,test,1,0.30882356,1
dalle3_00513,test,1,0.30882356,1
dalle3_00514,test,1,0.30882356,1
dalle3_00515,test,1,0.30882356,1
dalle3_00516,test,1,0.30882356,1
dalle3_00517,test,1,0.30882356,1
dalle3_00518,test,1,0.30882356,1
dalle3_00519,test,1,0.30882356,1
dalle3_00520,test,1,0.30882356,1
dalle3_00521,test,1,0.0014464753,0
dalle3_00522,test,1,0.30882356,1
dalle3_00523,test,1,0.00073103816,0
dalle3_00524,test,1,0.30882356,1
dalle3_00525,test,1,1.0860199e-05,0
dalle3_00526,test,1,0.30882356,1
dalle3_00527,test,1,0.25611418,0
dalle3_00528,test,1,0.70182496,0
dalle3_00529,test,1,0.30882356,1
dalle3_00530,test,1,0.000583776,0
dalle3_00531,test,1,0.9447071,0
dalle3_00532,test,1,0.99678564,0
dalle3_00533,test,1,0.98654735,0
dalle3_00534,test,1,0.47769883,1
dalle3_00535,test,1,0.30882356,1
dalle3_00536,test,1,0.5874738,0
dalle3_00537,test,1,0.30882356,1
dalle3_00538,test,1,0.9123877,0
dalle3_00539,test,1,0.00066567946,0
dalle3_00540,test,1,0.049827795,0
dalle3_00541,test,1,0.77330095,0
dalle3_00542,test,1,0.044075754,0
dalle3_00543,test,1,0.30882356,1
dalle3_00544,test,1,0.113123596,0
dalle3_00545,test,1,0.30882356,1
dalle3_00546,test,1,0.006773949,0
dalle3_00547,test,1,0.16932535,0
dalle3_00548,test,1,0.0031441974,0
dalle3_00549,test,1,0.10825825,0
dalle3_00550,test,1,0.3175001,0
dalle3_00551,test,1,0.6183211,0
dalle3_00552,test,1,0.12389725,0
dalle3_00553,test,1,0.30882356,1
dalle3_00554,test,1,0.9841075,0
dalle3_00555,test,1,0.0056046285,0
dalle3_00556,test,1,0.12406076,0
dalle3_00557,test,1,0.96974033,0
dalle3_00558,test,1,0.9269129,0
dalle3_00559,test,1,0.30882356,1
dalle3_00560,test,1,0.26536053,0
dalle3_00561,test,1,0.7573223,0
dalle3_00562,test,1,0.30882356,1
dalle3_00563,test,1,0.883035,0
dalle3_00564,test,1,0.30882356,1
dalle3_00565,test,1,0.30882356,1
dalle3_00566,test,1,0.30882356,1
dalle3_00567,test,1,0.30882356,1
dalle3_00568,test,1,0.31188786,0
dalle3_00569,test,1,7.903058e-05,0
dalle3_00570,test,1,0.49425024,0
dalle3_00571,test,1,0.0063642766,0
dalle3_00572,test,1,0.30882356,1
dalle3_00573,test,1,0.30882356,1
dalle3_00574,test,1,0.30882356,1
dalle3_00575,test,1,0.00901936,0
dalle3_00576,test,1,0.41831112,0
dalle3_00577,test,1,0.112832576,0
dalle3_00578,test,1,0.30882356,1
dalle3_00579,test,1,0.30882356,1
dalle3_00580,test,1,0.6715431,0
dalle3_00581,test,1,0.11430644,0
dalle3_00582,test,1,0.30882356,1
dalle3_00583,test,1,0.30882356,1
dalle3_00584,test,1,0.30882356,1
dalle3_00585,test,1,0.30882356,1
dalle3_00586,test,1,0.2293466,0
dalle3_00587,test,1,0.13799654,0
dalle3_00588,test,1,0.117258884,0
dalle3_00589,test,1,0.90762264,0
dalle3_00590,test,1,0.30882356,1
dalle3_00591,test,1,0.06372842,1
dalle3_00592,test,1,0.97979707,0
dalle3_00593,test,1,0.9914766,0
dalle3_00594,test,1,0.006094861,0
dalle3_00595,test,1,0.30882356,1
dalle3_00596,test,1,0.30882356,1
dalle3_00597,test,1,0.99817634,0
dalle3_00598,test,1,0.52830887,0
dalle3_00599,test,1,0.0009426969,0
dalle3_00600,test,1,0.30882356,1
dalle3_00601,test,1,9.600926e-06,0
dalle3_00602,test,1,0.08287841,0
dalle3_00603,test,1,0.30882356,1
dalle3_00604,test,1,0.120583095,0
dalle3_00605,test,1,0.43223232,0
dalle3_00606,test,1,0.0033788146,0
dalle3_00607,test,1,0.46182096,0
dalle3_00608,test,1,0.30882356,1
dalle3_00609,test,1,0.97710377,0
dalle3_00610,test,1,0.13092102,0
dalle3_00611,test,1,0.30882356,1
dalle3_00612,test,1,0.30882356,1
dalle3_00613,test,1,0.30882356,1
dalle3_00614,test,1,0.30882356,1
dalle3_00615,test,1,0.30882356,1
dalle3_00616,test,1,0.05133092,0
dalle3_00617,test,1,0.056985248,0
dalle3_00618,test,1,0.0002720003,0
dalle3_00619,test,1,0.30882356,1
dalle3_00620,test,1,0.058047507,0
dalle3_00621,test,1,0.035234064,0
dalle3_00622,test,1,0.24664262,0
dalle3_00623,test,1,0.9957879,0
dalle3_00624,test,1,0.30882356,1
dalle3_00625,test,1,0.30882356,1
dalle3_00626,test,1,0.009237999,0
dalle3_00627,test,1,0.13655145,0
dalle3_00628,test,1,0.30882356,1
dalle3_00629,test,1,0.30882356,1
dalle3_00630,test,1,0.7371352,0
dalle3_00631,test,1,0.44591376,0
dalle3_00632,test,1,0.30882356,1
dalle3_00633,test,1,0.006175389,0
dalle3_00634,test,1,0.30882356,1
dalle3_00635,test,1,0.30882356,1
dalle3_00636,test,1,0.051943205,1
dalle3_00637,test,1,0.105329044,0
dalle3_00638,test,1,0.023484651,0
dalle3_00639,test,1,0.9858995,0
dalle3_00640,test,1,0.30882356,1
dalle3_00641,test,1,0.30882356,1
dalle3_00642,test,1,0.056508593,0
dalle3_00643,test,1,0.992894,0
dalle3_00644,test,1,0.4564852,0
dalle3_00645,test,1,0.18829687,0
dalle3_00646,test,1,0.30882356,1
dalle3_00647,test,1,0.30882356,1
dalle3_00648,test,1,0.25135028,0
dalle3_00649,test,1,0.30882356,1
dalle3_00650,test,1,0.30882356,1
dalle3_00651,test,1,0.8806686,0
dalle3_00652,test,1,0.30882356,1
dalle3_00653,test,1,0.27160138,0
dalle3_00654,test,1,0.30882356,1
dalle3_00655,test,1,0.30882356,1
dalle3_00656,test,1,0.6667045,0
dalle3_00657,test,1,0.07760834,0
dalle3_00658,test,1,0.30882356,1
dalle3_00659,test,1,0.2687341,0
dalle3_00660,test,1,7.963818e-07,0
dalle3_00661,test,1,0.599278,0
dalle3_00662,test,1,0.00033694867,0
dalle3_00663,test,1,0.00042964768,0
dalle3_00664,test,1,0.3817142,0
dalle3_00665,test,1,0.038829688,0
dalle3_00666,test,1,0.0006036332,0
dalle3_00667,test,1,0.00458547,0
dalle3_00668,test,1,0.06754859,0
dalle3_00669,test,1,0.035319015,0
dalle3_00670,test,1,0.30882356,1
dalle3_00671,test,1,0.009643202,0
dalle3_00672,test,1,0.30882356,1
dalle3_00673,test,1,0.30882356,1
dalle3_00674,test,1,3.8989703e-05,0
dalle3_00675,test,1,0.06646762,0
dalle3_00676,test,1,0.30882356,1
dalle3_00677,test,1,0.11138337,0
dalle3_00678,test,1,0.30882356,1
dalle3_00679,test,1,0.06726214,0
dalle3_00680,test,1,0.9841068,0
dalle3_00681,test,1,0.9876627,0
dalle3_00682,test,1,0.22709353,0
dalle3_00683,test,1,0.7527302,0
dalle3_00684,test,1,0.30882356,1
dalle3_00685,test,1,0.30882356,1
dalle3_00686,test,1,0.002574403,0
dalle3_00687,test,1,0.018884541,0
dalle3_00688,test,1,0.30882356,1
dalle3_00689,test,1,0.27192327,1
dalle3_00690,test,1,0.9963565,0
dalle3_00691,test,1,0.008201125,0
dalle3_00692,test,1,0.30882356,1
dalle3_00693,test,1,0.2694277,0
dalle3_00694,test,1,0.13873306,0
dalle3_00695,test,1,0.30882356,1
dalle3_00696,test,1,0.6762629,0
dalle3_00697,test,1,0.30882356,1
dalle3_00698,test,1,0.30882356,1
dalle3_00699,test,1,0.30882356,1
dalle3_00700,test,1,0.30882356,1
dalle3_00701,test,1,0.14626774,0
dalle3_00702,test,1,0.107209705,0
dalle3_00703,test,1,0.99469936,0
dalle3_00704,test,1,0.23336396,0
dalle3_00705,test,1,0.30882356,1
dalle3_00706,test,1,0.00963787,0
dalle3_00707,test,1,0.00055974425,0
dalle3_00708,test,1,0.2376436,0
dalle3_00709,test,1,0.30882356,1
dalle3_00710,test,1,0.7359931,0
dalle3_00711,test,1,0.998456,0
dalle3_00712,test,1,0.0021148114,0
dalle3_00713,test,1,0.050145615,0
dalle3_00714,test,1,0.031086663,0
dalle3_00715,test,1,0.9903392,0
dalle3_00716,test,1,0.00019424,0
dalle3_00717,test,1,0.71536434,0
dalle3_00718,test,1,0.1867811,0
dalle3_00719,test,1,0.088178076,0
dalle3_00720,test,1,0.99805176,0
dalle3_00721,test,1,0.32505983,0
dalle3_00722,test,1,0.30882356,1
dalle3_00723,test,1,0.5715125,0
dalle3_00724,test,1,0.4027596,0
dalle3_00725,test,1,0.70991606,0
dalle3_00726,test,1,0.30882356,1
dalle3_00727,test,1,0.30882356,1
dalle3_00728,test,1,0.9959734,0
dalle3_00729,test,1,0.30882356,1
dalle3_00730,test,1,0.30882356,1
dalle3_00731,test,1,0.02736014,0
dalle3_00732,test,1,0.99957293,0
dalle3_00733,test,1,0.30882356,1
dalle3_00734,test,1,0.91769505,0
dalle3_00735,test,1,2.1661485e-06,0
dalle3_00736,test,1,0.30882356,1
dalle3_00737,test,1,0.24013685,0
dalle3_00738,test,1,0.30882356,1
dalle3_00739,test,1,0.30882356,1
dalle3_00740,test,1,0.30882356,1
dalle3_00741,test,1,0.9112379,0
dalle3_00742,test,1,6.994326e-06,0
dalle3_00743,test,1,0.30882356,1
dalle3_00744,test,1,0.8929347,0
dalle3_00745,test,1,0.038426615,0
dalle3_00746,test,1,0.9758793,0
dalle3_00747,test,1,0.30882356,1
dalle3_00748,test,1,0.34016097,0
dalle3_00749,test,1,0.30882356,1
dalle3_00750,test,1,0.99667645,0
dalle3_00751,test,1,0.059508927,0
dalle3_00752,test,1,0.30882356,1
dalle3_00753,test,1,0.30882356,1
dalle3_00754,test,1,0.098281816,0
dalle3_00755,test,1,0.30882356,1
dalle3_00756,test,1,0.6104929,0
dalle3_00757,test,1,0.18238118,0
dalle3_00758,test,1,0.30882356,1
dalle3_00759,test,1,0.012825453,0
dalle3_00760,test,1,0.56782806,0
dalle3_00761,test,1,0.3657514,0
dalle3_00762,test,1,0.0031357391,0
dalle3_00763,test,1,0.30882356,1
dalle3_00764,test,1,0.30882356,1
dalle3_00765,test,1,0.01119493,0
dalle3_00766,test,1,0.30882356,1
dalle3_00767,test,1,0.54085445,0
dalle3_00768,test,1,0.30882356,1
dalle3_00769,test,1,0.0603304,0
dalle3_00770,test,1,0.9555,0
dalle3_00771,test,1,0.00061013654,0
dalle3_00772,test,1,0.30882356,1
dalle3_00773,test,1,0.6624345,0
dalle3_00774,test,1,0.30882356,1
dalle3_00775,test,1,0.30882356,1
dalle3_00776,test,1,0.36971107,0
dalle3_00777,test,1,0.022150813,0
dalle3_00778,test,1,0.99992657,0
dalle3_00779,test,1,0.30882356,1
dalle3_00780,test,1,0.30882356,1
dalle3_00781,test,1,0.034325972,0
dalle3_00782,test,1,0.30882356,1
dalle3_00783,test,1,0.0029494138,0
dalle3_00784,test,1,0.85731596,0
dalle3_00785,test,1,0.48661876,0
dalle3_00786,test,1,9.284771e-06,0
dalle3_00787,test,1,0.30882356,1
dalle3_00788,test,1,0.30882356,1
dalle3_00789,test,1,3.96573e-05,0
dalle3_00790,test,1,0.30882356,1
dalle3_00791,test,1,0.0026958466,0
dalle3_00792,test,1,0.061322737,0
dalle3_00793,test,1,0.30882356,1
dalle3_00794,test,1,0.78982526,0
dalle3_00795,test,1,0.040680807,0
dalle3_00796,test,1,0.30882356,1
dalle3_00797,test,1,0.9613436,0
dalle3_00798,test,1,0.30882356,1
dalle3_00799,test,1,0.30882356,1
dalle3_00800,test,1,0.00054538524,0
dalle3_00801,test,1,0.34679216,0
dalle3_00802,test,1,0.45739532,0
dalle3_00803,test,1,0.3223289,0
dalle3_00804,test,1,0.35487536,0
dalle3_00805,test,1,0.64512897,0
dalle3_00806,test,1,0.30882356,1
dalle3_00807,test,1,0.9997621,0
dalle3_00808,test,1,0.30882356,1
dalle3_00809,test,1,0.9016169,0
dalle3_00810,test,1,0.01200243,0
dalle3_00811,test,1,0.30882356,1
dalle3_00812,test,1,0.30882356,1
dalle3_00813,test,1,0.15225983,0
dalle3_00814,test,1,0.058197103,0
dalle3_00815,test,1,0.30882356,1
dalle3_00816,test,1,0.99821895,0
dalle3_00817,test,1,0.40984815,0
dalle3_00818,test,1,0.7663861,0
dalle3_00819,test,1,0.016564162,0
dalle3_00820,test,1,0.08800502,0
dalle3_00821,test,1,0.30882356,1
dalle3_00822,test,1,0.30882356,1
dalle3_00823,test,1,0.09797923,0
dalle3_00824,test,1,0.029724605,0
dalle3_00825,test,1,0.76888067,0
dalle3_00826,test,1,0.090431064,0
dalle3_00827,test,1,0.30882356,1
dalle3_00828,test,1,0.6173018,0
dalle3_00829,test,1,0.0077472846,0
dalle3_00830,test,1,0.27218437,0
dalle3_00831,test,1,0.00018223622,0
dalle3_00832,test,1,0.027761074,0
dalle3_00833,test,1,0.027205301,0
dalle3_00834,test,1,0.16212732,0
dalle3_00835,test,1,0.30882356,1
dalle3_00836,test,1,0.30882356,1
dalle3_00837,test,1,0.038537208,0
dalle3_00838,test,1,0.30882356,1
dalle3_00839,test,1,0.38644728,0
dalle3_00840,test,1,0.29555982,0
dalle3_00841,test,1,0.13303162,0
dalle3_00842,test,1,0.5450451,0
dalle3_00843,test,1,0.007270586,0
dalle3_00844,test,1,0.30882356,1
dalle3_00845,test,1,0.30882356,1
dalle3_00846,test,1,0.63347274,0
dalle3_00847,test,1,0.103408016,0
dalle3_00848,test,1,0.30882356,1
dalle3_00849,test,1,0.91327995,0
dalle3_00850,test,1,0.9839841,0
dalle3_00851,test,1,0.12554426,0
dalle3_00852,test,1,0.6567134,0
dalle3_00853,test,1,0.30882356,1
dalle3_00854,test,1,0.8115655,0
dalle3_00855,test,1,0.30882356,1
dalle3_00856,test,1,0.96793747,0
dalle3_00857,test,1,0.30882356,1
dalle3_00858,test,1,0.30882356,1
dalle3_00859,test,1,0.2733525,1
dalle3_00860,test,1,0.04405368,0
dalle3_00861,test,1,0.041769568,0
dalle3_00862,test,1,0.1989057,0
dalle3_00863,test,1,0.95987165,0
dalle3_00864,test,1,0.08693765,0
dalle3_00865,test,1,0.017356507,0
dalle3_00866,test,1,0.30882356,1
dalle3_00867,test,1,0.4809962,0
dalle3_00868,test,1,0.08972097,0
dalle3_00869,test,1,0.9854892,0
dalle3_00870,test,1,0.0036435244,0
dalle3_00871,test,1,0.30882356,1
dalle3_00872,test,1,0.041349605,0
dalle3_00873,test,1,0.78468406,0
dalle3_00874,test,1,0.30882356,1
dalle3_00875,test,1,0.30882356,1
dalle3_00876,test,1,0.035740502,0
dalle3_00877,test,1,0.30882356,1
dalle3_00878,test,1,0.30882356,1
dalle3_00879,test,1,0.30882356,1
dalle3_00880,test,1,0.8223415,0
dalle3_00881,test,1,0.3138203,0
dalle3_00882,test,1,0.30882356,1
dalle3_00883,test,1,0.30882356,1
dalle3_00884,test,1,0.6936208,0
dalle3_00885,test,1,0.30882356,1
dalle3_00886,test,1,0.30882356,1
dalle3_00887,test,1,0.30882356,1
dalle3_00888,test,1,0.012356312,0
dalle3_00889,test,1,0.37096336,0
dalle3_00890,test,1,0.8826433,0
dalle3_00891,test,1,0.06790895,0
dalle3_00892,test,1,0.65110654,0
dalle3_00893,test,1,0.30882356,1
dalle3_00894,test,1,0.30882356,1
dalle3_00895,test,1,0.30882356,1
dalle3_00896,test,1,0.12898591,0
dalle3_00897,test,1,0.30882356,1
dalle3_00898,test,1,0.30882356,1
dalle3_00899,test,1,0.024570633,0
dalle3_00900,test,1,0.001162606,0
dalle3_00901,test,1,0.06826938,0
dalle3_00902,test,1,0.107230105,0
dalle3_00903,test,1,0.17388786,0
dalle3_00904,test,1,0.12414256,0
dalle3_00905,test,1,0.30882356,1
dalle3_00906,test,1,0.30882356,1
dalle3_00907,test,1,0.9999291,0
dalle3_00908,test,1,0.30882356,1
dalle3_00909,test,1,0.06377687,0
dalle3_00910,test,1,0.30882356,1
dalle3_00911,test,1,0.9724043,0
dalle3_00912,test,1,0.0017894983,0
dalle3_00913,test,1,0.0030815015,0
dalle3_00914,test,1,0.6530226,0
dalle3_00915,test,1,0.30882356,1
dalle3_00916,test,1,0.30882356,1
dalle3_00917,test,1,0.85616595,0
dalle3_00918,test,1,0.008498155,0
dalle3_00919,test,1,0.0021725232,0
dalle3_00920,test,1,0.30882356,1
dalle3_00921,test,1,0.30882356,1
dalle3_00922,test,1,0.11523035,0
dalle3_00923,test,1,0.30882356,1
dalle3_00924,test,1,0.86721045,0
dalle3_00925,test,1,0.9909223,0
dalle3_00926,test,1,0.51593125,0
dalle3_00927,test,1,0.003109505,0
dalle3_00928,test,1,0.94551945,0
dalle3_00929,test,1,0.30882356,1
dalle3_00930,test,1,0.3083182,0
dalle3_00931,test,1,0.99999285,0
dalle3_00932,test,1,0.30882356,1
dalle3_00933,test,1,0.009153361,0
dalle3_00934,test,1,0.9417945,0
dalle3_00935,test,1,0.25652513,0
dalle3_00936,test,1,0.15625148,0
dalle3_00937,test,1,0.30882356,1
dalle3_00938,test,1,0.05970806,0
dalle3_00939,test,1,0.10984776,0
dalle3_00940,test,1,0.14143103,0
dalle3_00941,test,1,0.4418094,0
dalle3_00942,test,1,0.8158281,0
dalle3_00943,test,1,0.4970996,0
dalle3_00944,test,1,0.13686186,0
dalle3_00945,test,1,0.12700616,0
dalle3_00946,test,1,0.057188395,0
dalle3_00947,test,1,0.3744229,0
dalle3_00948,test,1,0.00040982175,0
dalle3_00949,test,1,0.40319645,0
dalle3_00950,test,1,0.30882356,1
dalle3_00951,test,1,0.30882356,1
dalle3_00952,test,1,0.00090649055,0
dalle3_00953,test,1,0.30882356,1
dalle3_00954,test,1,0.1952505,0
dalle3_00955,test,1,0.0064959093,0
dalle3_00956,test,1,0.30882356,1
dalle3_00957,test,1,0.30882356,1
dalle3_00958,test,1,0.26667854,0
dalle3_00959,test,1,0.037724305,0
dalle3_00960,test,1,0.30882356,1
dalle3_00961,test,1,0.0008910898,0
dalle3_00962,test,1,9.8311175e-06,0
dalle3_00963,test,1,0.30882356,1
dalle3_00964,test,1,0.30882356,1
dalle3_00965,test,1,0.30882356,1
dalle3_00966,test,1,0.026304867,0
dalle3_00967,test,1,0.5845625,0
dalle3_00968,test,1,0.1657633,0
dalle3_00969,test,1,0.30882356,1
dalle3_00970,test,1,0.9870222,0
dalle3_00971,test,1,0.30882356,1
dalle3_00972,test,1,0.30882356,1
dalle3_00973,test,1,0.44370046,0
dalle3_00974,test,1,0.016084911,0
dalle3_00975,test,1,0.30882356,1
dalle3_00976,test,1,0.00088916207,0
dalle3_00977,test,1,0.30882356,1
dalle3_00978,test,1,0.30882356,1
dalle3_00979,test,1,0.87790513,0
dalle3_00980,test,1,0.83229905,0
dalle3_00981,test,1,0.30882356,1
dalle3_00982,test,1,0.5528299,0
dalle3_00983,test,1,0.38573238,0
dalle3_00984,test,1,0.30882356,1
dalle3_00985,test,1,0.15575573,0
dalle3_00986,test,1,0.26702666,0
dalle3_00987,test,1,0.3434088,0
dalle3_00988,test,1,0.30882356,1
dalle3_00989,test,1,0.30882356,1
dalle3_00990,test,1,0.20507008,0
dalle3_00991,test,1,0.74384844,0
dalle3_00992,test,1,0.00035966808,0
dalle3_00993,test,1,0.30882356,1
dalle3_00994,test,1,0.30882356,1
dalle3_00995,test,1,0.30882356,1
dalle3_00996,test,1,0.30882356,1
dalle3_00997,test,1,0.0587015,0
dalle3_00998,test,1,0.30882356,1
dalle3_00999,test,1,0.05292166,0
flux_00000,test,1,0.9329632,0
flux_00001,test,1,0.00016114641,0
flux_00002,test,1,0.30882356,1
flux_00003,test,1,0.30882356,1
flux_00004,test,1,0.30882356,1
flux_00005,test,1,0.025555888,0
flux_00006,test,1,0.36281374,0
flux_00007,test,1,0.07623107,0
flux_00008,test,1,0.049946416,0
flux_00009,test,1,0.06445744,0
flux_00010,test,1,0.9983864,0
flux_00011,test,1,0.30882356,1
flux_00012,test,1,0.30882356,1
flux_00013,test,1,0.08543675,0
flux_00014,test,1,0.12003511,0
flux_00015,test,1,0.4435186,0
flux_00016,test,1,0.30882356,1
flux_00017,test,1,0.30882356,1
flux_00018,test,1,0.92856586,0
flux_00019,test,1,0.9997154,0
flux_00020,test,1,0.041815776,0
flux_00021,test,1,0.00032811754,0
flux_00022,test,1,0.021373164,0
flux_00023,test,1,0.82676595,0
flux_00024,test,1,0.30882356,1
flux_00025,test,1,0.27840713,0
flux_00026,test,1,0.30882356,1
flux_00027,test,1,0.30882356,1
flux_00028,test,1,0.97618186,0
flux_00029,test,1,0.3320574,0
flux_00030,test,1,0.8108543,0
flux_00031,test,1,0.021695932,0
flux_00032,test,1,0.8011663,0
flux_00033,test,1,0.22171995,0
flux_00034,test,1,0.08446159,0
flux_00035,test,1,0.30882356,1
flux_00036,test,1,0.30882356,1
flux_00037,test,1,0.18036276,0
flux_00038,test,1,0.30882356,1
flux_00039,test,1,0.99336255,0
flux_00040,test,1,0.30882356,1
flux_00041,test,1,0.040312044,0
flux_00042,test,1,0.12645926,0
flux_00043,test,1,0.30882356,1
flux_00044,test,1,0.95699745,0
flux_00045,test,1,0.020984422,0
flux_00046,test,1,0.16606723,0
flux_00047,test,1,0.30882356,1
flux_00048,test,1,0.051165648,0
flux_00049,test,1,0.9999819,0
flux_00050,test,1,0.29458433,0
flux_00051,test,1,0.30882356,1
flux_00052,test,1,0.30882356,1
flux_00053,test,1,0.7831291,0
flux_00054,test,1,0.04125288,0
flux_00055,test,1,0.110183306,0
flux_00056,test,1,0.30882356,1
flux_00057,test,1,0.0012648489,0
flux_00058,test,1,0.30882356,1
flux_00059,test,1,0.30882356,1
flux_00060,test,1,0.30882356,1
flux_00061,test,1,0.30882356,1
flux_00062,test,1,0.30882356,1
flux_00063,test,1,0.30882356,1
flux_00064,test,1,0.30882356,1
flux_00065,test,1,0.30882356,1
flux_00066,test,1,0.30882356,1
flux_00067,test,1,0.8586286,0
flux_00068,test,1,0.30882356,1
flux_00069,test,1,0.95599496,0
flux_00070,test,1,0.016867893,0
flux_00071,test,1,0.30882356,1
flux_00072,test,1,0.9571393,0
flux_00073,test,1,0.30882356,1
flux_00074,test,1,0.30882356,1
flux_00075,test,1,0.30882356,1
flux_00076,test,1,0.30882356,1
flux_00077,test,1,0.99751604,0
flux_00078,test,1,0.30882356,1
flux_00079,test,1,0.30882356,1
flux_00080,test,1,0.30882356,1
flux_00081,test,1,0.30882356,1
flux_00082,test,1,0.19502452,0
flux_00083,test,1,0.30882356,1
flux_00084,test,1,0.30882356,1
flux_00085,test,1,0.30882356,1
flux_00086,test,1,0.30882356,1
flux_00087,test,1,0.30882356,1
flux_00088,test,1,0.07244596,0
flux_00089,test,1,0.30882356,1
flux_00090,test,1,0.030369906,0
flux_00091,test,1,0.98461825,0
flux_00092,test,1,0.0023408493,0
flux_00093,test,1,0.0011694903,0
flux_00094,test,1,0.30882356,1
flux_00095,test,1,0.30882356,1
flux_00096,test,1,0.0019092616,0
flux_00097,test,1,0.30882356,1
flux_00098,test,1,0.30882356,1
flux_00099,test,1,0.36635798,0
flux_00100,test,1,0.30882356,1
flux_00101,test,1,0.30882356,1
flux_00102,test,1,0.30882356,1
flux_00103,test,1,8.0392696e-05,0
flux_00104,test,1,0.30882356,1
flux_00105,test,1,0.49459362,0
flux_00106,test,1,0.8298473,0
flux_00107,test,1,0.9992099,0
flux_00108,test,1,0.32742113,0
flux_00109,test,1,0.24882756,0
flux_00110,test,1,0.30882356,1
flux_00111,test,1,0.30882356,1
flux_00112,test,1,0.011806949,0
flux_00113,test,1,0.30882356,1
flux_00114,test,1,0.30882356,1
flux_00115,test,1,0.30882356,1
flux_00116,test,1,0.021364093,0
flux_00117,test,1,0.075154886,0
flux_00118,test,1,1.0,0
flux_00119,test,1,0.30882356,1
flux_00120,test,1,0.16484646,0
flux_00121,test,1,0.30882356,1
flux_00122,test,1,0.4140403,0
flux_00123,test,1,0.30882356,1
flux_00124,test,1,0.03453504,0
flux_00125,test,1,0.30882356,1
flux_00126,test,1,0.30882356,1
flux_00127,test,1,0.76211286,0
flux_00128,test,1,0.20375997,0
flux_00129,test,1,0.54599047,0
flux_00130,test,1,0.0072042947,0
flux_00131,test,1,0.30882356,1
flux_00132,test,1,0.9888474,0
flux_00133,test,1,0.06736995,0
flux_00134,test,1,0.30882356,1
flux_00135,test,1,0.30882356,1
flux_00136,test,1,0.0039797607,0
flux_00137,test,1,0.30882356,1
flux_00138,test,1,0.9925678,0
flux_00139,test,1,0.30882356,1
flux_00140,test,1,0.0016007905,0
flux_00141,test,1,0.0016560829,0
flux_00142,test,1,0.30882356,1
flux_00143,test,1,0.30882356,1
flux_00144,test,1,0.30882356,1
flux_00145,test,1,0.04952883,0
flux_00146,test,1,0.4690118,0
flux_00147,test,1,0.30882356,1
flux_00148,test,1,0.30882356,1
flux_00149,test,1,0.30882356,1
flux_00150,test,1,0.1254705,0
flux_00151,test,1,0.30882356,1
flux_00152,test,1,0.9947807,0
flux_00153,test,1,0.30882356,1
flux_00154,test,1,0.023551527,0
flux_00155,test,1,0.30882356,1
flux_00156,test,1,0.00042047355,0
flux_00157,test,1,0.16788068,0
flux_00158,test,1,0.30882356,1
flux_00159,test,1,0.30882356,1
flux_00160,test,1,0.0024686242,0
flux_00161,test,1,0.9996687,0
flux_00162,test,1,0.53123134,0
flux_00163,test,1,0.15130371,0
flux_00164,test,1,0.30882356,1
flux_00165,test,1,0.30882356,1
flux_00166,test,1,0.30882356,1
flux_00167,test,1,0.30882356,1
flux_00168,test,1,0.47070423,0
flux_00169,test,1,0.069854386,0
flux_00170,test,1,0.30882356,1
flux_00171,test,1,0.30882356,1
flux_00172,test,1,0.30882356,1
flux_00173,test,1,0.30882356,1
flux_00174,test,1,0.113475144,0
flux_00175,test,1,0.0038078155,0
flux_00176,test,1,0.64002395,0
flux_00177,test,1,0.89521396,0
flux_00178,test,1,0.94716173,0
flux_00179,test,1,7.527348e-05,0
flux_00180,test,1,0.9990368,0
flux_00181,test,1,0.97350526,0
flux_00182,test,1,0.30882356,1
flux_00183,test,1,0.30882356,1
flux_00184,test,1,0.0014583762,0
flux_00185,test,1,0.30882356,1
flux_00186,test,1,0.30882356,1
flux_00187,test,1,0.49303964,0
flux_00188,test,1,0.30882356,1
flux_00189,test,1,0.30882356,1
flux_00190,test,1,0.004407376,0
flux_00191,test,1,0.57563514,0
flux_00192,test,1,0.0029067146,0
flux_00193,test,1,0.7139953,0
flux_00194,test,1,0.9709877,0
flux_00195,test,1,0.9983972,0
flux_00196,test,1,0.30882356,1
flux_00197,test,1,0.5525785,0
flux_00198,test,1,0.30882356,1
flux_00199,test,1,0.30882356,1
flux_00200,test,1,0.30882356,1
flux_00201,test,1,0.3073019,0
flux_00202,test,1,0.21197991,0
flux_00203,test,1,0.9998473,0
flux_00204,test,1,0.30882356,1
flux_00205,test,1,0.30882356,1
flux_00206,test,1,0.30882356,1
flux_00207,test,1,0.66277736,0
flux_00208,test,1,0.30882356,1
flux_00209,test,1,0.30882356,1
flux_00210,test,1,0.30882356,1
flux_00211,test,1,0.28706682,0
flux_00212,test,1,0.30882356,1
flux_00213,test,1,0.30882356,1
flux_00214,test,1,0.30882356,1
flux_00215,test,1,0.30882356,1
flux_00216,test,1,0.30882356,1
flux_00217,test,1,0.30882356,1
flux_00218,test,1,0.30882356,1
flux_00219,test,1,0.30882356,1
flux_00220,test,1,0.30882356,1
flux_00221,test,1,0.17701527,0
flux_00222,test,1,0.008525641,0
flux_00223,test,1,0.30882356,1
flux_00224,test,1,0.30882356,1
flux_00225,test,1,0.33421707,0
flux_00226,test,1,0.03629192,0
flux_00227,test,1,0.26692784,0
flux_00228,test,1,0.15472312,0
flux_00229,test,1,0.99999845,0
flux_00230,test,1,1.0,0
flux_00231,test,1,0.30882356,1
flux_00232,test,1,0.30882356,1
flux_00233,test,1,0.0076183067,0
flux_00234,test,1,0.6378595,0
flux_00235,test,1,0.23291576,0
flux_00236,test,1,0.30882356,1
flux_00237,test,1,0.30882356,1
flux_00238,test,1,0.8712895,0
flux_00239,test,1,0.30882356,1
flux_00240,test,1,0.30882356,1
flux_00241,test,1,0.30882356,1
flux_00242,test,1,0.014082881,0
flux_00243,test,1,0.30882356,1
flux_00244,test,1,0.30882356,1
flux_00245,test,1,0.30882356,1
flux_00246,test,1,0.30882356,1
flux_00247,test,1,0.00016010462,0
flux_00248,test,1,0.08078092,0
flux_00249,test,1,0.2350562,0
flux_00250,test,1,0.30882356,1
flux_00251,test,1,0.30882356,1
flux_00252,test,1,0.30882356,1
flux_00253,test,1,0.99248534,0
flux_00254,test,1,0.0023400455,0
flux_00255,test,1,0.0955437,0
flux_00256,test,1,0.30882356,1
flux_00257,test,1,0.30882356,1
flux_00258,test,1,0.30882356,1
flux_00259,test,1,0.032733276,0
flux_00260,test,1,0.6889638,0
flux_00261,test,1,0.88480866,0
flux_00262,test,1,0.30882356,1
flux_00263,test,1,0.22062664,0
flux_00264,test,1,0.24434416,0
flux_00265,test,1,0.30882356,1
flux_00266,test,1,0.00901745,0
flux_00267,test,1,0.05355719,0
flux_00268,test,1,0.99998164,0
flux_00269,test,1,0.30882356,1
flux_00270,test,1,8.6370725e-05,0
flux_00271,test,1,0.30882356,1
flux_00272,test,1,0.27575314,0
flux_00273,test,1,0.30882356,1
flux_00274,test,1,0.30882356,1
flux_00275,test,1,0.30882356,1
flux_00276,test,1,0.30882356,1
flux_00277,test,1,0.30882356,1
flux_00278,test,1,0.30882356,1
flux_00279,test,1,0.30882356,1
flux_00280,test,1,0.31308657,0
flux_00281,test,1,0.122838885,0
flux_00282,test,1,0.30882356,1
flux_00283,test,1,0.97744215,0
flux_00284,test,1,0.30882356,1
flux_00285,test,1,0.039655562,0
flux_00286,test,1,0.30882356,1
flux_00287,test,1,0.30882356,1
flux_00288,test,1,0.30882356,1
flux_00289,test,1,0.30882356,1
flux_00290,test,1,0.0037654354,0
flux_00291,test,1,0.30882356,1
flux_00292,test,1,0.30882356,1
flux_00293,test,1,0.30882356,1
flux_00294,test,1,0.30882356,1
flux_00295,test,1,0.30882356,1
flux_00296,test,1,0.30882356,1
flux_00297,test,1,0.9941586,0
flux_00298,test,1,0.22111453,0
flux_00299,test,1,0.20803788,0
flux_00300,test,1,0.30882356,1
flux_00301,test,1,0.30882356,1
flux_00302,test,1,0.07514106,0
flux_00303,test,1,0.9356701,0
flux_00304,test,1,0.30882356,1
flux_00305,test,1,2.8311082e-05,0
flux_00306,test,1,0.30882356,1
flux_00307,test,1,0.738191,0
flux_00308,test,1,0.7770127,0
flux_00309,test,1,0.006191273,0
flux_00310,test,1,0.009974856,0
flux_00311,test,1,0.75260407,0
flux_00312,test,1,0.30882356,1
flux_00313,test,1,0.30882356,1
flux_00314,test,1,0.30882356,1
flux_00315,test,1,0.30882356,1
flux_00316,test,1,0.11091069,0
flux_00317,test,1,0.30882356,1
flux_00318,test,1,0.30882356,1
flux_00319,test,1,0.30882356,1
flux_00320,test,1,0.16005933,0
flux_00321,test,1,0.30882356,1
flux_00322,test,1,0.019266335,0
flux_00323,test,1,0.30882356,1
flux_00324,test,1,0.30882356,1
flux_00325,test,1,0.30882356,1
flux_00326,test,1,2.0917127e-05,0
flux_00327,test,1,0.30882356,1
flux_00328,test,1,0.84523755,0
flux_00329,test,1,0.91994685,0
flux_00330,test,1,0.30882356,1
flux_00331,test,1,0.30882356,1
flux_00332,test,1,0.025222417,0
flux_00333,test,1,0.25564533,0
flux_00334,test,1,0.304078,0
flux_00335,test,1,0.30882356,1
flux_00336,test,1,0.11216958,0
flux_00337,test,1,0.26658687,0
flux_00338,test,1,0.044159405,0
flux_00339,test,1,0.30882356,1
flux_00340,test,1,0.83278185,0
flux_00341,test,1,0.30882356,1
flux_00342,test,1,0.9089844,0
flux_00343,test,1,5.795649e-06,0
flux_00344,test,1,0.99999774,0
flux_00345,test,1,0.30882356,1
flux_00346,test,1,0.30882356,1
flux_00347,test,1,0.004749808,0
flux_00348,test,1,0.896622,0
flux_00349,test,1,0.96571,0
flux_00350,test,1,0.00069048954,0
flux_00351,test,1,0.9967449,0
flux_00352,test,1,0.30882356,1
flux_00353,test,1,0.30882356,1
flux_00354,test,1,0.8733006,0
flux_00355,test,1,2.1701413e-05,0
flux_00356,test,1,0.48494917,0
flux_00357,test,1,0.30882356,1
flux_00358,test,1,0.7930609,0
flux_00359,test,1,0.30882356,1
flux_00360,test,1,5.1898096e-05,0
flux_00361,test,1,0.8755681,0
flux_00362,test,1,0.9992316,0
flux_00363,test,1,0.09866682,0
flux_00364,test,1,0.30882356,1
flux_00365,test,1,0.30882356,1
flux_00366,test,1,0.30882356,1
flux_00367,test,1,0.12600338,0
flux_00368,test,1,0.30882356,1
flux_00369,test,1,0.2611392,0
flux_00370,test,1,0.30882356,1
flux_00371,test,1,8.0089e-05,0
flux_00372,test,1,0.99999,0
flux_00373,test,1,0.0016448346,0
flux_00374,test,1,0.0017710929,0
flux_00375,test,1,0.30882356,1
flux_00376,test,1,0.027902242,0
flux_00377,test,1,0.30882356,1
flux_00378,test,1,0.30882356,1
flux_00379,test,1,0.30882356,1
flux_00380,test,1,0.034599118,0
flux_00381,test,1,0.3061453,0
flux_00382,test,1,0.30882356,1
flux_00383,test,1,0.12814826,0
flux_00384,test,1,0.96046346,0
flux_00385,test,1,0.9936661,0
flux_00386,test,1,0.8851229,0
flux_00387,test,1,0.30882356,1
flux_00388,test,1,0.30882356,1
flux_00389,test,1,0.00111305,0
flux_00390,test,1,0.06060039,0
flux_00391,test,1,0.30882356,1
flux_00392,test,1,0.9922087,0
flux_00393,test,1,3.0325797e-05,0
flux_00394,test,1,0.00019516045,0
flux_00395,test,1,0.9973846,0
flux_00396,test,1,0.30882356,1
flux_00397,test,1,0.30882356,1
flux_00398,test,1,0.30882356,1
flux_00399,test,1,0.09186032,0
flux_00400,test,1,0.9291222,0
flux_00401,test,1,0.30882356,1
flux_00402,test,1,0.30882356,1
flux_00403,test,1,0.7524868,0
flux_00404,test,1,0.30882356,1
flux_00405,test,1,0.025822887,0
flux_00406,test,1,0.30882356,1
flux_00407,test,1,0.5346527,0
flux_00408,test,1,0.91890454,0
flux_00409,test,1,0.30882356,1
flux_00410,test,1,0.25477213,0
flux_00411,test,1,0.9704809,0
flux_00412,test,1,0.99863476,0
flux_00413,test,1,0.99879503,0
flux_00414,test,1,0.021189656,0
flux_00415,test,1,0.32051605,0
flux_00416,test,1,0.831702,0
flux_00417,test,1,0.8553634,0
flux_00418,test,1,0.30882356,1
flux_00419,test,1,0.30882356,1
flux_00420,test,1,0.7477818,0
flux_00421,test,1,0.30882356,1
flux_00422,test,1,0.016499955,0
flux_00423,test,1,0.30882356,1
flux_00424,test,1,0.023019016,0
flux_00425,test,1,0.30048046,0
flux_00426,test,1,0.30882356,1
flux_00427,test,1,0.30882356,1
flux_00428,test,1,0.43134892,0
flux_00429,test,1,0.18714885,0
flux_00430,test,1,0.30506155,0
flux_00431,test,1,0.30882356,1
flux_00432,test,1,0.30882356,1
flux_00433,test,1,0.30404407,0
flux_00434,test,1,0.30882356,1
flux_00435,test,1,0.029506385,0
flux_00436,test,1,0.11320721,0
flux_00437,test,1,0.30882356,1
flux_00438,test,1,0.022712264,0
flux_00439,test,1,0.30882356,1
flux_00440,test,1,0.009999919,0
flux_00441,test,1,0.30882356,1
flux_00442,test,1,4.9393766e-05,0
flux_00443,test,1,0.16201834,0
flux_00444,test,1,0.30882356,1
flux_00445,test,1,0.9938263,0
flux_00446,test,1,0.0128716035,1
flux_00447,test,1,0.8644887,0
flux_00448,test,1,0.30882356,1
flux_00449,test,1,0.076295,0
flux_00450,test,1,0.07050742,0
flux_00451,test,1,0.30882356,1
flux_00452,test,1,0.30882356,1
flux_00453,test,1,0.30882356,1
flux_00454,test,1,0.9999299,0
flux_00455,test,1,0.060503498,0
flux_00456,test,1,0.9596567,0
flux_00457,test,1,0.30882356,1
flux_00458,test,1,0.30882356,1
flux_00459,test,1,0.045014203,0
flux_00460,test,1,0.6317023,0
flux_00461,test,1,0.24301127,0
flux_00462,test,1,0.30882356,1
flux_00463,test,1,0.037267346,0
flux_00464,test,1,0.187652,0
flux_00465,test,1,0.30882356,1
flux_00466,test,1,0.30882356,1
flux_00467,test,1,0.30882356,1
flux_00468,test,1,0.72906405,0
flux_00469,test,1,0.9267688,0
flux_00470,test,1,0.022121653,0
flux_00471,test,1,0.30882356,1
flux_00472,test,1,0.30882356,1
flux_00473,test,1,0.13617447,0
flux_00474,test,1,0.30882356,1
flux_00475,test,1,0.99341416,0
flux_00476,test,1,0.7091743,0
flux_00477,test,1,0.30882356,1
flux_00478,test,1,0.0004838039,0
flux_00479,test,1,0.30882356,1
flux_00480,test,1,0.24605279,0
flux_00481,test,1,0.28350753,0
flux_00482,test,1,0.30882356,1
flux_00483,test,1,0.30882356,1
flux_00484,test,1,0.0053480994,0
flux_00485,test,1,0.30882356,1
flux_00486,test,1,0.30882356,1
flux_00487,test,1,0.3332875,0
flux_00488,test,1,3.3813155e-06,0
flux_00489,test,1,0.30882356,1
flux_00490,test,1,0.30882356,1
flux_00491,test,1,0.30882356,1
flux_00492,test,1,0.30882356,1
flux_00493,test,1,0.10105605,0
flux_00494,test,1,0.30882356,1
flux_00495,test,1,0.30882356,1
flux_00496,test,1,0.30882356,1
flux_00497,test,1,0.0026020282,0
flux_00498,test,1,0.30882356,1
flux_00499,test,1,0.024160832,0
flux_00500,test,1,0.95886976,0
flux_00501,test,1,0.30882356,1
flux_00502,test,1,0.000110101006,0
flux_00503,test,1,0.30882356,1
flux_00504,test,1,0.028229818,0
flux_00505,test,1,0.30882356,1
flux_00506,test,1,0.0008701871,0
flux_00507,test,1,0.30882356,1
flux_00508,test,1,0.30882356,1
flux_00509,test,1,0.0028226506,0
flux_00510,test,1,0.025839206,0
flux_00511,test,1,0.30882356,1
flux_00512,test,1,0.8393289,0
flux_00513,test,1,0.30882356,1
flux_00514,test,1,0.30882356,1
flux_00515,test,1,0.9880108,0
flux_00516,test,1,0.8843417,1
flux_00517,test,1,0.6833939,0
flux_00518,test,1,0.031697102,0
flux_00519,test,1,0.30882356,1
flux_00520,test,1,0.9193005,0
flux_00521,test,1,0.00028789794,0
flux_00522,test,1,0.74556357,1
flux_00523,test,1,0.30882356,1
flux_00524,test,1,0.7235174,0
flux_00525,test,1,0.9997664,0
flux_00526,test,1,0.30882356,1
flux_00527,test,1,0.22556502,0
flux_00528,test,1,0.30882356,1
flux_00529,test,1,0.30882356,1
flux_00530,test,1,0.9999641,0
flux_00531,test,1,0.9984931,0
flux_00532,test,1,0.30882356,1
flux_00533,test,1,0.9951742,0
flux_00534,test,1,0.99963224,0
flux_00535,test,1,0.30882356,1
flux_00536,test,1,0.30882356,1
flux_00537,test,1,0.30882356,1
flux_00538,test,1,0.07926649,0
flux_00539,test,1,0.0076834867,0
flux_00540,test,1,1.251921e-05,0
flux_00541,test,1,0.6630427,0
flux_00542,test,1,0.30882356,1
flux_00543,test,1,0.61844164,0
flux_00544,test,1,0.30882356,1
flux_00545,test,1,0.30882356,1
flux_00546,test,1,0.30882356,1
flux_00547,test,1,0.30882356,1
flux_00548,test,1,0.30882356,1
flux_00549,test,1,0.0077415793,0
flux_00550,test,1,0.30882356,1
flux_00551,test,1,0.30882356,1
flux_00552,test,1,0.20972398,0
flux_00553,test,1,0.5172462,0
flux_00554,test,1,0.30882356,1
flux_00555,test,1,0.4964476,0
flux_00556,test,1,0.30882356,1
flux_00557,test,1,0.30882356,1
flux_00558,test,1,0.9999609,0
flux_00559,test,1,0.989373,1
flux_00560,test,1,0.14637782,0
flux_00561,test,1,0.30882356,1
flux_00562,test,1,0.30882356,1
flux_00563,test,1,0.00024735948,0
flux_00564,test,1,0.042115208,0
flux_00565,test,1,0.30882356,1
flux_00566,test,1,0.30882356,1
flux_00567,test,1,0.30882356,1
flux_00568,test,1,0.30882356,1
flux_00569,test,1,0.97212696,0
flux_00570,test,1,0.08709678,0
flux_00571,test,1,0.30882356,1
flux_00572,test,1,0.009832669,0
flux_00573,test,1,0.9647128,0
flux_00574,test,1,0.006857932,0
flux_00575,test,1,0.30882356,1
flux_00576,test,1,0.36299157,0
flux_00577,test,1,0.30882356,1
flux_00578,test,1,0.30882356,1
flux_00579,test,1,0.30882356,1
flux_00580,test,1,0.30882356,1
flux_00581,test,1,0.30882356,1
flux_00582,test,1,0.009397818,0
flux_00583,test,1,0.30882356,1
flux_00584,test,1,0.9519691,0
flux_00585,test,1,0.30882356,1
flux_00586,test,1,0.9770181,0
flux_00587,test,1,0.69435036,0
flux_00588,test,1,0.30882356,1
flux_00589,test,1,0.027340556,0
flux_00590,test,1,0.031088483,0
flux_00591,test,1,0.0047674375,0
flux_00592,test,1,0.9355382,0
flux_00593,test,1,0.29926,0
flux_00594,test,1,0.030723378,0
flux_00595,test,1,0.30882356,1
flux_00596,test,1,0.30882356,1
flux_00597,test,1,0.30882356,1
flux_00598,test,1,0.020700686,0
flux_00599,test,1,0.30882356,1
flux_00600,test,1,0.07637831,0
flux_00601,test,1,0.30882356,1
flux_00602,test,1,0.95469356,0
flux_00603,test,1,0.6991102,0
flux_00604,test,1,0.30882356,1
flux_00605,test,1,0.30882356,1
flux_00606,test,1,0.9934875,0
flux_00607,test,1,0.30882356,1
flux_00608,test,1,0.30882356,1
flux_00609,test,1,0.30882356,1
flux_00610,test,1,0.008628782,0
flux_00611,test,1,0.36448655,0
flux_00612,test,1,0.008732321,0
flux_00613,test,1,0.7106293,0
flux_00614,test,1,0.023143103,0
flux_00615,test,1,0.088029,0
flux_00616,test,1,0.30882356,1
flux_00617,test,1,0.30882356,1
flux_00618,test,1,0.30882356,1
flux_00619,test,1,0.99877995,0
flux_00620,test,1,0.9990293,0
flux_00621,test,1,0.28001648,0
flux_00622,test,1,0.30882356,1
flux_00623,test,1,0.30882356,1
flux_00624,test,1,0.30882356,1
flux_00625,test,1,0.30882356,1
flux_00626,test,1,0.00019097899,0
flux_00627,test,1,0.98569286,0
flux_00628,test,1,0.02483238,0
flux_00629,test,1,0.30882356,1
flux_00630,test,1,0.30882356,1
flux_00631,test,1,0.020307928,0
flux_00632,test,1,0.30882356,1
flux_00633,test,1,0.80515206,0
flux_00634,test,1,0.96786034,0
flux_00635,test,1,0.70143753,0
flux_00636,test,1,0.30882356,1
flux_00637,test,1,0.5837746,0
flux_00638,test,1,0.30882356,1
flux_00639,test,1,0.000114771945,0
flux_00640,test,1,0.6189816,0
flux_00641,test,1,0.30882356,1
flux_00642,test,1,0.069805704,0
flux_00643,test,1,0.25970298,0
flux_00644,test,1,0.6946267,0
flux_00645,test,1,0.30882356,1
flux_00646,test,1,0.30882356,1
flux_00647,test,1,0.99999964,0
flux_00648,test,1,0.45841196,0
flux_00649,test,1,0.30882356,1
flux_00650,test,1,0.7268957,0
flux_00651,test,1,3.8820003e-06,0
flux_00652,test,1,0.0033521084,0
flux_00653,test,1,0.5941612,0
flux_00654,test,1,0.30882356,1
flux_00655,test,1,0.9653537,0
flux_00656,test,1,0.0021399332,0
flux_00657,test,1,0.30882356,1
flux_00658,test,1,0.13829121,0
flux_00659,test,1,0.39975783,0
flux_00660,test,1,0.30882356,1
flux_00661,test,1,0.99456364,0
flux_00662,test,1,0.004849739,0
flux_00663,test,1,0.30882356,1
flux_00664,test,1,0.695499,0
flux_00665,test,1,0.00054845057,0
flux_00666,test,1,0.30882356,1
flux_00667,test,1,0.30882356,1
flux_00668,test,1,0.019735739,0
flux_00669,test,1,0.6892435,0
flux_00670,test,1,0.023091469,0
flux_00671,test,1,0.0050360733,0
flux_00672,test,1,0.30882356,1
flux_00673,test,1,0.30882356,1
flux_00674,test,1,0.6588449,0
flux_00675,test,1,0.30882356,1
flux_00676,test,1,0.30882356,1
flux_00677,test,1,0.4553609,0
flux_00678,test,1,0.93748856,0
flux_00679,test,1,0.2114398,0
flux_00680,test,1,0.11071198,0
flux_00681,test,1,0.04930037,0
flux_00682,test,1,0.30882356,1
flux_00683,test,1,0.30882356,1
flux_00684,test,1,0.0011909142,0
flux_00685,test,1,4.7765978e-05,0
flux_00686,test,1,0.8510551,0
flux_00687,test,1,0.30882356,1
flux_00688,test,1,0.028241241,0
flux_00689,test,1,0.30882356,1
flux_00690,test,1,0.30882356,1
flux_00691,test,1,0.60889393,0
flux_00692,test,1,0.30882356,1
flux_00693,test,1,0.30882356,1
flux_00694,test,1,0.55824596,0
flux_00695,test,1,0.30882356,1
flux_00696,test,1,0.0014632981,0
flux_00697,test,1,0.30882356,1
flux_00698,test,1,0.5975146,0
flux_00699,test,1,0.30882356,1
flux_00700,test,1,0.993652,0
flux_00701,test,1,0.30882356,1
flux_00702,test,1,0.5541766,0
flux_00703,test,1,0.8289916,0
flux_00704,test,1,0.30882356,1
flux_00705,test,1,0.30882356,1
flux_00706,test,1,0.5998003,0
flux_00707,test,1,0.46998495,0
flux_00708,test,1,0.027249966,0
flux_00709,test,1,0.9779283,0
flux_00710,test,1,0.30882356,1
flux_00711,test,1,0.7085489,0
flux_00712,test,1,0.0031373624,0
flux_00713,test,1,0.30882356,1
flux_00714,test,1,0.007933189,0
flux_00715,test,1,0.30882356,1
flux_00716,test,1,0.13177483,0
flux_00717,test,1,0.0047374014,0
flux_00718,test,1,0.30882356,1
flux_00719,test,1,0.009424941,0
flux_00720,test,1,0.06350853,0
flux_00721,test,1,0.30882356,1
flux_00722,test,1,0.023160487,0
flux_00723,test,1,0.00036119024,0
flux_00724,test,1,0.30882356,1
flux_00725,test,1,0.30882356,1
flux_00726,test,1,0.30882356,1
flux_00727,test,1,0.30882356,1
flux_00728,test,1,0.97242534,0
flux_00729,test,1,0.30882356,1
flux_00730,test,1,0.9999969,0
flux_00731,test,1,0.8020042,0
flux_00732,test,1,0.05808166,0
flux_00733,test,1,0.0007362573,0
flux_00734,test,1,0.30882356,1
flux_00735,test,1,0.30882356,1
flux_00736,test,1,0.30882356,1
flux_00737,test,1,0.30882356,1
flux_00738,test,1,0.060160726,0
flux_00739,test,1,0.14915845,0
flux_00740,test,1,2.477584e-06,0
flux_00741,test,1,0.30882356,1
flux_00742,test,1,0.9813897,0
flux_00743,test,1,0.13259815,1
flux_00744,test,1,0.30882356,1
flux_00745,test,1,0.5947126,0
flux_00746,test,1,0.30882356,1
flux_00747,test,1,0.12778062,0
flux_00748,test,1,0.30882356,1
flux_00749,test,1,0.115144856,0
flux_00750,test,1,0.30882356,1
flux_00751,test,1,0.30882356,1
flux_00752,test,1,0.2484335,0
flux_00753,test,1,0.30882356,1
flux_00754,test,1,0.013979891,0
flux_00755,test,1,0.30882356,1
flux_00756,test,1,0.08509294,0
flux_00757,test,1,0.013104154,0
flux_00758,test,1,0.00066101353,0
flux_00759,test,1,0.008453256,0
flux_00760,test,1,1.7817898e-05,0
flux_00761,test,1,0.0019129034,0
flux_00762,test,1,0.30882356,1
flux_00763,test,1,0.8642846,0
flux_00764,test,1,0.9517778,0
flux_00765,test,1,0.30882356,1
flux_00766,test,1,0.027155297,0
flux_00767,test,1,0.031919923,0
flux_00768,test,1,0.9982994,0
flux_00769,test,1,0.41638312,0
flux_00770,test,1,0.30882356,1
flux_00771,test,1,0.7289751,0
flux_00772,test,1,0.5248494,0
flux_00773,test,1,0.00020079191,0
flux_00774,test,1,0.12416281,0
flux_00775,test,1,0.30882356,1
flux_00776,test,1,0.00017290823,0
flux_00777,test,1,0.84444886,0
flux_00778,test,1,0.30882356,1
flux_00779,test,1,0.30882356,1
flux_00780,test,1,0.30882356,1
flux_00781,test,1,0.27507266,0
flux_00782,test,1,0.30882356,1
flux_00783,test,1,0.30882356,1
flux_00784,test,1,0.043516923,0
flux_00785,test,1,0.31895873,0
flux_00786,test,1,3.9131834e-07,0
flux_00787,test,1,0.30882356,1
flux_00788,test,1,0.30882356,1
flux_00789,test,1,0.1719071,0
flux_00790,test,1,0.30882356,1
flux_00791,test,1,0.019058524,0
flux_00792,test,1,0.003884938,0
flux_00793,test,1,0.0582781,0
flux_00794,test,1,0.035880286,0
flux_00795,test,1,0.41411847,0
flux_00796,test,1,0.2515817,0
flux_00797,test,1,0.30882356,1
flux_00798,test,1,0.026847733,0
flux_00799,test,1,0.9994854,0
flux_00800,test,1,0.30882356,1
flux_00801,test,1,0.9623667,0
flux_00802,test,1,0.96259826,0
flux_00803,test,1,0.30882356,1
flux_00804,test,1,0.0055293567,0
flux_00805,test,1,0.30882356,1
flux_00806,test,1,0.012214045,0
flux_00807,test,1,0.30882356,1
flux_00808,test,1,0.9925538,0
flux_00809,test,1,0.76767147,0
flux_00810,test,1,0.0006258761,0
flux_00811,test,1,0.30882356,1
flux_00812,test,1,0.6817693,0
flux_00813,test,1,0.61630625,0
flux_00814,test,1,0.30882356,1
flux_00815,test,1,0.9981989,0
flux_00816,test,1,0.031227905,0
flux_00817,test,1,0.30882356,1
flux_00818,test,1,0.9020126,0
flux_00819,test,1,0.595791,0
flux_00820,test,1,0.001542172,0
flux_00821,test,1,0.73126626,0
flux_00822,test,1,0.30882356,1
flux_00823,test,1,0.30882356,1
flux_00824,test,1,0.95482606,0
flux_00825,test,1,0.30882356,1
flux_00826,test,1,0.6511402,0
flux_00827,test,1,0.29264987,0
flux_00828,test,1,0.6746421,0
flux_00829,test,1,0.3403584,0
flux_00830,test,1,0.14624804,0
flux_00831,test,1,0.24358359,0
flux_00832,test,1,0.30882356,1
flux_00833,test,1,0.30882356,1
flux_00834,test,1,0.30882356,1
flux_00835,test,1,0.00014397019,0
flux_00836,test,1,0.9355145,0
flux_00837,test,1,0.9999571,0
flux_00838,test,1,0.014542056,0
flux_00839,test,1,0.35813382,0
flux_00840,test,1,0.34866253,0
flux_00841,test,1,0.84956145,0
flux_00842,test,1,0.21955733,0
flux_00843,test,1,0.30882356,1
flux_00844,test,1,0.30882356,1
flux_00845,test,1,0.9895214,0
flux_00846,test,1,0.30882356,1
flux_00847,test,1,0.30882356,1
flux_00848,test,1,0.30882356,1
flux_00849,test,1,0.031055894,0
flux_00850,test,1,0.30882356,1
flux_00851,test,1,0.052005935,0
flux_00852,test,1,0.30882356,1
flux_00853,test,1,0.01715971,0
flux_00854,test,1,0.30882356,1
flux_00855,test,1,0.0011523981,0
flux_00856,test,1,0.009019717,0
flux_00857,test,1,0.30882356,1
flux_00858,test,1,0.034076773,0
flux_00859,test,1,0.22875242,0
flux_00860,test,1,0.30882356,1
flux_00861,test,1,0.30882356,1
flux_00862,test,1,0.35089886,0
flux_00863,test,1,0.45505756,0
flux_00864,test,1,0.6245955,0
flux_00865,test,1,0.0007449882,0
flux_00866,test,1,9.723114e-05,0
flux_00867,test,1,0.018352399,0
flux_00868,test,1,0.30882356,1
flux_00869,test,1,0.05753565,0
flux_00870,test,1,0.016223164,0
flux_00871,test,1,0.30882356,1
flux_00872,test,1,0.30882356,1
flux_00873,test,1,3.033384e-05,0
flux_00874,test,1,0.30882356,1
flux_00875,test,1,0.12253625,0
flux_00876,test,1,0.88618445,0
flux_00877,test,1,0.30882356,1
flux_00878,test,1,0.9987018,0
flux_00879,test,1,0.030689485,0
flux_00880,test,1,0.30882356,1
flux_00881,test,1,0.010915205,0
flux_00882,test,1,0.30882356,1
flux_00883,test,1,0.30882356,1
flux_00884,test,1,0.0022062787,0
flux_00885,test,1,0.30882356,1
flux_00886,test,1,0.30882356,1
flux_00887,test,1,0.48383495,0
flux_00888,test,1,0.30882356,1
flux_00889,test,1,0.30882356,1
flux_00890,test,1,0.9838763,0
flux_00891,test,1,0.30882356,1
flux_00892,test,1,0.78264546,0
flux_00893,test,1,0.30882356,1
flux_00894,test,1,0.00030816087,0
flux_00895,test,1,0.99997723,0
flux_00896,test,1,0.6937824,0
flux_00897,test,1,0.9171176,0
flux_00898,test,1,0.30882356,1
flux_00899,test,1,0.890803,0
flux_00900,test,1,0.30882356,1
flux_00901,test,1,0.30882356,1
flux_00902,test,1,0.8904669,0
flux_00903,test,1,0.4419603,0
flux_00904,test,1,0.060076952,0
flux_00905,test,1,3.2348118e-05,0
flux_00906,test,1,0.99971133,0
flux_00907,test,1,6.396044e-05,0
flux_00908,test,1,0.67337435,0
flux_00909,test,1,0.34373623,1
flux_00910,test,1,0.77901447,0
flux_00911,test,1,0.06400374,0
flux_00912,test,1,0.004296437,0
flux_00913,test,1,0.30882356,1
flux_00914,test,1,0.05411839,0
flux_00915,test,1,0.30882356,1
flux_00916,test,1,0.30882356,1
flux_00917,test,1,0.034655254,0
flux_00918,test,1,0.040375765,0
flux_00919,test,1,0.30882356,1
flux_00920,test,1,0.30882356,1
flux_00921,test,1,0.15606788,0
flux_00922,test,1,0.08344048,0
flux_00923,test,1,0.9968618,0
flux_00924,test,1,0.00030593903,0
flux_00925,test,1,0.30882356,1
flux_00926,test,1,0.043279413,0
flux_00927,test,1,0.99864596,0
flux_00928,test,1,0.30882356,1
flux_00929,test,1,0.0065229596,0
flux_00930,test,1,0.08902914,0
flux_00931,test,1,0.9604451,0
flux_00932,test,1,0.98376495,0
flux_00933,test,1,0.30882356,1
flux_00934,test,1,0.30882356,1
flux_00935,test,1,0.30882356,1
flux_00936,test,1,0.30882356,1
flux_00937,test,1,0.30882356,1
flux_00938,test,1,0.00077897107,0
flux_00939,test,1,0.30882356,1
flux_00940,test,1,0.30882356,1
flux_00941,test,1,0.30882356,1
flux_00942,test,1,0.30882356,1
flux_00943,test,1,0.30882356,1
flux_00944,test,1,0.30882356,1
flux_00945,test,1,0.016475482,0
flux_00946,test,1,0.30882356,1
flux_00947,test,1,0.30882356,1
flux_00948,test,1,0.6112431,0
flux_00949,test,1,0.30882356,1
flux_00950,test,1,0.45490068,0
flux_00951,test,1,0.12327947,0
flux_00952,test,1,0.15135664,0
flux_00953,test,1,0.041310113,0
flux_00954,test,1,0.14403805,0
flux_00955,test,1,0.30882356,1
flux_00956,test,1,0.1824828,0
flux_00957,test,1,0.0036907254,0
flux_00958,test,1,0.30882356,1
flux_00959,test,1,0.30882356,1
flux_00960,test,1,0.30882356,1
flux_00961,test,1,0.30882356,1
flux_00962,test,1,0.30882356,1
flux_00963,test,1,0.27060378,0
flux_00964,test,1,0.30882356,1
flux_00965,test,1,0.1817044,0
flux_00966,test,1,0.30882356,1
flux_00967,test,1,0.010194595,0
flux_00968,test,1,0.016538767,0
flux_00969,test,1,0.30882356,1
flux_00970,test,1,0.96890956,0
flux_00971,test,1,0.028203575,0
flux_00972,test,1,0.15843736,0
flux_00973,test,1,0.9492009,0
flux_00974,test,1,0.30882356,1
flux_00975,test,1,1.8003871e-05,0
flux_00976,test,1,0.8377459,0
flux_00977,test,1,0.27934873,0
flux_00978,test,1,0.30882356,1
flux_00979,test,1,0.30882356,1
flux_00980,test,1,0.82365626,0
flux_00981,test,1,0.99955696,0
flux_00982,test,1,0.2549321,0
flux_00983,test,1,0.30882356,1
flux_00984,test,1,0.20726342,0
flux_00985,test,1,0.043682575,0
flux_00986,test,1,9.572139e-05,0
flux_00987,test,1,0.9897251,0
flux_00988,test,1,0.0072480985,1
flux_00989,test,1,0.63978535,0
flux_00990,test,1,0.9874024,0
flux_00991,test,1,0.10657994,0
flux_00992,test,1,0.30882356,1
flux_00993,test,1,0.30882356,1
flux_00994,test,1,0.8855999,0
flux_00995,test,1,0.28869575,0
flux_00996,test,1,0.30882356,1
flux_00997,test,1,0.30882356,1
flux_00998,test,1,0.8715162,0
flux_00999,test,1,0.33489057,0
gigagan_00000,test,1,0.08075005,0
gigagan_00001,test,1,0.9922497,0
gigagan_00002,test,1,0.30882356,1
gigagan_00003,test,1,0.30882356,1
gigagan_00004,test,1,0.30882356,1
gigagan_00005,test,1,7.7258765e-06,0
gigagan_00006,test,1,0.5565285,0
gigagan_00007,test,1,0.03367735,0
gigagan_00008,test,1,0.14062366,0
gigagan_00009,test,1,0.00055689056,0
gigagan_00010,test,1,0.30882356,1
gigagan_00011,test,1,0.30882356,1
gigagan_00012,test,1,3.7239536e-06,0
gigagan_00013,test,1,0.30882356,1
gigagan_00014,test,1,0.0070750713,0
gigagan_00015,test,1,0.7532103,0
gigagan_00016,test,1,0.00058332545,0
gigagan_00017,test,1,0.36260968,0
gigagan_00018,test,1,0.30882356,1
gigagan_00019,test,1,0.010536829,0
gigagan_00020,test,1,0.30882356,1
gigagan_00021,test,1,0.01639192,0
gigagan_00022,test,1,0.055676226,0
gigagan_00023,test,1,0.0040394296,0
gigagan_00024,test,1,0.30882356,1
gigagan_00025,test,1,0.30882356,1
gigagan_00026,test,1,0.30882356,1
gigagan_00027,test,1,0.30882356,1
gigagan_00028,test,1,0.43062842,0
gigagan_00029,test,1,0.023546195,0
gigagan_00030,test,1,0.30882356,1
gigagan_00031,test,1,0.30882356,1
gigagan_00032,test,1,0.30882356,1
gigagan_00033,test,1,0.30882356,1
gigagan_00034,test,1,0.85776466,0
gigagan_00035,test,1,0.30882356,1
gigagan_00036,test,1,0.30882356,1
gigagan_00037,test,1,0.13164203,0
gigagan_00038,test,1,0.30882356,1
gigagan_00039,test,1,0.30882356,1
gigagan_00040,test,1,0.866435,0
gigagan_00041,test,1,0.57450575,0
gigagan_00042,test,1,5.1048137e-05,0
gigagan_00043,test,1,0.035442486,0
gigagan_00044,test,1,0.30882356,1
gigagan_00045,test,1,0.30882356,1
gigagan_00046,test,1,0.86426634,0
gigagan_00047,test,1,0.0005055754,0
gigagan_00048,test,1,4.1668838e-05,0
gigagan_00049,test,1,0.30882356,1
gigagan_00050,test,1,0.0014919051,0
gigagan_00051,test,1,0.30882356,1
gigagan_00052,test,1,0.00059554214,0
gigagan_00053,test,1,0.30882356,1
gigagan_00054,test,1,0.30882356,1
gigagan_00055,test,1,0.30882356,1
gigagan_00056,test,1,0.30882356,1
gigagan_00057,test,1,0.0048320186,0
gigagan_00058,test,1,0.30882356,1
gigagan_00059,test,1,0.30882356,1
gigagan_00060,test,1,0.0017775588,0
gigagan_00061,test,1,0.99309456,0
gigagan_00062,test,1,0.30882356,1
gigagan_00063,test,1,0.30882356,1
gigagan_00064,test,1,0.053066816,0
gigagan_00065,test,1,0.66521174,0
gigagan_00066,test,1,0.00064644904,0
gigagan_00067,test,1,0.0014498852,0
gigagan_00068,test,1,0.1922021,0
gigagan_00069,test,1,0.30882356,1
gigagan_00070,test,1,0.993782,0
gigagan_00071,test,1,0.30882356,1
gigagan_00072,test,1,0.69145834,0
gigagan_00073,test,1,0.7861918,0
gigagan_00074,test,1,0.2627349,0
gigagan_00075,test,1,0.30882356,1
gigagan_00076,test,1,0.30882356,1
gigagan_00077,test,1,0.30882356,1
gigagan_00078,test,1,0.0063740388,0
gigagan_00079,test,1,0.9997043,0
gigagan_00080,test,1,0.30882356,1
gigagan_00081,test,1,0.1013823,0
gigagan_00082,test,1,0.30882356,1
gigagan_00083,test,1,0.031113826,0
gigagan_00084,test,1,0.2105603,0
gigagan_00085,test,1,3.7562327e-06,0
gigagan_00086,test,1,0.30882356,1
gigagan_00087,test,1,8.618018e-06,0
gigagan_00088,test,1,0.04881141,0
gigagan_00089,test,1,0.050576024,0
gigagan_00090,test,1,0.00066798256,0
gigagan_00091,test,1,0.00022246872,0
gigagan_00092,test,1,0.10445501,0
gigagan_00093,test,1,0.30882356,1
gigagan_00094,test,1,0.069965556,0
gigagan_00095,test,1,0.30882356,1
gigagan_00096,test,1,0.30882356,1
gigagan_00097,test,1,0.0017760348,0
gigagan_00098,test,1,0.23465277,0
gigagan_00099,test,1,0.18143997,0
gigagan_00100,test,1,0.30882356,1
gigagan_00101,test,1,0.00013917666,0
gigagan_00102,test,1,0.003711708,0
gigagan_00103,test,1,0.971419,0
gigagan_00104,test,1,6.7062297e-06,0
gigagan_00105,test,1,0.9346979,0
gigagan_00106,test,1,0.7542295,0
gigagan_00107,test,1,0.018070795,0
gigagan_00108,test,1,4.858162e-05,0
gigagan_00109,test,1,0.00018249794,0
gigagan_00110,test,1,0.30882356,1
gigagan_00111,test,1,0.14612788,1
gigagan_00112,test,1,0.072102316,0
gigagan_00113,test,1,0.30882356,1
gigagan_00114,test,1,0.9775328,0
gigagan_00115,test,1,0.30882356,1
gigagan_00116,test,1,0.9830361,0
gigagan_00117,test,1,0.30882356,1
gigagan_00118,test,1,0.31363824,0
gigagan_00119,test,1,0.28243846,0
gigagan_00120,test,1,0.09723483,0
gigagan_00121,test,1,0.30882356,1
gigagan_00122,test,1,0.000226508,0
gigagan_00123,test,1,0.30882356,1
gigagan_00124,test,1,0.12769593,0
gigagan_00125,test,1,0.30882356,1
gigagan_00126,test,1,0.01151255,0
gigagan_00127,test,1,0.30882356,1
gigagan_00128,test,1,0.2826763,0
gigagan_00129,test,1,0.30882356,1
gigagan_00130,test,1,0.49458432,0
gigagan_00131,test,1,0.30882356,1
gigagan_00132,test,1,0.4745107,0
gigagan_00133,test,1,0.9983394,0
gigagan_00134,test,1,0.011665386,0
gigagan_00135,test,1,0.30882356,1
gigagan_00136,test,1,0.30882356,1
gigagan_00137,test,1,0.1688816,0
gigagan_00138,test,1,0.30882356,1
gigagan_00139,test,1,0.50022143,0
gigagan_00140,test,1,0.000511254,0
gigagan_00141,test,1,0.30882356,1
gigagan_00142,test,1,0.30882356,1
gigagan_00143,test,1,0.0045387717,0
gigagan_00144,test,1,0.30882356,1
gigagan_00145,test,1,0.30882356,1
gigagan_00146,test,1,0.30882356,1
gigagan_00147,test,1,0.30882356,1
gigagan_00148,test,1,0.00022680686,0
gigagan_00149,test,1,0.30882356,1
gigagan_00150,test,1,0.30882356,1
gigagan_00151,test,1,0.50744617,0
gigagan_00152,test,1,0.30882356,1
gigagan_00153,test,1,0.30882356,1
gigagan_00154,test,1,0.97028965,0
gigagan_00155,test,1,0.30882356,1
gigagan_00156,test,1,0.30882356,1
gigagan_00157,test,1,0.30882356,1
gigagan_00158,test,1,0.20570783,0
gigagan_00159,test,1,0.0010009467,0
gigagan_00160,test,1,0.010600343,0
gigagan_00161,test,1,0.30882356,1
gigagan_00162,test,1,0.99817276,0
gigagan_00163,test,1,0.30882356,1
gigagan_00164,test,1,0.0002027508,0
gigagan_00165,test,1,0.96803486,0
gigagan_00166,test,1,0.058724947,0
gigagan_00167,test,1,0.0032985948,0
gigagan_00168,test,1,0.30882356,1
gigagan_00169,test,1,8.093273e-09,0
gigagan_00170,test,1,0.30882356,1
gigagan_00171,test,1,0.008977496,0
gigagan_00172,test,1,0.010795102,0
gigagan_00173,test,1,0.00051817903,0
gigagan_00174,test,1,0.019564644,0
gigagan_00175,test,1,0.30882356,1
gigagan_00176,test,1,0.34801367,0
gigagan_00177,test,1,0.15003428,0
gigagan_00178,test,1,8.3421753e-07,0
gigagan_00179,test,1,0.0040459516,0
gigagan_00180,test,1,0.30882356,1
gigagan_00181,test,1,0.30882356,1
gigagan_00182,test,1,0.30882356,1
gigagan_00183,test,1,0.0021872884,0
gigagan_00184,test,1,0.30882356,1
gigagan_00185,test,1,0.30882356,1
gigagan_00186,test,1,0.003672886,0
gigagan_00187,test,1,0.30882356,1
gigagan_00188,test,1,0.30882356,1
gigagan_00189,test,1,0.32818544,0
gigagan_00190,test,1,0.9560463,0
gigagan_00191,test,1,0.008312091,0
gigagan_00192,test,1,0.30882356,1
gigagan_00193,test,1,0.95745313,0
gigagan_00194,test,1,0.98550165,0
gigagan_00195,test,1,0.30882356,1
gigagan_00196,test,1,0.08728987,0
gigagan_00197,test,1,0.13522881,0
gigagan_00198,test,1,0.30882356,1
gigagan_00199,test,1,0.013295288,0
gigagan_00200,test,1,0.8313496,0
gigagan_00201,test,1,0.0065605654,0
gigagan_00202,test,1,0.008215107,1
gigagan_00203,test,1,0.004916283,0
gigagan_00204,test,1,0.0011758204,0
gigagan_00205,test,1,0.30882356,1
gigagan_00206,test,1,0.48765954,0
gigagan_00207,test,1,0.9833974,0
gigagan_00208,test,1,0.02752615,0
gigagan_00209,test,1,0.7403181,0
gigagan_00210,test,1,0.943535,0
gigagan_00211,test,1,0.9960752,0
gigagan_00212,test,1,0.30882356,1
gigagan_00213,test,1,0.30882356,1
gigagan_00214,test,1,0.00078067876,0
gigagan_00215,test,1,0.30882356,1
gigagan_00216,test,1,0.020828044,0
gigagan_00217,test,1,0.034614395,0
gigagan_00218,test,1,0.010283787,0
gigagan_00219,test,1,0.30882356,1
gigagan_00220,test,1,0.9985201,0
gigagan_00221,test,1,0.0013981883,0
gigagan_00222,test,1,0.0133379055,0
gigagan_00223,test,1,0.1637378,0
gigagan_00224,test,1,0.30882356,1
gigagan_00225,test,1,0.30882356,1
gigagan_00226,test,1,0.18140714,0
gigagan_00227,test,1,0.30882356,1
gigagan_00228,test,1,0.019263372,0
gigagan_00229,test,1,0.016745567,0
gigagan_00230,test,1,0.17508042,0
gigagan_00231,test,1,0.04436301,0
gigagan_00232,test,1,0.00772662,0
gigagan_00233,test,1,0.003203575,0
gigagan_00234,test,1,0.029462619,0
gigagan_00235,test,1,0.30882356,1
gigagan_00236,test,1,0.30882356,1
gigagan_00237,test,1,0.30882356,1
gigagan_00238,test,1,0.30882356,1
gigagan_00239,test,1,0.30882356,1
gigagan_00240,test,1,0.023187863,0
gigagan_00241,test,1,0.15180841,0
gigagan_00242,test,1,0.30882356,1
gigagan_00243,test,1,0.30882356,1
gigagan_00244,test,1,0.032611433,0
gigagan_00245,test,1,0.6823864,0
gigagan_00246,test,1,0.30882356,1
gigagan_00247,test,1,0.44320443,0
gigagan_00248,test,1,0.6416853,0
gigagan_00249,test,1,0.30882356,1
gigagan_00250,test,1,0.30882356,1
gigagan_00251,test,1,0.30882356,1
gigagan_00252,test,1,0.10379561,0
gigagan_00253,test,1,0.30882356,1
gigagan_00254,test,1,2.6339256e-07,0
gigagan_00255,test,1,0.30882356,1
gigagan_00256,test,1,0.30882356,1
gigagan_00257,test,1,0.30882356,1
gigagan_00258,test,1,0.10659788,0
gigagan_00259,test,1,0.30882356,1
gigagan_00260,test,1,0.0008072702,0
gigagan_00261,test,1,0.37321678,0
gigagan_00262,test,1,0.084932916,1
gigagan_00263,test,1,0.38696316,0
gigagan_00264,test,1,0.30882356,1
gigagan_00265,test,1,0.007989037,0
gigagan_00266,test,1,0.21947777,0
gigagan_00267,test,1,0.30882356,1
gigagan_00268,test,1,0.010104776,0
gigagan_00269,test,1,0.05211793,0
gigagan_00270,test,1,0.30882356,1
gigagan_00271,test,1,0.30882356,1
gigagan_00272,test,1,0.30882356,1
gigagan_00273,test,1,0.12863643,0
gigagan_00274,test,1,0.15839434,0
gigagan_00275,test,1,0.1117976,0
gigagan_00276,test,1,0.9934394,0
gigagan_00277,test,1,0.07429421,0
gigagan_00278,test,1,0.24193959,0
gigagan_00279,test,1,0.30882356,1
gigagan_00280,test,1,0.0009111922,0
gigagan_00281,test,1,0.22924562,0
gigagan_00282,test,1,0.30882356,1
gigagan_00283,test,1,0.30882356,1
gigagan_00284,test,1,0.00013174441,0
gigagan_00285,test,1,0.45687264,0
gigagan_00286,test,1,0.30882356,1
gigagan_00287,test,1,0.9928595,0
gigagan_00288,test,1,0.010923075,0
gigagan_00289,test,1,0.30882356,1
gigagan_00290,test,1,0.004467812,0
gigagan_00291,test,1,0.71430886,0
gigagan_00292,test,1,0.30882356,1
gigagan_00293,test,1,0.09412758,0
gigagan_00294,test,1,0.88349795,0
gigagan_00295,test,1,0.24997711,0
gigagan_00296,test,1,0.34971118,0
gigagan_00297,test,1,0.99903107,0
gigagan_00298,test,1,0.08130351,0
gigagan_00299,test,1,0.0005322093,0
gigagan_00300,test,1,0.30882356,1
gigagan_00301,test,1,0.30882356,1
gigagan_00302,test,1,0.004009072,0
gigagan_00303,test,1,0.30882356,1
gigagan_00304,test,1,0.30882356,1
gigagan_00305,test,1,0.0030044573,0
gigagan_00306,test,1,0.30882356,1
gigagan_00307,test,1,0.78167605,0
gigagan_00308,test,1,0.30882356,1
gigagan_00309,test,1,2.3337254e-06,0
gigagan_00310,test,1,0.3102234,0
gigagan_00311,test,1,0.30882356,1
gigagan_00312,test,1,0.30882356,1
gigagan_00313,test,1,0.30882356,1
gigagan_00314,test,1,0.30882356,1
gigagan_00315,test,1,0.9730406,0
gigagan_00316,test,1,7.669705e-05,0
gigagan_00317,test,1,0.056952655,0
gigagan_00318,test,1,0.30882356,1
gigagan_00319,test,1,0.041359607,0
gigagan_00320,test,1,0.005436913,0
gigagan_00321,test,1,0.10287712,0
gigagan_00322,test,1,0.05168525,0
gigagan_00323,test,1,0.30882356,1
gigagan_00324,test,1,0.91805357,0
gigagan_00325,test,1,0.026394188,0
gigagan_00326,test,1,0.30882356,1
gigagan_00327,test,1,0.30882356,1
gigagan_00328,test,1,0.0003263754,0
gigagan_00329,test,1,0.0014923072,0
gigagan_00330,test,1,0.30882356,1
gigagan_00331,test,1,0.013168206,0
gigagan_00332,test,1,0.30882356,1
gigagan_00333,test,1,0.018550208,0
gigagan_00334,test,1,0.30882356,1
gigagan_00335,test,1,0.38433486,0
gigagan_00336,test,1,0.30882356,1
gigagan_00337,test,1,0.30882356,1
gigagan_00338,test,1,0.30882356,1
gigagan_00339,test,1,0.30882356,1
gigagan_00340,test,1,0.30882356,1
gigagan_00341,test,1,0.0007303506,0
gigagan_00342,test,1,0.21416865,0
gigagan_00343,test,1,0.6466152,0
gigagan_00344,test,1,1.4935519e-05,0
gigagan_00345,test,1,0.2528487,0
gigagan_00346,test,1,0.030372035,0
gigagan_00347,test,1,0.0014973803,0
gigagan_00348,test,1,0.30882356,1
gigagan_00349,test,1,0.30882356,1
gigagan_00350,test,1,0.0034316909,0
gigagan_00351,test,1,0.029662287,0
gigagan_00352,test,1,0.014990429,0
gigagan_00353,test,1,0.30882356,1
gigagan_00354,test,1,0.006164816,0
gigagan_00355,test,1,0.0028954316,0
gigagan_00356,test,1,0.024171235,0
gigagan_00357,test,1,0.9316157,0
gigagan_00358,test,1,8.78943e-05,0
gigagan_00359,test,1,0.006103908,0
gigagan_00360,test,1,0.0035203055,0
gigagan_00361,test,1,0.124523,0
gigagan_00362,test,1,0.30882356,1
gigagan_00363,test,1,0.30882356,1
gigagan_00364,test,1,0.01356139,0
gigagan_00365,test,1,0.30882356,1
gigagan_00366,test,1,0.30882356,1
gigagan_00367,test,1,0.30882356,1
gigagan_00368,test,1,0.30882356,1
gigagan_00369,test,1,0.014896803,0
gigagan_00370,test,1,0.30882356,1
gigagan_00371,test,1,0.11643209,0
gigagan_00372,test,1,0.30882356,1
gigagan_00373,test,1,0.30882356,1
gigagan_00374,test,1,0.30882356,1
gigagan_00375,test,1,0.003511006,0
gigagan_00376,test,1,0.2888666,0
gigagan_00377,test,1,0.30882356,1
gigagan_00378,test,1,0.30882356,1
gigagan_00379,test,1,0.30882356,1
gigagan_00380,test,1,0.30882356,1
gigagan_00381,test,1,0.0036480282,0
gigagan_00382,test,1,0.5618202,0
gigagan_00383,test,1,0.36271107,0
gigagan_00384,test,1,0.014227234,0
gigagan_00385,test,1,0.9714891,0
gigagan_00386,test,1,0.30882356,1
gigagan_00387,test,1,0.30882356,1
gigagan_00388,test,1,0.30882356,1
gigagan_00389,test,1,0.032915823,0
gigagan_00390,test,1,0.9200658,0
gigagan_00391,test,1,7.036994e-05,0
gigagan_00392,test,1,0.96663773,0
gigagan_00393,test,1,3.0937226e-06,0
gigagan_00394,test,1,0.30882356,1
gigagan_00395,test,1,0.30882356,1
gigagan_00396,test,1,0.0715153,0
gigagan_00397,test,1,0.70487064,0
gigagan_00398,test,1,0.10708207,0
gigagan_00399,test,1,0.00831935,0
gigagan_00400,test,1,0.00015477635,1
gigagan_00401,test,1,0.0006259355,0
gigagan_00402,test,1,0.00097272045,0
gigagan_00403,test,1,0.30882356,1
gigagan_00404,test,1,0.30882356,1
gigagan_00405,test,1,0.042054955,0
gigagan_00406,test,1,0.0019968639,0
gigagan_00407,test,1,0.0005027099,0
gigagan_00408,test,1,0.30882356,1
gigagan_00409,test,1,0.30882356,1
gigagan_00410,test,1,0.99576545,0
gigagan_00411,test,1,0.64131105,0
gigagan_00412,test,1,0.30882356,1
gigagan_00413,test,1,0.9254759,0
gigagan_00414,test,1,0.2794708,0
gigagan_00415,test,1,0.00071464176,0
gigagan_00416,test,1,0.30882356,1
gigagan_00417,test,1,0.30882356,1
gigagan_00418,test,1,0.021194298,0
gigagan_00419,test,1,0.9998128,0
gigagan_00420,test,1,0.30882356,1
gigagan_00421,test,1,0.30882356,1
gigagan_00422,test,1,0.30882356,1
gigagan_00423,test,1,0.0031677375,0
gigagan_00424,test,1,0.00082123437,0
gigagan_00425,test,1,0.30882356,1
gigagan_00426,test,1,0.30882356,1
gigagan_00427,test,1,0.30882356,1
gigagan_00428,test,1,0.393107,0
gigagan_00429,test,1,0.28023255,0
gigagan_00430,test,1,0.30882356,1
gigagan_00431,test,1,0.009616407,0
gigagan_00432,test,1,0.106971055,0
gigagan_00433,test,1,0.048296362,0
gigagan_00434,test,1,0.30882356,1
gigagan_00435,test,1,0.30882356,1
gigagan_00436,test,1,0.30882356,1
gigagan_00437,test,1,0.020774873,0
gigagan_00438,test,1,0.83207446,0
gigagan_00439,test,1,0.9997894,0
gigagan_00440,test,1,0.30882356,1
gigagan_00441,test,1,0.30882356,1
gigagan_00442,test,1,0.0005139913,0
gigagan_00443,test,1,0.13420416,0
gigagan_00444,test,1,0.029914372,0
gigagan_00445,test,1,1.1766974e-06,0
gigagan_00446,test,1,0.30882356,1
gigagan_00447,test,1,0.0015556789,0
gigagan_00448,test,1,0.30882356,1
gigagan_00449,test,1,0.30882356,1
gigagan_00450,test,1,0.30882356,1
gigagan_00451,test,1,0.30882356,1
gigagan_00452,test,1,0.056216683,0
gigagan_00453,test,1,0.0003346947,0
gigagan_00454,test,1,0.30882356,1
gigagan_00455,test,1,0.5383439,0
gigagan_00456,test,1,0.30882356,1
gigagan_00457,test,1,0.30882356,1
gigagan_00458,test,1,0.30882356,1
gigagan_00459,test,1,0.00027889965,0
gigagan_00460,test,1,0.30882356,1
gigagan_00461,test,1,0.30882356,1
gigagan_00462,test,1,0.0022770336,0
gigagan_00463,test,1,0.7540802,0
gigagan_00464,test,1,0.30882356,1
gigagan_00465,test,1,0.30882356,1
gigagan_00466,test,1,0.00040008535,0
gigagan_00467,test,1,0.0018933925,0
gigagan_00468,test,1,0.30882356,1
gigagan_00469,test,1,0.024008248,0
gigagan_00470,test,1,0.30882356,1
gigagan_00471,test,1,0.11758717,0
gigagan_00472,test,1,0.30882356,1
gigagan_00473,test,1,0.9117463,0
gigagan_00474,test,1,0.30882356,1
gigagan_00475,test,1,0.68790656,0
gigagan_00476,test,1,0.999864,0
gigagan_00477,test,1,0.015414939,0
gigagan_00478,test,1,0.0092253955,0
gigagan_00479,test,1,0.30882356,1
gigagan_00480,test,1,0.30882356,1
gigagan_00481,test,1,5.23697e-05,0
gigagan_00482,test,1,0.30882356,1
gigagan_00483,test,1,0.30882356,1
gigagan_00484,test,1,0.30882356,1
gigagan_00485,test,1,0.30882356,1
gigagan_00486,test,1,7.296586e-05,0
gigagan_00487,test,1,0.30882356,1
gigagan_00488,test,1,2.5575187e-06,0
gigagan_00489,test,1,0.30882356,1
gigagan_00490,test,1,0.95683205,0
gigagan_00491,test,1,0.061302807,0
gigagan_00492,test,1,0.18840455,0
gigagan_00493,test,1,0.5465991,0
gigagan_00494,test,1,0.30882356,1
gigagan_00495,test,1,0.0065168533,0
gigagan_00496,test,1,0.30882356,1
gigagan_00497,test,1,0.7364406,0
gigagan_00498,test,1,0.19993694,0
gigagan_00499,test,1,0.30882356,1
gigagan_00500,test,1,0.00083755027,0
gigagan_00501,test,1,0.028356802,0
gigagan_00502,test,1,0.30882356,1
gigagan_00503,test,1,0.37591276,0
gigagan_00504,test,1,0.30882356,1
gigagan_00505,test,1,0.081011154,0
gigagan_00506,test,1,0.05074219,0
gigagan_00507,test,1,0.012565624,0
gigagan_00508,test,1,0.98983264,0
gigagan_00509,test,1,0.8115894,0
gigagan_00510,test,1,0.30882356,1
gigagan_00511,test,1,0.96345556,0
gigagan_00512,test,1,0.30882356,1
gigagan_00513,test,1,0.30882356,1
gigagan_00514,test,1,0.012711346,0
gigagan_00515,test,1,0.0015679322,0
gigagan_00516,test,1,0.0006597438,0
gigagan_00517,test,1,0.0025065683,0
gigagan_00518,test,1,1.674742e-05,0
gigagan_00519,test,1,0.30882356,1
gigagan_00520,test,1,0.30882356,1
gigagan_00521,test,1,0.0011069904,0
gigagan_00522,test,1,0.99999905,0
gigagan_00523,test,1,0.9984549,0
gigagan_00524,test,1,0.10004189,0
gigagan_00525,test,1,0.00082813116,0
gigagan_00526,test,1,0.30882356,1
gigagan_00527,test,1,8.854187e-07,0
gigagan_00528,test,1,0.07313498,0
gigagan_00529,test,1,0.30882356,1
gigagan_00530,test,1,0.45900482,0
gigagan_00531,test,1,0.30882356,1
gigagan_00532,test,1,0.09446648,0
gigagan_00533,test,1,0.30882356,1
gigagan_00534,test,1,0.30882356,1
gigagan_00535,test,1,0.30882356,1
gigagan_00536,test,1,0.00012614578,0
gigagan_00537,test,1,5.178716e-05,0
gigagan_00538,test,1,0.13797846,0
gigagan_00539,test,1,0.019288788,0
gigagan_00540,test,1,0.30882356,1
gigagan_00541,test,1,0.24366875,0
gigagan_00542,test,1,0.8777271,0
gigagan_00543,test,1,0.30882356,1
gigagan_00544,test,1,0.0003022867,0
gigagan_00545,test,1,0.30882356,1
gigagan_00546,test,1,0.6348923,0
gigagan_00547,test,1,0.85037816,0
gigagan_00548,test,1,0.30882356,1
gigagan_00549,test,1,0.30882356,1
gigagan_00550,test,1,0.30882356,1
gigagan_00551,test,1,1.0583423e-05,0
gigagan_00552,test,1,0.30882356,1
gigagan_00553,test,1,0.30882356,1
gigagan_00554,test,1,0.30882356,1
gigagan_00555,test,1,0.22857785,0
gigagan_00556,test,1,0.28384158,0
gigagan_00557,test,1,0.991772,0
gigagan_00558,test,1,0.038666498,0
gigagan_00559,test,1,0.30882356,1
gigagan_00560,test,1,0.22465628,0
gigagan_00561,test,1,0.30882356,1
gigagan_00562,test,1,0.000320957,0
gigagan_00563,test,1,0.30882356,1
gigagan_00564,test,1,0.22833182,0
gigagan_00565,test,1,0.30882356,1
gigagan_00566,test,1,0.9963082,0
gigagan_00567,test,1,0.08947974,0
gigagan_00568,test,1,6.9436304e-05,0
gigagan_00569,test,1,0.30882356,1
gigagan_00570,test,1,0.30882356,1
gigagan_00571,test,1,0.30882356,1
gigagan_00572,test,1,0.19814189,0
gigagan_00573,test,1,0.30882356,1
gigagan_00574,test,1,0.08173817,0
gigagan_00575,test,1,0.030983303,0
gigagan_00576,test,1,0.30882356,1
gigagan_00577,test,1,0.04274576,0
gigagan_00578,test,1,0.23143578,0
gigagan_00579,test,1,0.0006097465,0
gigagan_00580,test,1,0.30882356,1
gigagan_00581,test,1,0.30882356,1
gigagan_00582,test,1,0.8366211,0
gigagan_00583,test,1,2.7641086e-05,0
gigagan_00584,test,1,0.30882356,1
gigagan_00585,test,1,0.8939657,0
gigagan_00586,test,1,0.0020618376,0
gigagan_00587,test,1,0.2111349,0
gigagan_00588,test,1,0.30882356,1
gigagan_00589,test,1,0.30882356,1
gigagan_00590,test,1,0.3874666,0
gigagan_00591,test,1,0.00028117627,0
gigagan_00592,test,1,0.30882356,1
gigagan_00593,test,1,0.30882356,1
gigagan_00594,test,1,0.2265038,0
gigagan_00595,test,1,0.14453784,0
gigagan_00596,test,1,0.0023301777,0
gigagan_00597,test,1,0.30882356,1
gigagan_00598,test,1,0.006722505,0
gigagan_00599,test,1,0.00020384326,0
gigagan_00600,test,1,0.007549356,0
gigagan_00601,test,1,0.30882356,1
gigagan_00602,test,1,0.0002463996,0
gigagan_00603,test,1,0.334997,0
gigagan_00604,test,1,0.055590946,0
gigagan_00605,test,1,0.96625304,0
gigagan_00606,test,1,0.46074983,0
gigagan_00607,test,1,0.30882356,1
gigagan_00608,test,1,0.006382585,0
gigagan_00609,test,1,0.30882356,1
gigagan_00610,test,1,0.30882356,1
gigagan_00611,test,1,0.00030343505,0
gigagan_00612,test,1,0.076966695,0
gigagan_00613,test,1,0.009737331,0
gigagan_00614,test,1,0.0071637486,0
gigagan_00615,test,1,0.30882356,1
gigagan_00616,test,1,0.30882356,1
gigagan_00617,test,1,0.30882356,1
gigagan_00618,test,1,6.271158e-05,0
gigagan_00619,test,1,0.30882356,1
gigagan_00620,test,1,0.30882356,1
gigagan_00621,test,1,0.30882356,1
gigagan_00622,test,1,0.30882356,1
gigagan_00623,test,1,0.30882356,1
gigagan_00624,test,1,0.11440648,0
gigagan_00625,test,1,0.028675944,0
gigagan_00626,test,1,0.17472622,0
gigagan_00627,test,1,0.00033575515,0
gigagan_00628,test,1,0.0006319923,0
gigagan_00629,test,1,0.0044682063,0
gigagan_00630,test,1,0.30882356,1
gigagan_00631,test,1,0.008900946,0
gigagan_00632,test,1,0.00028891477,0
gigagan_00633,test,1,0.023217896,0
gigagan_00634,test,1,0.30882356,1
gigagan_00635,test,1,0.30882356,1
gigagan_00636,test,1,0.0011165141,0
gigagan_00637,test,1,0.30882356,1
gigagan_00638,test,1,0.06521223,0
gigagan_00639,test,1,0.5464559,0
gigagan_00640,test,1,0.0921483,0
gigagan_00641,test,1,0.0059119062,0
gigagan_00642,test,1,0.80244166,0
gigagan_00643,test,1,0.016762463,0
gigagan_00644,test,1,0.026048357,0
gigagan_00645,test,1,0.6576135,0
gigagan_00646,test,1,0.30882356,1
gigagan_00647,test,1,0.0016006962,0
gigagan_00648,test,1,0.70855176,0
gigagan_00649,test,1,0.009123895,0
gigagan_00650,test,1,0.30882356,1
gigagan_00651,test,1,0.30882356,1
gigagan_00652,test,1,0.102808066,0
gigagan_00653,test,1,0.9999882,0
gigagan_00654,test,1,0.96354365,0
gigagan_00655,test,1,0.30882356,1
gigagan_00656,test,1,0.30882356,1
gigagan_00657,test,1,0.000345654,0
gigagan_00658,test,1,0.10527373,0
gigagan_00659,test,1,0.026237288,0
gigagan_00660,test,1,0.3019807,0
gigagan_00661,test,1,0.9894505,0
gigagan_00662,test,1,0.9971988,0
gigagan_00663,test,1,0.30882356,1
gigagan_00664,test,1,0.30882356,1
gigagan_00665,test,1,0.30882356,1
gigagan_00666,test,1,0.30882356,1
gigagan_00667,test,1,0.005990546,0
gigagan_00668,test,1,0.30882356,1
gigagan_00669,test,1,0.6564524,0
gigagan_00670,test,1,0.30882356,1
gigagan_00671,test,1,0.30882356,1
gigagan_00672,test,1,0.30882356,1
gigagan_00673,test,1,0.30882356,1
gigagan_00674,test,1,2.7823811e-05,0
gigagan_00675,test,1,0.30882356,1
gigagan_00676,test,1,0.30207664,0
gigagan_00677,test,1,0.009274802,0
gigagan_00678,test,1,0.0002801597,0
gigagan_00679,test,1,6.4747464e-06,0
gigagan_00680,test,1,6.997089e-07,0
gigagan_00681,test,1,0.4489239,0
gigagan_00682,test,1,0.0042266157,0
gigagan_00683,test,1,0.9990565,0
gigagan_00684,test,1,0.30882356,1
gigagan_00685,test,1,0.30882356,1
gigagan_00686,test,1,0.003817844,0
gigagan_00687,test,1,0.30882356,1
gigagan_00688,test,1,0.30882356,1
gigagan_00689,test,1,0.30882356,1
gigagan_00690,test,1,0.30882356,1
gigagan_00691,test,1,0.6016168,0
gigagan_00692,test,1,0.30882356,1
gigagan_00693,test,1,0.0032365986,0
gigagan_00694,test,1,0.30882356,1
gigagan_00695,test,1,0.008685473,0
gigagan_00696,test,1,0.30882356,1
gigagan_00697,test,1,0.30882356,1
gigagan_00698,test,1,0.30882356,1
gigagan_00699,test,1,0.03288283,0
gigagan_00700,test,1,0.16058722,0
gigagan_00701,test,1,0.30882356,1
gigagan_00702,test,1,0.30882356,1
gigagan_00703,test,1,0.7979218,0
gigagan_00704,test,1,0.28864455,0
gigagan_00705,test,1,0.30882356,1
gigagan_00706,test,1,0.30882356,1
gigagan_00707,test,1,0.99460286,0
gigagan_00708,test,1,0.30882356,1
gigagan_00709,test,1,0.30882356,1
gigagan_00710,test,1,0.30882356,1
gigagan_00711,test,1,0.30882356,1
gigagan_00712,test,1,0.00018394132,0
gigagan_00713,test,1,0.30882356,1
gigagan_00714,test,1,0.0017880627,0
gigagan_00715,test,1,0.6296104,0
gigagan_00716,test,1,0.9272129,0
gigagan_00717,test,1,0.30882356,1
gigagan_00718,test,1,0.0049636816,0
gigagan_00719,test,1,0.050699193,0
gigagan_00720,test,1,0.30882356,1
gigagan_00721,test,1,0.9962884,0
gigagan_00722,test,1,0.43620336,0
gigagan_00723,test,1,2.4132726e-06,0
gigagan_00724,test,1,0.97852147,0
gigagan_00725,test,1,0.30882356,1
gigagan_00726,test,1,0.30882356,1
gigagan_00727,test,1,4.575622e-05,0
gigagan_00728,test,1,0.07813863,0
gigagan_00729,test,1,0.19257419,0
gigagan_00730,test,1,0.30882356,1
gigagan_00731,test,1,0.26184055,0
gigagan_00732,test,1,0.022171406,0
gigagan_00733,test,1,0.30882356,1
gigagan_00734,test,1,0.30882356,1
gigagan_00735,test,1,0.08142041,0
gigagan_00736,test,1,0.30882356,1
gigagan_00737,test,1,0.30882356,1
gigagan_00738,test,1,0.30882356,1
gigagan_00739,test,1,0.01435998,0
gigagan_00740,test,1,0.30882356,1
gigagan_00741,test,1,0.30882356,1
gigagan_00742,test,1,0.30882356,1
gigagan_00743,test,1,0.47684565,0
gigagan_00744,test,1,0.107161276,0
gigagan_00745,test,1,0.30882356,1
gigagan_00746,test,1,0.30882356,1
gigagan_00747,test,1,0.30882356,1
gigagan_00748,test,1,0.30882356,1
gigagan_00749,test,1,0.30882356,1
gigagan_00750,test,1,0.30882356,1
gigagan_00751,test,1,0.094618656,0
gigagan_00752,test,1,0.30882356,1
gigagan_00753,test,1,0.14022377,0
gigagan_00754,test,1,0.68399143,0
gigagan_00755,test,1,0.4372137,0
gigagan_00756,test,1,0.16630962,0
gigagan_00757,test,1,0.00021527224,0
gigagan_00758,test,1,0.013722973,0
gigagan_00759,test,1,0.30882356,1
gigagan_00760,test,1,0.30882356,1
gigagan_00761,test,1,0.9914723,0
gigagan_00762,test,1,0.30882356,1
gigagan_00763,test,1,0.41008207,0
gigagan_00764,test,1,0.30882356,1
gigagan_00765,test,1,0.99999464,0
gigagan_00766,test,1,0.30882356,1
gigagan_00767,test,1,0.05957795,0
gigagan_00768,test,1,0.39072865,0
gigagan_00769,test,1,0.30882356,1
gigagan_00770,test,1,0.0053283647,0
gigagan_00771,test,1,0.9967049,0
gigagan_00772,test,1,0.30882356,1
gigagan_00773,test,1,0.26771086,0
gigagan_00774,test,1,0.003891302,0
gigagan_00775,test,1,0.30882356,1
gigagan_00776,test,1,0.30882356,1
gigagan_00777,test,1,0.30882356,1
gigagan_00778,test,1,0.30882356,1
gigagan_00779,test,1,0.80631936,0
gigagan_00780,test,1,0.30882356,1
gigagan_00781,test,1,0.0024030851,0
gigagan_00782,test,1,0.30882356,1
gigagan_00783,test,1,0.99998033,0
gigagan_00784,test,1,0.025843287,0
gigagan_00785,test,1,0.85326946,0
gigagan_00786,test,1,0.005454285,0
gigagan_00787,test,1,0.11939631,0
gigagan_00788,test,1,0.30882356,1
gigagan_00789,test,1,0.00045126138,0
gigagan_00790,test,1,0.30882356,1
gigagan_00791,test,1,8.939012e-09,0
gigagan_00792,test,1,0.30882356,1
gigagan_00793,test,1,0.30882356,1
gigagan_00794,test,1,0.30882356,1
gigagan_00795,test,1,0.0050675734,0
gigagan_00796,test,1,0.30882356,1
gigagan_00797,test,1,0.30882356,1
gigagan_00798,test,1,0.045164425,0
gigagan_00799,test,1,0.00027732807,0
gigagan_00800,test,1,0.49827766,0
gigagan_00801,test,1,0.30882356,1
gigagan_00802,test,1,0.573268,0
gigagan_00803,test,1,0.04420951,0
gigagan_00804,test,1,0.7891088,0
gigagan_00805,test,1,0.30882356,1
gigagan_00806,test,1,0.30882356,1
gigagan_00807,test,1,0.30882356,1
gigagan_00808,test,1,0.96711886,0
gigagan_00809,test,1,0.3572674,0
gigagan_00810,test,1,0.30882356,1
gigagan_00811,test,1,0.20069993,0
gigagan_00812,test,1,0.30882356,1
gigagan_00813,test,1,5.2204254e-05,0
gigagan_00814,test,1,1.8592202e-05,0
gigagan_00815,test,1,0.03622167,0
gigagan_00816,test,1,0.30882356,1
gigagan_00817,test,1,0.0027886357,0
gigagan_00818,test,1,0.659675,0
gigagan_00819,test,1,0.052218508,0
gigagan_00820,test,1,0.30882356,1
gigagan_00821,test,1,0.10964873,0
gigagan_00822,test,1,0.065857254,0
gigagan_00823,test,1,0.30882356,1
gigagan_00824,test,1,0.00012147782,0
gigagan_00825,test,1,0.9767397,0
gigagan_00826,test,1,0.30882356,1
gigagan_00827,test,1,0.30882356,1
gigagan_00828,test,1,0.99249625,0
gigagan_00829,test,1,0.0047720014,0
gigagan_00830,test,1,0.30882356,1
gigagan_00831,test,1,0.30882356,1
gigagan_00832,test,1,0.018253071,0
gigagan_00833,test,1,0.30882356,1
gigagan_00834,test,1,0.0010837803,0
gigagan_00835,test,1,0.053472936,0
gigagan_00836,test,1,0.34387833,0
gigagan_00837,test,1,0.010534572,0
gigagan_00838,test,1,0.018823678,0
gigagan_00839,test,1,0.30882356,1
gigagan_00840,test,1,0.15791766,0
gigagan_00841,test,1,0.037238773,0
gigagan_00842,test,1,0.30882356,1
gigagan_00843,test,1,0.30882356,1
gigagan_00844,test,1,0.00076412776,0
gigagan_00845,test,1,0.0441856,0
gigagan_00846,test,1,0.30882356,1
gigagan_00847,test,1,0.30882356,1
gigagan_00848,test,1,0.30882356,1
gigagan_00849,test,1,0.30882356,1
gigagan_00850,test,1,0.037000567,0
gigagan_00851,test,1,5.2685275e-05,0
gigagan_00852,test,1,0.30882356,1
gigagan_00853,test,1,0.007941337,0
gigagan_00854,test,1,0.30882356,1
gigagan_00855,test,1,0.30882356,1
gigagan_00856,test,1,0.3269272,0
gigagan_00857,test,1,0.30882356,1
gigagan_00858,test,1,0.0356206,0
gigagan_00859,test,1,0.99964213,0
gigagan_00860,test,1,0.0006669832,0
gigagan_00861,test,1,0.975907,0
gigagan_00862,test,1,0.7003263,0
gigagan_00863,test,1,0.30882356,1
gigagan_00864,test,1,0.9979693,0
gigagan_00865,test,1,0.30882356,1
gigagan_00866,test,1,0.30882356,1
gigagan_00867,test,1,0.58062345,0
gigagan_00868,test,1,0.30882356,1
gigagan_00869,test,1,0.30882356,1
gigagan_00870,test,1,0.30882356,1
gigagan_00871,test,1,0.30882356,1
gigagan_00872,test,1,9.781962e-08,0
gigagan_00873,test,1,0.30882356,1
gigagan_00874,test,1,0.04090092,0
gigagan_00875,test,1,0.30882356,1
gigagan_00876,test,1,0.41272122,0
gigagan_00877,test,1,0.99644643,0
gigagan_00878,test,1,0.30882356,1
gigagan_00879,test,1,0.30882356,1
gigagan_00880,test,1,0.59161085,0
gigagan_00881,test,1,0.30882356,1
gigagan_00882,test,1,2.4811054e-05,0
gigagan_00883,test,1,0.07228602,0
gigagan_00884,test,1,0.9473039,0
gigagan_00885,test,1,0.30882356,1
gigagan_00886,test,1,0.028859317,1
gigagan_00887,test,1,0.30882356,1
gigagan_00888,test,1,0.9869912,0
gigagan_00889,test,1,0.001433862,0
gigagan_00890,test,1,0.30882356,1
gigagan_00891,test,1,0.30882356,1
gigagan_00892,test,1,0.30882356,1
gigagan_00893,test,1,0.84939927,0
gigagan_00894,test,1,0.0057822964,0
gigagan_00895,test,1,0.008432799,0
gigagan_00896,test,1,0.30882356,1
gigagan_00897,test,1,0.017287388,0
gigagan_00898,test,1,0.30882356,1
gigagan_00899,test,1,0.26562008,0
gigagan_00900,test,1,0.30882356,1
gigagan_00901,test,1,0.094126604,0
gigagan_00902,test,1,0.30882356,1
gigagan_00903,test,1,0.28081936,0
gigagan_00904,test,1,0.9942714,0
gigagan_00905,test,1,0.30882356,1
gigagan_00906,test,1,0.30882356,1
gigagan_00907,test,1,0.014484726,0
gigagan_00908,test,1,0.30882356,1
gigagan_00909,test,1,0.30882356,1
gigagan_00910,test,1,0.0073508914,0
gigagan_00911,test,1,0.6482967,0
gigagan_00912,test,1,0.30882356,1
gigagan_00913,test,1,0.30882356,1
gigagan_00914,test,1,0.30882356,1
gigagan_00915,test,1,0.0016101672,0
gigagan_00916,test,1,0.46169415,0
gigagan_00917,test,1,0.06843551,0
gigagan_00918,test,1,0.30882356,1
gigagan_00919,test,1,0.30882356,1
gigagan_00920,test,1,0.9989606,0
gigagan_00921,test,1,0.010816203,0
gigagan_00922,test,1,0.69007665,0
gigagan_00923,test,1,0.30882356,1
gigagan_00924,test,1,0.7348749,0
gigagan_00925,test,1,0.0056442176,0
gigagan_00926,test,1,0.30882356,1
gigagan_00927,test,1,0.0005442927,0
gigagan_00928,test,1,0.30882356,1
gigagan_00929,test,1,0.21953073,0
gigagan_00930,test,1,0.30882356,1
gigagan_00931,test,1,0.30882356,1
gigagan_00932,test,1,0.63315815,0
gigagan_00933,test,1,0.30882356,1
gigagan_00934,test,1,0.028294362,0
gigagan_00935,test,1,0.0003883879,0
gigagan_00936,test,1,0.060100216,0
gigagan_00937,test,1,0.30882356,1
gigagan_00938,test,1,0.30882356,1
gigagan_00939,test,1,0.8840414,0
gigagan_00940,test,1,0.038307745,0
gigagan_00941,test,1,0.30882356,1
gigagan_00942,test,1,0.00024219727,0
gigagan_00943,test,1,0.30882356,1
gigagan_00944,test,1,0.30882356,1
gigagan_00945,test,1,0.108583845,0
gigagan_00946,test,1,5.47249e-05,0
gigagan_00947,test,1,0.0020626562,0
gigagan_00948,test,1,0.0031736603,0
gigagan_00949,test,1,0.30882356,1
gigagan_00950,test,1,0.72467387,0
gigagan_00951,test,1,0.30882356,1
gigagan_00952,test,1,0.000105886385,0
gigagan_00953,test,1,0.30882356,1
gigagan_00954,test,1,0.30882356,1
gigagan_00955,test,1,0.96713513,0
gigagan_00956,test,1,0.00014209625,0
gigagan_00957,test,1,0.30882356,1
gigagan_00958,test,1,0.09466082,0
gigagan_00959,test,1,0.0066303164,0
gigagan_00960,test,1,0.03973807,0
gigagan_00961,test,1,0.30882356,1
gigagan_00962,test,1,0.619624,0
gigagan_00963,test,1,0.00873881,0
gigagan_00964,test,1,0.00015047038,0
gigagan_00965,test,1,0.30882356,1
gigagan_00966,test,1,0.6156038,0
gigagan_00967,test,1,0.0751859,0
gigagan_00968,test,1,0.30882356,1
gigagan_00969,test,1,0.0023146924,0
gigagan_00970,test,1,0.9200511,0
gigagan_00971,test,1,0.30882356,1
gigagan_00972,test,1,1.9975065e-05,0
gigagan_00973,test,1,0.00020074677,0
gigagan_00974,test,1,0.30882356,1
gigagan_00975,test,1,0.016402485,0
gigagan_00976,test,1,6.4696025e-08,0
gigagan_00977,test,1,0.012825373,0
gigagan_00978,test,1,0.30882356,1
gigagan_00979,test,1,0.00844939,0
gigagan_00980,test,1,0.9992878,0
gigagan_00981,test,1,0.0767,0
gigagan_00982,test,1,0.99970967,0
gigagan_00983,test,1,0.30882356,1
gigagan_00984,test,1,0.0028458987,0
gigagan_00985,test,1,0.009277515,0
gigagan_00986,test,1,0.30882356,1
gigagan_00987,test,1,0.24663237,0
gigagan_00988,test,1,0.99557024,0
gigagan_00989,test,1,0.99134934,0
gigagan_00990,test,1,0.9996804,0
gigagan_00991,test,1,0.30882356,1
gigagan_00992,test,1,0.11539652,0
gigagan_00993,test,1,0.30882356,1
gigagan_00994,test,1,0.30882356,1
gigagan_00995,test,1,0.22820443,0
gigagan_00996,test,1,0.30882356,1
gigagan_00997,test,1,0.00022173519,0
gigagan_00998,test,1,0.27326867,0
gigagan_00999,test,1,0.30882356,1
midjourney_v5_00000,test,1,0.99334717,0
midjourney_v5_00001,test,1,0.30882356,1
midjourney_v5_00002,test,1,0.014634741,0
midjourney_v5_00003,test,1,0.11687871,0
midjourney_v5_00004,test,1,0.9224674,0
midjourney_v5_00005,test,1,0.80887437,0
midjourney_v5_00006,test,1,0.30882356,1
midjourney_v5_00007,test,1,0.40075707,0
midjourney_v5_00008,test,1,0.23425324,0
midjourney_v5_00009,test,1,0.30882356,1
midjourney_v5_00010,test,1,0.12197631,0
midjourney_v5_00011,test,1,0.00063100044,0
midjourney_v5_00012,test,1,0.30882356,1
midjourney_v5_00013,test,1,0.33564153,0
midjourney_v5_00014,test,1,0.30882356,1
midjourney_v5_00015,test,1,0.30882356,1
midjourney_v5_00016,test,1,0.30882356,1
midjourney_v5_00017,test,1,0.30882356,1
midjourney_v5_00018,test,1,0.30882356,1
midjourney_v5_00019,test,1,0.30882356,1
midjourney_v5_00020,test,1,0.072840236,0
midjourney_v5_00021,test,1,0.30882356,1
midjourney_v5_00022,test,1,0.8750525,0
midjourney_v5_00023,test,1,0.99886847,0
midjourney_v5_00024,test,1,0.3627801,0
midjourney_v5_00025,test,1,0.30882356,1
midjourney_v5_00026,test,1,0.038010556,0
midjourney_v5_00027,test,1,0.30882356,1
midjourney_v5_00028,test,1,0.30882356,1
midjourney_v5_00029,test,1,0.013123853,0
midjourney_v5_00030,test,1,0.020572612,0
midjourney_v5_00031,test,1,0.30882356,1
midjourney_v5_00032,test,1,0.30882356,1
midjourney_v5_00033,test,1,0.30882356,1
midjourney_v5_00034,test,1,0.9843352,0
midjourney_v5_00035,test,1,0.00015134555,0
midjourney_v5_00036,test,1,0.30882356,1
midjourney_v5_00037,test,1,0.1429591,0
midjourney_v5_00038,test,1,0.30882356,1
midjourney_v5_00039,test,1,0.021423627,0
midjourney_v5_00040,test,1,0.18227038,0
midjourney_v5_00041,test,1,0.30882356,1
midjourney_v5_00042,test,1,0.0992372,0
midjourney_v5_00043,test,1,0.9545879,0
midjourney_v5_00044,test,1,0.21571791,0
midjourney_v5_00045,test,1,0.30882356,1
midjourney_v5_00046,test,1,0.30882356,1
midjourney_v5_00047,test,1,0.30882356,1
midjourney_v5_00048,test,1,0.30882356,1
midjourney_v5_00049,test,1,0.9865667,0
midjourney_v5_00050,test,1,0.007303992,0
midjourney_v5_00051,test,1,7.76083e-05,0
midjourney_v5_00052,test,1,0.30882356,1
midjourney_v5_00053,test,1,0.2590814,0
midjourney_v5_00054,test,1,0.30882356,1
midjourney_v5_00055,test,1,0.006763336,0
midjourney_v5_00056,test,1,0.30882356,1
midjourney_v5_00057,test,1,0.02195896,0
midjourney_v5_00058,test,1,0.0446802,0
midjourney_v5_00059,test,1,0.0036438499,0
midjourney_v5_00060,test,1,0.9506415,0
midjourney_v5_00061,test,1,0.9996147,0
midjourney_v5_00062,test,1,0.30882356,1
midjourney_v5_00063,test,1,0.31577468,0
midjourney_v5_00064,test,1,0.97583383,0
midjourney_v5_00065,test,1,0.30882356,1
midjourney_v5_00066,test,1,0.8770661,0
midjourney_v5_00067,test,1,0.30882356,1
midjourney_v5_00068,test,1,0.7950719,0
midjourney_v5_00069,test,1,0.30882356,1
midjourney_v5_00070,test,1,0.056916133,1
midjourney_v5_00071,test,1,0.30882356,1
midjourney_v5_00072,test,1,0.18678607,0
midjourney_v5_00073,test,1,0.53928614,0
midjourney_v5_00074,test,1,0.0010626514,0
midjourney_v5_00075,test,1,0.30882356,1
midjourney_v5_00076,test,1,0.30882356,1
midjourney_v5_00077,test,1,0.30882356,1
midjourney_v5_00078,test,1,0.30882356,1
midjourney_v5_00079,test,1,0.30882356,1
midjourney_v5_00080,test,1,0.004392182,0
midjourney_v5_00081,test,1,0.12165372,0
midjourney_v5_00082,test,1,0.30882356,1
midjourney_v5_00083,test,1,0.36628988,0
midjourney_v5_00084,test,1,0.0120644355,0
midjourney_v5_00085,test,1,0.0012564613,0
midjourney_v5_00086,test,1,0.30882356,1
midjourney_v5_00087,test,1,0.18066505,0
midjourney_v5_00088,test,1,7.427345e-05,0
midjourney_v5_00089,test,1,0.8810608,0
midjourney_v5_00090,test,1,7.936794e-05,0
midjourney_v5_00091,test,1,0.30882356,1
midjourney_v5_00092,test,1,0.30882356,1
midjourney_v5_00093,test,1,0.99608,0
midjourney_v5_00094,test,1,0.35078606,0
midjourney_v5_00095,test,1,0.6117601,0
midjourney_v5_00096,test,1,0.30882356,1
midjourney_v5_00097,test,1,0.21227248,0
midjourney_v5_00098,test,1,0.004326888,0
midjourney_v5_00099,test,1,0.0030257397,0
midjourney_v5_00100,test,1,0.4209434,0
midjourney_v5_00101,test,1,0.30882356,1
midjourney_v5_00102,test,1,0.20015205,0
midjourney_v5_00103,test,1,0.92645967,0
midjourney_v5_00104,test,1,0.30882356,1
midjourney_v5_00105,test,1,0.30882356,1
midjourney_v5_00106,test,1,0.569102,0
midjourney_v5_00107,test,1,0.30882356,1
midjourney_v5_00108,test,1,0.30882356,1
midjourney_v5_00109,test,1,0.6302224,0
midjourney_v5_00110,test,1,0.43581143,0
midjourney_v5_00111,test,1,0.30882356,1
midjourney_v5_00112,test,1,0.30882356,1
midjourney_v5_00113,test,1,0.77492297,0
midjourney_v5_00114,test,1,0.05090183,0
midjourney_v5_00115,test,1,0.94497657,0
midjourney_v5_00116,test,1,0.30882356,1
midjourney_v5_00117,test,1,0.052643586,0
midjourney_v5_00118,test,1,0.24157448,0
midjourney_v5_00119,test,1,0.014200067,0
midjourney_v5_00120,test,1,0.21744789,0
midjourney_v5_00121,test,1,0.30882356,1
midjourney_v5_00122,test,1,0.079671495,0
midjourney_v5_00123,test,1,0.0003462414,0
midjourney_v5_00124,test,1,0.30882356,1
midjourney_v5_00125,test,1,0.30882356,1
midjourney_v5_00126,test,1,0.53350085,0
midjourney_v5_00127,test,1,0.30882356,1
midjourney_v5_00128,test,1,0.30882356,1
midjourney_v5_00129,test,1,0.0076274653,0
midjourney_v5_00130,test,1,0.08092994,0
midjourney_v5_00131,test,1,0.01640537,0
midjourney_v5_00132,test,1,0.30882356,1
midjourney_v5_00133,test,1,0.30882356,1
midjourney_v5_00134,test,1,0.030537058,0
midjourney_v5_00135,test,1,0.30882356,1
midjourney_v5_00136,test,1,0.30882356,1
midjourney_v5_00137,test,1,0.17064331,0
midjourney_v5_00138,test,1,0.30882356,1
midjourney_v5_00139,test,1,0.6036911,0
midjourney_v5_00140,test,1,0.009882207,0
midjourney_v5_00141,test,1,0.50522023,0
midjourney_v5_00142,test,1,0.053686734,0
midjourney_v5_00143,test,1,0.30882356,1
midjourney_v5_00144,test,1,0.30882356,1
midjourney_v5_00145,test,1,0.30882356,1
midjourney_v5_00146,test,1,0.1907731,0
midjourney_v5_00147,test,1,0.30882356,1
midjourney_v5_00148,test,1,0.30882356,1
midjourney_v5_00149,test,1,0.30882356,1
midjourney_v5_00150,test,1,0.30882356,1
midjourney_v5_00151,test,1,0.30882356,1
midjourney_v5_00152,test,1,0.06915638,0
midjourney_v5_00153,test,1,0.26649523,0
midjourney_v5_00154,test,1,0.30882356,1
midjourney_v5_00155,test,1,0.056861326,0
midjourney_v5_00156,test,1,0.30882356,1
midjourney_v5_00157,test,1,0.30882356,1
midjourney_v5_00158,test,1,0.31450692,0
midjourney_v5_00159,test,1,0.95547783,0
midjourney_v5_00160,test,1,0.4672261,0
midjourney_v5_00161,test,1,0.003511834,0
midjourney_v5_00162,test,1,0.09899749,0
midjourney_v5_00163,test,1,0.30882356,1
midjourney_v5_00164,test,1,0.29210633,0
midjourney_v5_00165,test,1,0.30882356,1
midjourney_v5_00166,test,1,0.30882356,1
midjourney_v5_00167,test,1,0.007018395,0
midjourney_v5_00168,test,1,0.30882356,1
midjourney_v5_00169,test,1,0.12950908,0
midjourney_v5_00170,test,1,0.30882356,1
midjourney_v5_00171,test,1,0.74754095,0
midjourney_v5_00172,test,1,0.30882356,1
midjourney_v5_00173,test,1,0.002798483,0
midjourney_v5_00174,test,1,0.30882356,1
midjourney_v5_00175,test,1,0.30882356,1
midjourney_v5_00176,test,1,0.30882356,1
midjourney_v5_00177,test,1,0.029526785,0
midjourney_v5_00178,test,1,0.30882356,1
midjourney_v5_00179,test,1,0.30882356,1
midjourney_v5_00180,test,1,0.0060841334,0
midjourney_v5_00181,test,1,0.30882356,1
midjourney_v5_00182,test,1,0.30882356,1
midjourney_v5_00183,test,1,0.30882356,1
midjourney_v5_00184,test,1,0.30882356,1
midjourney_v5_00185,test,1,0.0046152114,0
midjourney_v5_00186,test,1,0.076947995,0
midjourney_v5_00187,test,1,0.11459599,0
midjourney_v5_00188,test,1,0.34807336,0
midjourney_v5_00189,test,1,0.30882356,1
midjourney_v5_00190,test,1,0.28790015,0
midjourney_v5_00191,test,1,0.038164772,0
midjourney_v5_00192,test,1,0.30882356,1
midjourney_v5_00193,test,1,0.29813465,0
midjourney_v5_00194,test,1,0.9859029,0
midjourney_v5_00195,test,1,1.9209017e-06,0
midjourney_v5_00196,test,1,0.006057583,0
midjourney_v5_00197,test,1,0.30882356,1
midjourney_v5_00198,test,1,0.30882356,1
midjourney_v5_00199,test,1,7.096308e-05,0
midjourney_v5_00200,test,1,0.8686845,0
midjourney_v5_00201,test,1,4.263474e-05,0
midjourney_v5_00202,test,1,0.30882356,1
midjourney_v5_00203,test,1,0.5140646,0
midjourney_v5_00204,test,1,0.30882356,1
midjourney_v5_00205,test,1,0.30882356,1
midjourney_v5_00206,test,1,0.30882356,1
midjourney_v5_00207,test,1,0.006058257,0
midjourney_v5_00208,test,1,0.30882356,1
midjourney_v5_00209,test,1,0.30882356,1
midjourney_v5_00210,test,1,0.4410719,0
midjourney_v5_00211,test,1,0.30882356,1
midjourney_v5_00212,test,1,0.30882356,1
midjourney_v5_00213,test,1,0.30882356,1
midjourney_v5_00214,test,1,0.30882356,1
midjourney_v5_00215,test,1,0.30882356,1
midjourney_v5_00216,test,1,0.30882356,1
midjourney_v5_00217,test,1,0.30882356,1
midjourney_v5_00218,test,1,0.30882356,1
midjourney_v5_00219,test,1,0.003067025,0
midjourney_v5_00220,test,1,0.30882356,1
midjourney_v5_00221,test,1,0.6550384,0
midjourney_v5_00222,test,1,0.30882356,1
midjourney_v5_00223,test,1,0.00072407053,0
midjourney_v5_00224,test,1,0.30882356,1
midjourney_v5_00225,test,1,0.30882356,1
midjourney_v5_00226,test,1,0.30882356,1
midjourney_v5_00227,test,1,0.044997964,0
midjourney_v5_00228,test,1,0.30882356,1
midjourney_v5_00229,test,1,0.0025324156,0
midjourney_v5_00230,test,1,0.97510445,0
midjourney_v5_00231,test,1,0.30882356,1
midjourney_v5_00232,test,1,2.26743e-05,0
midjourney_v5_00233,test,1,0.30882356,1
midjourney_v5_00234,test,1,0.037394043,0
midjourney_v5_00235,test,1,0.02765433,0
midjourney_v5_00236,test,1,0.00999335,0
midjourney_v5_00237,test,1,0.0015485045,0
midjourney_v5_00238,test,1,0.10847102,0
midjourney_v5_00239,test,1,0.9311922,0
midjourney_v5_00240,test,1,0.30882356,1
midjourney_v5_00241,test,1,0.2780851,0
midjourney_v5_00242,test,1,0.00035382342,0
midjourney_v5_00243,test,1,0.30882356,1
midjourney_v5_00244,test,1,0.81562865,0
midjourney_v5_00245,test,1,0.30882356,1
midjourney_v5_00246,test,1,0.30882356,1
midjourney_v5_00247,test,1,0.0220403,0
midjourney_v5_00248,test,1,0.010142986,0
midjourney_v5_00249,test,1,0.002895649,0
midjourney_v5_00250,test,1,0.30882356,1
midjourney_v5_00251,test,1,0.5069076,0
midjourney_v5_00252,test,1,0.30882356,1
midjourney_v5_00253,test,1,0.054778084,0
midjourney_v5_00254,test,1,0.81660736,0
midjourney_v5_00255,test,1,0.30882356,1
midjourney_v5_00256,test,1,0.98233473,0
midjourney_v5_00257,test,1,0.30882356,1
midjourney_v5_00258,test,1,0.0009628476,0
midjourney_v5_00259,test,1,0.30882356,1
midjourney_v5_00260,test,1,0.00048026265,0
midjourney_v5_00261,test,1,0.9160891,0
midjourney_v5_00262,test,1,0.41005206,0
midjourney_v5_00263,test,1,0.30882356,1
midjourney_v5_00264,test,1,0.06616948,0
midjourney_v5_00265,test,1,0.30882356,1
midjourney_v5_00266,test,1,0.30882356,1
midjourney_v5_00267,test,1,0.30882356,1
midjourney_v5_00268,test,1,0.30882356,1
midjourney_v5_00269,test,1,0.14582498,0
midjourney_v5_00270,test,1,0.30882356,1
midjourney_v5_00271,test,1,0.30882356,1
midjourney_v5_00272,test,1,0.30882356,1
midjourney_v5_00273,test,1,0.30882356,1
midjourney_v5_00274,test,1,0.30882356,1
midjourney_v5_00275,test,1,0.30882356,1
midjourney_v5_00276,test,1,0.30882356,1
midjourney_v5_00277,test,1,0.30882356,1
midjourney_v5_00278,test,1,0.30882356,1
midjourney_v5_00279,test,1,0.4081037,0
midjourney_v5_00280,test,1,0.9880909,0
midjourney_v5_00281,test,1,0.59065294,0
midjourney_v5_00282,test,1,0.30882356,1
midjourney_v5_00283,test,1,0.27999634,0
midjourney_v5_00284,test,1,0.002985475,0
midjourney_v5_00285,test,1,0.30882356,1
midjourney_v5_00286,test,1,0.30882356,1
midjourney_v5_00287,test,1,0.41708037,0
midjourney_v5_00288,test,1,0.30882356,1
midjourney_v5_00289,test,1,0.30882356,1
midjourney_v5_00290,test,1,0.30882356,1
midjourney_v5_00291,test,1,0.30882356,1
midjourney_v5_00292,test,1,0.13300523,0
midjourney_v5_00293,test,1,0.0029416028,0
midjourney_v5_00294,test,1,0.38981268,0
midjourney_v5_00295,test,1,0.30882356,1
midjourney_v5_00296,test,1,0.9686442,0
midjourney_v5_00297,test,1,0.24758828,0
midjourney_v5_00298,test,1,0.30882356,1
midjourney_v5_00299,test,1,0.30882356,1
midjourney_v5_00300,test,1,0.00061194686,0
midjourney_v5_00301,test,1,0.30882356,1
midjourney_v5_00302,test,1,0.30882356,1
midjourney_v5_00303,test,1,0.30882356,1
midjourney_v5_00304,test,1,0.30882356,1
midjourney_v5_00305,test,1,0.30882356,1
midjourney_v5_00306,test,1,0.02064074,0
midjourney_v5_00307,test,1,0.30882356,1
midjourney_v5_00308,test,1,0.30882356,1
midjourney_v5_00309,test,1,0.38746396,0
midjourney_v5_00310,test,1,0.30882356,1
midjourney_v5_00311,test,1,0.0008852986,0
midjourney_v5_00312,test,1,0.30882356,1
midjourney_v5_00313,test,1,0.122706175,0
midjourney_v5_00314,test,1,0.30882356,1
midjourney_v5_00315,test,1,0.30882356,1
midjourney_v5_00316,test,1,0.30882356,1
midjourney_v5_00317,test,1,0.30882356,1
midjourney_v5_00318,test,1,0.00068877445,0
midjourney_v5_00319,test,1,0.00014157257,0
midjourney_v5_00320,test,1,0.7113523,0
midjourney_v5_00321,test,1,0.079527214,0
midjourney_v5_00322,test,1,0.52920794,0
midjourney_v5_00323,test,1,0.015282089,0
midjourney_v5_00324,test,1,0.5014801,0
midjourney_v5_00325,test,1,0.16271985,0
midjourney_v5_00326,test,1,0.12224552,0
midjourney_v5_00327,test,1,0.30882356,1
midjourney_v5_00328,test,1,0.012636249,0
midjourney_v5_00329,test,1,0.30882356,1
midjourney_v5_00330,test,1,0.8698609,0
midjourney_v5_00331,test,1,0.30882356,1
midjourney_v5_00332,test,1,0.30882356,1
midjourney_v5_00333,test,1,0.114776894,0
midjourney_v5_00334,test,1,0.30882356,1
midjourney_v5_00335,test,1,0.59152627,0
midjourney_v5_00336,test,1,0.30882356,1
midjourney_v5_00337,test,1,0.30882356,1
midjourney_v5_00338,test,1,0.14441496,0
midjourney_v5_00339,test,1,0.30882356,1
midjourney_v5_00340,test,1,0.30882356,1
midjourney_v5_00341,test,1,0.028681843,0
midjourney_v5_00342,test,1,0.5603965,0
midjourney_v5_00343,test,1,0.068592295,0
midjourney_v5_00344,test,1,0.30882356,1
midjourney_v5_00345,test,1,0.30882356,1
midjourney_v5_00346,test,1,0.96046156,0
midjourney_v5_00347,test,1,0.0001379691,0
midjourney_v5_00348,test,1,0.30882356,1
midjourney_v5_00349,test,1,0.30882356,1
midjourney_v5_00350,test,1,0.0041908678,0
midjourney_v5_00351,test,1,0.46280983,0
midjourney_v5_00352,test,1,0.33207643,0
midjourney_v5_00353,test,1,0.28508615,0
midjourney_v5_00354,test,1,0.20645836,0
midjourney_v5_00355,test,1,0.30882356,1
midjourney_v5_00356,test,1,0.89486057,0
midjourney_v5_00357,test,1,0.30882356,1
midjourney_v5_00358,test,1,0.30882356,1
midjourney_v5_00359,test,1,0.9948515,0
midjourney_v5_00360,test,1,0.30882356,1
midjourney_v5_00361,test,1,0.30882356,1
midjourney_v5_00362,test,1,0.30882356,1
midjourney_v5_00363,test,1,0.46411192,0
midjourney_v5_00364,test,1,0.38076186,0
midjourney_v5_00365,test,1,0.30882356,1
midjourney_v5_00366,test,1,0.30882356,1
midjourney_v5_00367,test,1,0.30882356,1
midjourney_v5_00368,test,1,4.9064313e-09,0
midjourney_v5_00369,test,1,0.72220993,0
midjourney_v5_00370,test,1,1.9055242e-06,0
midjourney_v5_00371,test,1,0.30882356,1
midjourney_v5_00372,test,1,0.025040867,0
midjourney_v5_00373,test,1,0.30882356,1
midjourney_v5_00374,test,1,0.0030664736,0
midjourney_v5_00375,test,1,0.03305327,0
midjourney_v5_00376,test,1,0.0023708988,0
midjourney_v5_00377,test,1,0.30882356,1
midjourney_v5_00378,test,1,0.30882356,1
midjourney_v5_00379,test,1,0.30882356,1
midjourney_v5_00380,test,1,0.30882356,1
midjourney_v5_00381,test,1,0.23079357,0
midjourney_v5_00382,test,1,0.30882356,1
midjourney_v5_00383,test,1,0.1290449,0
midjourney_v5_00384,test,1,0.9369276,0
midjourney_v5_00385,test,1,0.30882356,1
midjourney_v5_00386,test,1,0.003724176,0
midjourney_v5_00387,test,1,0.30882356,1
midjourney_v5_00388,test,1,1.0582393e-07,0
midjourney_v5_00389,test,1,6.904206e-05,0
midjourney_v5_00390,test,1,0.0001216619,0
midjourney_v5_00391,test,1,0.08028307,0
midjourney_v5_00392,test,1,0.30882356,1
midjourney_v5_00393,test,1,0.30882356,1
midjourney_v5_00394,test,1,0.30882356,1
midjourney_v5_00395,test,1,0.30882356,1
midjourney_v5_00396,test,1,0.05558671,0
midjourney_v5_00397,test,1,0.99954385,0
midjourney_v5_00398,test,1,0.30882356,1
midjourney_v5_00399,test,1,0.00054785697,0
midjourney_v5_00400,test,1,0.30882356,1
midjourney_v5_00401,test,1,0.30882356,1
midjourney_v5_00402,test,1,0.30882356,1
midjourney_v5_00403,test,1,0.25492495,0
midjourney_v5_00404,test,1,0.30882356,1
midjourney_v5_00405,test,1,0.30882356,1
midjourney_v5_00406,test,1,0.060232617,0
midjourney_v5_00407,test,1,0.30882356,1
midjourney_v5_00408,test,1,0.30882356,1
midjourney_v5_00409,test,1,0.28575808,0
midjourney_v5_00410,test,1,0.30882356,1
midjourney_v5_00411,test,1,0.30882356,1
midjourney_v5_00412,test,1,0.30882356,1
midjourney_v5_00413,test,1,0.00040795037,0
midjourney_v5_00414,test,1,0.09354147,0
midjourney_v5_00415,test,1,0.30882356,1
midjourney_v5_00416,test,1,0.30882356,1
midjourney_v5_00417,test,1,0.30882356,1
midjourney_v5_00418,test,1,7.3078314e-05,0
midjourney_v5_00419,test,1,0.9537898,0
midjourney_v5_00420,test,1,0.30882356,1
midjourney_v5_00421,test,1,0.30882356,1
midjourney_v5_00422,test,1,0.30882356,1
midjourney_v5_00423,test,1,0.30882356,1
midjourney_v5_00424,test,1,0.7613864,0
midjourney_v5_00425,test,1,0.3153013,0
midjourney_v5_00426,test,1,0.04355777,0
midjourney_v5_00427,test,1,0.08224567,0
midjourney_v5_00428,test,1,0.5938448,0
midjourney_v5_00429,test,1,0.30882356,1
midjourney_v5_00430,test,1,0.30882356,1
midjourney_v5_00431,test,1,0.30882356,1
midjourney_v5_00432,test,1,0.9646279,0
midjourney_v5_00433,test,1,4.955049e-06,0
midjourney_v5_00434,test,1,0.6626299,0
midjourney_v5_00435,test,1,0.30882356,1
midjourney_v5_00436,test,1,0.30882356,1
midjourney_v5_00437,test,1,0.11411998,0
midjourney_v5_00438,test,1,0.30882356,1
midjourney_v5_00439,test,1,0.002499841,0
midjourney_v5_00440,test,1,0.08732401,1
midjourney_v5_00441,test,1,0.30882356,1
midjourney_v5_00442,test,1,0.30882356,1
midjourney_v5_00443,test,1,0.3610605,0
midjourney_v5_00444,test,1,0.30882356,1
midjourney_v5_00445,test,1,0.31348544,0
midjourney_v5_00446,test,1,0.99976045,0
midjourney_v5_00447,test,1,0.5701103,0
midjourney_v5_00448,test,1,0.30882356,1
midjourney_v5_00449,test,1,0.30882356,1
midjourney_v5_00450,test,1,0.30882356,1
midjourney_v5_00451,test,1,0.30882356,1
midjourney_v5_00452,test,1,0.30882356,1
midjourney_v5_00453,test,1,0.00072271615,0
midjourney_v5_00454,test,1,0.049366705,0
midjourney_v5_00455,test,1,0.30882356,1
midjourney_v5_00456,test,1,0.30882356,1
midjourney_v5_00457,test,1,0.29864013,0
midjourney_v5_00458,test,1,0.9712839,0
midjourney_v5_00459,test,1,0.14385168,0
midjourney_v5_00460,test,1,0.30882356,1
midjourney_v5_00461,test,1,2.2913759e-05,0
midjourney_v5_00462,test,1,0.30882356,1
midjourney_v5_00463,test,1,0.00011896776,0
midjourney_v5_00464,test,1,0.022181155,0
midjourney_v5_00465,test,1,0.3141424,0
midjourney_v5_00466,test,1,0.19085623,0
midjourney_v5_00467,test,1,0.30882356,1
midjourney_v5_00468,test,1,0.30882356,1
midjourney_v5_00469,test,1,0.9415912,0
midjourney_v5_00470,test,1,0.30882356,1
midjourney_v5_00471,test,1,0.30882356,1
midjourney_v5_00472,test,1,0.5874121,0
midjourney_v5_00473,test,1,0.085601166,0
midjourney_v5_00474,test,1,0.12264453,0
midjourney_v5_00475,test,1,0.30882356,1
midjourney_v5_00476,test,1,0.045470137,0
midjourney_v5_00477,test,1,0.30882356,1
midjourney_v5_00478,test,1,0.30882356,1
midjourney_v5_00479,test,1,0.30882356,1
midjourney_v5_00480,test,1,0.30882356,1
midjourney_v5_00481,test,1,0.0038494784,0
midjourney_v5_00482,test,1,0.30882356,1
midjourney_v5_00483,test,1,0.0069261706,0
midjourney_v5_00484,test,1,0.0028638479,0
midjourney_v5_00485,test,1,0.0046843565,0
midjourney_v5_00486,test,1,0.98699343,0
midjourney_v5_00487,test,1,0.30882356,1
midjourney_v5_00488,test,1,0.30882356,1
midjourney_v5_00489,test,1,0.57699156,0
midjourney_v5_00490,test,1,0.949396,0
midjourney_v5_00491,test,1,0.30882356,1
midjourney_v5_00492,test,1,0.30882356,1
midjourney_v5_00493,test,1,0.30882356,1
midjourney_v5_00494,test,1,0.30882356,1
midjourney_v5_00495,test,1,0.01447346,0
midjourney_v5_00496,test,1,0.37991402,0
midjourney_v5_00497,test,1,0.36935398,0
midjourney_v5_00498,test,1,0.30882356,1
midjourney_v5_00499,test,1,0.30882356,1
midjourney_v5_00500,test,1,0.30882356,1
midjourney_v5_00501,test,1,0.007317363,0
midjourney_v5_00502,test,1,0.30882356,1
midjourney_v5_00503,test,1,0.0008910109,0
midjourney_v5_00504,test,1,0.022903495,0
midjourney_v5_00505,test,1,0.30882356,1
midjourney_v5_00506,test,1,0.30882356,1
midjourney_v5_00507,test,1,0.98674613,0
midjourney_v5_00508,test,1,0.30882356,1
midjourney_v5_00509,test,1,0.30882356,1
midjourney_v5_00510,test,1,0.30882356,1
midjourney_v5_00511,test,1,0.014502722,0
midjourney_v5_00512,test,1,0.30882356,1
midjourney_v5_00513,test,1,0.914687,0
midjourney_v5_00514,test,1,0.30882356,1
midjourney_v5_00515,test,1,0.9917956,0
midjourney_v5_00516,test,1,0.30882356,1
midjourney_v5_00517,test,1,5.7306494e-05,0
midjourney_v5_00518,test,1,0.58584964,0
midjourney_v5_00519,test,1,0.59124774,0
midjourney_v5_00520,test,1,0.30882356,1
midjourney_v5_00521,test,1,0.30882356,1
midjourney_v5_00522,test,1,0.48992023,0
midjourney_v5_00523,test,1,0.0011216565,0
midjourney_v5_00524,test,1,0.30882356,1
midjourney_v5_00525,test,1,0.30882356,1
midjourney_v5_00526,test,1,0.99420124,0
midjourney_v5_00527,test,1,0.30882356,1
midjourney_v5_00528,test,1,0.7392313,0
midjourney_v5_00529,test,1,0.30882356,1
midjourney_v5_00530,test,1,0.30882356,1
midjourney_v5_00531,test,1,0.30882356,1
midjourney_v5_00532,test,1,0.0072633554,0
midjourney_v5_00533,test,1,0.19872874,0
midjourney_v5_00534,test,1,0.30882356,1
midjourney_v5_00535,test,1,0.27617177,0
midjourney_v5_00536,test,1,0.30882356,1
midjourney_v5_00537,test,1,0.33199692,0
midjourney_v5_00538,test,1,0.30882356,1
midjourney_v5_00539,test,1,0.30882356,1
midjourney_v5_00540,test,1,0.30882356,1
midjourney_v5_00541,test,1,0.030358683,0
midjourney_v5_00542,test,1,0.14470163,0
midjourney_v5_00543,test,1,0.9869472,0
midjourney_v5_00544,test,1,0.024338426,0
midjourney_v5_00545,test,1,0.30882356,1
midjourney_v5_00546,test,1,0.10325714,0
midjourney_v5_00547,test,1,0.9911006,0
midjourney_v5_00548,test,1,0.0009442043,0
midjourney_v5_00549,test,1,0.040303145,0
midjourney_v5_00550,test,1,0.24570362,0
midjourney_v5_00551,test,1,0.30882356,1
midjourney_v5_00552,test,1,0.09078893,0
midjourney_v5_00553,test,1,0.30882356,1
midjourney_v5_00554,test,1,0.8753741,0
midjourney_v5_00555,test,1,0.0007933661,0
midjourney_v5_00556,test,1,0.4115461,0
midjourney_v5_00557,test,1,1.1987619e-06,0
midjourney_v5_00558,test,1,0.37743834,1
midjourney_v5_00559,test,1,0.30882356,1
midjourney_v5_00560,test,1,0.30882356,1
midjourney_v5_00561,test,1,0.9999993,0
midjourney_v5_00562,test,1,0.17932232,1
midjourney_v5_00563,test,1,0.19966128,0
midjourney_v5_00564,test,1,0.10915175,0
midjourney_v5_00565,test,1,0.30882356,1
midjourney_v5_00566,test,1,0.30882356,1
midjourney_v5_00567,test,1,0.0012342692,0
midjourney_v5_00568,test,1,0.30882356,1
midjourney_v5_00569,test,1,0.62302876,0
midjourney_v5_00570,test,1,0.033402886,0
midjourney_v5_00571,test,1,0.00052181305,0
midjourney_v5_00572,test,1,0.0118313255,0
midjourney_v5_00573,test,1,0.30882356,1
midjourney_v5_00574,test,1,0.30882356,1
midjourney_v5_00575,test,1,0.0012876549,0
midjourney_v5_00576,test,1,0.41453922,0
midjourney_v5_00577,test,1,0.30882356,1
midjourney_v5_00578,test,1,0.30882356,1
midjourney_v5_00579,test,1,0.30882356,1
midjourney_v5_00580,test,1,0.30882356,1
midjourney_v5_00581,test,1,0.2830466,0
midjourney_v5_00582,test,1,0.30882356,1
midjourney_v5_00583,test,1,0.049808785,0
midjourney_v5_00584,test,1,0.30882356,1
midjourney_v5_00585,test,1,0.005286564,0
midjourney_v5_00586,test,1,0.30882356,1
midjourney_v5_00587,test,1,0.9682197,0
midjourney_v5_00588,test,1,0.07356727,0
midjourney_v5_00589,test,1,0.01900104,0
midjourney_v5_00590,test,1,0.30882356,1
midjourney_v5_00591,test,1,0.0155623825,0
midjourney_v5_00592,test,1,0.23772068,0
midjourney_v5_00593,test,1,0.53516144,0
midjourney_v5_00594,test,1,8.181604e-05,0
midjourney_v5_00595,test,1,0.026699815,0
midjourney_v5_00596,test,1,0.30882356,1
midjourney_v5_00597,test,1,0.30882356,1
midjourney_v5_00598,test,1,0.30882356,1
midjourney_v5_00599,test,1,0.30882356,1
midjourney_v5_00600,test,1,0.30882356,1
midjourney_v5_00601,test,1,0.30882356,1
midjourney_v5_00602,test,1,0.13654752,0
midjourney_v5_00603,test,1,0.30882356,1
midjourney_v5_00604,test,1,0.30882356,1
midjourney_v5_00605,test,1,0.7357075,0
midjourney_v5_00606,test,1,0.5740244,0
midjourney_v5_00607,test,1,0.090198144,0
midjourney_v5_00608,test,1,0.0134610105,0
midjourney_v5_00609,test,1,6.067453e-06,0
midjourney_v5_00610,test,1,0.021890275,0
midjourney_v5_00611,test,1,0.30882356,1
midjourney_v5_00612,test,1,0.30882356,1
midjourney_v5_00613,test,1,0.30882356,1
midjourney_v5_00614,test,1,0.30882356,1
midjourney_v5_00615,test,1,0.9210119,0
midjourney_v5_00616,test,1,0.30882356,1
midjourney_v5_00617,test,1,0.99996233,0
midjourney_v5_00618,test,1,0.12751165,0
midjourney_v5_00619,test,1,0.3290826,0
midjourney_v5_00620,test,1,0.009051175,0
midjourney_v5_00621,test,1,0.30882356,1
midjourney_v5_00622,test,1,0.30882356,1
midjourney_v5_00623,test,1,7.29653e-05,0
midjourney_v5_00624,test,1,0.042176325,0
midjourney_v5_00625,test,1,0.30882356,1
midjourney_v5_00626,test,1,0.03161772,0
midjourney_v5_00627,test,1,0.30882356,1
midjourney_v5_00628,test,1,0.25341535,0
midjourney_v5_00629,test,1,0.30882356,1
midjourney_v5_00630,test,1,0.30522192,0
midjourney_v5_00631,test,1,0.060586616,0
midjourney_v5_00632,test,1,0.30882356,1
midjourney_v5_00633,test,1,0.1762659,0
midjourney_v5_00634,test,1,0.30882356,1
midjourney_v5_00635,test,1,0.2981646,0
midjourney_v5_00636,test,1,0.08123017,0
midjourney_v5_00637,test,1,0.6379617,0
midjourney_v5_00638,test,1,0.30882356,1
midjourney_v5_00639,test,1,0.766054,0
midjourney_v5_00640,test,1,0.031635735,0
midjourney_v5_00641,test,1,0.0025427118,0
midjourney_v5_00642,test,1,0.30882356,1
midjourney_v5_00643,test,1,0.10215836,0
midjourney_v5_00644,test,1,4.7939804e-05,0
midjourney_v5_00645,test,1,0.33884346,0
midjourney_v5_00646,test,1,0.30882356,1
midjourney_v5_00647,test,1,0.048133004,0
midjourney_v5_00648,test,1,0.1777114,0
midjourney_v5_00649,test,1,0.019252941,0
midjourney_v5_00650,test,1,0.9465231,0
midjourney_v5_00651,test,1,0.0014614785,0
midjourney_v5_00652,test,1,0.7408418,0
midjourney_v5_00653,test,1,0.7285868,0
midjourney_v5_00654,test,1,0.30882356,1
midjourney_v5_00655,test,1,0.059379924,0
midjourney_v5_00656,test,1,0.30882356,1
midjourney_v5_00657,test,1,0.45981807,0
midjourney_v5_00658,test,1,0.30882356,1
midjourney_v5_00659,test,1,0.21548907,0
midjourney_v5_00660,test,1,0.112510934,0
midjourney_v5_00661,test,1,0.9835308,0
midjourney_v5_00662,test,1,0.0038382262,0
midjourney_v5_00663,test,1,0.30882356,1
midjourney_v5_00664,test,1,0.30882356,1
midjourney_v5_00665,test,1,0.6767168,0
midjourney_v5_00666,test,1,0.30882356,1
midjourney_v5_00667,test,1,0.019025885,0
midjourney_v5_00668,test,1,0.16455771,0
midjourney_v5_00669,test,1,0.30882356,1
midjourney_v5_00670,test,1,0.30882356,1
midjourney_v5_00671,test,1,0.30882356,1
midjourney_v5_00672,test,1,0.30882356,1
midjourney_v5_00673,test,1,0.0001984777,0
midjourney_v5_00674,test,1,0.8658681,0
midjourney_v5_00675,test,1,0.00013768011,0
midjourney_v5_00676,test,1,0.74067396,0
midjourney_v5_00677,test,1,0.30882356,1
midjourney_v5_00678,test,1,0.00028860258,0
midjourney_v5_00679,test,1,0.0033872374,0
midjourney_v5_00680,test,1,0.3874208,0
midjourney_v5_00681,test,1,0.4574599,0
midjourney_v5_00682,test,1,0.0026740208,0
midjourney_v5_00683,test,1,0.30882356,1
midjourney_v5_00684,test,1,0.30882356,1
midjourney_v5_00685,test,1,0.30882356,1
midjourney_v5_00686,test,1,0.30882356,1
midjourney_v5_00687,test,1,0.30882356,1
midjourney_v5_00688,test,1,0.30882356,1
midjourney_v5_00689,test,1,0.30882356,1
midjourney_v5_00690,test,1,0.004101359,0
midjourney_v5_00691,test,1,0.26410607,0
midjourney_v5_00692,test,1,0.30882356,1
midjourney_v5_00693,test,1,0.085298136,0
midjourney_v5_00694,test,1,0.30882356,1
midjourney_v5_00695,test,1,0.30882356,1
midjourney_v5_00696,test,1,0.30882356,1
midjourney_v5_00697,test,1,0.94918,0
midjourney_v5_00698,test,1,0.30882356,1
midjourney_v5_00699,test,1,0.007885221,0
midjourney_v5_00700,test,1,0.30882356,1
midjourney_v5_00701,test,1,0.0806812,0
midjourney_v5_00702,test,1,0.03592151,0
midjourney_v5_00703,test,1,0.9281309,0
midjourney_v5_00704,test,1,0.00027876938,0
midjourney_v5_00705,test,1,0.30882356,1
midjourney_v5_00706,test,1,0.009862426,0
midjourney_v5_00707,test,1,0.30882356,1
midjourney_v5_00708,test,1,0.40067616,0
midjourney_v5_00709,test,1,0.10468093,0
midjourney_v5_00710,test,1,0.30882356,1
midjourney_v5_00711,test,1,0.0011702693,0
midjourney_v5_00712,test,1,0.20639382,0
midjourney_v5_00713,test,1,0.30882356,1
midjourney_v5_00714,test,1,0.30882356,1
midjourney_v5_00715,test,1,0.30882356,1
midjourney_v5_00716,test,1,0.005748864,0
midjourney_v5_00717,test,1,0.30882356,1
midjourney_v5_00718,test,1,0.30882356,1
midjourney_v5_00719,test,1,0.30882356,1
midjourney_v5_00720,test,1,0.30882356,1
midjourney_v5_00721,test,1,0.30882356,1
midjourney_v5_00722,test,1,0.029253956,0
midjourney_v5_00723,test,1,0.06736884,0
midjourney_v5_00724,test,1,4.47905e-05,0
midjourney_v5_00725,test,1,0.30882356,1
midjourney_v5_00726,test,1,0.0010991076,0
midjourney_v5_00727,test,1,0.00051872997,0
midjourney_v5_00728,test,1,0.00047138915,0
midjourney_v5_00729,test,1,0.0863947,0
midjourney_v5_00730,test,1,0.10530722,0
midjourney_v5_00731,test,1,0.30882356,1
midjourney_v5_00732,test,1,0.33973885,0
midjourney_v5_00733,test,1,0.30882356,1
midjourney_v5_00734,test,1,0.10982149,0
midjourney_v5_00735,test,1,0.00061225053,0
midjourney_v5_00736,test,1,0.30882356,1
midjourney_v5_00737,test,1,0.030063717,0
midjourney_v5_00738,test,1,0.06944922,0
midjourney_v5_00739,test,1,0.30882356,1
midjourney_v5_00740,test,1,0.9789915,0
midjourney_v5_00741,test,1,0.17582576,0
midjourney_v5_00742,test,1,0.0007899326,0
midjourney_v5_00743,test,1,0.30882356,1
midjourney_v5_00744,test,1,0.17582576,0
midjourney_v5_00745,test,1,0.3664501,0
midjourney_v5_00746,test,1,0.008618453,0
midjourney_v5_00747,test,1,0.30882356,1
midjourney_v5_00748,test,1,0.30882356,1
midjourney_v5_00749,test,1,0.0069768657,0
midjourney_v5_00750,test,1,0.0022581534,0
midjourney_v5_00751,test,1,0.84483975,0
midjourney_v5_00752,test,1,0.1128524,0
midjourney_v5_00753,test,1,0.30882356,1
midjourney_v5_00754,test,1,0.5670702,0
midjourney_v5_00755,test,1,0.9473898,0
midjourney_v5_00756,test,1,0.30882356,1
midjourney_v5_00757,test,1,0.012240087,0
midjourney_v5_00758,test,1,0.30882356,1
midjourney_v5_00759,test,1,0.0793235,0
midjourney_v5_00760,test,1,0.055664867,0
midjourney_v5_00761,test,1,0.059845276,0
midjourney_v5_00762,test,1,0.30882356,1
midjourney_v5_00763,test,1,0.30882356,1
midjourney_v5_00764,test,1,0.30882356,1
midjourney_v5_00765,test,1,0.10368489,0
midjourney_v5_00766,test,1,0.30882356,1
midjourney_v5_00767,test,1,0.30882356,1
midjourney_v5_00768,test,1,0.30882356,1
midjourney_v5_00769,test,1,0.58180153,0
midjourney_v5_00770,test,1,0.30882356,1
midjourney_v5_00771,test,1,0.30882356,1
midjourney_v5_00772,test,1,0.30882356,1
midjourney_v5_00773,test,1,0.7752973,0
midjourney_v5_00774,test,1,0.30882356,1
midjourney_v5_00775,test,1,0.30882356,1
midjourney_v5_00776,test,1,0.0059808805,0
midjourney_v5_00777,test,1,7.916046e-05,0
midjourney_v5_00778,test,1,0.30882356,1
midjourney_v5_00779,test,1,0.30882356,1
midjourney_v5_00780,test,1,0.021966932,0
midjourney_v5_00781,test,1,0.0049192556,0
midjourney_v5_00782,test,1,0.50277513,0
midjourney_v5_00783,test,1,0.036158662,0
midjourney_v5_00784,test,1,0.30882356,1
midjourney_v5_00785,test,1,0.0017586807,0
midjourney_v5_00786,test,1,0.023747839,0
midjourney_v5_00787,test,1,0.30882356,1
midjourney_v5_00788,test,1,0.5518757,0
midjourney_v5_00789,test,1,0.30882356,1
midjourney_v5_00790,test,1,0.30882356,1
midjourney_v5_00791,test,1,0.017710008,0
midjourney_v5_00792,test,1,0.30882356,1
midjourney_v5_00793,test,1,0.30882356,1
midjourney_v5_00794,test,1,0.30882356,1
midjourney_v5_00795,test,1,0.03243107,0
midjourney_v5_00796,test,1,0.086394586,0
midjourney_v5_00797,test,1,0.42494464,0
midjourney_v5_00798,test,1,0.30882356,1
midjourney_v5_00799,test,1,0.16948912,0
midjourney_v5_00800,test,1,0.41371077,0
midjourney_v5_00801,test,1,0.30882356,1
midjourney_v5_00802,test,1,0.30882356,1
midjourney_v5_00803,test,1,0.30882356,1
midjourney_v5_00804,test,1,0.050712854,1
midjourney_v5_00805,test,1,0.102898076,0
midjourney_v5_00806,test,1,0.0005692611,0
midjourney_v5_00807,test,1,0.8863466,0
midjourney_v5_00808,test,1,0.30882356,1
midjourney_v5_00809,test,1,0.30882356,1
midjourney_v5_00810,test,1,0.016831873,0
midjourney_v5_00811,test,1,0.98792714,0
midjourney_v5_00812,test,1,0.30882356,1
midjourney_v5_00813,test,1,0.09976626,0
midjourney_v5_00814,test,1,0.30882356,1
midjourney_v5_00815,test,1,0.9466631,0
midjourney_v5_00816,test,1,0.005507712,0
midjourney_v5_00817,test,1,0.58032745,0
midjourney_v5_00818,test,1,0.30882356,1
midjourney_v5_00819,test,1,0.0012923663,0
midjourney_v5_00820,test,1,0.7118047,0
midjourney_v5_00821,test,1,0.30882356,1
midjourney_v5_00822,test,1,0.30882356,1
midjourney_v5_00823,test,1,0.30882356,1
midjourney_v5_00824,test,1,0.69691783,0
midjourney_v5_00825,test,1,0.018555159,0
midjourney_v5_00826,test,1,0.30882356,1
midjourney_v5_00827,test,1,0.07947107,0
midjourney_v5_00828,test,1,0.30882356,1
midjourney_v5_00829,test,1,0.031267677,0
midjourney_v5_00830,test,1,0.75336087,0
midjourney_v5_00831,test,1,0.17452283,0
midjourney_v5_00832,test,1,0.30882356,1
midjourney_v5_00833,test,1,0.038116623,0
midjourney_v5_00834,test,1,0.30882356,1
midjourney_v5_00835,test,1,0.30882356,1
midjourney_v5_00836,test,1,0.1070836,0
midjourney_v5_00837,test,1,0.30882356,1
midjourney_v5_00838,test,1,0.30882356,1
midjourney_v5_00839,test,1,0.30882356,1
midjourney_v5_00840,test,1,0.31845525,0
midjourney_v5_00841,test,1,0.48390877,0
midjourney_v5_00842,test,1,0.0095859775,0
midjourney_v5_00843,test,1,0.30882356,1
midjourney_v5_00844,test,1,0.9967687,0
midjourney_v5_00845,test,1,0.24163307,0
midjourney_v5_00846,test,1,0.828989,0
midjourney_v5_00847,test,1,0.30882356,1
midjourney_v5_00848,test,1,0.39101496,0
midjourney_v5_00849,test,1,0.36215132,0
midjourney_v5_00850,test,1,0.0012329891,0
midjourney_v5_00851,test,1,0.002696188,0
midjourney_v5_00852,test,1,0.30882356,1
midjourney_v5_00853,test,1,0.30882356,1
midjourney_v5_00854,test,1,0.024285872,0
midjourney_v5_00855,test,1,0.022653196,0
midjourney_v5_00856,test,1,0.5936192,0
midjourney_v5_00857,test,1,0.00012172318,0
midjourney_v5_00858,test,1,0.30882356,1
midjourney_v5_00859,test,1,0.30882356,1
midjourney_v5_00860,test,1,0.30882356,1
midjourney_v5_00861,test,1,0.9998746,0
midjourney_v5_00862,test,1,0.013264741,0
midjourney_v5_00863,test,1,0.30882356,1
midjourney_v5_00864,test,1,0.03464757,0
midjourney_v5_00865,test,1,0.09242493,0
midjourney_v5_00866,test,1,0.0018828247,0
midjourney_v5_00867,test,1,0.30882356,1
midjourney_v5_00868,test,1,0.4795398,0
midjourney_v5_00869,test,1,0.021832498,0
midjourney_v5_00870,test,1,0.30882356,1
midjourney_v5_00871,test,1,0.30882356,1
midjourney_v5_00872,test,1,0.30882356,1
midjourney_v5_00873,test,1,0.038758684,0
midjourney_v5_00874,test,1,0.9837892,0
midjourney_v5_00875,test,1,0.30882356,1
midjourney_v5_00876,test,1,0.009279242,0
midjourney_v5_00877,test,1,0.003078942,0
midjourney_v5_00878,test,1,0.30882356,1
midjourney_v5_00879,test,1,0.30882356,1
midjourney_v5_00880,test,1,0.78583366,0
midjourney_v5_00881,test,1,0.30882356,1
midjourney_v5_00882,test,1,0.30882356,1
midjourney_v5_00883,test,1,0.30882356,1
midjourney_v5_00884,test,1,0.30882356,1
midjourney_v5_00885,test,1,0.007508761,0
midjourney_v5_00886,test,1,0.25598994,0
midjourney_v5_00887,test,1,0.30882356,1
midjourney_v5_00888,test,1,0.30882356,1
midjourney_v5_00889,test,1,0.30882356,1
midjourney_v5_00890,test,1,0.30882356,1
midjourney_v5_00891,test,1,0.30882356,1
midjourney_v5_00892,test,1,0.1493759,0
midjourney_v5_00893,test,1,0.30882356,1
midjourney_v5_00894,test,1,0.14928754,0
midjourney_v5_00895,test,1,0.30882356,1
midjourney_v5_00896,test,1,0.30882356,1
midjourney_v5_00897,test,1,0.30882356,1
midjourney_v5_00898,test,1,0.30882356,1
midjourney_v5_00899,test,1,0.1492793,0
midjourney_v5_00900,test,1,0.66485286,0
midjourney_v5_00901,test,1,0.0041004415,0
midjourney_v5_00902,test,1,0.0004950999,0
midjourney_v5_00903,test,1,0.7448029,1
midjourney_v5_00904,test,1,0.30882356,1
midjourney_v5_00905,test,1,0.30882356,1
midjourney_v5_00906,test,1,0.0056757284,0
midjourney_v5_00907,test,1,0.07118141,0
midjourney_v5_00908,test,1,0.3660642,0
midjourney_v5_00909,test,1,0.30882356,1
midjourney_v5_00910,test,1,0.37602317,0
midjourney_v5_00911,test,1,0.99875474,0
midjourney_v5_00912,test,1,0.0026122597,0
midjourney_v5_00913,test,1,0.044315096,0
midjourney_v5_00914,test,1,0.9244089,0
midjourney_v5_00915,test,1,0.012631841,0
midjourney_v5_00916,test,1,0.30882356,1
midjourney_v5_00917,test,1,0.00015697847,0
midjourney_v5_00918,test,1,0.099255145,0
midjourney_v5_00919,test,1,0.30882356,1
midjourney_v5_00920,test,1,0.12830149,0
midjourney_v5_00921,test,1,0.0058845156,0
midjourney_v5_00922,test,1,0.011309338,0
midjourney_v5_00923,test,1,0.30882356,1
midjourney_v5_00924,test,1,0.037726983,0
midjourney_v5_00925,test,1,0.002140901,0
midjourney_v5_00926,test,1,0.00022282495,0
midjourney_v5_00927,test,1,0.070901975,0
midjourney_v5_00928,test,1,0.46322185,0
midjourney_v5_00929,test,1,0.0007009379,0
midjourney_v5_00930,test,1,0.30882356,1
midjourney_v5_00931,test,1,0.9906674,0
midjourney_v5_00932,test,1,0.30882356,1
midjourney_v5_00933,test,1,0.0001269389,0
midjourney_v5_00934,test,1,0.14215742,0
midjourney_v5_00935,test,1,0.93929225,0
midjourney_v5_00936,test,1,0.30882356,1
midjourney_v5_00937,test,1,0.30882356,1
midjourney_v5_00938,test,1,0.093382545,0
midjourney_v5_00939,test,1,0.30882356,1
midjourney_v5_00940,test,1,0.30882356,1
midjourney_v5_00941,test,1,0.30594322,0
midjourney_v5_00942,test,1,0.2262489,0
midjourney_v5_00943,test,1,0.24422832,0
midjourney_v5_00944,test,1,0.0032058991,0
midjourney_v5_00945,test,1,0.30882356,1
midjourney_v5_00946,test,1,0.23272379,0
midjourney_v5_00947,test,1,0.30882356,1
midjourney_v5_00948,test,1,0.30882356,1
midjourney_v5_00949,test,1,0.9258099,0
midjourney_v5_00950,test,1,0.30882356,1
midjourney_v5_00951,test,1,0.30882356,1
midjourney_v5_00952,test,1,0.01957096,0
midjourney_v5_00953,test,1,0.9438733,0
midjourney_v5_00954,test,1,0.15487152,0
midjourney_v5_00955,test,1,0.13386698,1
midjourney_v5_00956,test,1,0.30882356,1
midjourney_v5_00957,test,1,0.30882356,1
midjourney_v5_00958,test,1,0.30882356,1
midjourney_v5_00959,test,1,3.1756875e-07,0
midjourney_v5_00960,test,1,0.046685744,0
midjourney_v5_00961,test,1,0.021281788,0
midjourney_v5_00962,test,1,0.30882356,1
midjourney_v5_00963,test,1,0.18939239,0
midjourney_v5_00964,test,1,0.30882356,1
midjourney_v5_00965,test,1,1.88177e-09,0
midjourney_v5_00966,test,1,0.4170561,0
midjourney_v5_00967,test,1,0.0001134434,0
midjourney_v5_00968,test,1,0.118066855,0
midjourney_v5_00969,test,1,0.28886342,0
midjourney_v5_00970,test,1,0.5395455,0
midjourney_v5_00971,test,1,0.30882356,1
midjourney_v5_00972,test,1,0.30882356,1
midjourney_v5_00973,test,1,0.30882356,1
midjourney_v5_00974,test,1,0.22407474,0
midjourney_v5_00975,test,1,0.30882356,1
midjourney_v5_00976,test,1,0.30882356,1
midjourney_v5_00977,test,1,0.30882356,1
midjourney_v5_00978,test,1,0.30882356,1
midjourney_v5_00979,test,1,0.25453043,0
midjourney_v5_00980,test,1,0.09539698,0
midjourney_v5_00981,test,1,0.30882356,1
midjourney_v5_00982,test,1,0.00026514105,0
midjourney_v5_00983,test,1,0.30882356,1
midjourney_v5_00984,test,1,0.2162623,0
midjourney_v5_00985,test,1,0.33179334,0
midjourney_v5_00986,test,1,0.029927809,0
midjourney_v5_00987,test,1,0.045535896,0
midjourney_v5_00988,test,1,0.30882356,1
midjourney_v5_00989,test,1,0.30882356,1
midjourney_v5_00990,test,1,0.18411593,0
midjourney_v5_00991,test,1,0.30882356,1
midjourney_v5_00992,test,1,0.00045583723,0
midjourney_v5_00993,test,1,0.30882356,1
midjourney_v5_00994,test,1,0.30882356,1
midjourney_v5_00995,test,1,0.30882356,1
midjourney_v5_00996,test,1,0.222203,1
midjourney_v5_00997,test,1,2.5668633e-05,0
midjourney_v5_00998,test,1,5.4556018e-05,0
midjourney_v5_00999,test,1,0.04781028,0
midjourney_v6_1_00000,test,1,0.1073839,0
midjourney_v6_1_00001,test,1,0.30882356,1
midjourney_v6_1_00002,test,1,0.80781084,0
midjourney_v6_1_00003,test,1,0.30882356,1
midjourney_v6_1_00004,test,1,0.0012723367,0
midjourney_v6_1_00005,test,1,0.30882356,1
midjourney_v6_1_00006,test,1,0.99993527,0
midjourney_v6_1_00007,test,1,0.46552467,0
midjourney_v6_1_00008,test,1,0.9992229,0
midjourney_v6_1_00009,test,1,0.008154128,0
midjourney_v6_1_00010,test,1,0.94261646,0
midjourney_v6_1_00011,test,1,0.30882356,1
midjourney_v6_1_00012,test,1,0.028917225,0
midjourney_v6_1_00013,test,1,0.30882356,1
midjourney_v6_1_00014,test,1,0.30882356,1
midjourney_v6_1_00015,test,1,0.93920404,0
midjourney_v6_1_00016,test,1,0.36475584,0
midjourney_v6_1_00017,test,1,0.7428941,0
midjourney_v6_1_00018,test,1,0.30882356,1
midjourney_v6_1_00019,test,1,0.30882356,1
midjourney_v6_1_00020,test,1,0.30882356,1
midjourney_v6_1_00021,test,1,0.056745846,0
midjourney_v6_1_00022,test,1,0.09086457,0
midjourney_v6_1_00023,test,1,0.30882356,1
midjourney_v6_1_00024,test,1,0.07424202,0
midjourney_v6_1_00025,test,1,0.30882356,1
midjourney_v6_1_00026,test,1,0.8680869,0
midjourney_v6_1_00027,test,1,0.30882356,1
midjourney_v6_1_00028,test,1,0.6359291,0
midjourney_v6_1_00029,test,1,0.30882356,1
midjourney_v6_1_00030,test,1,0.30882356,1
midjourney_v6_1_00031,test,1,0.30882356,1
midjourney_v6_1_00032,test,1,0.30882356,1
midjourney_v6_1_00033,test,1,0.9820258,0
midjourney_v6_1_00034,test,1,0.6306205,0
midjourney_v6_1_00035,test,1,0.044899806,0
midjourney_v6_1_00036,test,1,0.30882356,1
midjourney_v6_1_00037,test,1,0.0790889,0
midjourney_v6_1_00038,test,1,0.79976654,0
midjourney_v6_1_00039,test,1,0.30882356,1
midjourney_v6_1_00040,test,1,0.30086875,0
midjourney_v6_1_00041,test,1,0.30882356,1
midjourney_v6_1_00042,test,1,0.30882356,1
midjourney_v6_1_00043,test,1,0.30882356,1
midjourney_v6_1_00044,test,1,0.30882356,1
midjourney_v6_1_00045,test,1,0.34745917,0
midjourney_v6_1_00046,test,1,0.6585985,0
midjourney_v6_1_00047,test,1,0.7525511,0
midjourney_v6_1_00048,test,1,0.797858,0
midjourney_v6_1_00049,test,1,0.30882356,1
midjourney_v6_1_00050,test,1,0.5472158,0
midjourney_v6_1_00051,test,1,0.00061057165,0
midjourney_v6_1_00052,test,1,0.08834795,0
midjourney_v6_1_00053,test,1,0.08925349,0
midjourney_v6_1_00054,test,1,0.0047096214,0
midjourney_v6_1_00055,test,1,0.30882356,1
midjourney_v6_1_00056,test,1,0.30882356,1
midjourney_v6_1_00057,test,1,0.15822963,0
midjourney_v6_1_00058,test,1,0.09399932,0
midjourney_v6_1_00059,test,1,0.0093822805,0
midjourney_v6_1_00060,test,1,0.30882356,1
midjourney_v6_1_00061,test,1,0.96998906,0
midjourney_v6_1_00062,test,1,0.9816726,0
midjourney_v6_1_00063,test,1,0.036573276,0
midjourney_v6_1_00064,test,1,0.30882356,1
midjourney_v6_1_00065,test,1,0.23216562,0
midjourney_v6_1_00066,test,1,0.98241514,0
midjourney_v6_1_00067,test,1,0.24558775,0
midjourney_v6_1_00068,test,1,0.7202813,0
midjourney_v6_1_00069,test,1,0.57845014,0
midjourney_v6_1_00070,test,1,0.33922905,0
midjourney_v6_1_00071,test,1,0.0043657743,0
midjourney_v6_1_00072,test,1,0.30882356,1
midjourney_v6_1_00073,test,1,0.012055636,0
midjourney_v6_1_00074,test,1,0.01061106,0
midjourney_v6_1_00075,test,1,0.37945476,0
midjourney_v6_1_00076,test,1,0.43564788,0
midjourney_v6_1_00077,test,1,0.30882356,1
midjourney_v6_1_00078,test,1,0.020330882,0
midjourney_v6_1_00079,test,1,0.09635568,0
midjourney_v6_1_00080,test,1,0.0007845703,0
midjourney_v6_1_00081,test,1,0.9682304,0
midjourney_v6_1_00082,test,1,0.30882356,1
midjourney_v6_1_00083,test,1,0.2147772,0
midjourney_v6_1_00084,test,1,0.99981123,0
midjourney_v6_1_00085,test,1,0.30882356,1
midjourney_v6_1_00086,test,1,0.30882356,1
midjourney_v6_1_00087,test,1,0.30882356,1
midjourney_v6_1_00088,test,1,0.0888904,0
midjourney_v6_1_00089,test,1,0.0020977117,0
midjourney_v6_1_00090,test,1,0.12514883,0
midjourney_v6_1_00091,test,1,0.50824004,0
midjourney_v6_1_00092,test,1,0.9992487,0
midjourney_v6_1_00093,test,1,0.2628329,0
midjourney_v6_1_00094,test,1,0.96123254,0
midjourney_v6_1_00095,test,1,0.99896646,0
midjourney_v6_1_00096,test,1,0.112974785,0
midjourney_v6_1_00097,test,1,0.30882356,1
midjourney_v6_1_00098,test,1,0.9876867,0
midjourney_v6_1_00099,test,1,0.30882356,1
midjourney_v6_1_00100,test,1,0.87304795,0
midjourney_v6_1_00101,test,1,0.12905566,0
midjourney_v6_1_00102,test,1,0.83298594,0
midjourney_v6_1_00103,test,1,0.30882356,1
midjourney_v6_1_00104,test,1,0.44850874,0
midjourney_v6_1_00105,test,1,0.118675195,0
midjourney_v6_1_00106,test,1,0.30882356,1
midjourney_v6_1_00107,test,1,0.30882356,1
midjourney_v6_1_00108,test,1,0.00029578476,0
midjourney_v6_1_00109,test,1,0.30882356,1
midjourney_v6_1_00110,test,1,0.98374987,0
midjourney_v6_1_00111,test,1,0.30882356,1
midjourney_v6_1_00112,test,1,0.30882356,1
midjourney_v6_1_00113,test,1,0.30882356,1
midjourney_v6_1_00114,test,1,0.30882356,1
midjourney_v6_1_00115,test,1,0.30882356,1
midjourney_v6_1_00116,test,1,0.999554,0
midjourney_v6_1_00117,test,1,0.30882356,1
midjourney_v6_1_00118,test,1,0.30882356,1
midjourney_v6_1_00119,test,1,0.3470613,0
midjourney_v6_1_00120,test,1,0.30882356,1
midjourney_v6_1_00121,test,1,0.7471142,0
midjourney_v6_1_00122,test,1,0.30882356,1
midjourney_v6_1_00123,test,1,0.9512632,0
midjourney_v6_1_00124,test,1,0.01983843,0
midjourney_v6_1_00125,test,1,0.40264893,0
midjourney_v6_1_00126,test,1,0.7950659,0
midjourney_v6_1_00127,test,1,0.30882356,1
midjourney_v6_1_00128,test,1,0.01744623,0
midjourney_v6_1_00129,test,1,0.30882356,1
midjourney_v6_1_00130,test,1,0.08570263,0
midjourney_v6_1_00131,test,1,0.0025305913,0
midjourney_v6_1_00132,test,1,0.0061877565,0
midjourney_v6_1_00133,test,1,0.30882356,1
midjourney_v6_1_00134,test,1,0.024877217,0
midjourney_v6_1_00135,test,1,0.30882356,1
midjourney_v6_1_00136,test,1,0.30882356,1
midjourney_v6_1_00137,test,1,0.30882356,1
midjourney_v6_1_00138,test,1,0.16067678,0
midjourney_v6_1_00139,test,1,0.30882356,1
midjourney_v6_1_00140,test,1,0.73258954,0
midjourney_v6_1_00141,test,1,0.0005111556,0
midjourney_v6_1_00142,test,1,0.12726913,0
midjourney_v6_1_00143,test,1,0.23198092,0
midjourney_v6_1_00144,test,1,2.9505845e-10,0
midjourney_v6_1_00145,test,1,0.30882356,1
midjourney_v6_1_00146,test,1,0.021882799,0
midjourney_v6_1_00147,test,1,2.9854161e-06,0
midjourney_v6_1_00148,test,1,0.35845482,0
midjourney_v6_1_00149,test,1,0.0195458,0
midjourney_v6_1_00150,test,1,0.30882356,1
midjourney_v6_1_00151,test,1,0.11412375,0
midjourney_v6_1_00152,test,1,0.008280721,0
midjourney_v6_1_00153,test,1,0.27486902,0
midjourney_v6_1_00154,test,1,0.7803876,0
midjourney_v6_1_00155,test,1,0.40968248,0
midjourney_v6_1_00156,test,1,0.30882356,1
midjourney_v6_1_00157,test,1,0.0021170569,0
midjourney_v6_1_00158,test,1,0.026228713,0
midjourney_v6_1_00159,test,1,0.36010775,0
midjourney_v6_1_00160,test,1,0.30882356,1
midjourney_v6_1_00161,test,1,0.03520116,0
midjourney_v6_1_00162,test,1,0.12875852,0
midjourney_v6_1_00163,test,1,0.30882356,1
midjourney_v6_1_00164,test,1,1.8343348e-05,0
midjourney_v6_1_00165,test,1,0.30882356,1
midjourney_v6_1_00166,test,1,0.46158454,0
midjourney_v6_1_00167,test,1,0.016454317,0
midjourney_v6_1_00168,test,1,0.30882356,1
midjourney_v6_1_00169,test,1,0.30882356,1
midjourney_v6_1_00170,test,1,0.0024475197,0
midjourney_v6_1_00171,test,1,0.30882356,1
midjourney_v6_1_00172,test,1,0.30882356,1
midjourney_v6_1_00173,test,1,0.30882356,1
midjourney_v6_1_00174,test,1,0.030548748,0
midjourney_v6_1_00175,test,1,0.30882356,1
midjourney_v6_1_00176,test,1,0.30882356,1
midjourney_v6_1_00177,test,1,0.30882356,1
midjourney_v6_1_00178,test,1,0.30882356,1
midjourney_v6_1_00179,test,1,0.9973998,0
midjourney_v6_1_00180,test,1,0.00037549122,0
midjourney_v6_1_00181,test,1,0.032137666,0
midjourney_v6_1_00182,test,1,0.38863572,0
midjourney_v6_1_00183,test,1,0.0021367986,0
midjourney_v6_1_00184,test,1,0.30882356,1
midjourney_v6_1_00185,test,1,0.15039764,0
midjourney_v6_1_00186,test,1,0.30882356,1
midjourney_v6_1_00187,test,1,9.327126e-05,0
midjourney_v6_1_00188,test,1,0.30882356,1
midjourney_v6_1_00189,test,1,0.0063551073,0
midjourney_v6_1_00190,test,1,0.9189867,0
midjourney_v6_1_00191,test,1,0.108353496,0
midjourney_v6_1_00192,test,1,0.054877866,0
midjourney_v6_1_00193,test,1,0.012134851,0
midjourney_v6_1_00194,test,1,0.49782535,0
midjourney_v6_1_00195,test,1,0.30882356,1
midjourney_v6_1_00196,test,1,0.9995721,0
midjourney_v6_1_00197,test,1,0.24674863,0
midjourney_v6_1_00198,test,1,0.6924515,0
midjourney_v6_1_00199,test,1,0.30882356,1
midjourney_v6_1_00200,test,1,0.37860036,0
midjourney_v6_1_00201,test,1,0.7809166,0
midjourney_v6_1_00202,test,1,0.30882356,1
midjourney_v6_1_00203,test,1,0.9999467,0
midjourney_v6_1_00204,test,1,0.30882356,1
midjourney_v6_1_00205,test,1,0.025217818,0
midjourney_v6_1_00206,test,1,0.30882356,1
midjourney_v6_1_00207,test,1,0.30882356,1
midjourney_v6_1_00208,test,1,0.43697008,0
midjourney_v6_1_00209,test,1,0.30882356,1
midjourney_v6_1_00210,test,1,0.00079844,0
midjourney_v6_1_00211,test,1,0.99999857,0
midjourney_v6_1_00212,test,1,0.30882356,1
midjourney_v6_1_00213,test,1,0.30882356,1
midjourney_v6_1_00214,test,1,0.30882356,1
midjourney_v6_1_00215,test,1,0.021545144,0
midjourney_v6_1_00216,test,1,0.00051148457,0
midjourney_v6_1_00217,test,1,0.40720788,0
midjourney_v6_1_00218,test,1,0.30882356,1
midjourney_v6_1_00219,test,1,1.3700247e-05,0
midjourney_v6_1_00220,test,1,7.1960516e-05,0
midjourney_v6_1_00221,test,1,0.012903578,0
midjourney_v6_1_00222,test,1,0.30882356,1
midjourney_v6_1_00223,test,1,0.30882356,1
midjourney_v6_1_00224,test,1,0.37065804,0
midjourney_v6_1_00225,test,1,0.0057951803,0
midjourney_v6_1_00226,test,1,0.8130803,0
midjourney_v6_1_00227,test,1,0.30882356,1
midjourney_v6_1_00228,test,1,0.30882356,1
midjourney_v6_1_00229,test,1,0.30882356,1
midjourney_v6_1_00230,test,1,0.30882356,1
midjourney_v6_1_00231,test,1,0.2996402,0
midjourney_v6_1_00232,test,1,0.30882356,1
midjourney_v6_1_00233,test,1,0.30882356,1
midjourney_v6_1_00234,test,1,0.30882356,1
midjourney_v6_1_00235,test,1,0.30882356,1
midjourney_v6_1_00236,test,1,9.4533265e-05,0
midjourney_v6_1_00237,test,1,0.30882356,1
midjourney_v6_1_00238,test,1,0.012653381,0
midjourney_v6_1_00239,test,1,0.30882356,1
midjourney_v6_1_00240,test,1,0.30882356,1
midjourney_v6_1_00241,test,1,0.002068735,0
midjourney_v6_1_00242,test,1,0.30882356,1
midjourney_v6_1_00243,test,1,0.30882356,1
midjourney_v6_1_00244,test,1,0.022759479,0
midjourney_v6_1_00245,test,1,0.04466538,0
midjourney_v6_1_00246,test,1,0.92325133,0
midjourney_v6_1_00247,test,1,0.3614682,0
midjourney_v6_1_00248,test,1,0.30882356,1
midjourney_v6_1_00249,test,1,0.30882356,1
midjourney_v6_1_00250,test,1,0.00040397208,0
midjourney_v6_1_00251,test,1,0.89255106,0
midjourney_v6_1_00252,test,1,0.859474,0
midjourney_v6_1_00253,test,1,0.30882356,1
midjourney_v6_1_00254,test,1,0.30882356,1
midjourney_v6_1_00255,test,1,0.30882356,1
midjourney_v6_1_00256,test,1,0.009907677,0
midjourney_v6_1_00257,test,1,0.3437268,0
midjourney_v6_1_00258,test,1,0.96132904,0
midjourney_v6_1_00259,test,1,0.00075419113,0
midjourney_v6_1_00260,test,1,0.9285087,0
midjourney_v6_1_00261,test,1,0.9475025,0
midjourney_v6_1_00262,test,1,0.15802304,0
midjourney_v6_1_00263,test,1,0.99696296,0
midjourney_v6_1_00264,test,1,0.1451977,0
midjourney_v6_1_00265,test,1,0.30882356,1
midjourney_v6_1_00266,test,1,0.30882356,1
midjourney_v6_1_00267,test,1,0.0054290853,0
midjourney_v6_1_00268,test,1,0.30882356,1
midjourney_v6_1_00269,test,1,0.41605738,1
midjourney_v6_1_00270,test,1,0.9371101,0
midjourney_v6_1_00271,test,1,0.30882356,1
midjourney_v6_1_00272,test,1,0.3896898,0
midjourney_v6_1_00273,test,1,0.30882356,1
midjourney_v6_1_00274,test,1,0.89925945,0
midjourney_v6_1_00275,test,1,0.30882356,1
midjourney_v6_1_00276,test,1,0.30882356,1
midjourney_v6_1_00277,test,1,0.30882356,1
midjourney_v6_1_00278,test,1,0.03449881,0
midjourney_v6_1_00279,test,1,0.44902736,0
midjourney_v6_1_00280,test,1,0.30882356,1
midjourney_v6_1_00281,test,1,0.04481631,0
midjourney_v6_1_00282,test,1,0.30882356,1
midjourney_v6_1_00283,test,1,0.9711267,0
midjourney_v6_1_00284,test,1,0.30882356,1
midjourney_v6_1_00285,test,1,0.30882356,1
midjourney_v6_1_00286,test,1,0.30882356,1
midjourney_v6_1_00287,test,1,0.30882356,1
midjourney_v6_1_00288,test,1,0.18134387,0
midjourney_v6_1_00289,test,1,0.9999999,0
midjourney_v6_1_00290,test,1,0.30882356,1
midjourney_v6_1_00291,test,1,0.30882356,1
midjourney_v6_1_00292,test,1,0.82990605,0
midjourney_v6_1_00293,test,1,1.9182662e-05,0
midjourney_v6_1_00294,test,1,0.30882356,1
midjourney_v6_1_00295,test,1,0.00011306767,0
midjourney_v6_1_00296,test,1,0.30882356,1
midjourney_v6_1_00297,test,1,0.72239983,0
midjourney_v6_1_00298,test,1,0.5511416,0
midjourney_v6_1_00299,test,1,0.30882356,1
midjourney_v6_1_00300,test,1,0.0061453017,0
midjourney_v6_1_00301,test,1,0.6113609,0
midjourney_v6_1_00302,test,1,0.30882356,1
midjourney_v6_1_00303,test,1,0.30882356,1
midjourney_v6_1_00304,test,1,0.8587563,0
midjourney_v6_1_00305,test,1,0.026194695,0
midjourney_v6_1_00306,test,1,0.30882356,1
midjourney_v6_1_00307,test,1,0.30882356,1
midjourney_v6_1_00308,test,1,0.30882356,1
midjourney_v6_1_00309,test,1,0.30882356,1
midjourney_v6_1_00310,test,1,0.30882356,1
midjourney_v6_1_00311,test,1,0.0003317638,0
midjourney_v6_1_00312,test,1,0.30882356,1
midjourney_v6_1_00313,test,1,0.30882356,1
midjourney_v6_1_00314,test,1,0.037082344,0
midjourney_v6_1_00315,test,1,0.30253127,0
midjourney_v6_1_00316,test,1,0.30882356,1
midjourney_v6_1_00317,test,1,0.99995875,0
midjourney_v6_1_00318,test,1,0.30882356,1
midjourney_v6_1_00319,test,1,0.04433062,0
midjourney_v6_1_00320,test,1,0.30882356,1
midjourney_v6_1_00321,test,1,0.30882356,1
midjourney_v6_1_00322,test,1,0.012024492,0
midjourney_v6_1_00323,test,1,0.9176315,0
midjourney_v6_1_00324,test,1,0.0025932156,0
midjourney_v6_1_00325,test,1,0.94485426,0
midjourney_v6_1_00326,test,1,0.30882356,1
midjourney_v6_1_00327,test,1,0.30882356,1
midjourney_v6_1_00328,test,1,0.001985803,0
midjourney_v6_1_00329,test,1,0.0035455395,0
midjourney_v6_1_00330,test,1,0.30882356,1
midjourney_v6_1_00331,test,1,0.30882356,1
midjourney_v6_1_00332,test,1,0.30882356,1
midjourney_v6_1_00333,test,1,0.052355062,0
midjourney_v6_1_00334,test,1,0.30882356,1
midjourney_v6_1_00335,test,1,0.30882356,1
midjourney_v6_1_00336,test,1,0.30882356,1
midjourney_v6_1_00337,test,1,0.30882356,1
midjourney_v6_1_00338,test,1,0.9717899,0
midjourney_v6_1_00339,test,1,0.30882356,1
midjourney_v6_1_00340,test,1,0.30882356,1
midjourney_v6_1_00341,test,1,0.027781479,0
midjourney_v6_1_00342,test,1,0.30882356,1
midjourney_v6_1_00343,test,1,0.30882356,1
midjourney_v6_1_00344,test,1,0.30882356,1
midjourney_v6_1_00345,test,1,0.30882356,1
midjourney_v6_1_00346,test,1,0.30882356,1
midjourney_v6_1_00347,test,1,0.30882356,1
midjourney_v6_1_00348,test,1,0.0364766,0
midjourney_v6_1_00349,test,1,0.30882356,1
midjourney_v6_1_00350,test,1,0.30882356,1
midjourney_v6_1_00351,test,1,0.30882356,1
midjourney_v6_1_00352,test,1,0.30882356,1
midjourney_v6_1_00353,test,1,0.0022848134,0
midjourney_v6_1_00354,test,1,0.00412345,0
midjourney_v6_1_00355,test,1,5.434391e-05,0
midjourney_v6_1_00356,test,1,0.79461986,0
midjourney_v6_1_00357,test,1,0.4592356,0
midjourney_v6_1_00358,test,1,0.30882356,1
midjourney_v6_1_00359,test,1,0.30882356,1
midjourney_v6_1_00360,test,1,0.036389053,0
midjourney_v6_1_00361,test,1,0.071707785,0
midjourney_v6_1_00362,test,1,0.30882356,1
midjourney_v6_1_00363,test,1,0.30882356,1
midjourney_v6_1_00364,test,1,0.0054907873,0
midjourney_v6_1_00365,test,1,0.071173996,0
midjourney_v6_1_00366,test,1,0.30882356,1
midjourney_v6_1_00367,test,1,0.012752907,1
midjourney_v6_1_00368,test,1,0.30882356,1
midjourney_v6_1_00369,test,1,0.30882356,1
midjourney_v6_1_00370,test,1,0.91444176,0
midjourney_v6_1_00371,test,1,0.6902155,0
midjourney_v6_1_00372,test,1,0.30882356,1
midjourney_v6_1_00373,test,1,0.03662292,0
midjourney_v6_1_00374,test,1,0.7906417,0
midjourney_v6_1_00375,test,1,0.06180937,0
midjourney_v6_1_00376,test,1,0.011063173,0
midjourney_v6_1_00377,test,1,0.9999995,0
midjourney_v6_1_00378,test,1,5.798812e-06,0
midjourney_v6_1_00379,test,1,0.85533124,0
midjourney_v6_1_00380,test,1,0.30882356,1
midjourney_v6_1_00381,test,1,0.30882356,1
midjourney_v6_1_00382,test,1,0.30882356,1
midjourney_v6_1_00383,test,1,0.30882356,1
midjourney_v6_1_00384,test,1,0.30882356,1
midjourney_v6_1_00385,test,1,0.30882356,1
midjourney_v6_1_00386,test,1,0.30882356,1
midjourney_v6_1_00387,test,1,0.30882356,1
midjourney_v6_1_00388,test,1,0.48660517,0
midjourney_v6_1_00389,test,1,0.30882356,1
midjourney_v6_1_00390,test,1,0.30882356,1
midjourney_v6_1_00391,test,1,0.30882356,1
midjourney_v6_1_00392,test,1,0.30882356,1
midjourney_v6_1_00393,test,1,0.30882356,1
midjourney_v6_1_00394,test,1,0.30882356,1
midjourney_v6_1_00395,test,1,0.30882356,1
midjourney_v6_1_00396,test,1,0.92118025,0
midjourney_v6_1_00397,test,1,0.5822204,0
midjourney_v6_1_00398,test,1,0.44835383,0
midjourney_v6_1_00399,test,1,0.30882356,1
midjourney_v6_1_00400,test,1,0.30882356,1
midjourney_v6_1_00401,test,1,4.9675748e-08,0
midjourney_v6_1_00402,test,1,0.30882356,1
midjourney_v6_1_00403,test,1,0.30882356,1
midjourney_v6_1_00404,test,1,0.9534071,0
midjourney_v6_1_00405,test,1,0.9998349,0
midjourney_v6_1_00406,test,1,0.30882356,1
midjourney_v6_1_00407,test,1,0.058274284,0
midjourney_v6_1_00408,test,1,0.0065090563,0
midjourney_v6_1_00409,test,1,0.30882356,1
midjourney_v6_1_00410,test,1,0.30882356,1
midjourney_v6_1_00411,test,1,0.30882356,1
midjourney_v6_1_00412,test,1,0.30882356,1
midjourney_v6_1_00413,test,1,4.5995308e-05,0
midjourney_v6_1_00414,test,1,0.93988913,0
midjourney_v6_1_00415,test,1,0.5293573,0
midjourney_v6_1_00416,test,1,0.30882356,1
midjourney_v6_1_00417,test,1,0.0072821626,0
midjourney_v6_1_00418,test,1,0.30882356,1
midjourney_v6_1_00419,test,1,0.008201614,0
midjourney_v6_1_00420,test,1,0.30882356,1
midjourney_v6_1_00421,test,1,0.30882356,1
midjourney_v6_1_00422,test,1,0.30882356,1
midjourney_v6_1_00423,test,1,0.30882356,1
midjourney_v6_1_00424,test,1,0.30882356,1
midjourney_v6_1_00425,test,1,0.0012579341,0
midjourney_v6_1_00426,test,1,0.059091035,0
midjourney_v6_1_00427,test,1,0.370008,0
midjourney_v6_1_00428,test,1,0.33368257,0
midjourney_v6_1_00429,test,1,0.30882356,1
midjourney_v6_1_00430,test,1,0.024194144,0
midjourney_v6_1_00431,test,1,0.30882356,1
midjourney_v6_1_00432,test,1,0.7301922,0
midjourney_v6_1_00433,test,1,0.30882356,1
midjourney_v6_1_00434,test,1,0.30882356,1
midjourney_v6_1_00435,test,1,0.30882356,1
midjourney_v6_1_00436,test,1,0.5463775,0
midjourney_v6_1_00437,test,1,0.027577123,0
midjourney_v6_1_00438,test,1,0.23521109,0
midjourney_v6_1_00439,test,1,0.020161957,0
midjourney_v6_1_00440,test,1,0.30882356,1
midjourney_v6_1_00441,test,1,0.30882356,1
midjourney_v6_1_00442,test,1,0.30882356,1
midjourney_v6_1_00443,test,1,0.30882356,1
midjourney_v6_1_00444,test,1,0.30882356,1
midjourney_v6_1_00445,test,1,0.30882356,1
midjourney_v6_1_00446,test,1,0.30882356,1
midjourney_v6_1_00447,test,1,0.0058149346,0
midjourney_v6_1_00448,test,1,0.30882356,1
midjourney_v6_1_00449,test,1,0.9996393,0
midjourney_v6_1_00450,test,1,0.71764016,0
midjourney_v6_1_00451,test,1,0.010451746,0
midjourney_v6_1_00452,test,1,0.30882356,1
midjourney_v6_1_00453,test,1,0.9994567,0
midjourney_v6_1_00454,test,1,0.30882356,1
midjourney_v6_1_00455,test,1,0.8979295,0
midjourney_v6_1_00456,test,1,0.008358466,0
midjourney_v6_1_00457,test,1,0.30882356,1
midjourney_v6_1_00458,test,1,0.00019562079,0
midjourney_v6_1_00459,test,1,0.97275066,0
midjourney_v6_1_00460,test,1,0.0038907477,0
midjourney_v6_1_00461,test,1,0.0010579156,0
midjourney_v6_1_00462,test,1,0.30882356,1
midjourney_v6_1_00463,test,1,0.04724175,0
midjourney_v6_1_00464,test,1,0.30882356,1
midjourney_v6_1_00465,test,1,0.045380585,0
midjourney_v6_1_00466,test,1,0.30882356,1
midjourney_v6_1_00467,test,1,0.30882356,1
midjourney_v6_1_00468,test,1,0.65729266,0
midjourney_v6_1_00469,test,1,0.99988437,0
midjourney_v6_1_00470,test,1,0.30882356,1
midjourney_v6_1_00471,test,1,0.9936819,0
midjourney_v6_1_00472,test,1,0.8262045,0
midjourney_v6_1_00473,test,1,0.13272004,0
midjourney_v6_1_00474,test,1,0.5637571,0
midjourney_v6_1_00475,test,1,0.07615095,0
midjourney_v6_1_00476,test,1,0.30882356,1
midjourney_v6_1_00477,test,1,0.30882356,1
midjourney_v6_1_00478,test,1,0.6009184,0
midjourney_v6_1_00479,test,1,0.038324524,0
midjourney_v6_1_00480,test,1,0.5280171,0
midjourney_v6_1_00481,test,1,0.30882356,1
midjourney_v6_1_00482,test,1,0.8479594,0
midjourney_v6_1_00483,test,1,0.30882356,1
midjourney_v6_1_00484,test,1,0.30882356,1
midjourney_v6_1_00485,test,1,0.17314208,0
midjourney_v6_1_00486,test,1,0.45984402,0
midjourney_v6_1_00487,test,1,0.96785843,0
midjourney_v6_1_00488,test,1,0.9999831,0
midjourney_v6_1_00489,test,1,0.08526624,0
midjourney_v6_1_00490,test,1,0.30882356,1
midjourney_v6_1_00491,test,1,0.9999999,0
midjourney_v6_1_00492,test,1,0.006302641,0
midjourney_v6_1_00493,test,1,0.87508374,0
midjourney_v6_1_00494,test,1,0.30882356,1
midjourney_v6_1_00495,test,1,0.30882356,1
midjourney_v6_1_00496,test,1,0.9993316,0
midjourney_v6_1_00497,test,1,0.30882356,1
midjourney_v6_1_00498,test,1,0.0015257334,0
midjourney_v6_1_00499,test,1,0.007478036,0
midjourney_v6_1_00500,test,1,0.30882356,1
midjourney_v6_1_00501,test,1,0.30882356,1
midjourney_v6_1_00502,test,1,0.9999193,0
midjourney_v6_1_00503,test,1,0.95485896,0
midjourney_v6_1_00504,test,1,0.6029191,0
midjourney_v6_1_00505,test,1,0.30882356,1
midjourney_v6_1_00506,test,1,0.061618127,0
midjourney_v6_1_00507,test,1,0.7564044,0
midjourney_v6_1_00508,test,1,0.4589964,0
midjourney_v6_1_00509,test,1,0.050048083,0
midjourney_v6_1_00510,test,1,0.02537833,0
midjourney_v6_1_00511,test,1,0.30882356,1
midjourney_v6_1_00512,test,1,0.99457175,0
midjourney_v6_1_00513,test,1,0.935115,0
midjourney_v6_1_00514,test,1,0.18313372,0
midjourney_v6_1_00515,test,1,0.9081603,0
midjourney_v6_1_00516,test,1,0.074797094,0
midjourney_v6_1_00517,test,1,0.47037408,1
midjourney_v6_1_00518,test,1,0.00039823662,0
midjourney_v6_1_00519,test,1,0.9375834,0
midjourney_v6_1_00520,test,1,0.30882356,1
midjourney_v6_1_00521,test,1,0.00034120996,0
midjourney_v6_1_00522,test,1,0.30882356,1
midjourney_v6_1_00523,test,1,0.73560137,0
midjourney_v6_1_00524,test,1,0.30882356,1
midjourney_v6_1_00525,test,1,0.30882356,1
midjourney_v6_1_00526,test,1,0.30882356,1
midjourney_v6_1_00527,test,1,0.30882356,1
midjourney_v6_1_00528,test,1,0.78778076,0
midjourney_v6_1_00529,test,1,0.6277412,0
midjourney_v6_1_00530,test,1,0.00042529247,0
midjourney_v6_1_00531,test,1,0.30882356,1
midjourney_v6_1_00532,test,1,0.0011831884,0
midjourney_v6_1_00533,test,1,0.07193119,0
midjourney_v6_1_00534,test,1,0.017357748,0
midjourney_v6_1_00535,test,1,0.00048587317,0
midjourney_v6_1_00536,test,1,0.009866608,0
midjourney_v6_1_00537,test,1,0.17385595,0
midjourney_v6_1_00538,test,1,0.30882356,1
midjourney_v6_1_00539,test,1,0.00023097752,0
midjourney_v6_1_00540,test,1,0.0081323525,0
midjourney_v6_1_00541,test,1,0.19943981,0
midjourney_v6_1_00542,test,1,0.99253464,0
midjourney_v6_1_00543,test,1,0.30882356,1
midjourney_v6_1_00544,test,1,0.5421693,0
midjourney_v6_1_00545,test,1,0.9996964,0
midjourney_v6_1_00546,test,1,0.30882356,1
midjourney_v6_1_00547,test,1,0.046950653,0
midjourney_v6_1_00548,test,1,0.30882356,1
midjourney_v6_1_00549,test,1,0.30882356,1
midjourney_v6_1_00550,test,1,0.30882356,1
midjourney_v6_1_00551,test,1,0.30882356,1
midjourney_v6_1_00552,test,1,0.30882356,1
midjourney_v6_1_00553,test,1,0.26660463,1
midjourney_v6_1_00554,test,1,0.30882356,1
midjourney_v6_1_00555,test,1,0.30882356,1
midjourney_v6_1_00556,test,1,0.74882174,0
midjourney_v6_1_00557,test,1,0.9993304,0
midjourney_v6_1_00558,test,1,0.30882356,1
midjourney_v6_1_00559,test,1,0.30882356,1
midjourney_v6_1_00560,test,1,0.78205264,0
midjourney_v6_1_00561,test,1,0.2634427,0
midjourney_v6_1_00562,test,1,0.0031349505,0
midjourney_v6_1_00563,test,1,0.30882356,1
midjourney_v6_1_00564,test,1,0.032415133,0
midjourney_v6_1_00565,test,1,0.20359845,0
midjourney_v6_1_00566,test,1,0.30882356,1
midjourney_v6_1_00567,test,1,0.28125575,0
midjourney_v6_1_00568,test,1,0.30882356,1
midjourney_v6_1_00569,test,1,0.30882356,1
midjourney_v6_1_00570,test,1,0.30882356,1
midjourney_v6_1_00571,test,1,0.016461233,0
midjourney_v6_1_00572,test,1,0.2519222,0
midjourney_v6_1_00573,test,1,0.0001005804,0
midjourney_v6_1_00574,test,1,0.30882356,1
midjourney_v6_1_00575,test,1,0.30882356,1
midjourney_v6_1_00576,test,1,0.30882356,1
midjourney_v6_1_00577,test,1,0.20648485,0
midjourney_v6_1_00578,test,1,0.00032550909,0
midjourney_v6_1_00579,test,1,0.9220891,0
midjourney_v6_1_00580,test,1,0.07725662,0
midjourney_v6_1_00581,test,1,0.67522377,0
midjourney_v6_1_00582,test,1,0.042571086,0
midjourney_v6_1_00583,test,1,0.30882356,1
midjourney_v6_1_00584,test,1,0.12679216,0
midjourney_v6_1_00585,test,1,0.20166457,0
midjourney_v6_1_00586,test,1,0.12909074,0
midjourney_v6_1_00587,test,1,0.015158273,0
midjourney_v6_1_00588,test,1,0.35271677,0
midjourney_v6_1_00589,test,1,0.22505794,0
midjourney_v6_1_00590,test,1,0.018669529,0
midjourney_v6_1_00591,test,1,0.098825485,0
midjourney_v6_1_00592,test,1,0.0045087184,0
midjourney_v6_1_00593,test,1,0.22156994,0
midjourney_v6_1_00594,test,1,0.30882356,1
midjourney_v6_1_00595,test,1,0.08386964,0
midjourney_v6_1_00596,test,1,0.014159708,0
midjourney_v6_1_00597,test,1,0.30882356,1
midjourney_v6_1_00598,test,1,0.30882356,1
midjourney_v6_1_00599,test,1,0.30882356,1
midjourney_v6_1_00600,test,1,0.30882356,1
midjourney_v6_1_00601,test,1,0.25789875,0
midjourney_v6_1_00602,test,1,0.016547851,0
midjourney_v6_1_00603,test,1,0.73937964,0
midjourney_v6_1_00604,test,1,0.30882356,1
midjourney_v6_1_00605,test,1,0.30882356,1
midjourney_v6_1_00606,test,1,0.5868953,0
midjourney_v6_1_00607,test,1,0.028554652,0
midjourney_v6_1_00608,test,1,0.30882356,1
midjourney_v6_1_00609,test,1,0.7754263,0
midjourney_v6_1_00610,test,1,0.30882356,1
midjourney_v6_1_00611,test,1,0.30882356,1
midjourney_v6_1_00612,test,1,0.30882356,1
midjourney_v6_1_00613,test,1,0.30882356,1
midjourney_v6_1_00614,test,1,0.30882356,1
midjourney_v6_1_00615,test,1,0.9504452,0
midjourney_v6_1_00616,test,1,0.30882356,1
midjourney_v6_1_00617,test,1,0.99999857,0
midjourney_v6_1_00618,test,1,0.04632077,0
midjourney_v6_1_00619,test,1,0.71696156,0
midjourney_v6_1_00620,test,1,0.30882356,1
midjourney_v6_1_00621,test,1,0.06295303,0
midjourney_v6_1_00622,test,1,0.30882356,1
midjourney_v6_1_00623,test,1,0.30882356,1
midjourney_v6_1_00624,test,1,0.30882356,1
midjourney_v6_1_00625,test,1,0.28236243,0
midjourney_v6_1_00626,test,1,0.30882356,1
midjourney_v6_1_00627,test,1,0.30882356,1
midjourney_v6_1_00628,test,1,0.30882356,1
midjourney_v6_1_00629,test,1,0.30882356,1
midjourney_v6_1_00630,test,1,0.30882356,1
midjourney_v6_1_00631,test,1,0.30882356,1
midjourney_v6_1_00632,test,1,0.30882356,1
midjourney_v6_1_00633,test,1,0.8880058,0
midjourney_v6_1_00634,test,1,0.30882356,1
midjourney_v6_1_00635,test,1,6.213571e-06,0
midjourney_v6_1_00636,test,1,0.30882356,1
midjourney_v6_1_00637,test,1,0.93931943,0
stable_diffusion_1_3_00000,test,1,0.9998628,0
stable_diffusion_1_3_00001,test,1,0.24421147,0
stable_diffusion_1_3_00002,test,1,0.30882356,1
stable_diffusion_1_3_00003,test,1,0.30882356,1
stable_diffusion_1_3_00004,test,1,0.00286262,0
stable_diffusion_1_3_00005,test,1,2.916496e-06,0
stable_diffusion_1_3_00006,test,1,0.0009897805,0
stable_diffusion_1_3_00007,test,1,0.97780174,0
stable_diffusion_1_3_00008,test,1,0.30882356,1
stable_diffusion_1_3_00009,test,1,0.19356845,0
stable_diffusion_1_3_00010,test,1,0.15912913,0
stable_diffusion_1_3_00011,test,1,0.30882356,1
stable_diffusion_1_3_00012,test,1,1.7033679e-05,0
stable_diffusion_1_3_00013,test,1,0.96767366,0
stable_diffusion_1_3_00014,test,1,0.30882356,1
stable_diffusion_1_3_00015,test,1,0.051588934,0
stable_diffusion_1_3_00016,test,1,0.30882356,1
stable_diffusion_1_3_00017,test,1,2.1391965e-05,0
stable_diffusion_1_3_00018,test,1,0.30882356,1
stable_diffusion_1_3_00019,test,1,0.0028857973,0
stable_diffusion_1_3_00020,test,1,0.97928816,0
stable_diffusion_1_3_00021,test,1,0.30882356,1
stable_diffusion_1_3_00022,test,1,0.047135174,0
stable_diffusion_1_3_00023,test,1,0.9979243,0
stable_diffusion_1_3_00024,test,1,0.30882356,1
stable_diffusion_1_3_00025,test,1,0.004633592,0
stable_diffusion_1_3_00026,test,1,0.00038914933,0
stable_diffusion_1_3_00027,test,1,0.30882356,1
stable_diffusion_1_3_00028,test,1,0.30882356,1
stable_diffusion_1_3_00029,test,1,0.30882356,1
stable_diffusion_1_3_00030,test,1,0.86611897,0
stable_diffusion_1_3_00031,test,1,0.30882356,1
stable_diffusion_1_3_00032,test,1,0.30882356,1
stable_diffusion_1_3_00033,test,1,0.30882356,1
stable_diffusion_1_3_00034,test,1,0.30882356,1
stable_diffusion_1_3_00035,test,1,0.02922725,0
stable_diffusion_1_3_00036,test,1,0.31406808,0
stable_diffusion_1_3_00037,test,1,0.99906594,0
stable_diffusion_1_3_00038,test,1,0.06281183,0
stable_diffusion_1_3_00039,test,1,0.053246938,0
stable_diffusion_1_3_00040,test,1,0.00023558193,0
stable_diffusion_1_3_00041,test,1,0.30882356,1
stable_diffusion_1_3_00042,test,1,0.30882356,1
stable_diffusion_1_3_00043,test,1,2.6190065e-08,0
stable_diffusion_1_3_00044,test,1,0.16832423,0
stable_diffusion_1_3_00045,test,1,0.0038443625,0
stable_diffusion_1_3_00046,test,1,0.30882356,1
stable_diffusion_1_3_00047,test,1,0.30882356,1
stable_diffusion_1_3_00048,test,1,0.30882356,1
stable_diffusion_1_3_00049,test,1,0.8651501,0
stable_diffusion_1_3_00050,test,1,0.30882356,1
stable_diffusion_1_3_00051,test,1,0.9344625,0
stable_diffusion_1_3_00052,test,1,0.008894087,0
stable_diffusion_1_3_00053,test,1,0.30882356,1
stable_diffusion_1_3_00054,test,1,5.2516907e-07,0
stable_diffusion_1_3_00055,test,1,0.46538448,0
stable_diffusion_1_3_00056,test,1,0.30882356,1
stable_diffusion_1_3_00057,test,1,0.30882356,1
stable_diffusion_1_3_00058,test,1,0.27798212,0
stable_diffusion_1_3_00059,test,1,0.30882356,1
stable_diffusion_1_3_00060,test,1,0.30882356,1
stable_diffusion_1_3_00061,test,1,0.30882356,1
stable_diffusion_1_3_00062,test,1,0.30882356,1
stable_diffusion_1_3_00063,test,1,0.30882356,1
stable_diffusion_1_3_00064,test,1,0.006578603,0
stable_diffusion_1_3_00065,test,1,0.008940362,0
stable_diffusion_1_3_00066,test,1,0.21963282,0
stable_diffusion_1_3_00067,test,1,0.30882356,1
stable_diffusion_1_3_00068,test,1,0.30882356,1
stable_diffusion_1_3_00069,test,1,0.30882356,1
stable_diffusion_1_3_00070,test,1,0.0016193175,0
stable_diffusion_1_3_00071,test,1,0.30882356,1
stable_diffusion_1_3_00072,test,1,0.00036525037,0
stable_diffusion_1_3_00073,test,1,0.9965322,0
stable_diffusion_1_3_00074,test,1,0.30882356,1
stable_diffusion_1_3_00075,test,1,0.30882356,1
stable_diffusion_1_3_00076,test,1,0.016998539,0
stable_diffusion_1_3_00077,test,1,2.0693715e-05,0
stable_diffusion_1_3_00078,test,1,0.30882356,1
stable_diffusion_1_3_00079,test,1,0.29772794,0
stable_diffusion_1_3_00080,test,1,0.9908861,0
stable_diffusion_1_3_00081,test,1,0.36924434,0
stable_diffusion_1_3_00082,test,1,0.010902534,0
stable_diffusion_1_3_00083,test,1,4.9184408e-05,0
stable_diffusion_1_3_00084,test,1,0.27535763,0
stable_diffusion_1_3_00085,test,1,0.30882356,1
stable_diffusion_1_3_00086,test,1,0.30882356,1
stable_diffusion_1_3_00087,test,1,0.9786395,0
stable_diffusion_1_3_00088,test,1,0.23586611,0
stable_diffusion_1_3_00089,test,1,0.30882356,1
stable_diffusion_1_3_00090,test,1,0.30882356,1
stable_diffusion_1_3_00091,test,1,0.30882356,1
stable_diffusion_1_3_00092,test,1,0.30882356,1
stable_diffusion_1_3_00093,test,1,0.30882356,1
stable_diffusion_1_3_00094,test,1,0.010368011,0
stable_diffusion_1_3_00095,test,1,0.50761515,0
stable_diffusion_1_3_00096,test,1,0.30882356,1
stable_diffusion_1_3_00097,test,1,0.010847594,0
stable_diffusion_1_3_00098,test,1,0.30882356,1
stable_diffusion_1_3_00099,test,1,0.30882356,1
stable_diffusion_1_3_00100,test,1,0.30882356,1
stable_diffusion_1_3_00101,test,1,0.99884856,0
stable_diffusion_1_3_00102,test,1,0.30882356,1
stable_diffusion_1_3_00103,test,1,0.8258693,0
stable_diffusion_1_3_00104,test,1,0.5541768,0
stable_diffusion_1_3_00105,test,1,0.002581711,0
stable_diffusion_1_3_00106,test,1,1.0,0
stable_diffusion_1_3_00107,test,1,0.00049134257,0
stable_diffusion_1_3_00108,test,1,0.30882356,1
stable_diffusion_1_3_00109,test,1,0.119970426,0
stable_diffusion_1_3_00110,test,1,0.30882356,1
stable_diffusion_1_3_00111,test,1,0.25339088,0
stable_diffusion_1_3_00112,test,1,0.07697062,0
stable_diffusion_1_3_00113,test,1,0.0070903865,0
stable_diffusion_1_3_00114,test,1,0.07568451,0
stable_diffusion_1_3_00115,test,1,0.9886326,0
stable_diffusion_1_3_00116,test,1,0.016740834,0
stable_diffusion_1_3_00117,test,1,0.30882356,1
stable_diffusion_1_3_00118,test,1,0.9398079,0
stable_diffusion_1_3_00119,test,1,0.10095667,0
stable_diffusion_1_3_00120,test,1,0.0055527017,0
stable_diffusion_1_3_00121,test,1,0.0023692946,1
stable_diffusion_1_3_00122,test,1,0.018523395,0
stable_diffusion_1_3_00123,test,1,0.30882356,1
stable_diffusion_1_3_00124,test,1,0.010020484,0
stable_diffusion_1_3_00125,test,1,0.6690935,0
stable_diffusion_1_3_00126,test,1,0.30882356,1
stable_diffusion_1_3_00127,test,1,0.30882356,1
stable_diffusion_1_3_00128,test,1,0.0047502965,0
stable_diffusion_1_3_00129,test,1,0.31396767,0
stable_diffusion_1_3_00130,test,1,0.17544113,0
stable_diffusion_1_3_00131,test,1,0.09016167,0
stable_diffusion_1_3_00132,test,1,0.30882356,1
stable_diffusion_1_3_00133,test,1,0.0025007224,0
stable_diffusion_1_3_00134,test,1,0.039407138,0
stable_diffusion_1_3_00135,test,1,0.06140961,0
stable_diffusion_1_3_00136,test,1,0.30882356,1
stable_diffusion_1_3_00137,test,1,0.30882356,1
stable_diffusion_1_3_00138,test,1,0.30882356,1
stable_diffusion_1_3_00139,test,1,0.6156225,0
stable_diffusion_1_3_00140,test,1,0.001522402,0
stable_diffusion_1_3_00141,test,1,0.30882356,1
stable_diffusion_1_3_00142,test,1,0.30882356,1
stable_diffusion_1_3_00143,test,1,0.30882356,1
stable_diffusion_1_3_00144,test,1,0.00027610947,0
stable_diffusion_1_3_00145,test,1,0.30882356,1
stable_diffusion_1_3_00146,test,1,0.30882356,1
stable_diffusion_1_3_00147,test,1,0.30882356,1
stable_diffusion_1_3_00148,test,1,0.017022274,0
stable_diffusion_1_3_00149,test,1,0.30882356,1
stable_diffusion_1_3_00150,test,1,0.30882356,1
stable_diffusion_1_3_00151,test,1,0.30882356,1
stable_diffusion_1_3_00152,test,1,0.30882356,1
stable_diffusion_1_3_00153,test,1,0.33479702,0
stable_diffusion_1_3_00154,test,1,0.30882356,1
stable_diffusion_1_3_00155,test,1,0.30882356,1
stable_diffusion_1_3_00156,test,1,0.30882356,1
stable_diffusion_1_3_00157,test,1,0.30882356,1
stable_diffusion_1_3_00158,test,1,0.118897565,1
stable_diffusion_1_3_00159,test,1,0.30882356,1
stable_diffusion_1_3_00160,test,1,0.30882356,1
stable_diffusion_1_3_00161,test,1,0.04770727,0
stable_diffusion_1_3_00162,test,1,0.30882356,1
stable_diffusion_1_3_00163,test,1,0.30882356,1
stable_diffusion_1_3_00164,test,1,0.028922176,0
stable_diffusion_1_3_00165,test,1,0.30882356,1
stable_diffusion_1_3_00166,test,1,0.7899375,0
stable_diffusion_1_3_00167,test,1,0.30882356,1
stable_diffusion_1_3_00168,test,1,0.012634666,0
stable_diffusion_1_3_00169,test,1,0.026297137,0
stable_diffusion_1_3_00170,test,1,0.30882356,1
stable_diffusion_1_3_00171,test,1,0.30882356,1
stable_diffusion_1_3_00172,test,1,0.001569106,0
stable_diffusion_1_3_00173,test,1,0.30882356,1
stable_diffusion_1_3_00174,test,1,0.30882356,1
stable_diffusion_1_3_00175,test,1,0.30882356,1
stable_diffusion_1_3_00176,test,1,0.30882356,1
stable_diffusion_1_3_00177,test,1,0.3459559,0
stable_diffusion_1_3_00178,test,1,0.30882356,1
stable_diffusion_1_3_00179,test,1,0.0017502201,0
stable_diffusion_1_3_00180,test,1,0.30882356,1
stable_diffusion_1_3_00181,test,1,0.01771449,0
stable_diffusion_1_3_00182,test,1,0.30882356,1
stable_diffusion_1_3_00183,test,1,0.06321234,0
stable_diffusion_1_3_00184,test,1,0.33773646,0
stable_diffusion_1_3_00185,test,1,0.32452458,0
stable_diffusion_1_3_00186,test,1,2.2602285e-07,0
stable_diffusion_1_3_00187,test,1,0.30882356,1
stable_diffusion_1_3_00188,test,1,0.11193401,0
stable_diffusion_1_3_00189,test,1,0.30882356,1
stable_diffusion_1_3_00190,test,1,0.00092075526,0
stable_diffusion_1_3_00191,test,1,0.068702675,0
stable_diffusion_1_3_00192,test,1,0.30882356,1
stable_diffusion_1_3_00193,test,1,0.018760469,0
stable_diffusion_1_3_00194,test,1,0.73345125,0
stable_diffusion_1_3_00195,test,1,0.30882356,1
stable_diffusion_1_3_00196,test,1,0.30882356,1
stable_diffusion_1_3_00197,test,1,0.30882356,1
stable_diffusion_1_3_00198,test,1,0.0036808513,0
stable_diffusion_1_3_00199,test,1,0.30882356,1
stable_diffusion_1_3_00200,test,1,0.9999999,0
stable_diffusion_1_3_00201,test,1,0.30882356,1
stable_diffusion_1_3_00202,test,1,0.78695595,0
stable_diffusion_1_3_00203,test,1,0.017059393,0
stable_diffusion_1_3_00204,test,1,0.478891,0
stable_diffusion_1_3_00205,test,1,0.013379317,0
stable_diffusion_1_3_00206,test,1,0.30882356,1
stable_diffusion_1_3_00207,test,1,0.30882356,1
stable_diffusion_1_3_00208,test,1,0.30882356,1
stable_diffusion_1_3_00209,test,1,0.30882356,1
stable_diffusion_1_3_00210,test,1,0.0034967475,0
stable_diffusion_1_3_00211,test,1,0.35371292,0
stable_diffusion_1_3_00212,test,1,0.30882356,1
stable_diffusion_1_3_00213,test,1,0.3190371,0
stable_diffusion_1_3_00214,test,1,0.30882356,1
stable_diffusion_1_3_00215,test,1,0.30882356,1
stable_diffusion_1_3_00216,test,1,0.30882356,1
stable_diffusion_1_3_00217,test,1,0.30882356,1
stable_diffusion_1_3_00218,test,1,0.010047895,0
stable_diffusion_1_3_00219,test,1,0.00027243057,0
stable_diffusion_1_3_00220,test,1,0.30882356,1
stable_diffusion_1_3_00221,test,1,0.30882356,1
stable_diffusion_1_3_00222,test,1,0.012610359,0
stable_diffusion_1_3_00223,test,1,0.30882356,1
stable_diffusion_1_3_00224,test,1,0.30882356,1
stable_diffusion_1_3_00225,test,1,0.50867575,0
stable_diffusion_1_3_00226,test,1,0.30882356,1
stable_diffusion_1_3_00227,test,1,0.30882356,1
stable_diffusion_1_3_00228,test,1,0.30882356,1
stable_diffusion_1_3_00229,test,1,0.0014917246,0
stable_diffusion_1_3_00230,test,1,0.30882356,1
stable_diffusion_1_3_00231,test,1,0.051389776,0
stable_diffusion_1_3_00232,test,1,0.30882356,1
stable_diffusion_1_3_00233,test,1,0.079822555,0
stable_diffusion_1_3_00234,test,1,0.19206007,0
stable_diffusion_1_3_00235,test,1,0.30882356,1
stable_diffusion_1_3_00236,test,1,0.6803762,0
stable_diffusion_1_3_00237,test,1,0.15161753,0
stable_diffusion_1_3_00238,test,1,0.2642805,0
stable_diffusion_1_3_00239,test,1,0.9906572,0
stable_diffusion_1_3_00240,test,1,0.30882356,1
stable_diffusion_1_3_00241,test,1,0.6258168,0
stable_diffusion_1_3_00242,test,1,0.30882356,1
stable_diffusion_1_3_00243,test,1,0.30882356,1
stable_diffusion_1_3_00244,test,1,0.30882356,1
stable_diffusion_1_3_00245,test,1,0.30882356,1
stable_diffusion_1_3_00246,test,1,0.16187768,0
stable_diffusion_1_3_00247,test,1,0.30882356,1
stable_diffusion_1_3_00248,test,1,3.7235677e-05,0
stable_diffusion_1_3_00249,test,1,0.15005103,1
stable_diffusion_1_3_00250,test,1,0.30882356,1
stable_diffusion_1_3_00251,test,1,0.30882356,1
stable_diffusion_1_3_00252,test,1,0.30882356,1
stable_diffusion_1_3_00253,test,1,0.8819455,0
stable_diffusion_1_3_00254,test,1,0.02421898,0
stable_diffusion_1_3_00255,test,1,0.30882356,1
stable_diffusion_1_3_00256,test,1,0.038842052,0
stable_diffusion_1_3_00257,test,1,0.30882356,1
stable_diffusion_1_3_00258,test,1,0.02563344,0
stable_diffusion_1_3_00259,test,1,0.30882356,1
stable_diffusion_1_3_00260,test,1,0.30882356,1
stable_diffusion_1_3_00261,test,1,0.30882356,1
stable_diffusion_1_3_00262,test,1,0.30882356,1
stable_diffusion_1_3_00263,test,1,0.30882356,1
stable_diffusion_1_3_00264,test,1,0.0005958845,0
stable_diffusion_1_3_00265,test,1,0.30882356,1
stable_diffusion_1_3_00266,test,1,0.99730647,0
stable_diffusion_1_3_00267,test,1,0.003883923,0
stable_diffusion_1_3_00268,test,1,0.44018582,0
stable_diffusion_1_3_00269,test,1,0.30882356,1
stable_diffusion_1_3_00270,test,1,0.30882356,1
stable_diffusion_1_3_00271,test,1,0.30882356,1
stable_diffusion_1_3_00272,test,1,0.016841706,1
stable_diffusion_1_3_00273,test,1,0.038877685,0
stable_diffusion_1_3_00274,test,1,0.30882356,1
stable_diffusion_1_3_00275,test,1,0.30882356,1
stable_diffusion_1_3_00276,test,1,0.30882356,1
stable_diffusion_1_3_00277,test,1,0.9985984,0
stable_diffusion_1_3_00278,test,1,0.30882356,1
stable_diffusion_1_3_00279,test,1,0.30882356,1
stable_diffusion_1_3_00280,test,1,0.30882356,1
stable_diffusion_1_3_00281,test,1,0.00023022578,0
stable_diffusion_1_3_00282,test,1,0.08293988,0
stable_diffusion_1_3_00283,test,1,0.032233268,0
stable_diffusion_1_3_00284,test,1,0.30882356,1
stable_diffusion_1_3_00285,test,1,0.30882356,1
stable_diffusion_1_3_00286,test,1,0.30882356,1
stable_diffusion_1_3_00287,test,1,0.003144879,0
stable_diffusion_1_3_00288,test,1,0.30882356,1
stable_diffusion_1_3_00289,test,1,0.06984765,0
stable_diffusion_1_3_00290,test,1,0.30882356,1
stable_diffusion_1_3_00291,test,1,0.002142604,0
stable_diffusion_1_3_00292,test,1,0.30882356,1
stable_diffusion_1_3_00293,test,1,0.33309904,0
stable_diffusion_1_3_00294,test,1,0.7835993,0
stable_diffusion_1_3_00295,test,1,0.0135063995,0
stable_diffusion_1_3_00296,test,1,0.8050428,0
stable_diffusion_1_3_00297,test,1,0.031658445,0
stable_diffusion_1_3_00298,test,1,0.30882356,1
stable_diffusion_1_3_00299,test,1,0.30882356,1
stable_diffusion_1_3_00300,test,1,0.30882356,1
stable_diffusion_1_3_00301,test,1,7.691978e-05,0
stable_diffusion_1_3_00302,test,1,0.30882356,1
stable_diffusion_1_3_00303,test,1,0.30882356,1
stable_diffusion_1_3_00304,test,1,0.30882356,1
stable_diffusion_1_3_00305,test,1,0.015288339,0
stable_diffusion_1_3_00306,test,1,0.30882356,1
stable_diffusion_1_3_00307,test,1,0.30882356,1
stable_diffusion_1_3_00308,test,1,0.30882356,1
stable_diffusion_1_3_00309,test,1,0.30882356,1
stable_diffusion_1_3_00310,test,1,0.30882356,1
stable_diffusion_1_3_00311,test,1,0.30882356,1
stable_diffusion_1_3_00312,test,1,0.0026042354,0
stable_diffusion_1_3_00313,test,1,0.02035864,0
stable_diffusion_1_3_00314,test,1,0.30882356,1
stable_diffusion_1_3_00315,test,1,0.30882356,1
stable_diffusion_1_3_00316,test,1,0.30882356,1
stable_diffusion_1_3_00317,test,1,0.30882356,1
stable_diffusion_1_3_00318,test,1,0.30882356,1
stable_diffusion_1_3_00319,test,1,1.0388162e-08,0
stable_diffusion_1_3_00320,test,1,0.013885884,0
stable_diffusion_1_3_00321,test,1,0.30882356,1
stable_diffusion_1_3_00322,test,1,0.30882356,1
stable_diffusion_1_3_00323,test,1,0.9880512,0
stable_diffusion_1_3_00324,test,1,0.036194485,0
stable_diffusion_1_3_00325,test,1,0.30882356,1
stable_diffusion_1_3_00326,test,1,0.25366953,0
stable_diffusion_1_3_00327,test,1,0.015934652,0
stable_diffusion_1_3_00328,test,1,0.0022175426,0
stable_diffusion_1_3_00329,test,1,0.30882356,1
stable_diffusion_1_3_00330,test,1,0.014690094,0
stable_diffusion_1_3_00331,test,1,0.020162424,0
stable_diffusion_1_3_00332,test,1,0.30882356,1
stable_diffusion_1_3_00333,test,1,0.013368225,0
stable_diffusion_1_3_00334,test,1,0.30882356,1
stable_diffusion_1_3_00335,test,1,0.010383795,0
stable_diffusion_1_3_00336,test,1,0.30882356,1
stable_diffusion_1_3_00337,test,1,0.30882356,1
stable_diffusion_1_3_00338,test,1,0.0015069427,0
stable_diffusion_1_3_00339,test,1,0.30882356,1
stable_diffusion_1_3_00340,test,1,0.30882356,1
stable_diffusion_1_3_00341,test,1,0.0012853929,0
stable_diffusion_1_3_00342,test,1,0.30882356,1
stable_diffusion_1_3_00343,test,1,0.0028063024,0
stable_diffusion_1_3_00344,test,1,0.30882356,1
stable_diffusion_1_3_00345,test,1,0.9402686,0
stable_diffusion_1_3_00346,test,1,0.30882356,1
stable_diffusion_1_3_00347,test,1,0.001295198,0
stable_diffusion_1_3_00348,test,1,0.30882356,1
stable_diffusion_1_3_00349,test,1,0.30882356,1
stable_diffusion_1_3_00350,test,1,0.30882356,1
stable_diffusion_1_3_00351,test,1,0.30882356,1
stable_diffusion_1_3_00352,test,1,0.021482034,0
stable_diffusion_1_3_00353,test,1,0.30882356,1
stable_diffusion_1_3_00354,test,1,0.30882356,1
stable_diffusion_1_3_00355,test,1,0.30882356,1
stable_diffusion_1_3_00356,test,1,0.022743432,0
stable_diffusion_1_3_00357,test,1,0.30882356,1
stable_diffusion_1_3_00358,test,1,0.30882356,1
stable_diffusion_1_3_00359,test,1,0.1348339,0
stable_diffusion_1_3_00360,test,1,0.30882356,1
stable_diffusion_1_3_00361,test,1,0.39005217,0
stable_diffusion_1_3_00362,test,1,0.30882356,1
stable_diffusion_1_3_00363,test,1,0.083889544,0
stable_diffusion_1_3_00364,test,1,0.52618927,0
stable_diffusion_1_3_00365,test,1,0.30882356,1
stable_diffusion_1_3_00366,test,1,0.03112303,0
stable_diffusion_1_3_00367,test,1,0.30882356,1
stable_diffusion_1_3_00368,test,1,0.06496717,0
stable_diffusion_1_3_00369,test,1,0.18130733,1
stable_diffusion_1_3_00370,test,1,0.30882356,1
stable_diffusion_1_3_00371,test,1,0.30882356,1
stable_diffusion_1_3_00372,test,1,0.30882356,1
stable_diffusion_1_3_00373,test,1,0.2186911,0
stable_diffusion_1_3_00374,test,1,0.30882356,1
stable_diffusion_1_3_00375,test,1,0.30882356,1
stable_diffusion_1_3_00376,test,1,0.30882356,1
stable_diffusion_1_3_00377,test,1,0.30882356,1
stable_diffusion_1_3_00378,test,1,2.1081605e-06,0
stable_diffusion_1_3_00379,test,1,0.30882356,1
stable_diffusion_1_3_00380,test,1,0.30882356,1
stable_diffusion_1_3_00381,test,1,0.30882356,1
stable_diffusion_1_3_00382,test,1,0.30882356,1
stable_diffusion_1_3_00383,test,1,0.30882356,1
stable_diffusion_1_3_00384,test,1,0.044342518,0
stable_diffusion_1_3_00385,test,1,0.30882356,1
stable_diffusion_1_3_00386,test,1,0.06791476,0
stable_diffusion_1_3_00387,test,1,0.30882356,1
stable_diffusion_1_3_00388,test,1,0.016357146,0
stable_diffusion_1_3_00389,test,1,0.34522557,0
stable_diffusion_1_3_00390,test,1,0.30882356,1
stable_diffusion_1_3_00391,test,1,0.028049026,0
stable_diffusion_1_3_00392,test,1,0.30882356,1
stable_diffusion_1_3_00393,test,1,0.30882356,1
stable_diffusion_1_3_00394,test,1,0.105374165,0
stable_diffusion_1_3_00395,test,1,0.30882356,1
stable_diffusion_1_3_00396,test,1,0.30882356,1
stable_diffusion_1_3_00397,test,1,0.03756083,0
stable_diffusion_1_3_00398,test,1,0.30882356,1
stable_diffusion_1_3_00399,test,1,0.0035359196,0
stable_diffusion_1_3_00400,test,1,0.003762524,0
stable_diffusion_1_3_00401,test,1,0.30882356,1
stable_diffusion_1_3_00402,test,1,0.0062653017,0
stable_diffusion_1_3_00403,test,1,0.9786588,0
stable_diffusion_1_3_00404,test,1,0.30882356,1
stable_diffusion_1_3_00405,test,1,0.03486002,0
stable_diffusion_1_3_00406,test,1,0.18119341,0
stable_diffusion_1_3_00407,test,1,0.30882356,1
stable_diffusion_1_3_00408,test,1,0.0048179603,0
stable_diffusion_1_3_00409,test,1,0.30882356,1
stable_diffusion_1_3_00410,test,1,0.030843081,0
stable_diffusion_1_3_00411,test,1,0.0045402586,0
stable_diffusion_1_3_00412,test,1,0.30882356,1
stable_diffusion_1_3_00413,test,1,0.12728254,0
stable_diffusion_1_3_00414,test,1,4.615701e-05,0
stable_diffusion_1_3_00415,test,1,0.532558,0
stable_diffusion_1_3_00416,test,1,0.30882356,1
stable_diffusion_1_3_00417,test,1,0.94177634,0
stable_diffusion_1_3_00418,test,1,0.30882356,1
stable_diffusion_1_3_00419,test,1,0.90903807,0
stable_diffusion_1_3_00420,test,1,0.30882356,1
stable_diffusion_1_3_00421,test,1,0.30882356,1
stable_diffusion_1_3_00422,test,1,0.30882356,1
stable_diffusion_1_3_00423,test,1,0.30882356,1
stable_diffusion_1_3_00424,test,1,0.30882356,1
stable_diffusion_1_3_00425,test,1,0.0023021945,0
stable_diffusion_1_3_00426,test,1,0.30882356,1
stable_diffusion_1_3_00427,test,1,0.00371181,0
stable_diffusion_1_3_00428,test,1,0.4321871,0
stable_diffusion_1_3_00429,test,1,0.4772652,0
stable_diffusion_1_3_00430,test,1,0.30882356,1
stable_diffusion_1_3_00431,test,1,0.30882356,1
stable_diffusion_1_3_00432,test,1,0.30882356,1
stable_diffusion_1_3_00433,test,1,0.30882356,1
stable_diffusion_1_3_00434,test,1,0.30882356,1
stable_diffusion_1_3_00435,test,1,0.30882356,1
stable_diffusion_1_3_00436,test,1,0.30882356,1
stable_diffusion_1_3_00437,test,1,0.00024487588,0
stable_diffusion_1_3_00438,test,1,0.30882356,1
stable_diffusion_1_3_00439,test,1,0.98808706,0
stable_diffusion_1_3_00440,test,1,0.30882356,1
stable_diffusion_1_3_00441,test,1,0.30882356,1
stable_diffusion_1_3_00442,test,1,0.17852642,0
stable_diffusion_1_3_00443,test,1,0.31687135,0
stable_diffusion_1_3_00444,test,1,0.30882356,1
stable_diffusion_1_3_00445,test,1,0.16584289,0
stable_diffusion_1_3_00446,test,1,0.8376474,0
stable_diffusion_1_3_00447,test,1,0.30882356,1
stable_diffusion_1_3_00448,test,1,6.0487337e-06,0
stable_diffusion_1_3_00449,test,1,0.30882356,1
stable_diffusion_1_3_00450,test,1,0.30882356,1
stable_diffusion_1_3_00451,test,1,0.30882356,1
stable_diffusion_1_3_00452,test,1,0.023638139,0
stable_diffusion_1_3_00453,test,1,0.23880737,0
stable_diffusion_1_3_00454,test,1,0.30882356,1
stable_diffusion_1_3_00455,test,1,0.30882356,1
stable_diffusion_1_3_00456,test,1,0.19692954,0
stable_diffusion_1_3_00457,test,1,0.30882356,1
stable_diffusion_1_3_00458,test,1,0.30882356,1
stable_diffusion_1_3_00459,test,1,0.47716036,0
stable_diffusion_1_3_00460,test,1,0.30882356,1
stable_diffusion_1_3_00461,test,1,0.39081144,0
stable_diffusion_1_3_00462,test,1,0.30882356,1
stable_diffusion_1_3_00463,test,1,0.56055814,0
stable_diffusion_1_3_00464,test,1,0.30882356,1
stable_diffusion_1_3_00465,test,1,0.30882356,1
stable_diffusion_1_3_00466,test,1,0.10608729,0
stable_diffusion_1_3_00467,test,1,0.30882356,1
stable_diffusion_1_3_00468,test,1,0.30882356,1
stable_diffusion_1_3_00469,test,1,0.74928737,0
stable_diffusion_1_3_00470,test,1,0.30882356,1
stable_diffusion_1_3_00471,test,1,0.000926749,0
stable_diffusion_1_3_00472,test,1,0.30882356,1
stable_diffusion_1_3_00473,test,1,0.00014350541,0
stable_diffusion_1_3_00474,test,1,0.30882356,1
stable_diffusion_1_3_00475,test,1,0.30882356,1
stable_diffusion_1_3_00476,test,1,0.15629013,0
stable_diffusion_1_3_00477,test,1,0.30882356,1
stable_diffusion_1_3_00478,test,1,0.30882356,1
stable_diffusion_1_3_00479,test,1,0.025248075,0
stable_diffusion_1_3_00480,test,1,0.091962315,0
stable_diffusion_1_3_00481,test,1,0.06058432,0
stable_diffusion_1_3_00482,test,1,0.30882356,1
stable_diffusion_1_3_00483,test,1,0.8998699,0
stable_diffusion_1_3_00484,test,1,0.30882356,1
stable_diffusion_1_3_00485,test,1,0.30882356,1
stable_diffusion_1_3_00486,test,1,0.07001335,0
stable_diffusion_1_3_00487,test,1,0.30882356,1
stable_diffusion_1_3_00488,test,1,0.08716057,0
stable_diffusion_1_3_00489,test,1,0.30882356,1
stable_diffusion_1_3_00490,test,1,0.24164394,0
stable_diffusion_1_3_00491,test,1,0.30882356,1
stable_diffusion_1_3_00492,test,1,0.30882356,1
stable_diffusion_1_3_00493,test,1,0.0005955632,0
stable_diffusion_1_3_00494,test,1,0.30882356,1
stable_diffusion_1_3_00495,test,1,0.0051759495,0
stable_diffusion_1_3_00496,test,1,0.043044344,0
stable_diffusion_1_3_00497,test,1,0.003137139,0
stable_diffusion_1_3_00498,test,1,0.30882356,1
stable_diffusion_1_3_00499,test,1,0.30882356,1
stable_diffusion_1_3_00500,test,1,0.30882356,1
stable_diffusion_1_3_00501,test,1,0.02767251,0
stable_diffusion_1_3_00502,test,1,0.18046416,0
stable_diffusion_1_3_00503,test,1,0.07697208,0
stable_diffusion_1_3_00504,test,1,2.6500955e-05,0
stable_diffusion_1_3_00505,test,1,0.0032037336,0
stable_diffusion_1_3_00506,test,1,7.411489e-05,0
stable_diffusion_1_3_00507,test,1,0.30882356,1
stable_diffusion_1_3_00508,test,1,0.89381236,0
stable_diffusion_1_3_00509,test,1,0.30882356,1
stable_diffusion_1_3_00510,test,1,0.30882356,1
stable_diffusion_1_3_00511,test,1,0.10221794,1
stable_diffusion_1_3_00512,test,1,0.28967878,0
stable_diffusion_1_3_00513,test,1,0.30882356,1
stable_diffusion_1_3_00514,test,1,0.30882356,1
stable_diffusion_1_3_00515,test,1,0.30882356,1
stable_diffusion_1_3_00516,test,1,0.30882356,1
stable_diffusion_1_3_00517,test,1,0.30882356,1
stable_diffusion_1_3_00518,test,1,0.3771734,0
stable_diffusion_1_3_00519,test,1,0.1895364,0
stable_diffusion_1_3_00520,test,1,0.30882356,1
stable_diffusion_1_3_00521,test,1,0.3464749,0
stable_diffusion_1_3_00522,test,1,0.30882356,1
stable_diffusion_1_3_00523,test,1,2.7490603e-07,0
stable_diffusion_1_3_00524,test,1,0.30882356,1
stable_diffusion_1_3_00525,test,1,0.02720773,1
stable_diffusion_1_3_00526,test,1,0.30882356,1
stable_diffusion_1_3_00527,test,1,0.99789906,0
stable_diffusion_1_3_00528,test,1,0.82159334,0
stable_diffusion_1_3_00529,test,1,0.30882356,1
stable_diffusion_1_3_00530,test,1,0.30882356,1
stable_diffusion_1_3_00531,test,1,0.30882356,1
stable_diffusion_1_3_00532,test,1,0.0024107378,0
stable_diffusion_1_3_00533,test,1,0.059084393,0
stable_diffusion_1_3_00534,test,1,0.30882356,1
stable_diffusion_1_3_00535,test,1,0.30882356,1
stable_diffusion_1_3_00536,test,1,0.30882356,1
stable_diffusion_1_3_00537,test,1,0.9942684,0
stable_diffusion_1_3_00538,test,1,0.40327778,0
stable_diffusion_1_3_00539,test,1,0.30882356,1
stable_diffusion_1_3_00540,test,1,0.30882356,1
stable_diffusion_1_3_00541,test,1,0.3226419,0
stable_diffusion_1_3_00542,test,1,0.9794422,0
stable_diffusion_1_3_00543,test,1,0.0017370161,0
stable_diffusion_1_3_00544,test,1,0.76955426,0
stable_diffusion_1_3_00545,test,1,0.523951,0
stable_diffusion_1_3_00546,test,1,0.30882356,1
stable_diffusion_1_3_00547,test,1,0.41145036,0
stable_diffusion_1_3_00548,test,1,0.30882356,1
stable_diffusion_1_3_00549,test,1,0.51653355,0
stable_diffusion_1_3_00550,test,1,0.30882356,1
stable_diffusion_1_3_00551,test,1,0.0044732913,0
stable_diffusion_1_3_00552,test,1,0.06329181,0
stable_diffusion_1_3_00553,test,1,0.30882356,1
stable_diffusion_1_3_00554,test,1,0.02351959,0
stable_diffusion_1_3_00555,test,1,0.30882356,1
stable_diffusion_1_3_00556,test,1,0.30882356,1
stable_diffusion_1_3_00557,test,1,0.00083461177,0
stable_diffusion_1_3_00558,test,1,0.13544154,0
stable_diffusion_1_3_00559,test,1,0.30882356,1
stable_diffusion_1_3_00560,test,1,0.30882356,1
stable_diffusion_1_3_00561,test,1,0.02288665,0
stable_diffusion_1_3_00562,test,1,0.25023374,0
stable_diffusion_1_3_00563,test,1,0.16394667,1
stable_diffusion_1_3_00564,test,1,0.30882356,1
stable_diffusion_1_3_00565,test,1,0.021079633,1
stable_diffusion_1_3_00566,test,1,0.30882356,1
stable_diffusion_1_3_00567,test,1,0.0018725022,0
stable_diffusion_1_3_00568,test,1,0.30882356,1
stable_diffusion_1_3_00569,test,1,0.17252897,0
stable_diffusion_1_3_00570,test,1,0.30882356,1
stable_diffusion_1_3_00571,test,1,0.008614799,0
stable_diffusion_1_3_00572,test,1,0.02476502,0
stable_diffusion_1_3_00573,test,1,0.038252536,0
stable_diffusion_1_3_00574,test,1,0.030413495,0
stable_diffusion_1_3_00575,test,1,0.95164835,0
stable_diffusion_1_3_00576,test,1,0.09652741,0
stable_diffusion_1_3_00577,test,1,0.30882356,1
stable_diffusion_1_3_00578,test,1,0.008840074,0
stable_diffusion_1_3_00579,test,1,0.19810273,0
stable_diffusion_1_3_00580,test,1,0.30882356,1
stable_diffusion_1_3_00581,test,1,0.0022801198,0
stable_diffusion_1_3_00582,test,1,0.30882356,1
stable_diffusion_1_3_00583,test,1,0.97330236,0
stable_diffusion_1_3_00584,test,1,0.30882356,1
stable_diffusion_1_3_00585,test,1,0.30882356,1
stable_diffusion_1_3_00586,test,1,0.000522899,0
stable_diffusion_1_3_00587,test,1,0.19008248,0
stable_diffusion_1_3_00588,test,1,0.04735644,0
stable_diffusion_1_3_00589,test,1,0.7528313,0
stable_diffusion_1_3_00590,test,1,0.30882356,1
stable_diffusion_1_3_00591,test,1,0.010486417,0
stable_diffusion_1_3_00592,test,1,0.005113848,0
stable_diffusion_1_3_00593,test,1,0.30882356,1
stable_diffusion_1_3_00594,test,1,2.7340423e-06,0
stable_diffusion_1_3_00595,test,1,0.30882356,1
stable_diffusion_1_3_00596,test,1,0.30882356,1
stable_diffusion_1_3_00597,test,1,0.93395716,0
stable_diffusion_1_3_00598,test,1,0.040906135,0
stable_diffusion_1_3_00599,test,1,0.30882356,1
stable_diffusion_1_3_00600,test,1,0.30882356,1
stable_diffusion_1_3_00601,test,1,0.12888543,0
stable_diffusion_1_3_00602,test,1,0.8646724,0
stable_diffusion_1_3_00603,test,1,0.30882356,1
stable_diffusion_1_3_00604,test,1,0.042191505,0
stable_diffusion_1_3_00605,test,1,0.30882356,1
stable_diffusion_1_3_00606,test,1,0.30882356,1
stable_diffusion_1_3_00607,test,1,0.20025463,0
stable_diffusion_1_3_00608,test,1,0.30882356,1
stable_diffusion_1_3_00609,test,1,0.002858863,0
stable_diffusion_1_3_00610,test,1,0.32665107,0
stable_diffusion_1_3_00611,test,1,0.30882356,1
stable_diffusion_1_3_00612,test,1,0.8937846,0
stable_diffusion_1_3_00613,test,1,0.30882356,1
stable_diffusion_1_3_00614,test,1,0.30882356,1
stable_diffusion_1_3_00615,test,1,0.17552568,0
stable_diffusion_1_3_00616,test,1,0.9980611,0
stable_diffusion_1_3_00617,test,1,0.30882356,1
stable_diffusion_1_3_00618,test,1,0.09596247,0
stable_diffusion_1_3_00619,test,1,0.30882356,1
stable_diffusion_1_3_00620,test,1,0.30882356,1
stable_diffusion_1_3_00621,test,1,0.30882356,1
stable_diffusion_1_3_00622,test,1,0.009134542,0
stable_diffusion_1_3_00623,test,1,0.021804988,0
stable_diffusion_1_3_00624,test,1,0.30882356,1
stable_diffusion_1_3_00625,test,1,0.0010232808,0
stable_diffusion_1_3_00626,test,1,0.0012320423,0
stable_diffusion_1_3_00627,test,1,0.30882356,1
stable_diffusion_1_3_00628,test,1,0.30882356,1
stable_diffusion_1_3_00629,test,1,0.8707909,0
stable_diffusion_1_3_00630,test,1,0.0017062738,0
stable_diffusion_1_3_00631,test,1,0.0022757764,0
stable_diffusion_1_3_00632,test,1,0.30882356,1
stable_diffusion_1_3_00633,test,1,0.30882356,1
stable_diffusion_1_3_00634,test,1,0.525765,0
stable_diffusion_1_3_00635,test,1,0.30882356,1
stable_diffusion_1_3_00636,test,1,0.9149376,0
stable_diffusion_1_3_00637,test,1,0.30882356,1
stable_diffusion_1_3_00638,test,1,0.30882356,1
stable_diffusion_1_3_00639,test,1,0.30882356,1
stable_diffusion_1_3_00640,test,1,0.23060441,0
stable_diffusion_1_3_00641,test,1,0.30882356,1
stable_diffusion_1_3_00642,test,1,0.0001154208,0
stable_diffusion_1_3_00643,test,1,0.33982724,0
stable_diffusion_1_3_00644,test,1,0.06730739,0
stable_diffusion_1_3_00645,test,1,0.26990837,0
stable_diffusion_1_3_00646,test,1,0.30882356,1
stable_diffusion_1_3_00647,test,1,0.30882356,1
stable_diffusion_1_3_00648,test,1,0.30882356,1
stable_diffusion_1_3_00649,test,1,0.30882356,1
stable_diffusion_1_3_00650,test,1,0.30882356,1
stable_diffusion_1_3_00651,test,1,0.30882356,1
stable_diffusion_1_3_00652,test,1,0.0056582876,0
stable_diffusion_1_3_00653,test,1,0.039049726,0
stable_diffusion_1_3_00654,test,1,0.30882356,1
stable_diffusion_1_3_00655,test,1,0.30882356,1
stable_diffusion_1_3_00656,test,1,0.057565305,0
stable_diffusion_1_3_00657,test,1,0.044173516,0
stable_diffusion_1_3_00658,test,1,0.30882356,1
stable_diffusion_1_3_00659,test,1,0.035090283,0
stable_diffusion_1_3_00660,test,1,0.030269204,1
stable_diffusion_1_3_00661,test,1,0.30882356,1
stable_diffusion_1_3_00662,test,1,3.8507517e-07,0
stable_diffusion_1_3_00663,test,1,0.30882356,1
stable_diffusion_1_3_00664,test,1,0.0031518815,0
stable_diffusion_1_3_00665,test,1,0.1330885,0
stable_diffusion_1_3_00666,test,1,0.30882356,1
stable_diffusion_1_3_00667,test,1,0.012118063,0
stable_diffusion_1_3_00668,test,1,0.99926037,0
stable_diffusion_1_3_00669,test,1,0.30882356,1
stable_diffusion_1_3_00670,test,1,0.33856028,0
stable_diffusion_1_3_00671,test,1,0.45785135,0
stable_diffusion_1_3_00672,test,1,0.30882356,1
stable_diffusion_1_3_00673,test,1,0.30882356,1
stable_diffusion_1_3_00674,test,1,0.057331946,0
stable_diffusion_1_3_00675,test,1,0.0017540833,0
stable_diffusion_1_3_00676,test,1,0.30882356,1
stable_diffusion_1_3_00677,test,1,0.30882356,1
stable_diffusion_1_3_00678,test,1,0.000894686,0
stable_diffusion_1_3_00679,test,1,0.7137258,0
stable_diffusion_1_3_00680,test,1,0.4887677,0
stable_diffusion_1_3_00681,test,1,0.013432728,0
stable_diffusion_1_3_00682,test,1,0.013045282,0
stable_diffusion_1_3_00683,test,1,0.30882356,1
stable_diffusion_1_3_00684,test,1,0.30882356,1
stable_diffusion_1_3_00685,test,1,0.30882356,1
stable_diffusion_1_3_00686,test,1,0.30882356,1
stable_diffusion_1_3_00687,test,1,0.30882356,1
stable_diffusion_1_3_00688,test,1,0.30882356,1
stable_diffusion_1_3_00689,test,1,0.30882356,1
stable_diffusion_1_3_00690,test,1,0.5850693,0
stable_diffusion_1_3_00691,test,1,0.0016055676,0
stable_diffusion_1_3_00692,test,1,0.06218402,0
stable_diffusion_1_3_00693,test,1,0.30882356,1
stable_diffusion_1_3_00694,test,1,0.9274342,0
stable_diffusion_1_3_00695,test,1,0.0018081736,0
stable_diffusion_1_3_00696,test,1,0.30882356,1
stable_diffusion_1_3_00697,test,1,0.13884497,0
stable_diffusion_1_3_00698,test,1,0.30882356,1
stable_diffusion_1_3_00699,test,1,0.30882356,1
stable_diffusion_1_3_00700,test,1,0.30882356,1
stable_diffusion_1_3_00701,test,1,0.30882356,1
stable_diffusion_1_3_00702,test,1,0.30882356,1
stable_diffusion_1_3_00703,test,1,0.1992257,0
stable_diffusion_1_3_00704,test,1,0.97129905,0
stable_diffusion_1_3_00705,test,1,0.0029455237,0
stable_diffusion_1_3_00706,test,1,0.5147216,0
stable_diffusion_1_3_00707,test,1,0.30882356,1
stable_diffusion_1_3_00708,test,1,0.9639905,0
stable_diffusion_1_3_00709,test,1,0.30882356,1
stable_diffusion_1_3_00710,test,1,0.050371103,0
stable_diffusion_1_3_00711,test,1,3.146012e-05,0
stable_diffusion_1_3_00712,test,1,1.0,0
stable_diffusion_1_3_00713,test,1,0.30882356,1
stable_diffusion_1_3_00714,test,1,0.0017292356,0
stable_diffusion_1_3_00715,test,1,0.0005724634,0
stable_diffusion_1_3_00716,test,1,0.30882356,1
stable_diffusion_1_3_00717,test,1,0.0016932905,0
stable_diffusion_1_3_00718,test,1,0.30882356,1
stable_diffusion_1_3_00719,test,1,0.00629673,0
stable_diffusion_1_3_00720,test,1,0.29421848,0
stable_diffusion_1_3_00721,test,1,0.30882356,1
stable_diffusion_1_3_00722,test,1,0.30882356,1
stable_diffusion_1_3_00723,test,1,0.30882356,1
stable_diffusion_1_3_00724,test,1,0.30882356,1
stable_diffusion_1_3_00725,test,1,0.2825052,0
stable_diffusion_1_3_00726,test,1,0.0062644295,0
stable_diffusion_1_3_00727,test,1,0.30882356,1
stable_diffusion_1_3_00728,test,1,0.30882356,1
stable_diffusion_1_3_00729,test,1,0.16630013,1
stable_diffusion_1_3_00730,test,1,0.06711991,0
stable_diffusion_1_3_00731,test,1,0.30882356,1
stable_diffusion_1_3_00732,test,1,0.8129763,0
stable_diffusion_1_3_00733,test,1,0.30882356,1
stable_diffusion_1_3_00734,test,1,0.30882356,1
stable_diffusion_1_3_00735,test,1,0.031660564,0
stable_diffusion_1_3_00736,test,1,0.30882356,1
stable_diffusion_1_3_00737,test,1,0.008286526,0
stable_diffusion_1_3_00738,test,1,0.30882356,1
stable_diffusion_1_3_00739,test,1,0.30882356,1
stable_diffusion_1_3_00740,test,1,0.20484664,0
stable_diffusion_1_3_00741,test,1,0.30882356,1
stable_diffusion_1_3_00742,test,1,0.10595886,0
stable_diffusion_1_3_00743,test,1,0.30882356,1
stable_diffusion_1_3_00744,test,1,0.30882356,1
stable_diffusion_1_3_00745,test,1,0.0021405893,0
stable_diffusion_1_3_00746,test,1,0.30882356,1
stable_diffusion_1_3_00747,test,1,0.30882356,1
stable_diffusion_1_3_00748,test,1,5.235392e-05,0
stable_diffusion_1_3_00749,test,1,0.39695418,0
stable_diffusion_1_3_00750,test,1,0.30882356,1
stable_diffusion_1_3_00751,test,1,0.31075203,0
stable_diffusion_1_3_00752,test,1,0.99997306,0
stable_diffusion_1_3_00753,test,1,0.30882356,1
stable_diffusion_1_3_00754,test,1,0.30882356,1
stable_diffusion_1_3_00755,test,1,0.0126413535,0
stable_diffusion_1_3_00756,test,1,0.30882356,1
stable_diffusion_1_3_00757,test,1,0.011010903,0
stable_diffusion_1_3_00758,test,1,0.7358007,0
stable_diffusion_1_3_00759,test,1,0.004464331,0
stable_diffusion_1_3_00760,test,1,0.1726849,0
stable_diffusion_1_3_00761,test,1,0.30882356,1
stable_diffusion_1_3_00762,test,1,0.075044036,0
stable_diffusion_1_3_00763,test,1,0.30882356,1
stable_diffusion_1_3_00764,test,1,0.30882356,1
stable_diffusion_1_3_00765,test,1,4.4732676e-08,0
stable_diffusion_1_3_00766,test,1,0.30882356,1
stable_diffusion_1_3_00767,test,1,0.30882356,1
stable_diffusion_1_3_00768,test,1,0.30882356,1
stable_diffusion_1_3_00769,test,1,0.30882356,1
stable_diffusion_1_3_00770,test,1,0.1557028,0
stable_diffusion_1_3_00771,test,1,0.30882356,1
stable_diffusion_1_3_00772,test,1,0.30882356,1
stable_diffusion_1_3_00773,test,1,0.30882356,1
stable_diffusion_1_3_00774,test,1,0.30882356,1
stable_diffusion_1_3_00775,test,1,0.9885937,0
stable_diffusion_1_3_00776,test,1,0.018893888,0
stable_diffusion_1_3_00777,test,1,0.0009940222,0
stable_diffusion_1_3_00778,test,1,0.006887364,0
stable_diffusion_1_3_00779,test,1,0.30882356,1
stable_diffusion_1_3_00780,test,1,0.30882356,1
stable_diffusion_1_3_00781,test,1,0.0084432075,0
stable_diffusion_1_3_00782,test,1,0.30882356,1
stable_diffusion_1_3_00783,test,1,0.30882356,1
stable_diffusion_1_3_00784,test,1,0.30882356,1
stable_diffusion_1_3_00785,test,1,0.011672964,0
stable_diffusion_1_3_00786,test,1,0.0011848295,0
stable_diffusion_1_3_00787,test,1,0.30882356,1
stable_diffusion_1_3_00788,test,1,0.93767464,0
stable_diffusion_1_3_00789,test,1,0.99563354,0
stable_diffusion_1_3_00790,test,1,0.03847946,0
stable_diffusion_1_3_00791,test,1,0.0057689915,0
stable_diffusion_1_3_00792,test,1,0.08642835,0
stable_diffusion_1_3_00793,test,1,0.30882356,1
stable_diffusion_1_3_00794,test,1,0.30882356,1
stable_diffusion_1_3_00795,test,1,0.03828233,0
stable_diffusion_1_3_00796,test,1,0.9999907,0
stable_diffusion_1_3_00797,test,1,0.9758399,0
stable_diffusion_1_3_00798,test,1,0.30882356,1
stable_diffusion_1_3_00799,test,1,0.30882356,1
stable_diffusion_1_3_00800,test,1,0.08496368,0
stable_diffusion_1_3_00801,test,1,0.30882356,1
stable_diffusion_1_3_00802,test,1,0.30882356,1
stable_diffusion_1_3_00803,test,1,0.30882356,1
stable_diffusion_1_3_00804,test,1,0.30882356,1
stable_diffusion_1_3_00805,test,1,0.30882356,1
stable_diffusion_1_3_00806,test,1,0.30882356,1
stable_diffusion_1_3_00807,test,1,0.108489424,0
stable_diffusion_1_3_00808,test,1,0.019606128,0
stable_diffusion_1_3_00809,test,1,0.30882356,1
stable_diffusion_1_3_00810,test,1,0.30882356,1
stable_diffusion_1_3_00811,test,1,0.30882356,1
stable_diffusion_1_3_00812,test,1,0.30882356,1
stable_diffusion_1_3_00813,test,1,0.03627951,0
stable_diffusion_1_3_00814,test,1,0.30882356,1
stable_diffusion_1_3_00815,test,1,0.030465929,0
stable_diffusion_1_3_00816,test,1,0.00024867282,0
stable_diffusion_1_3_00817,test,1,0.30882356,1
stable_diffusion_1_3_00818,test,1,0.30882356,1
stable_diffusion_1_3_00819,test,1,0.30882356,1
stable_diffusion_1_3_00820,test,1,0.30882356,1
stable_diffusion_1_3_00821,test,1,0.0054018716,0
stable_diffusion_1_3_00822,test,1,0.30882356,1
stable_diffusion_1_3_00823,test,1,0.30882356,1
stable_diffusion_1_3_00824,test,1,0.2676633,0
stable_diffusion_1_3_00825,test,1,0.30882356,1
stable_diffusion_1_3_00826,test,1,0.004160977,0
stable_diffusion_1_3_00827,test,1,0.30882356,1
stable_diffusion_1_3_00828,test,1,0.035925176,0
stable_diffusion_1_3_00829,test,1,0.30882356,1
stable_diffusion_1_3_00830,test,1,0.9659664,0
stable_diffusion_1_3_00831,test,1,0.30882356,1
stable_diffusion_1_3_00832,test,1,0.30882356,1
stable_diffusion_1_3_00833,test,1,0.30882356,1
stable_diffusion_1_3_00834,test,1,0.30882356,1
stable_diffusion_1_3_00835,test,1,0.30882356,1
stable_diffusion_1_3_00836,test,1,0.12003474,0
stable_diffusion_1_3_00837,test,1,0.30882356,1
stable_diffusion_1_3_00838,test,1,0.30882356,1
stable_diffusion_1_3_00839,test,1,0.30882356,1
stable_diffusion_1_3_00840,test,1,0.30882356,1
stable_diffusion_1_3_00841,test,1,0.30882356,1
stable_diffusion_1_3_00842,test,1,0.0151007,0
stable_diffusion_1_3_00843,test,1,0.006819031,0
stable_diffusion_1_3_00844,test,1,0.0028697448,0
stable_diffusion_1_3_00845,test,1,0.30882356,1
stable_diffusion_1_3_00846,test,1,0.21657017,0
stable_diffusion_1_3_00847,test,1,0.30882356,1
stable_diffusion_1_3_00848,test,1,0.07093894,0
stable_diffusion_1_3_00849,test,1,0.30882356,1
stable_diffusion_1_3_00850,test,1,0.30882356,1
stable_diffusion_1_3_00851,test,1,0.33249813,0
stable_diffusion_1_3_00852,test,1,0.13716567,0
stable_diffusion_1_3_00853,test,1,0.0380497,0
stable_diffusion_1_3_00854,test,1,0.049638376,0
stable_diffusion_1_3_00855,test,1,4.8625006e-05,0
stable_diffusion_1_3_00856,test,1,1.1772635e-05,0
stable_diffusion_1_3_00857,test,1,0.30882356,1
stable_diffusion_1_3_00858,test,1,9.922273e-05,0
stable_diffusion_1_3_00859,test,1,0.30882356,1
stable_diffusion_1_3_00860,test,1,0.30882356,1
stable_diffusion_1_3_00861,test,1,0.5459589,0
stable_diffusion_1_3_00862,test,1,0.01826023,0
stable_diffusion_1_3_00863,test,1,0.05703125,0
stable_diffusion_1_3_00864,test,1,0.15644328,0
stable_diffusion_1_3_00865,test,1,0.30882356,1
stable_diffusion_1_3_00866,test,1,0.30882356,1
stable_diffusion_1_3_00867,test,1,0.37974054,0
stable_diffusion_1_3_00868,test,1,0.5844312,0
stable_diffusion_1_3_00869,test,1,0.30882356,1
stable_diffusion_1_3_00870,test,1,0.20533927,0
stable_diffusion_1_3_00871,test,1,0.16822039,0
stable_diffusion_1_3_00872,test,1,0.30882356,1
stable_diffusion_1_3_00873,test,1,0.0033399118,0
stable_diffusion_1_3_00874,test,1,0.30882356,1
stable_diffusion_1_3_00875,test,1,0.30882356,1
stable_diffusion_1_3_00876,test,1,0.9987923,0
stable_diffusion_1_3_00877,test,1,9.4786104e-05,0
stable_diffusion_1_3_00878,test,1,0.10784265,0
stable_diffusion_1_3_00879,test,1,0.30882356,1
stable_diffusion_1_3_00880,test,1,0.013746069,0
stable_diffusion_1_3_00881,test,1,0.00070297456,0
stable_diffusion_1_3_00882,test,1,0.00082908344,0
stable_diffusion_1_3_00883,test,1,0.24561001,0
stable_diffusion_1_3_00884,test,1,0.30882356,1
stable_diffusion_1_3_00885,test,1,0.30882356,1
stable_diffusion_1_3_00886,test,1,0.30882356,1
stable_diffusion_1_3_00887,test,1,0.30882356,1
stable_diffusion_1_3_00888,test,1,0.035999842,0
stable_diffusion_1_3_00889,test,1,0.134455,0
stable_diffusion_1_3_00890,test,1,0.79162365,0
stable_diffusion_1_3_00891,test,1,0.30882356,1
stable_diffusion_1_3_00892,test,1,0.00013514113,0
stable_diffusion_1_3_00893,test,1,0.30882356,1
stable_diffusion_1_3_00894,test,1,0.30882356,1
stable_diffusion_1_3_00895,test,1,0.30882356,1
stable_diffusion_1_3_00896,test,1,0.008775632,0
stable_diffusion_1_3_00897,test,1,0.30882356,1
stable_diffusion_1_3_00898,test,1,0.90125805,0
stable_diffusion_1_3_00899,test,1,0.9651741,0
stable_diffusion_1_3_00900,test,1,0.30882356,1
stable_diffusion_1_3_00901,test,1,5.990329e-05,0
stable_diffusion_1_3_00902,test,1,0.9950346,0
stable_diffusion_1_3_00903,test,1,0.30882356,1
stable_diffusion_1_3_00904,test,1,0.23623538,0
stable_diffusion_1_3_00905,test,1,0.002339292,0
stable_diffusion_1_3_00906,test,1,3.6425373e-08,0
stable_diffusion_1_3_00907,test,1,0.0007935829,0
stable_diffusion_1_3_00908,test,1,0.020857278,0
stable_diffusion_1_3_00909,test,1,0.30882356,1
stable_diffusion_1_3_00910,test,1,0.9918011,0
stable_diffusion_1_3_00911,test,1,0.30882356,1
stable_diffusion_1_3_00912,test,1,0.19013898,0
stable_diffusion_1_3_00913,test,1,0.0027299928,0
stable_diffusion_1_3_00914,test,1,0.30882356,1
stable_diffusion_1_3_00915,test,1,0.30882356,1
stable_diffusion_1_3_00916,test,1,0.30882356,1
stable_diffusion_1_3_00917,test,1,0.30882356,1
stable_diffusion_1_3_00918,test,1,0.005461313,0
stable_diffusion_1_3_00919,test,1,0.30882356,1
stable_diffusion_1_3_00920,test,1,0.30882356,1
stable_diffusion_1_3_00921,test,1,0.30882356,1
stable_diffusion_1_3_00922,test,1,0.6153712,0
stable_diffusion_1_3_00923,test,1,0.30882356,1
stable_diffusion_1_3_00924,test,1,0.26091766,0
stable_diffusion_1_3_00925,test,1,0.04330924,0
stable_diffusion_1_3_00926,test,1,0.009355559,0
stable_diffusion_1_3_00927,test,1,0.30882356,1
stable_diffusion_1_3_00928,test,1,0.30882356,1
stable_diffusion_1_3_00929,test,1,0.30882356,1
stable_diffusion_1_3_00930,test,1,0.27098593,0
stable_diffusion_1_3_00931,test,1,0.9324423,0
stable_diffusion_1_3_00932,test,1,0.30882356,1
stable_diffusion_1_3_00933,test,1,0.30882356,1
stable_diffusion_1_3_00934,test,1,0.30882356,1
stable_diffusion_1_3_00935,test,1,0.41878316,0
stable_diffusion_1_3_00936,test,1,0.30882356,1
stable_diffusion_1_3_00937,test,1,0.016058091,0
stable_diffusion_1_3_00938,test,1,0.05329917,0
stable_diffusion_1_3_00939,test,1,0.9934575,0
stable_diffusion_1_3_00940,test,1,0.30882356,1
stable_diffusion_1_3_00941,test,1,0.30882356,1
stable_diffusion_1_3_00942,test,1,0.30882356,1
stable_diffusion_1_3_00943,test,1,0.30882356,1
stable_diffusion_1_3_00944,test,1,0.02556905,0
stable_diffusion_1_3_00945,test,1,0.008678733,0
stable_diffusion_1_3_00946,test,1,0.16666955,0
stable_diffusion_1_3_00947,test,1,0.30882356,1
stable_diffusion_1_3_00948,test,1,0.30882356,1
stable_diffusion_1_3_00949,test,1,0.00027673246,0
stable_diffusion_1_3_00950,test,1,0.003395481,0
stable_diffusion_1_3_00951,test,1,0.30882356,1
stable_diffusion_1_3_00952,test,1,0.30882356,1
stable_diffusion_1_3_00953,test,1,0.30882356,1
stable_diffusion_1_3_00954,test,1,0.044615336,0
stable_diffusion_1_3_00955,test,1,0.30882356,1
stable_diffusion_1_3_00956,test,1,0.8206673,0
stable_diffusion_1_3_00957,test,1,0.9139686,0
stable_diffusion_1_3_00958,test,1,0.30882356,1
stable_diffusion_1_3_00959,test,1,0.18965216,1
stable_diffusion_1_3_00960,test,1,0.8084951,0
stable_diffusion_1_3_00961,test,1,0.9554036,0
stable_diffusion_1_3_00962,test,1,0.30882356,1
stable_diffusion_1_3_00963,test,1,0.30882356,1
stable_diffusion_1_3_00964,test,1,0.30882356,1
stable_diffusion_1_3_00965,test,1,0.30882356,1
stable_diffusion_1_3_00966,test,1,0.30882356,1
stable_diffusion_1_3_00967,test,1,0.39745188,0
stable_diffusion_1_3_00968,test,1,0.19265127,0
stable_diffusion_1_3_00969,test,1,0.039368607,0
stable_diffusion_1_3_00970,test,1,0.1760855,0
stable_diffusion_1_3_00971,test,1,0.30882356,1
stable_diffusion_1_3_00972,test,1,0.25259456,0
stable_diffusion_1_3_00973,test,1,5.7780002e-05,0
stable_diffusion_1_3_00974,test,1,0.15631013,0
stable_diffusion_1_3_00975,test,1,0.028786557,0
stable_diffusion_1_3_00976,test,1,0.30882356,1
stable_diffusion_1_3_00977,test,1,7.8724e-05,0
stable_diffusion_1_3_00978,test,1,0.30882356,1
stable_diffusion_1_3_00979,test,1,0.22481805,0
stable_diffusion_1_3_00980,test,1,0.57759315,0
stable_diffusion_1_3_00981,test,1,0.30882356,1
stable_diffusion_1_3_00982,test,1,0.30882356,1
stable_diffusion_1_3_00983,test,1,0.30882356,1
stable_diffusion_1_3_00984,test,1,0.30882356,1
stable_diffusion_1_3_00985,test,1,0.88155484,0
stable_diffusion_1_3_00986,test,1,0.30882356,1
stable_diffusion_1_3_00987,test,1,0.30882356,1
stable_diffusion_1_3_00988,test,1,0.40421158,0
stable_diffusion_1_3_00989,test,1,0.30882356,1
stable_diffusion_1_3_00990,test,1,0.13079518,0
stable_diffusion_1_3_00991,test,1,0.42170987,1
stable_diffusion_1_3_00992,test,1,0.07088755,0
stable_diffusion_1_3_00993,test,1,0.30882356,1
stable_diffusion_1_3_00994,test,1,0.0030531555,0
stable_diffusion_1_3_00995,test,1,0.008343981,0
stable_diffusion_1_3_00996,test,1,0.30882356,1
stable_diffusion_1_3_00997,test,1,0.061148588,0
stable_diffusion_1_3_00998,test,1,0.000115628995,0
stable_diffusion_1_3_00999,test,1,0.30882356,1
stable_diffusion_1_4_00000,test,1,2.0358032e-06,0
stable_diffusion_1_4_00001,test,1,0.30882356,1
stable_diffusion_1_4_00002,test,1,0.57032794,0
stable_diffusion_1_4_00003,test,1,0.30882356,1
stable_diffusion_1_4_00004,test,1,0.008390973,0
stable_diffusion_1_4_00005,test,1,0.00011432847,0
stable_diffusion_1_4_00006,test,1,0.30882356,1
stable_diffusion_1_4_00007,test,1,0.11855288,0
stable_diffusion_1_4_00008,test,1,0.9998802,0
stable_diffusion_1_4_00009,test,1,0.30882356,1
stable_diffusion_1_4_00010,test,1,0.02017173,0
stable_diffusion_1_4_00011,test,1,0.30882356,1
stable_diffusion_1_4_00012,test,1,0.30882356,1
stable_diffusion_1_4_00013,test,1,0.030750953,0
stable_diffusion_1_4_00014,test,1,0.30882356,1
stable_diffusion_1_4_00015,test,1,0.30882356,1
stable_diffusion_1_4_00016,test,1,0.30882356,1
stable_diffusion_1_4_00017,test,1,0.0046990477,0
stable_diffusion_1_4_00018,test,1,0.30882356,1
stable_diffusion_1_4_00019,test,1,0.089258194,0
stable_diffusion_1_4_00020,test,1,0.006453799,0
stable_diffusion_1_4_00021,test,1,0.30882356,1
stable_diffusion_1_4_00022,test,1,0.30882356,1
stable_diffusion_1_4_00023,test,1,0.9885599,0
stable_diffusion_1_4_00024,test,1,0.02601344,0
stable_diffusion_1_4_00025,test,1,0.30882356,1
stable_diffusion_1_4_00026,test,1,0.0003373871,0
stable_diffusion_1_4_00027,test,1,0.34240857,0
stable_diffusion_1_4_00028,test,1,0.30882356,1
stable_diffusion_1_4_00029,test,1,0.12410431,0
stable_diffusion_1_4_00030,test,1,9.846134e-05,0
stable_diffusion_1_4_00031,test,1,0.30882356,1
stable_diffusion_1_4_00032,test,1,0.30882356,1
stable_diffusion_1_4_00033,test,1,0.9988469,0
stable_diffusion_1_4_00034,test,1,0.5323227,0
stable_diffusion_1_4_00035,test,1,0.3456946,0
stable_diffusion_1_4_00036,test,1,0.36705753,0
stable_diffusion_1_4_00037,test,1,0.99999976,0
stable_diffusion_1_4_00038,test,1,0.30882356,1
stable_diffusion_1_4_00039,test,1,0.835196,0
stable_diffusion_1_4_00040,test,1,0.30882356,1
stable_diffusion_1_4_00041,test,1,0.30882356,1
stable_diffusion_1_4_00042,test,1,0.30882356,1
stable_diffusion_1_4_00043,test,1,0.0007028004,0
stable_diffusion_1_4_00044,test,1,0.30882356,1
stable_diffusion_1_4_00045,test,1,0.12264382,0
stable_diffusion_1_4_00046,test,1,0.30882356,1
stable_diffusion_1_4_00047,test,1,0.30882356,1
stable_diffusion_1_4_00048,test,1,0.30882356,1
stable_diffusion_1_4_00049,test,1,0.30882356,1
stable_diffusion_1_4_00050,test,1,0.67794555,0
stable_diffusion_1_4_00051,test,1,0.99777883,0
stable_diffusion_1_4_00052,test,1,0.00043268263,0
stable_diffusion_1_4_00053,test,1,0.30882356,1
stable_diffusion_1_4_00054,test,1,0.04228926,0
stable_diffusion_1_4_00055,test,1,0.5069288,0
stable_diffusion_1_4_00056,test,1,0.30882356,1
stable_diffusion_1_4_00057,test,1,0.30882356,1
stable_diffusion_1_4_00058,test,1,0.42106777,0
stable_diffusion_1_4_00059,test,1,0.13769622,0
stable_diffusion_1_4_00060,test,1,0.30882356,1
stable_diffusion_1_4_00061,test,1,0.0029082487,0
stable_diffusion_1_4_00062,test,1,0.30882356,1
stable_diffusion_1_4_00063,test,1,0.0010338156,0
stable_diffusion_1_4_00064,test,1,0.98704416,0
stable_diffusion_1_4_00065,test,1,0.30882356,1
stable_diffusion_1_4_00066,test,1,0.30882356,1
stable_diffusion_1_4_00067,test,1,0.30882356,1
stable_diffusion_1_4_00068,test,1,0.30882356,1
stable_diffusion_1_4_00069,test,1,0.30882356,1
stable_diffusion_1_4_00070,test,1,0.30882356,1
stable_diffusion_1_4_00071,test,1,0.30882356,1
stable_diffusion_1_4_00072,test,1,0.30882356,1
stable_diffusion_1_4_00073,test,1,0.0022959276,0
stable_diffusion_1_4_00074,test,1,0.5210624,0
stable_diffusion_1_4_00075,test,1,0.0009993612,0
stable_diffusion_1_4_00076,test,1,0.017514037,0
stable_diffusion_1_4_00077,test,1,6.1783624e-07,0
stable_diffusion_1_4_00078,test,1,9.70578e-07,0
stable_diffusion_1_4_00079,test,1,0.30882356,1
stable_diffusion_1_4_00080,test,1,0.0003030225,0
stable_diffusion_1_4_00081,test,1,0.87697124,0
stable_diffusion_1_4_00082,test,1,0.30882356,1
stable_diffusion_1_4_00083,test,1,0.30882356,1
stable_diffusion_1_4_00084,test,1,0.70331395,0
stable_diffusion_1_4_00085,test,1,0.30882356,1
stable_diffusion_1_4_00086,test,1,3.1237666e-06,0
stable_diffusion_1_4_00087,test,1,0.0013010218,0
stable_diffusion_1_4_00088,test,1,0.7758616,0
stable_diffusion_1_4_00089,test,1,0.30882356,1
stable_diffusion_1_4_00090,test,1,0.30882356,1
stable_diffusion_1_4_00091,test,1,0.9998723,0
stable_diffusion_1_4_00092,test,1,0.30882356,1
stable_diffusion_1_4_00093,test,1,0.30882356,1
stable_diffusion_1_4_00094,test,1,0.30882356,1
stable_diffusion_1_4_00095,test,1,0.30882356,1
stable_diffusion_1_4_00096,test,1,0.30882356,1
stable_diffusion_1_4_00097,test,1,0.30882356,1
stable_diffusion_1_4_00098,test,1,0.30882356,1
stable_diffusion_1_4_00099,test,1,0.30882356,1
stable_diffusion_1_4_00100,test,1,0.97173744,0
stable_diffusion_1_4_00101,test,1,0.9996057,0
stable_diffusion_1_4_00102,test,1,0.30882356,1
stable_diffusion_1_4_00103,test,1,0.7867066,0
stable_diffusion_1_4_00104,test,1,0.02469348,0
stable_diffusion_1_4_00105,test,1,0.82026404,0
stable_diffusion_1_4_00106,test,1,0.96746874,0
stable_diffusion_1_4_00107,test,1,0.30882356,1
stable_diffusion_1_4_00108,test,1,0.30882356,1
stable_diffusion_1_4_00109,test,1,0.0009541189,0
stable_diffusion_1_4_00110,test,1,0.007672167,0
stable_diffusion_1_4_00111,test,1,0.12509888,0
stable_diffusion_1_4_00112,test,1,1.725693e-06,0
stable_diffusion_1_4_00113,test,1,0.30882356,1
stable_diffusion_1_4_00114,test,1,0.69824994,0
stable_diffusion_1_4_00115,test,1,0.30882356,1
stable_diffusion_1_4_00116,test,1,0.11147168,0
stable_diffusion_1_4_00117,test,1,0.30882356,1
stable_diffusion_1_4_00118,test,1,0.30882356,1
stable_diffusion_1_4_00119,test,1,0.2396313,0
stable_diffusion_1_4_00120,test,1,0.0037191226,0
stable_diffusion_1_4_00121,test,1,0.30882356,1
stable_diffusion_1_4_00122,test,1,0.18754575,0
stable_diffusion_1_4_00123,test,1,0.04721658,0
stable_diffusion_1_4_00124,test,1,0.30882356,1
stable_diffusion_1_4_00125,test,1,0.28538874,1
stable_diffusion_1_4_00126,test,1,0.99658257,0
stable_diffusion_1_4_00127,test,1,0.023204327,0
stable_diffusion_1_4_00128,test,1,0.30882356,1
stable_diffusion_1_4_00129,test,1,0.020771468,0
stable_diffusion_1_4_00130,test,1,0.826656,0
stable_diffusion_1_4_00131,test,1,0.30882356,1
stable_diffusion_1_4_00132,test,1,0.30882356,1
stable_diffusion_1_4_00133,test,1,0.30882356,1
stable_diffusion_1_4_00134,test,1,0.0061424426,0
stable_diffusion_1_4_00135,test,1,0.30882356,1
stable_diffusion_1_4_00136,test,1,0.86570144,0
stable_diffusion_1_4_00137,test,1,0.30882356,1
stable_diffusion_1_4_00138,test,1,0.30882356,1
stable_diffusion_1_4_00139,test,1,0.00067835883,0
stable_diffusion_1_4_00140,test,1,0.42672026,0
stable_diffusion_1_4_00141,test,1,0.22011027,0
stable_diffusion_1_4_00142,test,1,0.30882356,1
stable_diffusion_1_4_00143,test,1,0.014583209,0
stable_diffusion_1_4_00144,test,1,0.30882356,1
stable_diffusion_1_4_00145,test,1,0.0012719769,0
stable_diffusion_1_4_00146,test,1,0.30882356,1
stable_diffusion_1_4_00147,test,1,0.30882356,1
stable_diffusion_1_4_00148,test,1,0.05385893,0
stable_diffusion_1_4_00149,test,1,0.30882356,1
stable_diffusion_1_4_00150,test,1,0.30882356,1
stable_diffusion_1_4_00151,test,1,0.30882356,1
stable_diffusion_1_4_00152,test,1,0.30882356,1
stable_diffusion_1_4_00153,test,1,0.050573844,0
stable_diffusion_1_4_00154,test,1,0.30882356,1
stable_diffusion_1_4_00155,test,1,0.30882356,1
stable_diffusion_1_4_00156,test,1,0.9995596,0
stable_diffusion_1_4_00157,test,1,0.30882356,1
stable_diffusion_1_4_00158,test,1,0.30882356,1
stable_diffusion_1_4_00159,test,1,3.6014374e-06,0
stable_diffusion_1_4_00160,test,1,3.463829e-06,0
stable_diffusion_1_4_00161,test,1,0.30882356,1
stable_diffusion_1_4_00162,test,1,0.013689245,0
stable_diffusion_1_4_00163,test,1,0.050227668,0
stable_diffusion_1_4_00164,test,1,0.30882356,1
stable_diffusion_1_4_00165,test,1,0.30882356,1
stable_diffusion_1_4_00166,test,1,0.1620128,0
stable_diffusion_1_4_00167,test,1,0.30882356,1
stable_diffusion_1_4_00168,test,1,0.00019448705,0
stable_diffusion_1_4_00169,test,1,0.2272881,0
stable_diffusion_1_4_00170,test,1,0.30882356,1
stable_diffusion_1_4_00171,test,1,0.0015444335,0
stable_diffusion_1_4_00172,test,1,0.30882356,1
stable_diffusion_1_4_00173,test,1,0.30882356,1
stable_diffusion_1_4_00174,test,1,0.30882356,1
stable_diffusion_1_4_00175,test,1,0.9076024,0
stable_diffusion_1_4_00176,test,1,0.30882356,1
stable_diffusion_1_4_00177,test,1,0.30882356,1
stable_diffusion_1_4_00178,test,1,9.061919e-05,0
stable_diffusion_1_4_00179,test,1,0.30882356,1
stable_diffusion_1_4_00180,test,1,0.30882356,1
stable_diffusion_1_4_00181,test,1,0.009441452,0
stable_diffusion_1_4_00182,test,1,0.03546785,0
stable_diffusion_1_4_00183,test,1,0.30882356,1
stable_diffusion_1_4_00184,test,1,0.18690257,0
stable_diffusion_1_4_00185,test,1,0.051014077,0
stable_diffusion_1_4_00186,test,1,0.30882356,1
stable_diffusion_1_4_00187,test,1,0.060160045,0
stable_diffusion_1_4_00188,test,1,0.30882356,1
stable_diffusion_1_4_00189,test,1,0.30882356,1
stable_diffusion_1_4_00190,test,1,0.30882356,1
stable_diffusion_1_4_00191,test,1,0.38016987,0
stable_diffusion_1_4_00192,test,1,0.44512665,0
stable_diffusion_1_4_00193,test,1,0.16462262,0
stable_diffusion_1_4_00194,test,1,0.30882356,1
stable_diffusion_1_4_00195,test,1,8.838294e-06,1
stable_diffusion_1_4_00196,test,1,0.30882356,1
stable_diffusion_1_4_00197,test,1,0.30882356,1
stable_diffusion_1_4_00198,test,1,0.013647218,0
stable_diffusion_1_4_00199,test,1,0.30882356,1
stable_diffusion_1_4_00200,test,1,0.30882356,1
stable_diffusion_1_4_00201,test,1,0.30882356,1
stable_diffusion_1_4_00202,test,1,0.04678738,0
stable_diffusion_1_4_00203,test,1,0.30882356,1
stable_diffusion_1_4_00204,test,1,0.30882356,1
stable_diffusion_1_4_00205,test,1,0.044684004,0
stable_diffusion_1_4_00206,test,1,0.30882356,1
stable_diffusion_1_4_00207,test,1,0.8634716,0
stable_diffusion_1_4_00208,test,1,0.30882356,1
stable_diffusion_1_4_00209,test,1,0.003530432,0
stable_diffusion_1_4_00210,test,1,0.0028458457,0
stable_diffusion_1_4_00211,test,1,0.30882356,1
stable_diffusion_1_4_00212,test,1,0.30882356,1
stable_diffusion_1_4_00213,test,1,0.0131713245,0
stable_diffusion_1_4_00214,test,1,0.30882356,1
stable_diffusion_1_4_00215,test,1,0.30882356,1
stable_diffusion_1_4_00216,test,1,0.08463295,0
stable_diffusion_1_4_00217,test,1,0.30882356,1
stable_diffusion_1_4_00218,test,1,0.0041410434,0
stable_diffusion_1_4_00219,test,1,0.65325683,0
stable_diffusion_1_4_00220,test,1,0.0016391425,0
stable_diffusion_1_4_00221,test,1,0.30882356,1
stable_diffusion_1_4_00222,test,1,0.30882356,1
stable_diffusion_1_4_00223,test,1,0.30882356,1
stable_diffusion_1_4_00224,test,1,0.30882356,1
stable_diffusion_1_4_00225,test,1,0.016841194,0
stable_diffusion_1_4_00226,test,1,0.07998417,0
stable_diffusion_1_4_00227,test,1,0.20145446,0
stable_diffusion_1_4_00228,test,1,0.30882356,1
stable_diffusion_1_4_00229,test,1,0.0026184968,0
stable_diffusion_1_4_00230,test,1,0.30882356,1
stable_diffusion_1_4_00231,test,1,0.30882356,1
stable_diffusion_1_4_00232,test,1,0.30882356,1
stable_diffusion_1_4_00233,test,1,0.0075584566,0
stable_diffusion_1_4_00234,test,1,0.30882356,1
stable_diffusion_1_4_00235,test,1,0.30882356,1
stable_diffusion_1_4_00236,test,1,0.053118315,0
stable_diffusion_1_4_00237,test,1,0.30882356,1
stable_diffusion_1_4_00238,test,1,0.14314623,0
stable_diffusion_1_4_00239,test,1,0.5310309,0
stable_diffusion_1_4_00240,test,1,0.30882356,1
stable_diffusion_1_4_00241,test,1,9.163361e-05,0
stable_diffusion_1_4_00242,test,1,2.236087e-05,0
stable_diffusion_1_4_00243,test,1,0.4109632,0
stable_diffusion_1_4_00244,test,1,0.30882356,1
stable_diffusion_1_4_00245,test,1,0.30882356,1
stable_diffusion_1_4_00246,test,1,0.11664766,0
stable_diffusion_1_4_00247,test,1,0.30882356,1
stable_diffusion_1_4_00248,test,1,0.30882356,1
stable_diffusion_1_4_00249,test,1,0.000986393,0
stable_diffusion_1_4_00250,test,1,0.046537183,0
stable_diffusion_1_4_00251,test,1,0.30882356,1
stable_diffusion_1_4_00252,test,1,0.30882356,1
stable_diffusion_1_4_00253,test,1,0.05956012,0
stable_diffusion_1_4_00254,test,1,0.30882356,1
stable_diffusion_1_4_00255,test,1,0.30882356,1
stable_diffusion_1_4_00256,test,1,0.30882356,1
stable_diffusion_1_4_00257,test,1,0.30882356,1
stable_diffusion_1_4_00258,test,1,0.2782829,0
stable_diffusion_1_4_00259,test,1,0.30882356,1
stable_diffusion_1_4_00260,test,1,2.5781532e-05,0
stable_diffusion_1_4_00261,test,1,0.05760846,0
stable_diffusion_1_4_00262,test,1,0.30882356,1
stable_diffusion_1_4_00263,test,1,0.30882356,1
stable_diffusion_1_4_00264,test,1,0.30882356,1
stable_diffusion_1_4_00265,test,1,0.30882356,1
stable_diffusion_1_4_00266,test,1,0.0026546472,0
stable_diffusion_1_4_00267,test,1,0.9993892,0
stable_diffusion_1_4_00268,test,1,0.30882356,1
stable_diffusion_1_4_00269,test,1,0.005215765,0
stable_diffusion_1_4_00270,test,1,0.30882356,1
stable_diffusion_1_4_00271,test,1,0.30882356,1
stable_diffusion_1_4_00272,test,1,0.38145214,0
stable_diffusion_1_4_00273,test,1,0.010498448,0
stable_diffusion_1_4_00274,test,1,0.30882356,1
stable_diffusion_1_4_00275,test,1,0.9886064,0
stable_diffusion_1_4_00276,test,1,0.013034107,0
stable_diffusion_1_4_00277,test,1,5.712927e-05,0
stable_diffusion_1_4_00278,test,1,0.0005894646,0
stable_diffusion_1_4_00279,test,1,0.0023948117,0
stable_diffusion_1_4_00280,test,1,0.30882356,1
stable_diffusion_1_4_00281,test,1,0.30882356,1
stable_diffusion_1_4_00282,test,1,0.51458955,0
stable_diffusion_1_4_00283,test,1,0.012694475,0
stable_diffusion_1_4_00284,test,1,0.30882356,1
stable_diffusion_1_4_00285,test,1,0.30882356,1
stable_diffusion_1_4_00286,test,1,0.30882356,1
stable_diffusion_1_4_00287,test,1,2.9551607e-06,0
stable_diffusion_1_4_00288,test,1,0.00033736744,0
stable_diffusion_1_4_00289,test,1,0.9913027,0
stable_diffusion_1_4_00290,test,1,0.30882356,1
stable_diffusion_1_4_00291,test,1,0.99419606,0
stable_diffusion_1_4_00292,test,1,0.30882356,1
stable_diffusion_1_4_00293,test,1,0.009857188,0
stable_diffusion_1_4_00294,test,1,0.1228386,0
stable_diffusion_1_4_00295,test,1,0.9836606,0
stable_diffusion_1_4_00296,test,1,0.009722799,0
stable_diffusion_1_4_00297,test,1,0.24061838,0
stable_diffusion_1_4_00298,test,1,0.30882356,1
stable_diffusion_1_4_00299,test,1,0.30882356,1
stable_diffusion_1_4_00300,test,1,0.12504032,0
stable_diffusion_1_4_00301,test,1,0.30882356,1
stable_diffusion_1_4_00302,test,1,0.0057637016,0
stable_diffusion_1_4_00303,test,1,0.30882356,1
stable_diffusion_1_4_00304,test,1,0.30882356,1
stable_diffusion_1_4_00305,test,1,0.30882356,1
stable_diffusion_1_4_00306,test,1,0.30882356,1
stable_diffusion_1_4_00307,test,1,0.008474578,0
stable_diffusion_1_4_00308,test,1,0.30882356,1
stable_diffusion_1_4_00309,test,1,0.733628,0
stable_diffusion_1_4_00310,test,1,0.30882356,1
stable_diffusion_1_4_00311,test,1,0.020937013,0
stable_diffusion_1_4_00312,test,1,0.004523523,0
stable_diffusion_1_4_00313,test,1,0.30882356,1
stable_diffusion_1_4_00314,test,1,0.30882356,1
stable_diffusion_1_4_00315,test,1,0.30882356,1
stable_diffusion_1_4_00316,test,1,0.30882356,1
stable_diffusion_1_4_00317,test,1,0.30882356,1
stable_diffusion_1_4_00318,test,1,0.30882356,1
stable_diffusion_1_4_00319,test,1,0.30882356,1
stable_diffusion_1_4_00320,test,1,0.30882356,1
stable_diffusion_1_4_00321,test,1,0.30882356,1
stable_diffusion_1_4_00322,test,1,0.30882356,1
stable_diffusion_1_4_00323,test,1,0.0098105995,0
stable_diffusion_1_4_00324,test,1,0.058658775,0
stable_diffusion_1_4_00325,test,1,0.043289468,0
stable_diffusion_1_4_00326,test,1,0.30882356,1
stable_diffusion_1_4_00327,test,1,0.94742095,0
stable_diffusion_1_4_00328,test,1,0.30882356,1
stable_diffusion_1_4_00329,test,1,0.16128446,0
stable_diffusion_1_4_00330,test,1,0.0041576135,0
stable_diffusion_1_4_00331,test,1,0.30882356,1
stable_diffusion_1_4_00332,test,1,0.30882356,1
stable_diffusion_1_4_00333,test,1,0.0014796454,0
stable_diffusion_1_4_00334,test,1,0.30882356,1
stable_diffusion_1_4_00335,test,1,0.016480908,0
stable_diffusion_1_4_00336,test,1,0.30882356,1
stable_diffusion_1_4_00337,test,1,0.30882356,1
stable_diffusion_1_4_00338,test,1,0.9998579,0
stable_diffusion_1_4_00339,test,1,0.30882356,1
stable_diffusion_1_4_00340,test,1,0.30882356,1
stable_diffusion_1_4_00341,test,1,0.0007065197,0
stable_diffusion_1_4_00342,test,1,0.28943455,0
stable_diffusion_1_4_00343,test,1,0.30882356,1
stable_diffusion_1_4_00344,test,1,0.0666595,0
stable_diffusion_1_4_00345,test,1,0.30882356,1
stable_diffusion_1_4_00346,test,1,0.007539591,0
stable_diffusion_1_4_00347,test,1,0.0008226681,0
stable_diffusion_1_4_00348,test,1,0.04256607,0
stable_diffusion_1_4_00349,test,1,0.0024085394,0
stable_diffusion_1_4_00350,test,1,0.11925704,1
stable_diffusion_1_4_00351,test,1,0.83621544,0
stable_diffusion_1_4_00352,test,1,0.13511387,0
stable_diffusion_1_4_00353,test,1,0.30882356,1
stable_diffusion_1_4_00354,test,1,0.5547522,0
stable_diffusion_1_4_00355,test,1,0.30882356,1
stable_diffusion_1_4_00356,test,1,0.20327082,0
stable_diffusion_1_4_00357,test,1,0.30882356,1
stable_diffusion_1_4_00358,test,1,0.30882356,1
stable_diffusion_1_4_00359,test,1,0.9430717,0
stable_diffusion_1_4_00360,test,1,3.0805543e-07,0
stable_diffusion_1_4_00361,test,1,0.30882356,1
stable_diffusion_1_4_00362,test,1,0.30882356,1
stable_diffusion_1_4_00363,test,1,0.011914978,0
stable_diffusion_1_4_00364,test,1,0.009601858,0
stable_diffusion_1_4_00365,test,1,0.30882356,1
stable_diffusion_1_4_00366,test,1,3.0176448e-06,0
stable_diffusion_1_4_00367,test,1,0.00279477,0
stable_diffusion_1_4_00368,test,1,0.00012623613,0
stable_diffusion_1_4_00369,test,1,0.41197383,0
stable_diffusion_1_4_00370,test,1,0.30882356,1
stable_diffusion_1_4_00371,test,1,0.30882356,1
stable_diffusion_1_4_00372,test,1,0.30882356,1
stable_diffusion_1_4_00373,test,1,0.02242288,0
stable_diffusion_1_4_00374,test,1,0.30882356,1
stable_diffusion_1_4_00375,test,1,0.30882356,1
stable_diffusion_1_4_00376,test,1,0.30882356,1
stable_diffusion_1_4_00377,test,1,0.30882356,1
stable_diffusion_1_4_00378,test,1,0.30882356,1
stable_diffusion_1_4_00379,test,1,0.6002597,1
stable_diffusion_1_4_00380,test,1,0.30882356,1
stable_diffusion_1_4_00381,test,1,0.30882356,1
stable_diffusion_1_4_00382,test,1,0.30882356,1
stable_diffusion_1_4_00383,test,1,0.30882356,1
stable_diffusion_1_4_00384,test,1,0.00018040482,0
stable_diffusion_1_4_00385,test,1,0.30882356,1
stable_diffusion_1_4_00386,test,1,0.82733905,0
stable_diffusion_1_4_00387,test,1,0.30882356,1
stable_diffusion_1_4_00388,test,1,0.6628652,0
stable_diffusion_1_4_00389,test,1,0.21172294,0
stable_diffusion_1_4_00390,test,1,0.30882356,1
stable_diffusion_1_4_00391,test,1,0.018595666,0
stable_diffusion_1_4_00392,test,1,0.05654312,0
stable_diffusion_1_4_00393,test,1,0.020779563,0
stable_diffusion_1_4_00394,test,1,0.30882356,1
stable_diffusion_1_4_00395,test,1,0.30882356,1
stable_diffusion_1_4_00396,test,1,0.30882356,1
stable_diffusion_1_4_00397,test,1,0.010251833,0
stable_diffusion_1_4_00398,test,1,0.0813066,1
stable_diffusion_1_4_00399,test,1,0.7597013,0
stable_diffusion_1_4_00400,test,1,0.30882356,1
stable_diffusion_1_4_00401,test,1,0.30882356,1
stable_diffusion_1_4_00402,test,1,0.0018645889,0
stable_diffusion_1_4_00403,test,1,0.30882356,1
stable_diffusion_1_4_00404,test,1,0.30882356,1
stable_diffusion_1_4_00405,test,1,0.00015681509,0
stable_diffusion_1_4_00406,test,1,0.30882356,1
stable_diffusion_1_4_00407,test,1,0.30882356,1
stable_diffusion_1_4_00408,test,1,0.023727924,0
stable_diffusion_1_4_00409,test,1,0.30882356,1
stable_diffusion_1_4_00410,test,1,0.30882356,1
stable_diffusion_1_4_00411,test,1,0.30882356,1
stable_diffusion_1_4_00412,test,1,0.005702721,0
stable_diffusion_1_4_00413,test,1,0.1483954,0
stable_diffusion_1_4_00414,test,1,0.30882356,1
stable_diffusion_1_4_00415,test,1,0.30882356,1
stable_diffusion_1_4_00416,test,1,0.30882356,1
stable_diffusion_1_4_00417,test,1,0.042356495,0
stable_diffusion_1_4_00418,test,1,0.30882356,1
stable_diffusion_1_4_00419,test,1,0.0073721283,0
stable_diffusion_1_4_00420,test,1,0.30882356,1
stable_diffusion_1_4_00421,test,1,0.30882356,1
stable_diffusion_1_4_00422,test,1,0.30882356,1
stable_diffusion_1_4_00423,test,1,0.30882356,1
stable_diffusion_1_4_00424,test,1,0.46928078,0
stable_diffusion_1_4_00425,test,1,0.00023857923,0
stable_diffusion_1_4_00426,test,1,0.30882356,1
stable_diffusion_1_4_00427,test,1,0.18709561,1
stable_diffusion_1_4_00428,test,1,0.7555714,0
stable_diffusion_1_4_00429,test,1,5.2007243e-07,0
stable_diffusion_1_4_00430,test,1,0.99924386,0
stable_diffusion_1_4_00431,test,1,0.30882356,1
stable_diffusion_1_4_00432,test,1,0.013557142,0
stable_diffusion_1_4_00433,test,1,0.30882356,1
stable_diffusion_1_4_00434,test,1,0.8032641,0
stable_diffusion_1_4_00435,test,1,0.004664392,0
stable_diffusion_1_4_00436,test,1,0.30882356,1
stable_diffusion_1_4_00437,test,1,0.30882356,1
stable_diffusion_1_4_00438,test,1,0.30882356,1
stable_diffusion_1_4_00439,test,1,0.95207995,0
stable_diffusion_1_4_00440,test,1,0.30882356,1
stable_diffusion_1_4_00441,test,1,0.1082463,0
stable_diffusion_1_4_00442,test,1,0.03276013,0
stable_diffusion_1_4_00443,test,1,0.30882356,1
stable_diffusion_1_4_00444,test,1,0.30882356,1
stable_diffusion_1_4_00445,test,1,0.009562262,0
stable_diffusion_1_4_00446,test,1,0.48717308,0
stable_diffusion_1_4_00447,test,1,0.00042414185,0
stable_diffusion_1_4_00448,test,1,0.30882356,1
stable_diffusion_1_4_00449,test,1,0.16886096,0
stable_diffusion_1_4_00450,test,1,0.30882356,1
stable_diffusion_1_4_00451,test,1,0.30882356,1
stable_diffusion_1_4_00452,test,1,0.30882356,1
stable_diffusion_1_4_00453,test,1,0.87542254,0
stable_diffusion_1_4_00454,test,1,0.30882356,1
stable_diffusion_1_4_00455,test,1,0.30882356,1
stable_diffusion_1_4_00456,test,1,0.30882356,1
stable_diffusion_1_4_00457,test,1,0.11853849,0
stable_diffusion_1_4_00458,test,1,0.30882356,1
stable_diffusion_1_4_00459,test,1,0.30882356,1
stable_diffusion_1_4_00460,test,1,0.0019884063,1
stable_diffusion_1_4_00461,test,1,0.050145,0
stable_diffusion_1_4_00462,test,1,0.8118726,0
stable_diffusion_1_4_00463,test,1,0.007068472,0
stable_diffusion_1_4_00464,test,1,0.30882356,1
stable_diffusion_1_4_00465,test,1,0.08001361,0
stable_diffusion_1_4_00466,test,1,0.0010665375,0
stable_diffusion_1_4_00467,test,1,0.30882356,1
stable_diffusion_1_4_00468,test,1,0.001410869,0
stable_diffusion_1_4_00469,test,1,0.48266852,0
stable_diffusion_1_4_00470,test,1,0.30882356,1
stable_diffusion_1_4_00471,test,1,0.7321206,0
stable_diffusion_1_4_00472,test,1,0.30882356,1
stable_diffusion_1_4_00473,test,1,0.002291591,0
stable_diffusion_1_4_00474,test,1,0.30882356,1
stable_diffusion_1_4_00475,test,1,0.30882356,1
stable_diffusion_1_4_00476,test,1,0.0018555173,0
stable_diffusion_1_4_00477,test,1,0.30882356,1
stable_diffusion_1_4_00478,test,1,0.34216484,0
stable_diffusion_1_4_00479,test,1,0.0013411492,0
stable_diffusion_1_4_00480,test,1,0.02959892,0
stable_diffusion_1_4_00481,test,1,0.15493171,0
stable_diffusion_1_4_00482,test,1,0.30882356,1
stable_diffusion_1_4_00483,test,1,0.13821515,0
stable_diffusion_1_4_00484,test,1,0.30882356,1
stable_diffusion_1_4_00485,test,1,0.30882356,1
stable_diffusion_1_4_00486,test,1,0.121017225,0
stable_diffusion_1_4_00487,test,1,0.069859535,0
stable_diffusion_1_4_00488,test,1,0.30882356,1
stable_diffusion_1_4_00489,test,1,0.843394,0
stable_diffusion_1_4_00490,test,1,0.30882356,1
stable_diffusion_1_4_00491,test,1,0.0002369857,0
stable_diffusion_1_4_00492,test,1,0.30882356,1
stable_diffusion_1_4_00493,test,1,0.30882356,1
stable_diffusion_1_4_00494,test,1,0.30882356,1
stable_diffusion_1_4_00495,test,1,0.59208125,0
stable_diffusion_1_4_00496,test,1,0.30882356,1
stable_diffusion_1_4_00497,test,1,0.30882356,1
stable_diffusion_1_4_00498,test,1,0.30882356,1
stable_diffusion_1_4_00499,test,1,0.0018142256,0
stable_diffusion_1_4_00500,test,1,0.30882356,1
stable_diffusion_1_4_00501,test,1,0.30882356,1
stable_diffusion_1_4_00502,test,1,0.30882356,1
stable_diffusion_1_4_00503,test,1,0.30882356,1
stable_diffusion_1_4_00504,test,1,0.2753035,0
stable_diffusion_1_4_00505,test,1,0.30882356,1
stable_diffusion_1_4_00506,test,1,0.30882356,1
stable_diffusion_1_4_00507,test,1,0.30882356,1
stable_diffusion_1_4_00508,test,1,0.3264207,0
stable_diffusion_1_4_00509,test,1,0.30882356,1
stable_diffusion_1_4_00510,test,1,0.30882356,1
stable_diffusion_1_4_00511,test,1,0.30882356,1
stable_diffusion_1_4_00512,test,1,5.6053123e-06,0
stable_diffusion_1_4_00513,test,1,0.30882356,1
stable_diffusion_1_4_00514,test,1,0.633622,0
stable_diffusion_1_4_00515,test,1,0.5665096,0
stable_diffusion_1_4_00516,test,1,0.30882356,1
stable_diffusion_1_4_00517,test,1,0.018018648,0
stable_diffusion_1_4_00518,test,1,0.16418137,1
stable_diffusion_1_4_00519,test,1,0.9929669,0
stable_diffusion_1_4_00520,test,1,0.017085863,0
stable_diffusion_1_4_00521,test,1,0.30882356,1
stable_diffusion_1_4_00522,test,1,0.30882356,1
stable_diffusion_1_4_00523,test,1,0.0007193482,0
stable_diffusion_1_4_00524,test,1,6.191273e-08,0
stable_diffusion_1_4_00525,test,1,0.2158943,0
stable_diffusion_1_4_00526,test,1,0.30882356,1
stable_diffusion_1_4_00527,test,1,0.32194617,0
stable_diffusion_1_4_00528,test,1,0.30882356,1
stable_diffusion_1_4_00529,test,1,0.045309715,0
stable_diffusion_1_4_00530,test,1,0.30882356,1
stable_diffusion_1_4_00531,test,1,0.30882356,1
stable_diffusion_1_4_00532,test,1,0.30882356,1
stable_diffusion_1_4_00533,test,1,0.65881103,0
stable_diffusion_1_4_00534,test,1,0.020799017,0
stable_diffusion_1_4_00535,test,1,0.30882356,1
stable_diffusion_1_4_00536,test,1,0.70809036,0
stable_diffusion_1_4_00537,test,1,0.30882356,1
stable_diffusion_1_4_00538,test,1,0.30882356,1
stable_diffusion_1_4_00539,test,1,0.30882356,1
stable_diffusion_1_4_00540,test,1,0.30882356,1
stable_diffusion_1_4_00541,test,1,0.30882356,1
stable_diffusion_1_4_00542,test,1,0.4720313,0
stable_diffusion_1_4_00543,test,1,0.9901451,0
stable_diffusion_1_4_00544,test,1,0.30882356,1
stable_diffusion_1_4_00545,test,1,0.30882356,1
stable_diffusion_1_4_00546,test,1,0.010164282,0
stable_diffusion_1_4_00547,test,1,0.10178188,0
stable_diffusion_1_4_00548,test,1,0.30882356,1
stable_diffusion_1_4_00549,test,1,0.020391397,0
stable_diffusion_1_4_00550,test,1,0.30882356,1
stable_diffusion_1_4_00551,test,1,0.10700357,0
stable_diffusion_1_4_00552,test,1,0.8183628,0
stable_diffusion_1_4_00553,test,1,0.30882356,1
stable_diffusion_1_4_00554,test,1,0.21897152,0
stable_diffusion_1_4_00555,test,1,0.30882356,1
stable_diffusion_1_4_00556,test,1,0.30882356,1
stable_diffusion_1_4_00557,test,1,0.4196395,0
stable_diffusion_1_4_00558,test,1,0.33369383,0
stable_diffusion_1_4_00559,test,1,0.30882356,1
stable_diffusion_1_4_00560,test,1,0.30882356,1
stable_diffusion_1_4_00561,test,1,0.026938142,0
stable_diffusion_1_4_00562,test,1,0.30882356,1
stable_diffusion_1_4_00563,test,1,0.19256018,0
stable_diffusion_1_4_00564,test,1,0.30882356,1
stable_diffusion_1_4_00565,test,1,0.940297,0
stable_diffusion_1_4_00566,test,1,0.99029225,0
stable_diffusion_1_4_00567,test,1,0.7303185,0
stable_diffusion_1_4_00568,test,1,2.5586112e-07,0
stable_diffusion_1_4_00569,test,1,0.22497658,1
stable_diffusion_1_4_00570,test,1,0.30882356,1
stable_diffusion_1_4_00571,test,1,0.30882356,1
stable_diffusion_1_4_00572,test,1,0.26447424,0
stable_diffusion_1_4_00573,test,1,0.30882356,1
stable_diffusion_1_4_00574,test,1,0.08192499,0
stable_diffusion_1_4_00575,test,1,0.55294317,0
stable_diffusion_1_4_00576,test,1,0.048117045,0
stable_diffusion_1_4_00577,test,1,0.03008929,0
stable_diffusion_1_4_00578,test,1,0.5193648,0
stable_diffusion_1_4_00579,test,1,0.020054052,0
stable_diffusion_1_4_00580,test,1,0.30882356,1
stable_diffusion_1_4_00581,test,1,5.9062488e-05,0
stable_diffusion_1_4_00582,test,1,0.30882356,1
stable_diffusion_1_4_00583,test,1,0.014149414,0
stable_diffusion_1_4_00584,test,1,0.30882356,1
stable_diffusion_1_4_00585,test,1,0.0071533606,0
stable_diffusion_1_4_00586,test,1,0.30882356,1
stable_diffusion_1_4_00587,test,1,0.30882356,1
stable_diffusion_1_4_00588,test,1,0.30882356,1
stable_diffusion_1_4_00589,test,1,0.30882356,1
stable_diffusion_1_4_00590,test,1,0.1958387,0
stable_diffusion_1_4_00591,test,1,0.9996019,0
stable_diffusion_1_4_00592,test,1,0.30882356,1
stable_diffusion_1_4_00593,test,1,0.30882356,1
stable_diffusion_1_4_00594,test,1,8.3861574e-05,0
stable_diffusion_1_4_00595,test,1,0.30882356,1
stable_diffusion_1_4_00596,test,1,0.34615636,0
stable_diffusion_1_4_00597,test,1,0.93023664,0
stable_diffusion_1_4_00598,test,1,0.10995313,0
stable_diffusion_1_4_00599,test,1,0.30882356,1
stable_diffusion_1_4_00600,test,1,0.23294872,0
stable_diffusion_1_4_00601,test,1,0.0038646816,0
stable_diffusion_1_4_00602,test,1,0.30882356,1
stable_diffusion_1_4_00603,test,1,0.30401984,0
stable_diffusion_1_4_00604,test,1,0.116594926,0
stable_diffusion_1_4_00605,test,1,3.4082525e-05,0
stable_diffusion_1_4_00606,test,1,0.30882356,1
stable_diffusion_1_4_00607,test,1,0.12441329,0
stable_diffusion_1_4_00608,test,1,0.30882356,1
stable_diffusion_1_4_00609,test,1,0.30882356,1
stable_diffusion_1_4_00610,test,1,0.010034088,0
stable_diffusion_1_4_00611,test,1,0.30882356,1
stable_diffusion_1_4_00612,test,1,0.00029288206,0
stable_diffusion_1_4_00613,test,1,0.30882356,1
stable_diffusion_1_4_00614,test,1,0.30882356,1
stable_diffusion_1_4_00615,test,1,0.005170865,0
stable_diffusion_1_4_00616,test,1,0.30882356,1
stable_diffusion_1_4_00617,test,1,0.9837352,0
stable_diffusion_1_4_00618,test,1,0.30882356,1
stable_diffusion_1_4_00619,test,1,0.30882356,1
stable_diffusion_1_4_00620,test,1,0.9835587,0
stable_diffusion_1_4_00621,test,1,0.9791419,0
stable_diffusion_1_4_00622,test,1,0.2795142,0
stable_diffusion_1_4_00623,test,1,0.30882356,1
stable_diffusion_1_4_00624,test,1,0.30882356,1
stable_diffusion_1_4_00625,test,1,0.30882356,1
stable_diffusion_1_4_00626,test,1,0.30882356,1
stable_diffusion_1_4_00627,test,1,0.025664628,0
stable_diffusion_1_4_00628,test,1,0.9887428,0
stable_diffusion_1_4_00629,test,1,0.0027095566,0
stable_diffusion_1_4_00630,test,1,0.712513,0
stable_diffusion_1_4_00631,test,1,0.30882356,1
stable_diffusion_1_4_00632,test,1,0.30882356,1
stable_diffusion_1_4_00633,test,1,0.30882356,1
stable_diffusion_1_4_00634,test,1,0.30882356,1
stable_diffusion_1_4_00635,test,1,0.30882356,1
stable_diffusion_1_4_00636,test,1,0.022650825,0
stable_diffusion_1_4_00637,test,1,0.30882356,1
stable_diffusion_1_4_00638,test,1,0.99694735,0
stable_diffusion_1_4_00639,test,1,0.000515999,0
stable_diffusion_1_4_00640,test,1,0.034798678,0
stable_diffusion_1_4_00641,test,1,0.30882356,1
stable_diffusion_1_4_00642,test,1,0.30882356,1
stable_diffusion_1_4_00643,test,1,0.999421,0
stable_diffusion_1_4_00644,test,1,0.0061551533,0
stable_diffusion_1_4_00645,test,1,0.30882356,1
stable_diffusion_1_4_00646,test,1,0.30882356,1
stable_diffusion_1_4_00647,test,1,0.0037109004,0
stable_diffusion_1_4_00648,test,1,0.08837638,0
stable_diffusion_1_4_00649,test,1,0.30882356,1
stable_diffusion_1_4_00650,test,1,0.30882356,1
stable_diffusion_1_4_00651,test,1,0.6185619,0
stable_diffusion_1_4_00652,test,1,0.11874897,0
stable_diffusion_1_4_00653,test,1,0.00029049107,0
stable_diffusion_1_4_00654,test,1,0.30882356,1
stable_diffusion_1_4_00655,test,1,0.30882356,1
stable_diffusion_1_4_00656,test,1,0.30882356,1
stable_diffusion_1_4_00657,test,1,0.04760573,0
stable_diffusion_1_4_00658,test,1,0.30882356,1
stable_diffusion_1_4_00659,test,1,3.4551124e-06,0
stable_diffusion_1_4_00660,test,1,0.30882356,1
stable_diffusion_1_4_00661,test,1,0.30882356,1
stable_diffusion_1_4_00662,test,1,0.05363217,0
stable_diffusion_1_4_00663,test,1,0.30882356,1
stable_diffusion_1_4_00664,test,1,0.30882356,1
stable_diffusion_1_4_00665,test,1,0.0002671548,0
stable_diffusion_1_4_00666,test,1,0.30882356,1
stable_diffusion_1_4_00667,test,1,0.30882356,1
stable_diffusion_1_4_00668,test,1,0.30882356,1
stable_diffusion_1_4_00669,test,1,0.30882356,1
stable_diffusion_1_4_00670,test,1,0.30882356,1
stable_diffusion_1_4_00671,test,1,0.8048067,0
stable_diffusion_1_4_00672,test,1,0.30882356,1
stable_diffusion_1_4_00673,test,1,0.30882356,1
stable_diffusion_1_4_00674,test,1,0.5345351,0
stable_diffusion_1_4_00675,test,1,0.0022884521,0
stable_diffusion_1_4_00676,test,1,0.9488244,0
stable_diffusion_1_4_00677,test,1,0.30882356,1
stable_diffusion_1_4_00678,test,1,0.5413707,0
stable_diffusion_1_4_00679,test,1,0.30882356,1
stable_diffusion_1_4_00680,test,1,0.30882356,1
stable_diffusion_1_4_00681,test,1,0.19833937,0
stable_diffusion_1_4_00682,test,1,0.009198083,0
stable_diffusion_1_4_00683,test,1,0.30882356,1
stable_diffusion_1_4_00684,test,1,0.30882356,1
stable_diffusion_1_4_00685,test,1,0.007828338,0
stable_diffusion_1_4_00686,test,1,0.30882356,1
stable_diffusion_1_4_00687,test,1,0.30882356,1
stable_diffusion_1_4_00688,test,1,0.30882356,1
stable_diffusion_1_4_00689,test,1,0.30882356,1
stable_diffusion_1_4_00690,test,1,0.04982833,0
stable_diffusion_1_4_00691,test,1,0.80834293,0
stable_diffusion_1_4_00692,test,1,0.14591074,0
stable_diffusion_1_4_00693,test,1,0.30882356,1
stable_diffusion_1_4_00694,test,1,0.06692992,0
stable_diffusion_1_4_00695,test,1,0.08454258,0
stable_diffusion_1_4_00696,test,1,0.30882356,1
stable_diffusion_1_4_00697,test,1,0.00019614412,0
stable_diffusion_1_4_00698,test,1,0.30882356,1
stable_diffusion_1_4_00699,test,1,0.30882356,1
stable_diffusion_1_4_00700,test,1,0.4525798,0
stable_diffusion_1_4_00701,test,1,0.30882356,1
stable_diffusion_1_4_00702,test,1,0.78707314,0
stable_diffusion_1_4_00703,test,1,0.009976843,0
stable_diffusion_1_4_00704,test,1,0.9970578,0
stable_diffusion_1_4_00705,test,1,0.010056801,0
stable_diffusion_1_4_00706,test,1,0.30882356,1
stable_diffusion_1_4_00707,test,1,0.30882356,1
stable_diffusion_1_4_00708,test,1,0.039269235,0
stable_diffusion_1_4_00709,test,1,0.30882356,1
stable_diffusion_1_4_00710,test,1,0.0027487096,0
stable_diffusion_1_4_00711,test,1,0.72178614,0
stable_diffusion_1_4_00712,test,1,0.30882356,1
stable_diffusion_1_4_00713,test,1,0.30882356,1
stable_diffusion_1_4_00714,test,1,0.12006225,0
stable_diffusion_1_4_00715,test,1,0.40764278,0
stable_diffusion_1_4_00716,test,1,0.30882356,1
stable_diffusion_1_4_00717,test,1,0.2547491,0
stable_diffusion_1_4_00718,test,1,0.30882356,1
stable_diffusion_1_4_00719,test,1,0.14705881,0
stable_diffusion_1_4_00720,test,1,0.074045755,0
stable_diffusion_1_4_00721,test,1,0.15105298,0
stable_diffusion_1_4_00722,test,1,0.30882356,1
stable_diffusion_1_4_00723,test,1,0.7454493,0
stable_diffusion_1_4_00724,test,1,0.18472484,0
stable_diffusion_1_4_00725,test,1,0.0026826907,0
stable_diffusion_1_4_00726,test,1,0.30882356,1
stable_diffusion_1_4_00727,test,1,0.30882356,1
stable_diffusion_1_4_00728,test,1,0.0012038586,0
stable_diffusion_1_4_00729,test,1,0.30882356,1
stable_diffusion_1_4_00730,test,1,0.029062152,0
stable_diffusion_1_4_00731,test,1,0.7582137,1
stable_diffusion_1_4_00732,test,1,0.00012918463,0
stable_diffusion_1_4_00733,test,1,0.9948862,0
stable_diffusion_1_4_00734,test,1,0.30882356,1
stable_diffusion_1_4_00735,test,1,1.5781237e-05,0
stable_diffusion_1_4_00736,test,1,0.30882356,1
stable_diffusion_1_4_00737,test,1,0.30882356,1
stable_diffusion_1_4_00738,test,1,0.30882356,1
stable_diffusion_1_4_00739,test,1,0.30882356,1
stable_diffusion_1_4_00740,test,1,0.30882356,1
stable_diffusion_1_4_00741,test,1,0.35654196,0
stable_diffusion_1_4_00742,test,1,0.43259153,0
stable_diffusion_1_4_00743,test,1,0.00022856116,0
stable_diffusion_1_4_00744,test,1,0.039783023,0
stable_diffusion_1_4_00745,test,1,0.30882356,1
stable_diffusion_1_4_00746,test,1,0.012712523,0
stable_diffusion_1_4_00747,test,1,0.30882356,1
stable_diffusion_1_4_00748,test,1,0.30882356,1
stable_diffusion_1_4_00749,test,1,0.30882356,1
stable_diffusion_1_4_00750,test,1,0.38582698,0
stable_diffusion_1_4_00751,test,1,0.09862956,0
stable_diffusion_1_4_00752,test,1,0.30882356,1
stable_diffusion_1_4_00753,test,1,0.30882356,1
stable_diffusion_1_4_00754,test,1,0.30882356,1
stable_diffusion_1_4_00755,test,1,0.0001761267,0
stable_diffusion_1_4_00756,test,1,0.0145134125,1
stable_diffusion_1_4_00757,test,1,0.010167038,0
stable_diffusion_1_4_00758,test,1,0.30882356,1
stable_diffusion_1_4_00759,test,1,0.0032815603,0
stable_diffusion_1_4_00760,test,1,0.034239583,0
stable_diffusion_1_4_00761,test,1,0.30882356,1
stable_diffusion_1_4_00762,test,1,0.30882356,1
stable_diffusion_1_4_00763,test,1,0.30882356,1
stable_diffusion_1_4_00764,test,1,0.30882356,1
stable_diffusion_1_4_00765,test,1,0.30882356,1
stable_diffusion_1_4_00766,test,1,0.30882356,1
stable_diffusion_1_4_00767,test,1,0.30882356,1
stable_diffusion_1_4_00768,test,1,0.30882356,1
stable_diffusion_1_4_00769,test,1,0.30882356,1
stable_diffusion_1_4_00770,test,1,0.30882356,1
stable_diffusion_1_4_00771,test,1,0.30882356,1
stable_diffusion_1_4_00772,test,1,0.30882356,1
stable_diffusion_1_4_00773,test,1,0.30882356,1
stable_diffusion_1_4_00774,test,1,0.30882356,1
stable_diffusion_1_4_00775,test,1,0.9992519,0
stable_diffusion_1_4_00776,test,1,0.051283393,0
stable_diffusion_1_4_00777,test,1,0.034449443,0
stable_diffusion_1_4_00778,test,1,0.30882356,1
stable_diffusion_1_4_00779,test,1,0.30882356,1
stable_diffusion_1_4_00780,test,1,0.30882356,1
stable_diffusion_1_4_00781,test,1,0.30882356,1
stable_diffusion_1_4_00782,test,1,0.30882356,1
stable_diffusion_1_4_00783,test,1,0.279129,0
stable_diffusion_1_4_00784,test,1,0.30882356,1
stable_diffusion_1_4_00785,test,1,0.006593094,0
stable_diffusion_1_4_00786,test,1,0.08357639,0
stable_diffusion_1_4_00787,test,1,0.7416806,0
stable_diffusion_1_4_00788,test,1,0.30882356,1
stable_diffusion_1_4_00789,test,1,0.30882356,1
stable_diffusion_1_4_00790,test,1,0.30882356,1
stable_diffusion_1_4_00791,test,1,0.00013050596,0
stable_diffusion_1_4_00792,test,1,0.05739122,1
stable_diffusion_1_4_00793,test,1,0.30882356,1
stable_diffusion_1_4_00794,test,1,0.30882356,1
stable_diffusion_1_4_00795,test,1,0.58681196,0
stable_diffusion_1_4_00796,test,1,0.08289839,0
stable_diffusion_1_4_00797,test,1,0.19789289,0
stable_diffusion_1_4_00798,test,1,0.30882356,1
stable_diffusion_1_4_00799,test,1,4.222514e-05,0
stable_diffusion_1_4_00800,test,1,0.00819253,0
stable_diffusion_1_4_00801,test,1,0.30882356,1
stable_diffusion_1_4_00802,test,1,0.30882356,1
stable_diffusion_1_4_00803,test,1,0.076253034,0
stable_diffusion_1_4_00804,test,1,0.040956266,0
stable_diffusion_1_4_00805,test,1,0.30882356,1
stable_diffusion_1_4_00806,test,1,0.30882356,1
stable_diffusion_1_4_00807,test,1,0.5999623,0
stable_diffusion_1_4_00808,test,1,0.30882356,1
stable_diffusion_1_4_00809,test,1,0.9676455,0
stable_diffusion_1_4_00810,test,1,0.30882356,1
stable_diffusion_1_4_00811,test,1,0.30882356,1
stable_diffusion_1_4_00812,test,1,0.00022984768,0
stable_diffusion_1_4_00813,test,1,0.75876606,0
stable_diffusion_1_4_00814,test,1,0.18854398,0
stable_diffusion_1_4_00815,test,1,0.7306354,0
stable_diffusion_1_4_00816,test,1,0.037476603,0
stable_diffusion_1_4_00817,test,1,0.30882356,1
stable_diffusion_1_4_00818,test,1,0.30882356,1
stable_diffusion_1_4_00819,test,1,0.79494905,0
stable_diffusion_1_4_00820,test,1,0.99978644,0
stable_diffusion_1_4_00821,test,1,0.30882356,1
stable_diffusion_1_4_00822,test,1,0.30882356,1
stable_diffusion_1_4_00823,test,1,0.048985235,0
stable_diffusion_1_4_00824,test,1,0.0027428572,0
stable_diffusion_1_4_00825,test,1,0.30882356,1
stable_diffusion_1_4_00826,test,1,0.0018845318,0
stable_diffusion_1_4_00827,test,1,0.30882356,1
stable_diffusion_1_4_00828,test,1,0.009852271,0
stable_diffusion_1_4_00829,test,1,0.41064245,0
stable_diffusion_1_4_00830,test,1,0.011304226,0
stable_diffusion_1_4_00831,test,1,0.048984725,0
stable_diffusion_1_4_00832,test,1,0.000585112,0
stable_diffusion_1_4_00833,test,1,0.30882356,1
stable_diffusion_1_4_00834,test,1,0.010249763,0
stable_diffusion_1_4_00835,test,1,0.30882356,1
stable_diffusion_1_4_00836,test,1,0.36883533,0
stable_diffusion_1_4_00837,test,1,0.0862352,0
stable_diffusion_1_4_00838,test,1,0.30882356,1
stable_diffusion_1_4_00839,test,1,0.003167036,0
stable_diffusion_1_4_00840,test,1,0.30882356,1
stable_diffusion_1_4_00841,test,1,0.30882356,1
stable_diffusion_1_4_00842,test,1,0.683437,0
stable_diffusion_1_4_00843,test,1,0.30882356,1
stable_diffusion_1_4_00844,test,1,0.30882356,1
stable_diffusion_1_4_00845,test,1,0.30882356,1
stable_diffusion_1_4_00846,test,1,0.30882356,1
stable_diffusion_1_4_00847,test,1,0.0022856547,0
stable_diffusion_1_4_00848,test,1,0.018853506,0
stable_diffusion_1_4_00849,test,1,0.5056891,0
stable_diffusion_1_4_00850,test,1,0.30882356,1
stable_diffusion_1_4_00851,test,1,0.30882356,1
stable_diffusion_1_4_00852,test,1,0.4322535,0
stable_diffusion_1_4_00853,test,1,0.07690327,0
stable_diffusion_1_4_00854,test,1,0.03426225,0
stable_diffusion_1_4_00855,test,1,0.46267757,0
stable_diffusion_1_4_00856,test,1,0.09649515,0
stable_diffusion_1_4_00857,test,1,0.30882356,1
stable_diffusion_1_4_00858,test,1,0.30882356,1
stable_diffusion_1_4_00859,test,1,0.30882356,1
stable_diffusion_1_4_00860,test,1,0.30882356,1
stable_diffusion_1_4_00861,test,1,0.00039771455,0
stable_diffusion_1_4_00862,test,1,0.10946819,0
stable_diffusion_1_4_00863,test,1,0.022288552,0
stable_diffusion_1_4_00864,test,1,0.30882356,1
stable_diffusion_1_4_00865,test,1,0.30882356,1
stable_diffusion_1_4_00866,test,1,0.7752031,0
stable_diffusion_1_4_00867,test,1,2.4528645e-05,0
stable_diffusion_1_4_00868,test,1,0.024134139,0
stable_diffusion_1_4_00869,test,1,0.25281683,0
stable_diffusion_1_4_00870,test,1,0.06726119,0
stable_diffusion_1_4_00871,test,1,0.00043890183,0
stable_diffusion_1_4_00872,test,1,0.30882356,1
stable_diffusion_1_4_00873,test,1,0.119615935,0
stable_diffusion_1_4_00874,test,1,0.0010299408,1
stable_diffusion_1_4_00875,test,1,0.30882356,1
stable_diffusion_1_4_00876,test,1,0.0009156741,0
stable_diffusion_1_4_00877,test,1,0.55913824,0
stable_diffusion_1_4_00878,test,1,0.54088396,0
stable_diffusion_1_4_00879,test,1,0.034794744,1
stable_diffusion_1_4_00880,test,1,0.30882356,1
stable_diffusion_1_4_00881,test,1,0.081238925,0
stable_diffusion_1_4_00882,test,1,0.30882356,1
stable_diffusion_1_4_00883,test,1,0.30882356,1
stable_diffusion_1_4_00884,test,1,0.00019629137,0
stable_diffusion_1_4_00885,test,1,0.015169567,0
stable_diffusion_1_4_00886,test,1,0.30882356,1
stable_diffusion_1_4_00887,test,1,0.30882356,1
stable_diffusion_1_4_00888,test,1,0.30882356,1
stable_diffusion_1_4_00889,test,1,0.0032999527,1
stable_diffusion_1_4_00890,test,1,0.30882356,1
stable_diffusion_1_4_00891,test,1,0.009126582,0
stable_diffusion_1_4_00892,test,1,0.023770416,0
stable_diffusion_1_4_00893,test,1,0.30882356,1
stable_diffusion_1_4_00894,test,1,0.30882356,1
stable_diffusion_1_4_00895,test,1,0.30882356,1
stable_diffusion_1_4_00896,test,1,0.30882356,1
stable_diffusion_1_4_00897,test,1,0.30882356,1
stable_diffusion_1_4_00898,test,1,0.30882356,1
stable_diffusion_1_4_00899,test,1,0.84670246,0
stable_diffusion_1_4_00900,test,1,0.30882356,1
stable_diffusion_1_4_00901,test,1,0.00562284,0
stable_diffusion_1_4_00902,test,1,0.010603995,0
stable_diffusion_1_4_00903,test,1,0.30882356,1
stable_diffusion_1_4_00904,test,1,0.30882356,1
stable_diffusion_1_4_00905,test,1,0.30882356,1
stable_diffusion_1_4_00906,test,1,0.30882356,1
stable_diffusion_1_4_00907,test,1,0.9113436,0
stable_diffusion_1_4_00908,test,1,0.014461038,0
stable_diffusion_1_4_00909,test,1,0.30882356,1
stable_diffusion_1_4_00910,test,1,0.0003398029,0
stable_diffusion_1_4_00911,test,1,0.30882356,1
stable_diffusion_1_4_00912,test,1,0.00011990872,0
stable_diffusion_1_4_00913,test,1,0.6223513,0
stable_diffusion_1_4_00914,test,1,0.18561092,0
stable_diffusion_1_4_00915,test,1,0.30882356,1
stable_diffusion_1_4_00916,test,1,0.13554162,0
stable_diffusion_1_4_00917,test,1,0.30882356,1
stable_diffusion_1_4_00918,test,1,0.30882356,1
stable_diffusion_1_4_00919,test,1,0.000102178776,0
stable_diffusion_1_4_00920,test,1,0.30882356,1
stable_diffusion_1_4_00921,test,1,0.30882356,1
stable_diffusion_1_4_00922,test,1,0.30882356,1
stable_diffusion_1_4_00923,test,1,0.30882356,1
stable_diffusion_1_4_00924,test,1,0.99091804,0
stable_diffusion_1_4_00925,test,1,0.30882356,1
stable_diffusion_1_4_00926,test,1,0.30882356,1
stable_diffusion_1_4_00927,test,1,0.16119486,0
stable_diffusion_1_4_00928,test,1,0.35785198,0
stable_diffusion_1_4_00929,test,1,0.30882356,1
stable_diffusion_1_4_00930,test,1,0.9987797,0
stable_diffusion_1_4_00931,test,1,0.9999987,0
stable_diffusion_1_4_00932,test,1,0.30882356,1
stable_diffusion_1_4_00933,test,1,0.30882356,1
stable_diffusion_1_4_00934,test,1,0.30882356,1
stable_diffusion_1_4_00935,test,1,0.09638134,0
stable_diffusion_1_4_00936,test,1,0.9999968,0
stable_diffusion_1_4_00937,test,1,0.30882356,1
stable_diffusion_1_4_00938,test,1,0.30882356,1
stable_diffusion_1_4_00939,test,1,0.00022036901,0
stable_diffusion_1_4_00940,test,1,0.028606035,0
stable_diffusion_1_4_00941,test,1,0.029932586,0
stable_diffusion_1_4_00942,test,1,0.30882356,1
stable_diffusion_1_4_00943,test,1,0.30882356,1
stable_diffusion_1_4_00944,test,1,0.03707385,0
stable_diffusion_1_4_00945,test,1,0.30882356,1
stable_diffusion_1_4_00946,test,1,0.14795096,0
stable_diffusion_1_4_00947,test,1,0.30882356,1
stable_diffusion_1_4_00948,test,1,0.30882356,1
stable_diffusion_1_4_00949,test,1,0.8766426,0
stable_diffusion_1_4_00950,test,1,0.30882356,1
stable_diffusion_1_4_00951,test,1,0.0037411617,0
stable_diffusion_1_4_00952,test,1,0.30882356,1
stable_diffusion_1_4_00953,test,1,0.2472764,0
stable_diffusion_1_4_00954,test,1,0.30882356,1
stable_diffusion_1_4_00955,test,1,0.0018736459,0
stable_diffusion_1_4_00956,test,1,0.038293988,0
stable_diffusion_1_4_00957,test,1,0.30882356,1
stable_diffusion_1_4_00958,test,1,0.30882356,1
stable_diffusion_1_4_00959,test,1,0.010895856,0
stable_diffusion_1_4_00960,test,1,0.99993074,0
stable_diffusion_1_4_00961,test,1,0.17735861,0
stable_diffusion_1_4_00962,test,1,0.03220712,0
stable_diffusion_1_4_00963,test,1,0.30882356,1
stable_diffusion_1_4_00964,test,1,0.30882356,1
stable_diffusion_1_4_00965,test,1,0.30882356,1
stable_diffusion_1_4_00966,test,1,0.30882356,1
stable_diffusion_1_4_00967,test,1,0.30882356,1
stable_diffusion_1_4_00968,test,1,0.43229857,0
stable_diffusion_1_4_00969,test,1,0.0005215773,0
stable_diffusion_1_4_00970,test,1,0.026106233,0
stable_diffusion_1_4_00971,test,1,0.30882356,1
stable_diffusion_1_4_00972,test,1,0.30882356,1
stable_diffusion_1_4_00973,test,1,0.015179679,0
stable_diffusion_1_4_00974,test,1,0.04384437,0
stable_diffusion_1_4_00975,test,1,0.30882356,1
stable_diffusion_1_4_00976,test,1,0.30882356,1
stable_diffusion_1_4_00977,test,1,0.30882356,1
stable_diffusion_1_4_00978,test,1,0.95765406,0
stable_diffusion_1_4_00979,test,1,0.9899408,0
stable_diffusion_1_4_00980,test,1,0.5379271,0
stable_diffusion_1_4_00981,test,1,0.0005269659,0
stable_diffusion_1_4_00982,test,1,9.948642e-07,0
stable_diffusion_1_4_00983,test,1,0.30882356,1
stable_diffusion_1_4_00984,test,1,0.30882356,1
stable_diffusion_1_4_00985,test,1,0.4307064,0
stable_diffusion_1_4_00986,test,1,0.10123808,0
stable_diffusion_1_4_00987,test,1,0.02869598,0
stable_diffusion_1_4_00988,test,1,0.4376005,0
stable_diffusion_1_4_00989,test,1,0.30882356,1
stable_diffusion_1_4_00990,test,1,0.30882356,1
stable_diffusion_1_4_00991,test,1,0.015247784,0
stable_diffusion_1_4_00992,test,1,0.30882356,1
stable_diffusion_1_4_00993,test,1,0.01227807,0
stable_diffusion_1_4_00994,test,1,0.30882356,1
stable_diffusion_1_4_00995,test,1,0.30882356,1
stable_diffusion_1_4_00996,test,1,0.30882356,1
stable_diffusion_1_4_00997,test,1,0.43916196,0
stable_diffusion_1_4_00998,test,1,0.30882356,1
stable_diffusion_1_4_00999,test,1,0.30882356,1
stable_diffusion_2_00000,test,1,0.05909725,1
stable_diffusion_2_00001,test,1,0.01601509,0
stable_diffusion_2_00002,test,1,0.30882356,1
stable_diffusion_2_00003,test,1,0.30882356,1
stable_diffusion_2_00004,test,1,0.30882356,1
stable_diffusion_2_00005,test,1,0.015848113,1
stable_diffusion_2_00006,test,1,0.30882356,1
stable_diffusion_2_00007,test,1,0.9990994,0
stable_diffusion_2_00008,test,1,0.30882356,1
stable_diffusion_2_00009,test,1,0.30882356,1
stable_diffusion_2_00010,test,1,0.30882356,1
stable_diffusion_2_00011,test,1,0.0867471,1
stable_diffusion_2_00012,test,1,0.30882356,1
stable_diffusion_2_00013,test,1,0.30882356,1
stable_diffusion_2_00014,test,1,0.30882356,1
stable_diffusion_2_00015,test,1,0.30882356,1
stable_diffusion_2_00016,test,1,0.30882356,1
stable_diffusion_2_00017,test,1,0.30882356,1
stable_diffusion_2_00018,test,1,0.30882356,1
stable_diffusion_2_00019,test,1,0.30882356,1
stable_diffusion_2_00020,test,1,0.30882356,1
stable_diffusion_2_00021,test,1,0.30882356,1
stable_diffusion_2_00022,test,1,0.30882356,1
stable_diffusion_2_00023,test,1,0.30882356,1
stable_diffusion_2_00024,test,1,0.30882356,1
stable_diffusion_2_00025,test,1,0.30882356,1
stable_diffusion_2_00026,test,1,0.0008261206,0
stable_diffusion_2_00027,test,1,0.30882356,1
stable_diffusion_2_00028,test,1,0.30882356,1
stable_diffusion_2_00029,test,1,0.30882356,1
stable_diffusion_2_00030,test,1,0.30882356,1
stable_diffusion_2_00031,test,1,0.0011498963,0
stable_diffusion_2_00032,test,1,0.30882356,1
stable_diffusion_2_00033,test,1,0.30882356,1
stable_diffusion_2_00034,test,1,0.30882356,1
stable_diffusion_2_00035,test,1,0.30882356,1
stable_diffusion_2_00036,test,1,0.30882356,1
stable_diffusion_2_00037,test,1,0.30882356,1
stable_diffusion_2_00038,test,1,0.6117888,0
stable_diffusion_2_00039,test,1,0.15313245,1
stable_diffusion_2_00040,test,1,0.30882356,1
stable_diffusion_2_00041,test,1,0.30882356,1
stable_diffusion_2_00042,test,1,0.6270117,1
stable_diffusion_2_00043,test,1,0.30882356,1
stable_diffusion_2_00044,test,1,0.032262083,0
stable_diffusion_2_00045,test,1,0.30882356,1
stable_diffusion_2_00046,test,1,0.30882356,1
stable_diffusion_2_00047,test,1,0.30882356,1
stable_diffusion_2_00048,test,1,0.0007295721,0
stable_diffusion_2_00049,test,1,0.038607582,0
stable_diffusion_2_00050,test,1,0.30882356,1
stable_diffusion_2_00051,test,1,0.04733707,0
stable_diffusion_2_00052,test,1,0.30882356,1
stable_diffusion_2_00053,test,1,0.30882356,1
stable_diffusion_2_00054,test,1,0.30882356,1
stable_diffusion_2_00055,test,1,0.30882356,1
stable_diffusion_2_00056,test,1,0.30882356,1
stable_diffusion_2_00057,test,1,0.066760145,0
stable_diffusion_2_00058,test,1,0.30882356,1
stable_diffusion_2_00059,test,1,0.30882356,1
stable_diffusion_2_00060,test,1,0.30882356,1
stable_diffusion_2_00061,test,1,0.23642212,0
stable_diffusion_2_00062,test,1,0.30882356,1
stable_diffusion_2_00063,test,1,0.2800292,0
stable_diffusion_2_00064,test,1,0.0046548094,0
stable_diffusion_2_00065,test,1,0.30882356,1
stable_diffusion_2_00066,test,1,0.30882356,1
stable_diffusion_2_00067,test,1,0.43930274,0
stable_diffusion_2_00068,test,1,0.30882356,1
stable_diffusion_2_00069,test,1,0.30882356,1
stable_diffusion_2_00070,test,1,0.30882356,1
stable_diffusion_2_00071,test,1,0.39365047,0
stable_diffusion_2_00072,test,1,0.30882356,1
stable_diffusion_2_00073,test,1,0.40616566,0
stable_diffusion_2_00074,test,1,0.30882356,1
stable_diffusion_2_00075,test,1,0.07530955,0
stable_diffusion_2_00076,test,1,0.30882356,1
stable_diffusion_2_00077,test,1,0.30882356,1
stable_diffusion_2_00078,test,1,0.30882356,1
stable_diffusion_2_00079,test,1,0.30882356,1
stable_diffusion_2_00080,test,1,3.5549776e-05,0
stable_diffusion_2_00081,test,1,0.0002753733,0
stable_diffusion_2_00082,test,1,0.30882356,1
stable_diffusion_2_00083,test,1,0.30882356,1
stable_diffusion_2_00084,test,1,0.30882356,1
stable_diffusion_2_00085,test,1,0.30882356,1
stable_diffusion_2_00086,test,1,0.30882356,1
stable_diffusion_2_00087,test,1,0.30728987,0
stable_diffusion_2_00088,test,1,0.011387652,0
stable_diffusion_2_00089,test,1,0.24714257,1
stable_diffusion_2_00090,test,1,0.30882356,1
stable_diffusion_2_00091,test,1,0.76473975,0
stable_diffusion_2_00092,test,1,0.056447327,1
stable_diffusion_2_00093,test,1,0.18574771,0
stable_diffusion_2_00094,test,1,0.30882356,1
stable_diffusion_2_00095,test,1,0.23294106,1
stable_diffusion_2_00096,test,1,0.30882356,1
stable_diffusion_2_00097,test,1,0.30882356,1
stable_diffusion_2_00098,test,1,0.009613438,0
stable_diffusion_2_00099,test,1,0.30882356,1
stable_diffusion_2_00100,test,1,0.036437955,0
stable_diffusion_2_00101,test,1,0.2247292,0
stable_diffusion_2_00102,test,1,0.30882356,1
stable_diffusion_2_00103,test,1,0.30882356,1
stable_diffusion_2_00104,test,1,0.30882356,1
stable_diffusion_2_00105,test,1,0.0029870109,0
stable_diffusion_2_00106,test,1,0.30882356,1
stable_diffusion_2_00107,test,1,0.0301885,0
stable_diffusion_2_00108,test,1,0.30882356,1
stable_diffusion_2_00109,test,1,0.30882356,1
stable_diffusion_2_00110,test,1,0.30882356,1
stable_diffusion_2_00111,test,1,0.30882356,1
stable_diffusion_2_00112,test,1,0.30882356,1
stable_diffusion_2_00113,test,1,0.30882356,1
stable_diffusion_2_00114,test,1,0.30882356,1
stable_diffusion_2_00115,test,1,0.30882356,1
stable_diffusion_2_00116,test,1,0.02074988,0
stable_diffusion_2_00117,test,1,0.30882356,1
stable_diffusion_2_00118,test,1,0.41388956,0
stable_diffusion_2_00119,test,1,0.00010795213,0
stable_diffusion_2_00120,test,1,0.06820439,0
stable_diffusion_2_00121,test,1,0.30882356,1
stable_diffusion_2_00122,test,1,0.05300453,0
stable_diffusion_2_00123,test,1,0.30882356,1
stable_diffusion_2_00124,test,1,0.30882356,1
stable_diffusion_2_00125,test,1,0.17682971,1
stable_diffusion_2_00126,test,1,0.30882356,1
stable_diffusion_2_00127,test,1,0.0912315,0
stable_diffusion_2_00128,test,1,0.18081287,1
stable_diffusion_2_00129,test,1,0.30882356,1
stable_diffusion_2_00130,test,1,0.30882356,1
stable_diffusion_2_00131,test,1,0.03115606,0
stable_diffusion_2_00132,test,1,0.30882356,1
stable_diffusion_2_00133,test,1,0.4236065,0
stable_diffusion_2_00134,test,1,0.30882356,1
stable_diffusion_2_00135,test,1,0.30882356,1
stable_diffusion_2_00136,test,1,0.30882356,1
stable_diffusion_2_00137,test,1,0.30882356,1
stable_diffusion_2_00138,test,1,0.30882356,1
stable_diffusion_2_00139,test,1,0.30882356,1
stable_diffusion_2_00140,test,1,0.3953401,0
stable_diffusion_2_00141,test,1,0.021414485,0
stable_diffusion_2_00142,test,1,0.30882356,1
stable_diffusion_2_00143,test,1,0.30882356,1
stable_diffusion_2_00144,test,1,0.36474392,1
stable_diffusion_2_00145,test,1,0.30882356,1
stable_diffusion_2_00146,test,1,0.15441161,0
stable_diffusion_2_00147,test,1,0.81544673,1
stable_diffusion_2_00148,test,1,0.30882356,1
stable_diffusion_2_00149,test,1,0.30882356,1
stable_diffusion_2_00150,test,1,0.30882356,1
stable_diffusion_2_00151,test,1,1.7473956e-05,0
stable_diffusion_2_00152,test,1,0.30882356,1
stable_diffusion_2_00153,test,1,0.30882356,1
stable_diffusion_2_00154,test,1,0.30882356,1
stable_diffusion_2_00155,test,1,0.30882356,1
stable_diffusion_2_00156,test,1,0.30882356,1
stable_diffusion_2_00157,test,1,0.11371394,0
stable_diffusion_2_00158,test,1,0.30882356,1
stable_diffusion_2_00159,test,1,0.30882356,1
stable_diffusion_2_00160,test,1,0.16225049,1
stable_diffusion_2_00161,test,1,0.30882356,1
stable_diffusion_2_00162,test,1,0.4267415,0
stable_diffusion_2_00163,test,1,0.30882356,1
stable_diffusion_2_00164,test,1,0.30882356,1
stable_diffusion_2_00165,test,1,0.30882356,1
stable_diffusion_2_00166,test,1,0.30882356,1
stable_diffusion_2_00167,test,1,0.20467915,1
stable_diffusion_2_00168,test,1,0.30882356,1
stable_diffusion_2_00169,test,1,0.035447914,0
stable_diffusion_2_00170,test,1,0.0052808304,0
stable_diffusion_2_00171,test,1,0.30882356,1
stable_diffusion_2_00172,test,1,0.30882356,1
stable_diffusion_2_00173,test,1,0.30882356,1
stable_diffusion_2_00174,test,1,0.30882356,1
stable_diffusion_2_00175,test,1,0.30882356,1
stable_diffusion_2_00176,test,1,0.30882356,1
stable_diffusion_2_00177,test,1,0.30882356,1
stable_diffusion_2_00178,test,1,0.30882356,1
stable_diffusion_2_00179,test,1,0.30882356,1
stable_diffusion_2_00180,test,1,0.30882356,1
stable_diffusion_2_00181,test,1,0.09466794,1
stable_diffusion_2_00182,test,1,0.9761555,0
stable_diffusion_2_00183,test,1,0.30882356,1
stable_diffusion_2_00184,test,1,0.0506212,0
stable_diffusion_2_00185,test,1,0.081850015,0
stable_diffusion_2_00186,test,1,3.3929282e-06,0
stable_diffusion_2_00187,test,1,0.82970864,0
stable_diffusion_2_00188,test,1,0.30882356,1
stable_diffusion_2_00189,test,1,0.30882356,1
stable_diffusion_2_00190,test,1,0.30882356,1
stable_diffusion_2_00191,test,1,0.4863456,1
stable_diffusion_2_00192,test,1,0.30882356,1
stable_diffusion_2_00193,test,1,0.30882356,1
stable_diffusion_2_00194,test,1,0.30882356,1
stable_diffusion_2_00195,test,1,0.30882356,1
stable_diffusion_2_00196,test,1,0.30882356,1
stable_diffusion_2_00197,test,1,0.30882356,1
stable_diffusion_2_00198,test,1,0.30882356,1
stable_diffusion_2_00199,test,1,0.30882356,1
stable_diffusion_2_00200,test,1,0.30882356,1
stable_diffusion_2_00201,test,1,0.30882356,1
stable_diffusion_2_00202,test,1,0.0050242315,0
stable_diffusion_2_00203,test,1,0.30882356,1
stable_diffusion_2_00204,test,1,0.00021160493,0
stable_diffusion_2_00205,test,1,0.000527625,0
stable_diffusion_2_00206,test,1,0.30882356,1
stable_diffusion_2_00207,test,1,0.30882356,1
stable_diffusion_2_00208,test,1,0.30882356,1
stable_diffusion_2_00209,test,1,0.30882356,1
stable_diffusion_2_00210,test,1,0.30882356,1
stable_diffusion_2_00211,test,1,0.005978899,0
stable_diffusion_2_00212,test,1,0.30882356,1
stable_diffusion_2_00213,test,1,0.30882356,1
stable_diffusion_2_00214,test,1,0.30882356,1
stable_diffusion_2_00215,test,1,0.30882356,1
stable_diffusion_2_00216,test,1,0.30882356,1
stable_diffusion_2_00217,test,1,0.30882356,1
stable_diffusion_2_00218,test,1,0.052391116,0
stable_diffusion_2_00219,test,1,0.12640691,0
stable_diffusion_2_00220,test,1,0.41044745,1
stable_diffusion_2_00221,test,1,0.00053136,0
stable_diffusion_2_00222,test,1,0.30882356,1
stable_diffusion_2_00223,test,1,0.30882356,1
stable_diffusion_2_00224,test,1,0.00082029315,0
stable_diffusion_2_00225,test,1,0.30882356,1
stable_diffusion_2_00226,test,1,0.032996047,1
stable_diffusion_2_00227,test,1,0.30882356,1
stable_diffusion_2_00228,test,1,0.057591327,0
stable_diffusion_2_00229,test,1,0.03322415,0
stable_diffusion_2_00230,test,1,0.78924835,0
stable_diffusion_2_00231,test,1,0.30882356,1
stable_diffusion_2_00232,test,1,0.30882356,1
stable_diffusion_2_00233,test,1,0.0048586237,0
stable_diffusion_2_00234,test,1,0.30882356,1
stable_diffusion_2_00235,test,1,0.30882356,1
stable_diffusion_2_00236,test,1,0.9835601,0
stable_diffusion_2_00237,test,1,0.0010272926,0
stable_diffusion_2_00238,test,1,0.0040375423,0
stable_diffusion_2_00239,test,1,0.005638052,0
stable_diffusion_2_00240,test,1,0.30882356,1
stable_diffusion_2_00241,test,1,3.5882917e-05,0
stable_diffusion_2_00242,test,1,0.30882356,1
stable_diffusion_2_00243,test,1,0.30882356,1
stable_diffusion_2_00244,test,1,0.30882356,1
stable_diffusion_2_00245,test,1,0.0020531171,0
stable_diffusion_2_00246,test,1,0.999015,0
stable_diffusion_2_00247,test,1,0.30882356,1
stable_diffusion_2_00248,test,1,0.30882356,1
stable_diffusion_2_00249,test,1,0.30882356,1
stable_diffusion_2_00250,test,1,0.30882356,1
stable_diffusion_2_00251,test,1,0.30882356,1
stable_diffusion_2_00252,test,1,0.30882356,1
stable_diffusion_2_00253,test,1,0.13094218,0
stable_diffusion_2_00254,test,1,0.30882356,1
stable_diffusion_2_00255,test,1,0.30882356,1
stable_diffusion_2_00256,test,1,0.26306707,0
stable_diffusion_2_00257,test,1,0.30882356,1
stable_diffusion_2_00258,test,1,0.30882356,1
stable_diffusion_2_00259,test,1,0.28877342,0
stable_diffusion_2_00260,test,1,0.21853013,1
stable_diffusion_2_00261,test,1,0.26725748,0
stable_diffusion_2_00262,test,1,0.30882356,1
stable_diffusion_2_00263,test,1,0.08601587,0
stable_diffusion_2_00264,test,1,0.30882356,1
stable_diffusion_2_00265,test,1,0.38311765,1
stable_diffusion_2_00266,test,1,0.30882356,1
stable_diffusion_2_00267,test,1,0.30882356,1
stable_diffusion_2_00268,test,1,0.30882356,1
stable_diffusion_2_00269,test,1,0.30882356,1
stable_diffusion_2_00270,test,1,0.30882356,1
stable_diffusion_2_00271,test,1,0.30882356,1
stable_diffusion_2_00272,test,1,0.00016337993,0
stable_diffusion_2_00273,test,1,0.0046646493,0
stable_diffusion_2_00274,test,1,0.30882356,1
stable_diffusion_2_00275,test,1,0.327775,1
stable_diffusion_2_00276,test,1,0.30882356,1
stable_diffusion_2_00277,test,1,0.23425372,1
stable_diffusion_2_00278,test,1,0.30882356,1
stable_diffusion_2_00279,test,1,0.30882356,1
stable_diffusion_2_00280,test,1,0.30882356,1
stable_diffusion_2_00281,test,1,0.30882356,1
stable_diffusion_2_00282,test,1,0.00031992653,0
stable_diffusion_2_00283,test,1,0.9336731,0
stable_diffusion_2_00284,test,1,0.30882356,1
stable_diffusion_2_00285,test,1,0.30882356,1
stable_diffusion_2_00286,test,1,0.30882356,1
stable_diffusion_2_00287,test,1,0.30882356,1
stable_diffusion_2_00288,test,1,0.00057677476,0
stable_diffusion_2_00289,test,1,0.30882356,1
stable_diffusion_2_00290,test,1,0.30882356,1
stable_diffusion_2_00291,test,1,0.30882356,1
stable_diffusion_2_00292,test,1,0.30882356,1
stable_diffusion_2_00293,test,1,0.30882356,1
stable_diffusion_2_00294,test,1,0.30882356,1
stable_diffusion_2_00295,test,1,0.30882356,1
stable_diffusion_2_00296,test,1,0.99679106,0
stable_diffusion_2_00297,test,1,0.8013486,0
stable_diffusion_2_00298,test,1,0.30882356,1
stable_diffusion_2_00299,test,1,0.30882356,1
stable_diffusion_2_00300,test,1,0.30882356,1
stable_diffusion_2_00301,test,1,0.30882356,1
stable_diffusion_2_00302,test,1,0.30882356,1
stable_diffusion_2_00303,test,1,0.30882356,1
stable_diffusion_2_00304,test,1,0.30882356,1
stable_diffusion_2_00305,test,1,0.30882356,1
stable_diffusion_2_00306,test,1,0.30882356,1
stable_diffusion_2_00307,test,1,0.0004818881,0
stable_diffusion_2_00308,test,1,0.30882356,1
stable_diffusion_2_00309,test,1,0.5029885,0
stable_diffusion_2_00310,test,1,0.30882356,1
stable_diffusion_2_00311,test,1,0.20371094,0
stable_diffusion_2_00312,test,1,0.30882356,1
stable_diffusion_2_00313,test,1,0.062985994,1
stable_diffusion_2_00314,test,1,0.30882356,1
stable_diffusion_2_00315,test,1,0.30882356,1
stable_diffusion_2_00316,test,1,0.30882356,1
stable_diffusion_2_00317,test,1,0.07049892,0
stable_diffusion_2_00318,test,1,0.30882356,1
stable_diffusion_2_00319,test,1,0.30882356,1
stable_diffusion_2_00320,test,1,0.30882356,1
stable_diffusion_2_00321,test,1,0.30882356,1
stable_diffusion_2_00322,test,1,0.00010565078,0
stable_diffusion_2_00323,test,1,0.30882356,1
stable_diffusion_2_00324,test,1,0.10910198,0
stable_diffusion_2_00325,test,1,0.30882356,1
stable_diffusion_2_00326,test,1,0.30882356,1
stable_diffusion_2_00327,test,1,0.30882356,1
stable_diffusion_2_00328,test,1,0.13177836,1
stable_diffusion_2_00329,test,1,0.30882356,1
stable_diffusion_2_00330,test,1,0.00039954012,0
stable_diffusion_2_00331,test,1,0.0067362357,0
stable_diffusion_2_00332,test,1,0.30882356,1
stable_diffusion_2_00333,test,1,0.30882356,1
stable_diffusion_2_00334,test,1,0.30882356,1
stable_diffusion_2_00335,test,1,0.30882356,1
stable_diffusion_2_00336,test,1,0.30882356,1
stable_diffusion_2_00337,test,1,0.30882356,1
stable_diffusion_2_00338,test,1,0.30882356,1
stable_diffusion_2_00339,test,1,0.30882356,1
stable_diffusion_2_00340,test,1,0.30882356,1
stable_diffusion_2_00341,test,1,0.0013253809,0
stable_diffusion_2_00342,test,1,0.30882356,1
stable_diffusion_2_00343,test,1,0.30882356,1
stable_diffusion_2_00344,test,1,0.16474631,0
stable_diffusion_2_00345,test,1,0.8775004,0
stable_diffusion_2_00346,test,1,0.019732868,0
stable_diffusion_2_00347,test,1,0.30882356,1
stable_diffusion_2_00348,test,1,0.30882356,1
stable_diffusion_2_00349,test,1,0.30882356,1
stable_diffusion_2_00350,test,1,0.30882356,1
stable_diffusion_2_00351,test,1,0.001029621,0
stable_diffusion_2_00352,test,1,0.30882356,1
stable_diffusion_2_00353,test,1,0.30882356,1
stable_diffusion_2_00354,test,1,0.62171495,0
stable_diffusion_2_00355,test,1,0.30882356,1
stable_diffusion_2_00356,test,1,0.30882356,1
stable_diffusion_2_00357,test,1,0.30882356,1
stable_diffusion_2_00358,test,1,0.30882356,1
stable_diffusion_2_00359,test,1,0.30882356,1
stable_diffusion_2_00360,test,1,0.30882356,1
stable_diffusion_2_00361,test,1,0.00041533972,0
stable_diffusion_2_00362,test,1,0.30882356,1
stable_diffusion_2_00363,test,1,0.33152908,0
stable_diffusion_2_00364,test,1,0.0081420345,0
stable_diffusion_2_00365,test,1,0.30882356,1
stable_diffusion_2_00366,test,1,0.00073550665,0
stable_diffusion_2_00367,test,1,0.30882356,1
stable_diffusion_2_00368,test,1,0.037065867,0
stable_diffusion_2_00369,test,1,0.30882356,1
stable_diffusion_2_00370,test,1,0.30882356,1
stable_diffusion_2_00371,test,1,0.30882356,1
stable_diffusion_2_00372,test,1,0.30882356,1
stable_diffusion_2_00373,test,1,0.30882356,1
stable_diffusion_2_00374,test,1,0.30882356,1
stable_diffusion_2_00375,test,1,0.30882356,1
stable_diffusion_2_00376,test,1,0.30882356,1
stable_diffusion_2_00377,test,1,0.30882356,1
stable_diffusion_2_00378,test,1,0.30882356,1
stable_diffusion_2_00379,test,1,0.30882356,1
stable_diffusion_2_00380,test,1,0.30882356,1
stable_diffusion_2_00381,test,1,0.30882356,1
stable_diffusion_2_00382,test,1,0.30882356,1
stable_diffusion_2_00383,test,1,0.30882356,1
stable_diffusion_2_00384,test,1,0.30882356,1
stable_diffusion_2_00385,test,1,0.08113845,1
stable_diffusion_2_00386,test,1,0.30882356,1
stable_diffusion_2_00387,test,1,0.30882356,1
stable_diffusion_2_00388,test,1,0.30882356,1
stable_diffusion_2_00389,test,1,0.34436044,0
stable_diffusion_2_00390,test,1,0.30882356,1
stable_diffusion_2_00391,test,1,0.30882356,1
stable_diffusion_2_00392,test,1,0.0018500341,0
stable_diffusion_2_00393,test,1,0.30882356,1
stable_diffusion_2_00394,test,1,0.30882356,1
stable_diffusion_2_00395,test,1,0.30882356,1
stable_diffusion_2_00396,test,1,0.00018485417,0
stable_diffusion_2_00397,test,1,0.044995967,0
stable_diffusion_2_00398,test,1,0.26984534,1
stable_diffusion_2_00399,test,1,0.046047043,0
stable_diffusion_2_00400,test,1,0.30882356,1
stable_diffusion_2_00401,test,1,0.30882356,1
stable_diffusion_2_00402,test,1,0.0051350784,1
stable_diffusion_2_00403,test,1,0.30882356,1
stable_diffusion_2_00404,test,1,0.30882356,1
stable_diffusion_2_00405,test,1,0.30882356,1
stable_diffusion_2_00406,test,1,0.6756796,0
stable_diffusion_2_00407,test,1,0.30882356,1
stable_diffusion_2_00408,test,1,0.30882356,1
stable_diffusion_2_00409,test,1,0.30882356,1
stable_diffusion_2_00410,test,1,0.30882356,1
stable_diffusion_2_00411,test,1,0.30882356,1
stable_diffusion_2_00412,test,1,2.9999352e-05,0
stable_diffusion_2_00413,test,1,0.33148527,0
stable_diffusion_2_00414,test,1,0.30882356,1
stable_diffusion_2_00415,test,1,0.30882356,1
stable_diffusion_2_00416,test,1,0.30882356,1
stable_diffusion_2_00417,test,1,0.9659681,0
stable_diffusion_2_00418,test,1,0.30882356,1
stable_diffusion_2_00419,test,1,0.860363,0
stable_diffusion_2_00420,test,1,0.30028617,0
stable_diffusion_2_00421,test,1,0.30882356,1
stable_diffusion_2_00422,test,1,0.30882356,1
stable_diffusion_2_00423,test,1,0.30882356,1
stable_diffusion_2_00424,test,1,0.30882356,1
stable_diffusion_2_00425,test,1,0.30882356,1
stable_diffusion_2_00426,test,1,0.30882356,1
stable_diffusion_2_00427,test,1,0.0019745918,0
stable_diffusion_2_00428,test,1,0.90696996,0
stable_diffusion_2_00429,test,1,0.30882356,1
stable_diffusion_2_00430,test,1,0.30882356,1
stable_diffusion_2_00431,test,1,0.30882356,1
stable_diffusion_2_00432,test,1,0.00026414794,0
stable_diffusion_2_00433,test,1,0.30882356,1
stable_diffusion_2_00434,test,1,0.30882356,1
stable_diffusion_2_00435,test,1,0.30882356,1
stable_diffusion_2_00436,test,1,0.30882356,1
stable_diffusion_2_00437,test,1,0.106388204,0
stable_diffusion_2_00438,test,1,0.30882356,1
stable_diffusion_2_00439,test,1,0.30882356,1
stable_diffusion_2_00440,test,1,0.30882356,1
stable_diffusion_2_00441,test,1,0.30882356,1
stable_diffusion_2_00442,test,1,0.30882356,1
stable_diffusion_2_00443,test,1,0.30882356,1
stable_diffusion_2_00444,test,1,0.30882356,1
stable_diffusion_2_00445,test,1,0.30882356,1
stable_diffusion_2_00446,test,1,0.30882356,1
stable_diffusion_2_00447,test,1,0.30882356,1
stable_diffusion_2_00448,test,1,0.30882356,1
stable_diffusion_2_00449,test,1,0.5918818,0
stable_diffusion_2_00450,test,1,0.30882356,1
stable_diffusion_2_00451,test,1,0.30882356,1
stable_diffusion_2_00452,test,1,0.020713856,0
stable_diffusion_2_00453,test,1,0.30882356,1
stable_diffusion_2_00454,test,1,0.6949724,0
stable_diffusion_2_00455,test,1,0.30882356,1
stable_diffusion_2_00456,test,1,0.0830869,0
stable_diffusion_2_00457,test,1,0.30882356,1
stable_diffusion_2_00458,test,1,0.33496135,0
stable_diffusion_2_00459,test,1,0.30882356,1
stable_diffusion_2_00460,test,1,0.30882356,1
stable_diffusion_2_00461,test,1,0.30882356,1
stable_diffusion_2_00462,test,1,0.04575751,0
stable_diffusion_2_00463,test,1,0.30882356,1
stable_diffusion_2_00464,test,1,0.025179697,0
stable_diffusion_2_00465,test,1,0.30882356,1
stable_diffusion_2_00466,test,1,8.291925e-06,0
stable_diffusion_2_00467,test,1,0.30882356,1
stable_diffusion_2_00468,test,1,0.6840617,0
stable_diffusion_2_00469,test,1,0.9391095,0
stable_diffusion_2_00470,test,1,0.011915965,0
stable_diffusion_2_00471,test,1,0.115400314,0
stable_diffusion_2_00472,test,1,0.30882356,1
stable_diffusion_2_00473,test,1,0.30882356,1
stable_diffusion_2_00474,test,1,0.053490005,0
stable_diffusion_2_00475,test,1,0.30882356,1
stable_diffusion_2_00476,test,1,0.30882356,1
stable_diffusion_2_00477,test,1,0.30882356,1
stable_diffusion_2_00478,test,1,0.30882356,1
stable_diffusion_2_00479,test,1,0.29025185,0
stable_diffusion_2_00480,test,1,0.0045566172,0
stable_diffusion_2_00481,test,1,0.30882356,1
stable_diffusion_2_00482,test,1,0.30882356,1
stable_diffusion_2_00483,test,1,0.30882356,1
stable_diffusion_2_00484,test,1,0.30882356,1
stable_diffusion_2_00485,test,1,0.31091198,1
stable_diffusion_2_00486,test,1,0.30882356,1
stable_diffusion_2_00487,test,1,0.30882356,1
stable_diffusion_2_00488,test,1,0.30882356,1
stable_diffusion_2_00489,test,1,0.06612041,0
stable_diffusion_2_00490,test,1,0.12167264,1
stable_diffusion_2_00491,test,1,0.30882356,1
stable_diffusion_2_00492,test,1,0.30882356,1
stable_diffusion_2_00493,test,1,0.10210738,1
stable_diffusion_2_00494,test,1,0.30882356,1
stable_diffusion_2_00495,test,1,3.5079647e-05,0
stable_diffusion_2_00496,test,1,0.30882356,1
stable_diffusion_2_00497,test,1,0.30882356,1
stable_diffusion_2_00498,test,1,0.30882356,1
stable_diffusion_2_00499,test,1,0.5213709,1
stable_diffusion_2_00500,test,1,0.30882356,1
stable_diffusion_2_00501,test,1,0.30882356,1
stable_diffusion_2_00502,test,1,0.30882356,1
stable_diffusion_2_00503,test,1,0.9981177,0
stable_diffusion_2_00504,test,1,0.2349175,0
stable_diffusion_2_00505,test,1,0.30882356,1
stable_diffusion_2_00506,test,1,0.81980157,0
stable_diffusion_2_00507,test,1,0.30882356,1
stable_diffusion_2_00508,test,1,0.5976146,0
stable_diffusion_2_00509,test,1,0.30882356,1
stable_diffusion_2_00510,test,1,0.30882356,1
stable_diffusion_2_00511,test,1,0.30882356,1
stable_diffusion_2_00512,test,1,0.30882356,1
stable_diffusion_2_00513,test,1,0.30882356,1
stable_diffusion_2_00514,test,1,0.30882356,1
stable_diffusion_2_00515,test,1,0.006607159,0
stable_diffusion_2_00516,test,1,0.0021715083,0
stable_diffusion_2_00517,test,1,0.011616028,0
stable_diffusion_2_00518,test,1,0.0002071526,0
stable_diffusion_2_00519,test,1,3.1120755e-05,0
stable_diffusion_2_00520,test,1,8.2957335e-08,0
stable_diffusion_2_00521,test,1,0.60834944,0
stable_diffusion_2_00522,test,1,0.30882356,1
stable_diffusion_2_00523,test,1,0.0051497053,0
stable_diffusion_2_00524,test,1,0.30882356,1
stable_diffusion_2_00525,test,1,0.013936734,0
stable_diffusion_2_00526,test,1,0.30882356,1
stable_diffusion_2_00527,test,1,0.30882356,1
stable_diffusion_2_00528,test,1,0.99997675,0
stable_diffusion_2_00529,test,1,0.30882356,1
stable_diffusion_2_00530,test,1,0.30882356,1
stable_diffusion_2_00531,test,1,0.30882356,1
stable_diffusion_2_00532,test,1,0.30882356,1
stable_diffusion_2_00533,test,1,0.10501247,0
stable_diffusion_2_00534,test,1,0.18994801,1
stable_diffusion_2_00535,test,1,0.013653694,0
stable_diffusion_2_00536,test,1,0.30882356,1
stable_diffusion_2_00537,test,1,0.30882356,1
stable_diffusion_2_00538,test,1,0.30882356,1
stable_diffusion_2_00539,test,1,0.23653173,1
stable_diffusion_2_00540,test,1,0.30882356,1
stable_diffusion_2_00541,test,1,0.30882356,1
stable_diffusion_2_00542,test,1,0.07617721,1
stable_diffusion_2_00543,test,1,0.30882356,1
stable_diffusion_2_00544,test,1,0.0255498,1
stable_diffusion_2_00545,test,1,0.1852339,0
stable_diffusion_2_00546,test,1,1.5794969e-05,0
stable_diffusion_2_00547,test,1,0.30882356,1
stable_diffusion_2_00548,test,1,0.30882356,1
stable_diffusion_2_00549,test,1,5.4288284e-05,0
stable_diffusion_2_00550,test,1,0.16507767,0
stable_diffusion_2_00551,test,1,0.014862686,0
stable_diffusion_2_00552,test,1,0.30882356,1
stable_diffusion_2_00553,test,1,0.30882356,1
stable_diffusion_2_00554,test,1,0.30882356,1
stable_diffusion_2_00555,test,1,0.30882356,1
stable_diffusion_2_00556,test,1,0.30882356,1
stable_diffusion_2_00557,test,1,0.020173643,0
stable_diffusion_2_00558,test,1,0.09863284,0
stable_diffusion_2_00559,test,1,0.30882356,1
stable_diffusion_2_00560,test,1,0.30882356,1
stable_diffusion_2_00561,test,1,0.73378664,0
stable_diffusion_2_00562,test,1,0.30882356,1
stable_diffusion_2_00563,test,1,0.30882356,1
stable_diffusion_2_00564,test,1,0.30882356,1
stable_diffusion_2_00565,test,1,0.06778335,0
stable_diffusion_2_00566,test,1,0.005865989,0
stable_diffusion_2_00567,test,1,0.35863814,1
stable_diffusion_2_00568,test,1,0.30882356,1
stable_diffusion_2_00569,test,1,0.30882356,1
stable_diffusion_2_00570,test,1,0.30882356,1
stable_diffusion_2_00571,test,1,0.30882356,1
stable_diffusion_2_00572,test,1,0.0026199343,0
stable_diffusion_2_00573,test,1,0.30882356,1
stable_diffusion_2_00574,test,1,0.30882356,1
stable_diffusion_2_00575,test,1,0.0014441065,0
stable_diffusion_2_00576,test,1,0.039063413,0
stable_diffusion_2_00577,test,1,0.24602877,0
stable_diffusion_2_00578,test,1,0.43779993,0
stable_diffusion_2_00579,test,1,0.30882356,1
stable_diffusion_2_00580,test,1,0.30882356,1
stable_diffusion_2_00581,test,1,0.58975226,0
stable_diffusion_2_00582,test,1,0.13586728,1
stable_diffusion_2_00583,test,1,0.30882356,1
stable_diffusion_2_00584,test,1,0.30882356,1
stable_diffusion_2_00585,test,1,0.30882356,1
stable_diffusion_2_00586,test,1,0.30882356,1
stable_diffusion_2_00587,test,1,0.30882356,1
stable_diffusion_2_00588,test,1,0.30882356,1
stable_diffusion_2_00589,test,1,0.50865775,0
stable_diffusion_2_00590,test,1,0.0020272338,0
stable_diffusion_2_00591,test,1,0.30882356,1
stable_diffusion_2_00592,test,1,0.30882356,1
stable_diffusion_2_00593,test,1,0.30882356,1
stable_diffusion_2_00594,test,1,0.30882356,1
stable_diffusion_2_00595,test,1,0.30882356,1
stable_diffusion_2_00596,test,1,0.0073320568,1
stable_diffusion_2_00597,test,1,0.30882356,1
stable_diffusion_2_00598,test,1,0.30882356,1
stable_diffusion_2_00599,test,1,0.30882356,1
stable_diffusion_2_00600,test,1,0.048004806,0
stable_diffusion_2_00601,test,1,0.30882356,1
stable_diffusion_2_00602,test,1,0.0043041385,0
stable_diffusion_2_00603,test,1,0.30882356,1
stable_diffusion_2_00604,test,1,0.0015809822,0
stable_diffusion_2_00605,test,1,0.30882356,1
stable_diffusion_2_00606,test,1,0.30882356,1
stable_diffusion_2_00607,test,1,0.30882356,1
stable_diffusion_2_00608,test,1,0.30882356,1
stable_diffusion_2_00609,test,1,0.30882356,1
stable_diffusion_2_00610,test,1,0.30882356,1
stable_diffusion_2_00611,test,1,0.30882356,1
stable_diffusion_2_00612,test,1,0.30882356,1
stable_diffusion_2_00613,test,1,0.30882356,1
stable_diffusion_2_00614,test,1,0.30882356,1
stable_diffusion_2_00615,test,1,0.30882356,1
stable_diffusion_2_00616,test,1,0.30882356,1
stable_diffusion_2_00617,test,1,0.2863993,0
stable_diffusion_2_00618,test,1,0.003619408,0
stable_diffusion_2_00619,test,1,0.30882356,1
stable_diffusion_2_00620,test,1,0.30882356,1
stable_diffusion_2_00621,test,1,0.95844,0
stable_diffusion_2_00622,test,1,0.30882356,1
stable_diffusion_2_00623,test,1,0.24892926,0
stable_diffusion_2_00624,test,1,0.30882356,1
stable_diffusion_2_00625,test,1,0.00025047982,0
stable_diffusion_2_00626,test,1,0.30882356,1
stable_diffusion_2_00627,test,1,0.30882356,1
stable_diffusion_2_00628,test,1,0.30882356,1
stable_diffusion_2_00629,test,1,0.30882356,1
stable_diffusion_2_00630,test,1,0.8332569,0
stable_diffusion_2_00631,test,1,0.72651565,0
stable_diffusion_2_00632,test,1,0.30882356,1
stable_diffusion_2_00633,test,1,0.30882356,1
stable_diffusion_2_00634,test,1,0.015423937,0
stable_diffusion_2_00635,test,1,0.30882356,1
stable_diffusion_2_00636,test,1,0.30882356,1
stable_diffusion_2_00637,test,1,0.30882356,1
stable_diffusion_2_00638,test,1,0.30882356,1
stable_diffusion_2_00639,test,1,0.30882356,1
stable_diffusion_2_00640,test,1,0.30882356,1
stable_diffusion_2_00641,test,1,0.30882356,1
stable_diffusion_2_00642,test,1,0.30882356,1
stable_diffusion_2_00643,test,1,0.21037659,0
stable_diffusion_2_00644,test,1,0.0017084554,0
stable_diffusion_2_00645,test,1,0.30882356,1
stable_diffusion_2_00646,test,1,0.30882356,1
stable_diffusion_2_00647,test,1,0.30882356,1
stable_diffusion_2_00648,test,1,0.30882356,1
stable_diffusion_2_00649,test,1,0.30882356,1
stable_diffusion_2_00650,test,1,0.23351765,0
stable_diffusion_2_00651,test,1,0.30882356,1
stable_diffusion_2_00652,test,1,0.30882356,1
stable_diffusion_2_00653,test,1,0.7331032,0
stable_diffusion_2_00654,test,1,0.30882356,1
stable_diffusion_2_00655,test,1,0.30882356,1
stable_diffusion_2_00656,test,1,0.30882356,1
stable_diffusion_2_00657,test,1,0.30882356,1
stable_diffusion_2_00658,test,1,0.30882356,1
stable_diffusion_2_00659,test,1,0.30882356,1
stable_diffusion_2_00660,test,1,0.30882356,1
stable_diffusion_2_00661,test,1,0.30882356,1
stable_diffusion_2_00662,test,1,0.99304867,0
stable_diffusion_2_00663,test,1,0.30882356,1
stable_diffusion_2_00664,test,1,0.30882356,1
stable_diffusion_2_00665,test,1,0.30882356,1
stable_diffusion_2_00666,test,1,0.30882356,1
stable_diffusion_2_00667,test,1,0.30882356,1
stable_diffusion_2_00668,test,1,0.30882356,1
stable_diffusion_2_00669,test,1,0.47343087,1
stable_diffusion_2_00670,test,1,0.10210458,0
stable_diffusion_2_00671,test,1,0.26012635,1
stable_diffusion_2_00672,test,1,0.6913095,0
stable_diffusion_2_00673,test,1,0.30882356,1
stable_diffusion_2_00674,test,1,0.30882356,1
stable_diffusion_2_00675,test,1,0.30882356,1
stable_diffusion_2_00676,test,1,0.30882356,1
stable_diffusion_2_00677,test,1,0.00077733235,0
stable_diffusion_2_00678,test,1,0.30882356,1
stable_diffusion_2_00679,test,1,0.7695142,0
stable_diffusion_2_00680,test,1,0.30882356,1
stable_diffusion_2_00681,test,1,0.30882356,1
stable_diffusion_2_00682,test,1,0.30882356,1
stable_diffusion_2_00683,test,1,0.30882356,1
stable_diffusion_2_00684,test,1,0.30882356,1
stable_diffusion_2_00685,test,1,0.30882356,1
stable_diffusion_2_00686,test,1,0.30882356,1
stable_diffusion_2_00687,test,1,0.075576656,0
stable_diffusion_2_00688,test,1,0.033343837,0
stable_diffusion_2_00689,test,1,0.9751888,0
stable_diffusion_2_00690,test,1,0.22793216,0
stable_diffusion_2_00691,test,1,0.30882356,1
stable_diffusion_2_00692,test,1,0.36242142,1
stable_diffusion_2_00693,test,1,0.30882356,1
stable_diffusion_2_00694,test,1,0.30882356,1
stable_diffusion_2_00695,test,1,0.0042981924,0
stable_diffusion_2_00696,test,1,0.30882356,1
stable_diffusion_2_00697,test,1,3.2149926e-06,0
stable_diffusion_2_00698,test,1,0.30882356,1
stable_diffusion_2_00699,test,1,0.3224959,0
stable_diffusion_2_00700,test,1,0.27410418,1
stable_diffusion_2_00701,test,1,0.30882356,1
stable_diffusion_2_00702,test,1,0.03648321,0
stable_diffusion_2_00703,test,1,0.30882356,1
stable_diffusion_2_00704,test,1,0.002158767,0
stable_diffusion_2_00705,test,1,0.30882356,1
stable_diffusion_2_00706,test,1,0.30882356,1
stable_diffusion_2_00707,test,1,0.30882356,1
stable_diffusion_2_00708,test,1,0.28503183,0
stable_diffusion_2_00709,test,1,0.30882356,1
stable_diffusion_2_00710,test,1,0.30882356,1
stable_diffusion_2_00711,test,1,0.015415495,0
stable_diffusion_2_00712,test,1,0.30882356,1
stable_diffusion_2_00713,test,1,0.19534133,1
stable_diffusion_2_00714,test,1,0.30882356,1
stable_diffusion_2_00715,test,1,0.030313723,0
stable_diffusion_2_00716,test,1,0.30882356,1
stable_diffusion_2_00717,test,1,0.30882356,1
stable_diffusion_2_00718,test,1,0.24342482,1
stable_diffusion_2_00719,test,1,0.30882356,1
stable_diffusion_2_00720,test,1,0.30882356,1
stable_diffusion_2_00721,test,1,0.30882356,1
stable_diffusion_2_00722,test,1,0.30882356,1
stable_diffusion_2_00723,test,1,0.30882356,1
stable_diffusion_2_00724,test,1,0.30882356,1
stable_diffusion_2_00725,test,1,0.80830127,0
stable_diffusion_2_00726,test,1,0.21533313,0
stable_diffusion_2_00727,test,1,4.8852917e-06,0
stable_diffusion_2_00728,test,1,0.30882356,1
stable_diffusion_2_00729,test,1,0.008218287,1
stable_diffusion_2_00730,test,1,0.00028392966,0
stable_diffusion_2_00731,test,1,0.30882356,1
stable_diffusion_2_00732,test,1,7.232238e-05,0
stable_diffusion_2_00733,test,1,0.037681095,0
stable_diffusion_2_00734,test,1,0.30882356,1
stable_diffusion_2_00735,test,1,0.021265239,0
stable_diffusion_2_00736,test,1,0.30882356,1
stable_diffusion_2_00737,test,1,0.30882356,1
stable_diffusion_2_00738,test,1,0.30882356,1
stable_diffusion_2_00739,test,1,0.0028299717,0
stable_diffusion_2_00740,test,1,0.30882356,1
stable_diffusion_2_00741,test,1,0.30882356,1
stable_diffusion_2_00742,test,1,0.30882356,1
stable_diffusion_2_00743,test,1,0.30882356,1
stable_diffusion_2_00744,test,1,0.30882356,1
stable_diffusion_2_00745,test,1,0.30882356,1
stable_diffusion_2_00746,test,1,0.30882356,1
stable_diffusion_2_00747,test,1,0.30882356,1
stable_diffusion_2_00748,test,1,0.30882356,1
stable_diffusion_2_00749,test,1,0.8727137,0
stable_diffusion_2_00750,test,1,0.30882356,1
stable_diffusion_2_00751,test,1,0.0128748035,0
stable_diffusion_2_00752,test,1,0.30882356,1
stable_diffusion_2_00753,test,1,0.30882356,1
stable_diffusion_2_00754,test,1,0.30882356,1
stable_diffusion_2_00755,test,1,0.08545277,0
stable_diffusion_2_00756,test,1,0.33320567,1
stable_diffusion_2_00757,test,1,0.30882356,1
stable_diffusion_2_00758,test,1,0.48322943,0
stable_diffusion_2_00759,test,1,0.8355176,0
stable_diffusion_2_00760,test,1,0.0188793,0
stable_diffusion_2_00761,test,1,0.30882356,1
stable_diffusion_2_00762,test,1,0.90320814,0
stable_diffusion_2_00763,test,1,0.30882356,1
stable_diffusion_2_00764,test,1,0.30882356,1
stable_diffusion_2_00765,test,1,0.30882356,1
stable_diffusion_2_00766,test,1,0.30882356,1
stable_diffusion_2_00767,test,1,0.20710924,0
stable_diffusion_2_00768,test,1,5.212382e-05,0
stable_diffusion_2_00769,test,1,0.30882356,1
stable_diffusion_2_00770,test,1,0.30882356,1
stable_diffusion_2_00771,test,1,0.30882356,1
stable_diffusion_2_00772,test,1,0.30882356,1
stable_diffusion_2_00773,test,1,0.3580597,0
stable_diffusion_2_00774,test,1,0.30882356,1
stable_diffusion_2_00775,test,1,0.30882356,1
stable_diffusion_2_00776,test,1,0.0021447816,0
stable_diffusion_2_00777,test,1,0.40257493,0
stable_diffusion_2_00778,test,1,0.072158575,0
stable_diffusion_2_00779,test,1,0.30882356,1
stable_diffusion_2_00780,test,1,0.30882356,1
stable_diffusion_2_00781,test,1,0.30882356,1
stable_diffusion_2_00782,test,1,0.30882356,1
stable_diffusion_2_00783,test,1,0.121805914,1
stable_diffusion_2_00784,test,1,0.30882356,1
stable_diffusion_2_00785,test,1,0.14926362,0
stable_diffusion_2_00786,test,1,1.5248501e-07,0
stable_diffusion_2_00787,test,1,0.3317571,1
stable_diffusion_2_00788,test,1,0.30882356,1
stable_diffusion_2_00789,test,1,0.30882356,1
stable_diffusion_2_00790,test,1,0.44676587,1
stable_diffusion_2_00791,test,1,0.03088728,0
stable_diffusion_2_00792,test,1,0.30882356,1
stable_diffusion_2_00793,test,1,0.30882356,1
stable_diffusion_2_00794,test,1,0.30882356,1
stable_diffusion_2_00795,test,1,0.9901128,1
stable_diffusion_2_00796,test,1,0.30882356,1
stable_diffusion_2_00797,test,1,0.30882356,1
stable_diffusion_2_00798,test,1,0.30882356,1
stable_diffusion_2_00799,test,1,0.30882356,1
stable_diffusion_2_00800,test,1,0.033700958,0
stable_diffusion_2_00801,test,1,0.13877115,0
stable_diffusion_2_00802,test,1,0.30882356,1
stable_diffusion_2_00803,test,1,0.30882356,1
stable_diffusion_2_00804,test,1,0.30882356,1
stable_diffusion_2_00805,test,1,0.40359616,1
stable_diffusion_2_00806,test,1,0.30882356,1
stable_diffusion_2_00807,test,1,0.30882356,1
stable_diffusion_2_00808,test,1,0.30882356,1
stable_diffusion_2_00809,test,1,0.30882356,1
stable_diffusion_2_00810,test,1,0.30882356,1
stable_diffusion_2_00811,test,1,0.30882356,1
stable_diffusion_2_00812,test,1,0.30882356,1
stable_diffusion_2_00813,test,1,0.30882356,1
stable_diffusion_2_00814,test,1,0.30882356,1
stable_diffusion_2_00815,test,1,0.30882356,1
stable_diffusion_2_00816,test,1,0.30882356,1
stable_diffusion_2_00817,test,1,0.10188716,0
stable_diffusion_2_00818,test,1,0.30882356,1
stable_diffusion_2_00819,test,1,0.07329091,0
stable_diffusion_2_00820,test,1,0.15313886,0
stable_diffusion_2_00821,test,1,0.30882356,1
stable_diffusion_2_00822,test,1,0.30882356,1
stable_diffusion_2_00823,test,1,0.30882356,1
stable_diffusion_2_00824,test,1,0.032565698,0
stable_diffusion_2_00825,test,1,0.30882356,1
stable_diffusion_2_00826,test,1,0.30882356,1
stable_diffusion_2_00827,test,1,0.40779367,0
stable_diffusion_2_00828,test,1,0.30882356,1
stable_diffusion_2_00829,test,1,0.30882356,1
stable_diffusion_2_00830,test,1,0.02695762,0
stable_diffusion_2_00831,test,1,0.30882356,1
stable_diffusion_2_00832,test,1,0.30882356,1
stable_diffusion_2_00833,test,1,0.30882356,1
stable_diffusion_2_00834,test,1,0.09288597,1
stable_diffusion_2_00835,test,1,0.30882356,1
stable_diffusion_2_00836,test,1,0.09174602,1
stable_diffusion_2_00837,test,1,0.30882356,1
stable_diffusion_2_00838,test,1,0.30882356,1
stable_diffusion_2_00839,test,1,0.0088498145,0
stable_diffusion_2_00840,test,1,0.30882356,1
stable_diffusion_2_00841,test,1,0.30882356,1
stable_diffusion_2_00842,test,1,0.30882356,1
stable_diffusion_2_00843,test,1,0.10531421,0
stable_diffusion_2_00844,test,1,0.0018654534,0
stable_diffusion_2_00845,test,1,0.9152633,0
stable_diffusion_2_00846,test,1,0.011206437,0
stable_diffusion_2_00847,test,1,0.06325558,0
stable_diffusion_2_00848,test,1,0.30882356,1
stable_diffusion_2_00849,test,1,0.30882356,1
stable_diffusion_2_00850,test,1,0.30882356,1
stable_diffusion_2_00851,test,1,0.30882356,1
stable_diffusion_2_00852,test,1,0.011758689,0
stable_diffusion_2_00853,test,1,0.30882356,1
stable_diffusion_2_00854,test,1,0.010927907,0
stable_diffusion_2_00855,test,1,0.30882356,1
stable_diffusion_2_00856,test,1,0.034123797,0
stable_diffusion_2_00857,test,1,0.03387182,0
stable_diffusion_2_00858,test,1,0.30882356,1
stable_diffusion_2_00859,test,1,0.30882356,1
stable_diffusion_2_00860,test,1,0.30882356,1
stable_diffusion_2_00861,test,1,0.09121446,0
stable_diffusion_2_00862,test,1,0.24511364,0
stable_diffusion_2_00863,test,1,0.030209264,0
stable_diffusion_2_00864,test,1,0.28749913,0
stable_diffusion_2_00865,test,1,0.30882356,1
stable_diffusion_2_00866,test,1,0.30882356,1
stable_diffusion_2_00867,test,1,0.30882356,1
stable_diffusion_2_00868,test,1,0.30882356,1
stable_diffusion_2_00869,test,1,0.30882356,1
stable_diffusion_2_00870,test,1,0.30882356,1
stable_diffusion_2_00871,test,1,0.30882356,1
stable_diffusion_2_00872,test,1,0.6340849,0
stable_diffusion_2_00873,test,1,0.01506715,0
stable_diffusion_2_00874,test,1,0.30882356,1
stable_diffusion_2_00875,test,1,0.30882356,1
stable_diffusion_2_00876,test,1,0.30882356,1
stable_diffusion_2_00877,test,1,0.078530185,0
stable_diffusion_2_00878,test,1,0.675617,0
stable_diffusion_2_00879,test,1,0.30882356,1
stable_diffusion_2_00880,test,1,0.30882356,1
stable_diffusion_2_00881,test,1,0.9873842,0
stable_diffusion_2_00882,test,1,0.64772457,0
stable_diffusion_2_00883,test,1,0.15192482,0
stable_diffusion_2_00884,test,1,0.30882356,1
stable_diffusion_2_00885,test,1,0.10384218,0
stable_diffusion_2_00886,test,1,0.30882356,1
stable_diffusion_2_00887,test,1,0.38422424,0
stable_diffusion_2_00888,test,1,0.30882356,1
stable_diffusion_2_00889,test,1,0.09207511,1
stable_diffusion_2_00890,test,1,0.30882356,1
stable_diffusion_2_00891,test,1,0.00043513332,0
stable_diffusion_2_00892,test,1,0.30882356,1
stable_diffusion_2_00893,test,1,0.30882356,1
stable_diffusion_2_00894,test,1,0.30882356,1
stable_diffusion_2_00895,test,1,0.30882356,1
stable_diffusion_2_00896,test,1,0.30882356,1
stable_diffusion_2_00897,test,1,0.32137224,1
stable_diffusion_2_00898,test,1,2.1849644e-05,0
stable_diffusion_2_00899,test,1,0.30882356,1
stable_diffusion_2_00900,test,1,0.30882356,1
stable_diffusion_2_00901,test,1,0.03313903,0
stable_diffusion_2_00902,test,1,0.30882356,1
stable_diffusion_2_00903,test,1,0.11033192,0
stable_diffusion_2_00904,test,1,1.6102814e-06,0
stable_diffusion_2_00905,test,1,0.30882356,1
stable_diffusion_2_00906,test,1,0.30882356,1
stable_diffusion_2_00907,test,1,0.30882356,1
stable_diffusion_2_00908,test,1,0.014701678,1
stable_diffusion_2_00909,test,1,0.30882356,1
stable_diffusion_2_00910,test,1,0.30882356,1
stable_diffusion_2_00911,test,1,0.30882356,1
stable_diffusion_2_00912,test,1,0.30882356,1
stable_diffusion_2_00913,test,1,7.5485674e-05,0
stable_diffusion_2_00914,test,1,0.30882356,1
stable_diffusion_2_00915,test,1,0.10581322,0
stable_diffusion_2_00916,test,1,0.30882356,1
stable_diffusion_2_00917,test,1,0.30882356,1
stable_diffusion_2_00918,test,1,0.30882356,1
stable_diffusion_2_00919,test,1,0.07954819,0
stable_diffusion_2_00920,test,1,0.1461047,0
stable_diffusion_2_00921,test,1,0.30882356,1
stable_diffusion_2_00922,test,1,0.30882356,1
stable_diffusion_2_00923,test,1,0.30882356,1
stable_diffusion_2_00924,test,1,0.20685463,1
stable_diffusion_2_00925,test,1,0.30882356,1
stable_diffusion_2_00926,test,1,0.30882356,1
stable_diffusion_2_00927,test,1,0.30882356,1
stable_diffusion_2_00928,test,1,0.09172948,1
stable_diffusion_2_00929,test,1,0.010069163,0
stable_diffusion_2_00930,test,1,0.009185163,0
stable_diffusion_2_00931,test,1,0.30882356,1
stable_diffusion_2_00932,test,1,0.30882356,1
stable_diffusion_2_00933,test,1,0.30882356,1
stable_diffusion_2_00934,test,1,0.30882356,1
stable_diffusion_2_00935,test,1,0.07433298,0
stable_diffusion_2_00936,test,1,0.99926704,0
stable_diffusion_2_00937,test,1,0.30882356,1
stable_diffusion_2_00938,test,1,0.30882356,1
stable_diffusion_2_00939,test,1,0.30882356,1
stable_diffusion_2_00940,test,1,0.65656143,0
stable_diffusion_2_00941,test,1,0.30882356,1
stable_diffusion_2_00942,test,1,0.30882356,1
stable_diffusion_2_00943,test,1,0.30882356,1
stable_diffusion_2_00944,test,1,0.34213927,0
stable_diffusion_2_00945,test,1,0.203378,0
stable_diffusion_2_00946,test,1,0.045984395,0
stable_diffusion_2_00947,test,1,0.30882356,1
stable_diffusion_2_00948,test,1,0.30882356,1
stable_diffusion_2_00949,test,1,0.014483677,0
stable_diffusion_2_00950,test,1,0.30882356,1
stable_diffusion_2_00951,test,1,0.30882356,1
stable_diffusion_2_00952,test,1,0.30882356,1
stable_diffusion_2_00953,test,1,0.30882356,1
stable_diffusion_2_00954,test,1,0.30882356,1
stable_diffusion_2_00955,test,1,0.6738456,0
stable_diffusion_2_00956,test,1,0.14031208,0
stable_diffusion_2_00957,test,1,0.30882356,1
stable_diffusion_2_00958,test,1,0.00034704182,0
stable_diffusion_2_00959,test,1,0.008435318,0
stable_diffusion_2_00960,test,1,0.096584536,1
stable_diffusion_2_00961,test,1,0.06572736,0
stable_diffusion_2_00962,test,1,0.30882356,1
stable_diffusion_2_00963,test,1,0.25934437,0
stable_diffusion_2_00964,test,1,0.30882356,1
stable_diffusion_2_00965,test,1,0.3148674,1
stable_diffusion_2_00966,test,1,0.27371407,1
stable_diffusion_2_00967,test,1,0.30882356,1
stable_diffusion_2_00968,test,1,0.032700934,1
stable_diffusion_2_00969,test,1,0.1185237,0
stable_diffusion_2_00970,test,1,0.0017539915,0
stable_diffusion_2_00971,test,1,0.30882356,1
stable_diffusion_2_00972,test,1,0.30882356,1
stable_diffusion_2_00973,test,1,0.30882356,1
stable_diffusion_2_00974,test,1,0.30882356,1
stable_diffusion_2_00975,test,1,0.30882356,1
stable_diffusion_2_00976,test,1,0.30882356,1
stable_diffusion_2_00977,test,1,0.30882356,1
stable_diffusion_2_00978,test,1,0.9802287,0
stable_diffusion_2_00979,test,1,0.014158423,0
stable_diffusion_2_00980,test,1,0.12707372,0
stable_diffusion_2_00981,test,1,0.30882356,1
stable_diffusion_2_00982,test,1,0.20655854,1
stable_diffusion_2_00983,test,1,0.30882356,1
stable_diffusion_2_00984,test,1,0.30882356,1
stable_diffusion_2_00985,test,1,0.017573623,0
stable_diffusion_2_00986,test,1,0.90491116,0
stable_diffusion_2_00987,test,1,0.0025850453,0
stable_diffusion_2_00988,test,1,0.99251044,0
stable_diffusion_2_00989,test,1,0.30882356,1
stable_diffusion_2_00990,test,1,0.30882356,1
stable_diffusion_2_00991,test,1,0.105726674,1
stable_diffusion_2_00992,test,1,0.30882356,1
stable_diffusion_2_00993,test,1,0.30882356,1
stable_diffusion_2_00994,test,1,0.30882356,1
stable_diffusion_2_00995,test,1,0.30882356,1
stable_diffusion_2_00996,test,1,0.004226712,0
stable_diffusion_2_00997,test,1,0.0013582903,0
stable_diffusion_2_00998,test,1,0.056618284,0
stable_diffusion_2_00999,test,1,0.541387,0
stable_diffusion_3_00000,test,1,0.99988604,0
stable_diffusion_3_00001,test,1,0.3098472,0
stable_diffusion_3_00002,test,1,0.30882356,1
stable_diffusion_3_00003,test,1,0.028571416,0
stable_diffusion_3_00004,test,1,0.2231784,0
stable_diffusion_3_00005,test,1,0.30882356,1
stable_diffusion_3_00006,test,1,0.30882356,1
stable_diffusion_3_00007,test,1,0.30882356,1
stable_diffusion_3_00008,test,1,0.0156090055,0
stable_diffusion_3_00009,test,1,0.30882356,1
stable_diffusion_3_00010,test,1,0.30882356,1
stable_diffusion_3_00011,test,1,0.07773377,0
stable_diffusion_3_00012,test,1,0.30882356,1
stable_diffusion_3_00013,test,1,0.9220244,0
stable_diffusion_3_00014,test,1,0.30882356,1
stable_diffusion_3_00015,test,1,0.30882356,1
stable_diffusion_3_00016,test,1,0.30882356,1
stable_diffusion_3_00017,test,1,0.18751268,0
stable_diffusion_3_00018,test,1,0.73151505,0
stable_diffusion_3_00019,test,1,0.30882356,1
stable_diffusion_3_00020,test,1,0.9946774,0
stable_diffusion_3_00021,test,1,0.94222546,0
stable_diffusion_3_00022,test,1,0.33673823,0
stable_diffusion_3_00023,test,1,0.0036384752,0
stable_diffusion_3_00024,test,1,0.32167968,0
stable_diffusion_3_00025,test,1,0.30882356,1
stable_diffusion_3_00026,test,1,0.30882356,1
stable_diffusion_3_00027,test,1,0.30882356,1
stable_diffusion_3_00028,test,1,0.30882356,1
stable_diffusion_3_00029,test,1,4.4704625e-06,0
stable_diffusion_3_00030,test,1,0.9176242,0
stable_diffusion_3_00031,test,1,0.26216823,0
stable_diffusion_3_00032,test,1,0.30882356,1
stable_diffusion_3_00033,test,1,0.30882356,1
stable_diffusion_3_00034,test,1,0.9428215,0
stable_diffusion_3_00035,test,1,0.97378504,0
stable_diffusion_3_00036,test,1,0.8821043,0
stable_diffusion_3_00037,test,1,0.58503854,0
stable_diffusion_3_00038,test,1,0.30882356,1
stable_diffusion_3_00039,test,1,0.014120508,0
stable_diffusion_3_00040,test,1,0.30882356,1
stable_diffusion_3_00041,test,1,0.06753039,0
stable_diffusion_3_00042,test,1,0.30882356,1
stable_diffusion_3_00043,test,1,0.30882356,1
stable_diffusion_3_00044,test,1,0.30882356,1
stable_diffusion_3_00045,test,1,0.30882356,1
stable_diffusion_3_00046,test,1,0.1711708,0
stable_diffusion_3_00047,test,1,0.30882356,1
stable_diffusion_3_00048,test,1,0.12789296,0
stable_diffusion_3_00049,test,1,0.009695328,0
stable_diffusion_3_00050,test,1,1.4524157e-05,0
stable_diffusion_3_00051,test,1,0.30882356,1
stable_diffusion_3_00052,test,1,0.30344546,0
stable_diffusion_3_00053,test,1,0.8434769,0
stable_diffusion_3_00054,test,1,0.30882356,1
stable_diffusion_3_00055,test,1,6.0452367e-05,0
stable_diffusion_3_00056,test,1,0.30882356,1
stable_diffusion_3_00057,test,1,0.98045415,0
stable_diffusion_3_00058,test,1,0.452687,0
stable_diffusion_3_00059,test,1,0.19379945,0
stable_diffusion_3_00060,test,1,0.18149051,0
stable_diffusion_3_00061,test,1,0.30882356,1
stable_diffusion_3_00062,test,1,0.30882356,1
stable_diffusion_3_00063,test,1,0.30882356,1
stable_diffusion_3_00064,test,1,0.9590194,0
stable_diffusion_3_00065,test,1,0.30882356,1
stable_diffusion_3_00066,test,1,0.01092463,0
stable_diffusion_3_00067,test,1,0.30882356,1
stable_diffusion_3_00068,test,1,0.30882356,1
stable_diffusion_3_00069,test,1,0.30882356,1
stable_diffusion_3_00070,test,1,0.30882356,1
stable_diffusion_3_00071,test,1,0.30882356,1
stable_diffusion_3_00072,test,1,1.8248693e-05,0
stable_diffusion_3_00073,test,1,0.14739902,0
stable_diffusion_3_00074,test,1,0.9158699,0
stable_diffusion_3_00075,test,1,0.00704364,0
stable_diffusion_3_00076,test,1,0.95749885,0
stable_diffusion_3_00077,test,1,0.30882356,1
stable_diffusion_3_00078,test,1,0.30882356,1
stable_diffusion_3_00079,test,1,0.30882356,1
stable_diffusion_3_00080,test,1,0.53476715,0
stable_diffusion_3_00081,test,1,0.30882356,1
stable_diffusion_3_00082,test,1,0.30882356,1
stable_diffusion_3_00083,test,1,0.015306621,0
stable_diffusion_3_00084,test,1,0.85615486,0
stable_diffusion_3_00085,test,1,0.9799375,0
stable_diffusion_3_00086,test,1,0.99953985,0
stable_diffusion_3_00087,test,1,0.30882356,1
stable_diffusion_3_00088,test,1,0.22093375,0
stable_diffusion_3_00089,test,1,0.00010090857,0
stable_diffusion_3_00090,test,1,0.9548018,0
stable_diffusion_3_00091,test,1,0.08829728,0
stable_diffusion_3_00092,test,1,0.030336604,0
stable_diffusion_3_00093,test,1,0.9950507,0
stable_diffusion_3_00094,test,1,0.30882356,1
stable_diffusion_3_00095,test,1,0.016609527,0
stable_diffusion_3_00096,test,1,0.30882356,1
stable_diffusion_3_00097,test,1,0.014441118,0
stable_diffusion_3_00098,test,1,0.30882356,1
stable_diffusion_3_00099,test,1,0.070707254,0
stable_diffusion_3_00100,test,1,0.21627367,0
stable_diffusion_3_00101,test,1,0.30882356,1
stable_diffusion_3_00102,test,1,0.030653482,0
stable_diffusion_3_00103,test,1,0.011277982,0
stable_diffusion_3_00104,test,1,0.08556913,0
stable_diffusion_3_00105,test,1,0.9510937,0
stable_diffusion_3_00106,test,1,0.30882356,1
stable_diffusion_3_00107,test,1,0.55591595,0
stable_diffusion_3_00108,test,1,0.30882356,1
stable_diffusion_3_00109,test,1,0.30882356,1
stable_diffusion_3_00110,test,1,0.30882356,1
stable_diffusion_3_00111,test,1,0.3210674,0
stable_diffusion_3_00112,test,1,0.9296696,0
stable_diffusion_3_00113,test,1,1.021166e-05,0
stable_diffusion_3_00114,test,1,0.35339117,0
stable_diffusion_3_00115,test,1,0.50719154,0
stable_diffusion_3_00116,test,1,0.30882356,1
stable_diffusion_3_00117,test,1,0.0001185466,0
stable_diffusion_3_00118,test,1,0.6503717,0
stable_diffusion_3_00119,test,1,0.70144683,0
stable_diffusion_3_00120,test,1,0.49132898,0
stable_diffusion_3_00121,test,1,0.30882356,1
stable_diffusion_3_00122,test,1,0.7476652,0
stable_diffusion_3_00123,test,1,0.30882356,1
stable_diffusion_3_00124,test,1,0.30882356,1
stable_diffusion_3_00125,test,1,0.30882356,1
stable_diffusion_3_00126,test,1,0.30882356,1
stable_diffusion_3_00127,test,1,0.8000688,0
stable_diffusion_3_00128,test,1,0.30882356,1
stable_diffusion_3_00129,test,1,0.44963592,0
stable_diffusion_3_00130,test,1,0.30882356,1
stable_diffusion_3_00131,test,1,0.09208551,0
stable_diffusion_3_00132,test,1,0.30882356,1
stable_diffusion_3_00133,test,1,0.96989787,0
stable_diffusion_3_00134,test,1,0.01116638,0
stable_diffusion_3_00135,test,1,0.014106873,0
stable_diffusion_3_00136,test,1,0.9950498,0
stable_diffusion_3_00137,test,1,0.5903924,0
stable_diffusion_3_00138,test,1,0.735139,0
stable_diffusion_3_00139,test,1,0.30882356,1
stable_diffusion_3_00140,test,1,0.30882356,1
stable_diffusion_3_00141,test,1,0.22054891,0
stable_diffusion_3_00142,test,1,0.30882356,1
stable_diffusion_3_00143,test,1,0.30882356,1
stable_diffusion_3_00144,test,1,0.30882356,1
stable_diffusion_3_00145,test,1,0.6897333,0
stable_diffusion_3_00146,test,1,0.003657835,0
stable_diffusion_3_00147,test,1,0.48576954,0
stable_diffusion_3_00148,test,1,0.24826099,0
stable_diffusion_3_00149,test,1,0.30882356,1
stable_diffusion_3_00150,test,1,0.041362535,0
stable_diffusion_3_00151,test,1,0.30882356,1
stable_diffusion_3_00152,test,1,0.44997197,0
stable_diffusion_3_00153,test,1,0.67553616,0
stable_diffusion_3_00154,test,1,0.86909324,0
stable_diffusion_3_00155,test,1,0.30882356,1
stable_diffusion_3_00156,test,1,0.2282161,0
stable_diffusion_3_00157,test,1,0.7814987,0
stable_diffusion_3_00158,test,1,0.991411,0
stable_diffusion_3_00159,test,1,0.30882356,1
stable_diffusion_3_00160,test,1,0.993952,0
stable_diffusion_3_00161,test,1,0.30882356,1
stable_diffusion_3_00162,test,1,0.24828237,0
stable_diffusion_3_00163,test,1,0.30882356,1
stable_diffusion_3_00164,test,1,0.0062798336,0
stable_diffusion_3_00165,test,1,0.18337648,0
stable_diffusion_3_00166,test,1,0.30882356,1
stable_diffusion_3_00167,test,1,0.30882356,1
stable_diffusion_3_00168,test,1,0.30882356,1
stable_diffusion_3_00169,test,1,0.30882356,1
stable_diffusion_3_00170,test,1,0.30882356,1
stable_diffusion_3_00171,test,1,0.37926474,0
stable_diffusion_3_00172,test,1,0.0030862219,0
stable_diffusion_3_00173,test,1,0.34447876,0
stable_diffusion_3_00174,test,1,0.0032074675,0
stable_diffusion_3_00175,test,1,0.30882356,1
stable_diffusion_3_00176,test,1,0.013648693,0
stable_diffusion_3_00177,test,1,0.30882356,1
stable_diffusion_3_00178,test,1,0.14350328,0
stable_diffusion_3_00179,test,1,0.5765367,0
stable_diffusion_3_00180,test,1,0.30882356,1
stable_diffusion_3_00181,test,1,0.30882356,1
stable_diffusion_3_00182,test,1,0.30882356,1
stable_diffusion_3_00183,test,1,0.30882356,1
stable_diffusion_3_00184,test,1,0.30882356,1
stable_diffusion_3_00185,test,1,0.4318657,0
stable_diffusion_3_00186,test,1,0.0037154092,0
stable_diffusion_3_00187,test,1,0.30882356,1
stable_diffusion_3_00188,test,1,0.015090966,0
stable_diffusion_3_00189,test,1,0.033516757,0
stable_diffusion_3_00190,test,1,0.8522498,0
stable_diffusion_3_00191,test,1,0.09841877,0
stable_diffusion_3_00192,test,1,0.046870984,0
stable_diffusion_3_00193,test,1,0.30882356,1
stable_diffusion_3_00194,test,1,0.30882356,1
stable_diffusion_3_00195,test,1,0.016184459,0
stable_diffusion_3_00196,test,1,0.095606185,0
stable_diffusion_3_00197,test,1,0.30882356,1
stable_diffusion_3_00198,test,1,0.03972715,0
stable_diffusion_3_00199,test,1,0.7198925,0
stable_diffusion_3_00200,test,1,0.30882356,1
stable_diffusion_3_00201,test,1,0.30882356,1
stable_diffusion_3_00202,test,1,0.00014769743,0
stable_diffusion_3_00203,test,1,0.00042218497,0
stable_diffusion_3_00204,test,1,0.004476033,0
stable_diffusion_3_00205,test,1,0.0016410836,0
stable_diffusion_3_00206,test,1,0.30882356,1
stable_diffusion_3_00207,test,1,0.06735006,0
stable_diffusion_3_00208,test,1,0.30882356,1
stable_diffusion_3_00209,test,1,0.306823,0
stable_diffusion_3_00210,test,1,0.91500306,0
stable_diffusion_3_00211,test,1,0.30882356,1
stable_diffusion_3_00212,test,1,0.9431052,0
stable_diffusion_3_00213,test,1,0.9685514,0
stable_diffusion_3_00214,test,1,0.30882356,1
stable_diffusion_3_00215,test,1,0.30882356,1
stable_diffusion_3_00216,test,1,0.41103566,0
stable_diffusion_3_00217,test,1,0.30882356,1
stable_diffusion_3_00218,test,1,0.0005921772,0
stable_diffusion_3_00219,test,1,0.9997929,0
stable_diffusion_3_00220,test,1,0.30882356,1
stable_diffusion_3_00221,test,1,0.26841873,0
stable_diffusion_3_00222,test,1,0.22823894,0
stable_diffusion_3_00223,test,1,0.30882356,1
stable_diffusion_3_00224,test,1,0.30882356,1
stable_diffusion_3_00225,test,1,0.02489094,0
stable_diffusion_3_00226,test,1,0.00058958883,0
stable_diffusion_3_00227,test,1,0.7460925,0
stable_diffusion_3_00228,test,1,0.06537747,0
stable_diffusion_3_00229,test,1,0.30882356,1
stable_diffusion_3_00230,test,1,0.0036762238,0
stable_diffusion_3_00231,test,1,0.116738394,0
stable_diffusion_3_00232,test,1,2.9146911e-05,0
stable_diffusion_3_00233,test,1,0.026975602,0
stable_diffusion_3_00234,test,1,0.00091236643,0
stable_diffusion_3_00235,test,1,0.13487446,0
stable_diffusion_3_00236,test,1,0.21232136,0
stable_diffusion_3_00237,test,1,0.008379459,0
stable_diffusion_3_00238,test,1,0.114334,0
stable_diffusion_3_00239,test,1,0.24344632,0
stable_diffusion_3_00240,test,1,0.30882356,1
stable_diffusion_3_00241,test,1,0.007056304,0
stable_diffusion_3_00242,test,1,0.30882356,1
stable_diffusion_3_00243,test,1,0.30882356,1
stable_diffusion_3_00244,test,1,0.9894945,0
stable_diffusion_3_00245,test,1,0.91485566,0
stable_diffusion_3_00246,test,1,0.30882356,1
stable_diffusion_3_00247,test,1,0.0002541896,0
stable_diffusion_3_00248,test,1,0.16640355,0
stable_diffusion_3_00249,test,1,0.054021426,0
stable_diffusion_3_00250,test,1,0.5218098,0
stable_diffusion_3_00251,test,1,0.9991013,0
stable_diffusion_3_00252,test,1,0.0062301396,0
stable_diffusion_3_00253,test,1,0.03574958,0
stable_diffusion_3_00254,test,1,0.30882356,1
stable_diffusion_3_00255,test,1,0.30882356,1
stable_diffusion_3_00256,test,1,0.9989889,0
stable_diffusion_3_00257,test,1,0.00015007463,0
stable_diffusion_3_00258,test,1,0.30882356,1
stable_diffusion_3_00259,test,1,0.99454874,0
stable_diffusion_3_00260,test,1,0.0023702495,0
stable_diffusion_3_00261,test,1,0.00021685498,0
stable_diffusion_3_00262,test,1,0.0010657359,0
stable_diffusion_3_00263,test,1,0.9039149,0
stable_diffusion_3_00264,test,1,0.30882356,1
stable_diffusion_3_00265,test,1,0.30882356,1
stable_diffusion_3_00266,test,1,0.30882356,1
stable_diffusion_3_00267,test,1,0.00667033,0
stable_diffusion_3_00268,test,1,0.30882356,1
stable_diffusion_3_00269,test,1,0.10214926,0
stable_diffusion_3_00270,test,1,0.30882356,1
stable_diffusion_3_00271,test,1,0.15587078,0
stable_diffusion_3_00272,test,1,0.30882356,1
stable_diffusion_3_00273,test,1,0.30882356,1
stable_diffusion_3_00274,test,1,0.30882356,1
stable_diffusion_3_00275,test,1,0.30882356,1
stable_diffusion_3_00276,test,1,0.30882356,1
stable_diffusion_3_00277,test,1,0.30882356,1
stable_diffusion_3_00278,test,1,0.30882356,1
stable_diffusion_3_00279,test,1,0.30882356,1
stable_diffusion_3_00280,test,1,0.30882356,1
stable_diffusion_3_00281,test,1,0.015402756,0
stable_diffusion_3_00282,test,1,3.778634e-05,0
stable_diffusion_3_00283,test,1,0.96535003,0
stable_diffusion_3_00284,test,1,0.30882356,1
stable_diffusion_3_00285,test,1,0.0012422092,0
stable_diffusion_3_00286,test,1,0.11535722,0
stable_diffusion_3_00287,test,1,0.31247267,0
stable_diffusion_3_00288,test,1,0.90005344,0
stable_diffusion_3_00289,test,1,0.4888997,0
stable_diffusion_3_00290,test,1,0.30882356,1
stable_diffusion_3_00291,test,1,0.9069462,0
stable_diffusion_3_00292,test,1,0.30882356,1
stable_diffusion_3_00293,test,1,0.9519814,0
stable_diffusion_3_00294,test,1,0.30882356,1
stable_diffusion_3_00295,test,1,0.30882356,1
stable_diffusion_3_00296,test,1,0.15612468,0
stable_diffusion_3_00297,test,1,0.2732669,0
stable_diffusion_3_00298,test,1,0.30882356,1
stable_diffusion_3_00299,test,1,0.30882356,1
stable_diffusion_3_00300,test,1,0.30882356,1
stable_diffusion_3_00301,test,1,1.0,0
stable_diffusion_3_00302,test,1,0.97942495,0
stable_diffusion_3_00303,test,1,0.84035707,0
stable_diffusion_3_00304,test,1,0.30882356,1
stable_diffusion_3_00305,test,1,0.30882356,1
stable_diffusion_3_00306,test,1,0.30882356,1
stable_diffusion_3_00307,test,1,0.30882356,1
stable_diffusion_3_00308,test,1,0.062341347,0
stable_diffusion_3_00309,test,1,0.009044137,0
stable_diffusion_3_00310,test,1,0.00414894,0
stable_diffusion_3_00311,test,1,0.0073328135,0
stable_diffusion_3_00312,test,1,0.30882356,1
stable_diffusion_3_00313,test,1,0.8626955,0
stable_diffusion_3_00314,test,1,0.751046,0
stable_diffusion_3_00315,test,1,0.1990651,0
stable_diffusion_3_00316,test,1,0.79957175,0
stable_diffusion_3_00317,test,1,0.99610305,0
stable_diffusion_3_00318,test,1,0.9554775,0
stable_diffusion_3_00319,test,1,0.88759583,0
stable_diffusion_3_00320,test,1,0.008859524,0
stable_diffusion_3_00321,test,1,0.30882356,1
stable_diffusion_3_00322,test,1,0.029579854,0
stable_diffusion_3_00323,test,1,0.010434397,0
stable_diffusion_3_00324,test,1,0.30882356,1
stable_diffusion_3_00325,test,1,0.009898971,0
stable_diffusion_3_00326,test,1,0.30882356,1
stable_diffusion_3_00327,test,1,0.3923748,0
stable_diffusion_3_00328,test,1,0.9936405,0
stable_diffusion_3_00329,test,1,0.14609013,0
stable_diffusion_3_00330,test,1,5.5799774e-05,0
stable_diffusion_3_00331,test,1,0.9898505,0
stable_diffusion_3_00332,test,1,0.30882356,1
stable_diffusion_3_00333,test,1,0.9765305,0
stable_diffusion_3_00334,test,1,0.00035456038,0
stable_diffusion_3_00335,test,1,0.494182,0
stable_diffusion_3_00336,test,1,0.00678378,0
stable_diffusion_3_00337,test,1,0.30882356,1
stable_diffusion_3_00338,test,1,0.9652594,0
stable_diffusion_3_00339,test,1,0.9950539,0
stable_diffusion_3_00340,test,1,0.9792972,0
stable_diffusion_3_00341,test,1,0.94447494,0
stable_diffusion_3_00342,test,1,0.2408559,0
stable_diffusion_3_00343,test,1,0.30882356,1
stable_diffusion_3_00344,test,1,0.30882356,1
stable_diffusion_3_00345,test,1,0.5724932,0
stable_diffusion_3_00346,test,1,0.99533856,0
stable_diffusion_3_00347,test,1,0.30882356,1
stable_diffusion_3_00348,test,1,0.30882356,1
stable_diffusion_3_00349,test,1,1.9758569e-05,0
stable_diffusion_3_00350,test,1,0.009430551,0
stable_diffusion_3_00351,test,1,0.0040259603,0
stable_diffusion_3_00352,test,1,0.30882356,1
stable_diffusion_3_00353,test,1,0.30882356,1
stable_diffusion_3_00354,test,1,0.30882356,1
stable_diffusion_3_00355,test,1,0.009356841,0
stable_diffusion_3_00356,test,1,0.99948835,0
stable_diffusion_3_00357,test,1,0.30882356,1
stable_diffusion_3_00358,test,1,0.9999895,0
stable_diffusion_3_00359,test,1,0.18716547,0
stable_diffusion_3_00360,test,1,0.30882356,1
stable_diffusion_3_00361,test,1,0.0031031983,0
stable_diffusion_3_00362,test,1,0.06405439,0
stable_diffusion_3_00363,test,1,0.97616655,0
stable_diffusion_3_00364,test,1,0.30882356,1
stable_diffusion_3_00365,test,1,0.30882356,1
stable_diffusion_3_00366,test,1,0.30882356,1
stable_diffusion_3_00367,test,1,0.00062078575,0
stable_diffusion_3_00368,test,1,0.043905657,0
stable_diffusion_3_00369,test,1,0.99752027,0
stable_diffusion_3_00370,test,1,0.1632027,0
stable_diffusion_3_00371,test,1,0.30882356,1
stable_diffusion_3_00372,test,1,0.9702259,0
stable_diffusion_3_00373,test,1,0.30882356,1
stable_diffusion_3_00374,test,1,0.0050104414,0
stable_diffusion_3_00375,test,1,0.00018220131,0
stable_diffusion_3_00376,test,1,0.30882356,1
stable_diffusion_3_00377,test,1,0.42819324,0
stable_diffusion_3_00378,test,1,0.29449934,0
stable_diffusion_3_00379,test,1,0.30882356,1
stable_diffusion_3_00380,test,1,0.0025277957,0
stable_diffusion_3_00381,test,1,0.9998155,0
stable_diffusion_3_00382,test,1,0.30882356,1
stable_diffusion_3_00383,test,1,0.30882356,1
stable_diffusion_3_00384,test,1,0.9701165,0
stable_diffusion_3_00385,test,1,0.30882356,1
stable_diffusion_3_00386,test,1,0.30882356,1
stable_diffusion_3_00387,test,1,0.005650529,0
stable_diffusion_3_00388,test,1,0.0004227031,0
stable_diffusion_3_00389,test,1,0.30882356,1
stable_diffusion_3_00390,test,1,0.09866377,0
stable_diffusion_3_00391,test,1,0.9270228,0
stable_diffusion_3_00392,test,1,0.6044545,0
stable_diffusion_3_00393,test,1,0.30882356,1
stable_diffusion_3_00394,test,1,0.30882356,1
stable_diffusion_3_00395,test,1,0.53051376,0
stable_diffusion_3_00396,test,1,0.9822366,0
stable_diffusion_3_00397,test,1,0.05131305,0
stable_diffusion_3_00398,test,1,4.302016e-05,0
stable_diffusion_3_00399,test,1,0.30882356,1
stable_diffusion_3_00400,test,1,0.14184272,1
stable_diffusion_3_00401,test,1,0.30882356,1
stable_diffusion_3_00402,test,1,0.5658363,0
stable_diffusion_3_00403,test,1,0.011127904,0
stable_diffusion_3_00404,test,1,0.9899927,0
stable_diffusion_3_00405,test,1,0.30882356,1
stable_diffusion_3_00406,test,1,0.62406325,0
stable_diffusion_3_00407,test,1,0.86987966,0
stable_diffusion_3_00408,test,1,0.028062588,0
stable_diffusion_3_00409,test,1,0.0013924164,0
stable_diffusion_3_00410,test,1,0.0015676694,0
stable_diffusion_3_00411,test,1,0.10075607,0
stable_diffusion_3_00412,test,1,0.30882356,1
stable_diffusion_3_00413,test,1,0.17110129,0
stable_diffusion_3_00414,test,1,0.010343494,0
stable_diffusion_3_00415,test,1,0.30882356,1
stable_diffusion_3_00416,test,1,6.269274e-05,0
stable_diffusion_3_00417,test,1,0.99956673,0
stable_diffusion_3_00418,test,1,0.10429834,0
stable_diffusion_3_00419,test,1,0.36350748,0
stable_diffusion_3_00420,test,1,0.30882356,1
stable_diffusion_3_00421,test,1,0.30882356,1
stable_diffusion_3_00422,test,1,0.0005315388,0
stable_diffusion_3_00423,test,1,0.75430095,0
stable_diffusion_3_00424,test,1,0.0009342921,0
stable_diffusion_3_00425,test,1,0.30882356,1
stable_diffusion_3_00426,test,1,0.14722198,0
stable_diffusion_3_00427,test,1,0.045166735,0
stable_diffusion_3_00428,test,1,0.008408938,0
stable_diffusion_3_00429,test,1,0.048762314,0
stable_diffusion_3_00430,test,1,0.076231204,0
stable_diffusion_3_00431,test,1,0.30882356,1
stable_diffusion_3_00432,test,1,0.13850765,0
stable_diffusion_3_00433,test,1,0.068862714,0
stable_diffusion_3_00434,test,1,0.00893033,0
stable_diffusion_3_00435,test,1,0.30882356,1
stable_diffusion_3_00436,test,1,0.23078926,0
stable_diffusion_3_00437,test,1,0.30882356,1
stable_diffusion_3_00438,test,1,0.0028610115,0
stable_diffusion_3_00439,test,1,0.79520214,0
stable_diffusion_3_00440,test,1,0.30882356,1
stable_diffusion_3_00441,test,1,0.30882356,1
stable_diffusion_3_00442,test,1,0.30882356,1
stable_diffusion_3_00443,test,1,0.90551287,0
stable_diffusion_3_00444,test,1,0.98499334,0
stable_diffusion_3_00445,test,1,0.9980926,0
stable_diffusion_3_00446,test,1,0.023524607,0
stable_diffusion_3_00447,test,1,0.30882356,1
stable_diffusion_3_00448,test,1,0.30882356,1
stable_diffusion_3_00449,test,1,0.017278781,0
stable_diffusion_3_00450,test,1,0.2492699,0
stable_diffusion_3_00451,test,1,0.30882356,1
stable_diffusion_3_00452,test,1,0.30882356,1
stable_diffusion_3_00453,test,1,0.8051251,0
stable_diffusion_3_00454,test,1,0.3372024,0
stable_diffusion_3_00455,test,1,0.30882356,1
stable_diffusion_3_00456,test,1,0.30882356,1
stable_diffusion_3_00457,test,1,0.30882356,1
stable_diffusion_3_00458,test,1,0.30882356,1
stable_diffusion_3_00459,test,1,0.9991366,0
stable_diffusion_3_00460,test,1,0.30882356,1
stable_diffusion_3_00461,test,1,0.00074206194,0
stable_diffusion_3_00462,test,1,0.30882356,1
stable_diffusion_3_00463,test,1,0.94059277,0
stable_diffusion_3_00464,test,1,0.0052762735,0
stable_diffusion_3_00465,test,1,0.07204,0
stable_diffusion_3_00466,test,1,0.13299604,0
stable_diffusion_3_00467,test,1,0.024330825,0
stable_diffusion_3_00468,test,1,0.32321998,0
stable_diffusion_3_00469,test,1,0.30882356,1
stable_diffusion_3_00470,test,1,0.30882356,1
stable_diffusion_3_00471,test,1,0.9999664,0
stable_diffusion_3_00472,test,1,0.6458963,0
stable_diffusion_3_00473,test,1,0.30882356,1
stable_diffusion_3_00474,test,1,0.99944395,0
stable_diffusion_3_00475,test,1,0.34992406,0
stable_diffusion_3_00476,test,1,0.30882356,1
stable_diffusion_3_00477,test,1,0.16120976,0
stable_diffusion_3_00478,test,1,0.30882356,1
stable_diffusion_3_00479,test,1,0.0010790789,0
stable_diffusion_3_00480,test,1,0.30882356,1
stable_diffusion_3_00481,test,1,0.30882356,1
stable_diffusion_3_00482,test,1,0.35752597,0
stable_diffusion_3_00483,test,1,0.30882356,1
stable_diffusion_3_00484,test,1,0.82939494,0
stable_diffusion_3_00485,test,1,0.074232645,0
stable_diffusion_3_00486,test,1,0.30882356,1
stable_diffusion_3_00487,test,1,0.30882356,1
stable_diffusion_3_00488,test,1,0.30882356,1
stable_diffusion_3_00489,test,1,0.006305715,0
stable_diffusion_3_00490,test,1,0.87031627,0
stable_diffusion_3_00491,test,1,0.89352894,0
stable_diffusion_3_00492,test,1,0.0064555174,0
stable_diffusion_3_00493,test,1,0.30882356,1
stable_diffusion_3_00494,test,1,0.2441157,0
stable_diffusion_3_00495,test,1,0.091152444,0
stable_diffusion_3_00496,test,1,0.019008338,0
stable_diffusion_3_00497,test,1,0.30882356,1
stable_diffusion_3_00498,test,1,0.00060526095,0
stable_diffusion_3_00499,test,1,0.30882356,1
stable_diffusion_3_00500,test,1,0.23480658,0
stable_diffusion_3_00501,test,1,0.98210335,0
stable_diffusion_3_00502,test,1,0.1165139,0
stable_diffusion_3_00503,test,1,0.9979393,0
stable_diffusion_3_00504,test,1,9.1879214e-05,0
stable_diffusion_3_00505,test,1,0.30882356,1
stable_diffusion_3_00506,test,1,0.6186595,0
stable_diffusion_3_00507,test,1,0.30882356,1
stable_diffusion_3_00508,test,1,0.30882356,1
stable_diffusion_3_00509,test,1,0.30882356,1
stable_diffusion_3_00510,test,1,0.0012990872,0
stable_diffusion_3_00511,test,1,0.008243525,0
stable_diffusion_3_00512,test,1,0.18428953,0
stable_diffusion_3_00513,test,1,0.0002093706,0
stable_diffusion_3_00514,test,1,0.1449214,0
stable_diffusion_3_00515,test,1,0.8905897,0
stable_diffusion_3_00516,test,1,0.30882356,1
stable_diffusion_3_00517,test,1,0.2825532,0
stable_diffusion_3_00518,test,1,0.30882356,1
stable_diffusion_3_00519,test,1,0.571779,0
stable_diffusion_3_00520,test,1,0.30882356,1
stable_diffusion_3_00521,test,1,0.011776301,0
stable_diffusion_3_00522,test,1,0.30882356,1
stable_diffusion_3_00523,test,1,0.9409993,0
stable_diffusion_3_00524,test,1,0.06996539,0
stable_diffusion_3_00525,test,1,0.9999049,0
stable_diffusion_3_00526,test,1,0.30882356,1
stable_diffusion_3_00527,test,1,0.034541823,0
stable_diffusion_3_00528,test,1,0.6888143,0
stable_diffusion_3_00529,test,1,0.20168442,0
stable_diffusion_3_00530,test,1,0.0005144635,0
stable_diffusion_3_00531,test,1,0.30882356,1
stable_diffusion_3_00532,test,1,0.13133147,0
stable_diffusion_3_00533,test,1,1.3642374e-05,0
stable_diffusion_3_00534,test,1,0.12700985,0
stable_diffusion_3_00535,test,1,0.30882356,1
stable_diffusion_3_00536,test,1,0.23802933,0
stable_diffusion_3_00537,test,1,0.30882356,1
stable_diffusion_3_00538,test,1,0.30882356,1
stable_diffusion_3_00539,test,1,0.96829826,0
stable_diffusion_3_00540,test,1,0.00086203346,0
stable_diffusion_3_00541,test,1,0.943961,0
stable_diffusion_3_00542,test,1,0.30882356,1
stable_diffusion_3_00543,test,1,0.37183818,0
stable_diffusion_3_00544,test,1,0.30882356,1
stable_diffusion_3_00545,test,1,0.30882356,1
stable_diffusion_3_00546,test,1,0.9974286,0
stable_diffusion_3_00547,test,1,0.30882356,1
stable_diffusion_3_00548,test,1,0.30882356,1
stable_diffusion_3_00549,test,1,0.30882356,1
stable_diffusion_3_00550,test,1,0.7043615,0
stable_diffusion_3_00551,test,1,0.30882356,1
stable_diffusion_3_00552,test,1,0.30882356,1
stable_diffusion_3_00553,test,1,0.30882356,1
stable_diffusion_3_00554,test,1,0.30882356,1
stable_diffusion_3_00555,test,1,0.30882356,1
stable_diffusion_3_00556,test,1,0.30882356,1
stable_diffusion_3_00557,test,1,0.9890031,0
stable_diffusion_3_00558,test,1,0.4461359,0
stable_diffusion_3_00559,test,1,0.70874506,0
stable_diffusion_3_00560,test,1,0.1253381,0
stable_diffusion_3_00561,test,1,0.2682736,0
stable_diffusion_3_00562,test,1,0.30882356,1
stable_diffusion_3_00563,test,1,0.30882356,1
stable_diffusion_3_00564,test,1,0.30882356,1
stable_diffusion_3_00565,test,1,0.062380243,0
stable_diffusion_3_00566,test,1,0.010545498,0
stable_diffusion_3_00567,test,1,0.35942233,0
stable_diffusion_3_00568,test,1,0.30882356,1
stable_diffusion_3_00569,test,1,0.30882356,1
stable_diffusion_3_00570,test,1,0.12324145,0
stable_diffusion_3_00571,test,1,0.42038888,0
stable_diffusion_3_00572,test,1,0.5758898,0
stable_diffusion_3_00573,test,1,0.30882356,1
stable_diffusion_3_00574,test,1,0.30882356,1
stable_diffusion_3_00575,test,1,0.99478924,0
stable_diffusion_3_00576,test,1,0.30882356,1
stable_diffusion_3_00577,test,1,0.24054237,0
stable_diffusion_3_00578,test,1,0.8685774,0
stable_diffusion_3_00579,test,1,0.36466637,0
stable_diffusion_3_00580,test,1,0.0697113,0
stable_diffusion_3_00581,test,1,0.30882356,1
stable_diffusion_3_00582,test,1,0.30882356,1
stable_diffusion_3_00583,test,1,0.8636311,0
stable_diffusion_3_00584,test,1,0.30882356,1
stable_diffusion_3_00585,test,1,0.5267675,0
stable_diffusion_3_00586,test,1,0.011082765,0
stable_diffusion_3_00587,test,1,0.9366785,0
stable_diffusion_3_00588,test,1,0.78428817,0
stable_diffusion_3_00589,test,1,0.08591554,0
stable_diffusion_3_00590,test,1,0.30882356,1
stable_diffusion_3_00591,test,1,0.30882356,1
stable_diffusion_3_00592,test,1,0.97687966,0
stable_diffusion_3_00593,test,1,0.30882356,1
stable_diffusion_3_00594,test,1,0.074488916,0
stable_diffusion_3_00595,test,1,0.30882356,1
stable_diffusion_3_00596,test,1,0.30882356,1
stable_diffusion_3_00597,test,1,0.30882356,1
stable_diffusion_3_00598,test,1,0.016236098,0
stable_diffusion_3_00599,test,1,0.30882356,1
stable_diffusion_3_00600,test,1,0.00037752633,0
stable_diffusion_3_00601,test,1,0.30882356,1
stable_diffusion_3_00602,test,1,0.30882356,1
stable_diffusion_3_00603,test,1,0.30882356,1
stable_diffusion_3_00604,test,1,0.30882356,1
stable_diffusion_3_00605,test,1,0.4344549,0
stable_diffusion_3_00606,test,1,0.30882356,1
stable_diffusion_3_00607,test,1,0.007258275,0
stable_diffusion_3_00608,test,1,0.004746013,0
stable_diffusion_3_00609,test,1,0.3577035,0
stable_diffusion_3_00610,test,1,0.30882356,1
stable_diffusion_3_00611,test,1,0.9012619,0
stable_diffusion_3_00612,test,1,0.30882356,1
stable_diffusion_3_00613,test,1,0.30882356,1
stable_diffusion_3_00614,test,1,0.54617566,0
stable_diffusion_3_00615,test,1,0.30882356,1
stable_diffusion_3_00616,test,1,0.99999964,0
stable_diffusion_3_00617,test,1,9.8534416e-05,0
stable_diffusion_3_00618,test,1,0.91523707,0
stable_diffusion_3_00619,test,1,0.09256995,0
stable_diffusion_3_00620,test,1,0.30882356,1
stable_diffusion_3_00621,test,1,0.0471173,0
stable_diffusion_3_00622,test,1,0.6830093,0
stable_diffusion_3_00623,test,1,0.30882356,1
stable_diffusion_3_00624,test,1,0.30882356,1
stable_diffusion_3_00625,test,1,0.0007459466,0
stable_diffusion_3_00626,test,1,0.30882356,1
stable_diffusion_3_00627,test,1,0.30882356,1
stable_diffusion_3_00628,test,1,0.8754689,0
stable_diffusion_3_00629,test,1,0.30882356,1
stable_diffusion_3_00630,test,1,0.30882356,1
stable_diffusion_3_00631,test,1,0.30882356,1
stable_diffusion_3_00632,test,1,0.064680375,0
stable_diffusion_3_00633,test,1,0.5612293,0
stable_diffusion_3_00634,test,1,0.30882356,1
stable_diffusion_3_00635,test,1,0.30882356,1
stable_diffusion_3_00636,test,1,0.30882356,1
stable_diffusion_3_00637,test,1,0.30882356,1
stable_diffusion_3_00638,test,1,0.30882356,1
stable_diffusion_3_00639,test,1,0.30882356,1
stable_diffusion_3_00640,test,1,0.92640525,0
stable_diffusion_3_00641,test,1,0.30882356,1
stable_diffusion_3_00642,test,1,0.3228936,1
stable_diffusion_3_00643,test,1,0.88495344,0
stable_diffusion_3_00644,test,1,0.037932765,0
stable_diffusion_3_00645,test,1,0.9838307,0
stable_diffusion_3_00646,test,1,0.007574381,0
stable_diffusion_3_00647,test,1,0.30882356,1
stable_diffusion_3_00648,test,1,0.30882356,1
stable_diffusion_3_00649,test,1,0.30882356,1
stable_diffusion_3_00650,test,1,0.30882356,1
stable_diffusion_3_00651,test,1,0.5199617,0
stable_diffusion_3_00652,test,1,0.30882356,1
stable_diffusion_3_00653,test,1,0.3122797,0
stable_diffusion_3_00654,test,1,0.9891818,0
stable_diffusion_3_00655,test,1,0.958976,0
stable_diffusion_3_00656,test,1,0.30882356,1
stable_diffusion_3_00657,test,1,0.00016060569,0
stable_diffusion_3_00658,test,1,0.8778013,0
stable_diffusion_3_00659,test,1,0.9931003,0
stable_diffusion_3_00660,test,1,0.30882356,1
stable_diffusion_3_00661,test,1,0.00025842397,0
stable_diffusion_3_00662,test,1,0.30882356,1
stable_diffusion_3_00663,test,1,0.30882356,1
stable_diffusion_3_00664,test,1,0.30882356,1
stable_diffusion_3_00665,test,1,0.30882356,1
stable_diffusion_3_00666,test,1,0.9932254,0
stable_diffusion_3_00667,test,1,0.30882356,1
stable_diffusion_3_00668,test,1,0.30882356,1
stable_diffusion_3_00669,test,1,0.30882356,1
stable_diffusion_3_00670,test,1,0.2441957,0
stable_diffusion_3_00671,test,1,0.009997695,0
stable_diffusion_3_00672,test,1,0.86544895,0
stable_diffusion_3_00673,test,1,0.33316222,0
stable_diffusion_3_00674,test,1,0.9982591,0
stable_diffusion_3_00675,test,1,0.30882356,1
stable_diffusion_3_00676,test,1,0.30882356,1
stable_diffusion_3_00677,test,1,0.055430036,0
stable_diffusion_3_00678,test,1,0.30882356,1
stable_diffusion_3_00679,test,1,0.30882356,1
stable_diffusion_3_00680,test,1,0.33016583,0
stable_diffusion_3_00681,test,1,0.30882356,1
stable_diffusion_3_00682,test,1,0.99274194,0
stable_diffusion_3_00683,test,1,0.19477123,0
stable_diffusion_3_00684,test,1,0.14225122,0
stable_diffusion_3_00685,test,1,0.9594405,0
stable_diffusion_3_00686,test,1,0.17306873,0
stable_diffusion_3_00687,test,1,0.010470287,0
stable_diffusion_3_00688,test,1,0.0023464689,0
stable_diffusion_3_00689,test,1,0.21031491,0
stable_diffusion_3_00690,test,1,0.85626125,0
stable_diffusion_3_00691,test,1,0.30882356,1
stable_diffusion_3_00692,test,1,0.9988354,0
stable_diffusion_3_00693,test,1,0.19804597,0
stable_diffusion_3_00694,test,1,0.30882356,1
stable_diffusion_3_00695,test,1,0.00089952565,0
stable_diffusion_3_00696,test,1,0.1266465,0
stable_diffusion_3_00697,test,1,0.021197693,0
stable_diffusion_3_00698,test,1,0.99976677,0
stable_diffusion_3_00699,test,1,0.3537418,0
stable_diffusion_3_00700,test,1,0.30882356,1
stable_diffusion_3_00701,test,1,0.012816689,0
stable_diffusion_3_00702,test,1,0.6114954,0
stable_diffusion_3_00703,test,1,0.020882761,0
stable_diffusion_3_00704,test,1,0.8411126,0
stable_diffusion_3_00705,test,1,0.012049408,0
stable_diffusion_3_00706,test,1,0.026501786,0
stable_diffusion_3_00707,test,1,5.5385994e-05,0
stable_diffusion_3_00708,test,1,0.9688201,0
stable_diffusion_3_00709,test,1,0.30882356,1
stable_diffusion_3_00710,test,1,0.30882356,1
stable_diffusion_3_00711,test,1,0.0023673242,0
stable_diffusion_3_00712,test,1,0.30882356,1
stable_diffusion_3_00713,test,1,0.0024382921,0
stable_diffusion_3_00714,test,1,0.7973727,0
stable_diffusion_3_00715,test,1,0.94694096,0
stable_diffusion_3_00716,test,1,0.0109675815,0
stable_diffusion_3_00717,test,1,0.0076668174,0
stable_diffusion_3_00718,test,1,0.30882356,1
stable_diffusion_3_00719,test,1,0.30882356,1
stable_diffusion_3_00720,test,1,0.001040966,0
stable_diffusion_3_00721,test,1,0.006386663,0
stable_diffusion_3_00722,test,1,0.30882356,1
stable_diffusion_3_00723,test,1,0.30882356,1
stable_diffusion_3_00724,test,1,0.03385896,0
stable_diffusion_3_00725,test,1,0.30882356,1
stable_diffusion_3_00726,test,1,0.79699373,0
stable_diffusion_3_00727,test,1,0.87056035,0
stable_diffusion_3_00728,test,1,0.32505897,0
stable_diffusion_3_00729,test,1,0.30882356,1
stable_diffusion_3_00730,test,1,0.30882356,1
stable_diffusion_3_00731,test,1,0.30882356,1
stable_diffusion_3_00732,test,1,0.12777701,0
stable_diffusion_3_00733,test,1,0.8207744,0
stable_diffusion_3_00734,test,1,0.25793764,0
stable_diffusion_3_00735,test,1,0.9395829,0
stable_diffusion_3_00736,test,1,0.12223102,0
stable_diffusion_3_00737,test,1,0.30882356,1
stable_diffusion_3_00738,test,1,0.30882356,1
stable_diffusion_3_00739,test,1,0.027983515,0
stable_diffusion_3_00740,test,1,0.111800864,0
stable_diffusion_3_00741,test,1,0.9459693,0
stable_diffusion_3_00742,test,1,0.74779946,0
stable_diffusion_3_00743,test,1,0.34384015,0
stable_diffusion_3_00744,test,1,0.007817243,0
stable_diffusion_3_00745,test,1,0.35667148,0
stable_diffusion_3_00746,test,1,0.30882356,1
stable_diffusion_3_00747,test,1,0.12066595,0
stable_diffusion_3_00748,test,1,0.30882356,1
stable_diffusion_3_00749,test,1,0.005075142,0
stable_diffusion_3_00750,test,1,0.0068237283,0
stable_diffusion_3_00751,test,1,0.020711733,0
stable_diffusion_3_00752,test,1,0.002216081,0
stable_diffusion_3_00753,test,1,0.30882356,1
stable_diffusion_3_00754,test,1,0.0012985057,0
stable_diffusion_3_00755,test,1,0.09659226,0
stable_diffusion_3_00756,test,1,0.30882356,1
stable_diffusion_3_00757,test,1,0.83500934,0
stable_diffusion_3_00758,test,1,0.30882356,1
stable_diffusion_3_00759,test,1,0.00020178437,0
stable_diffusion_3_00760,test,1,0.6259294,0
stable_diffusion_3_00761,test,1,0.5979185,0
stable_diffusion_3_00762,test,1,0.30882356,1
stable_diffusion_3_00763,test,1,0.06842589,0
stable_diffusion_3_00764,test,1,0.1424899,0
stable_diffusion_3_00765,test,1,0.07894239,0
stable_diffusion_3_00766,test,1,0.0036881964,0
stable_diffusion_3_00767,test,1,0.30882356,1
stable_diffusion_3_00768,test,1,0.23032434,0
stable_diffusion_3_00769,test,1,0.4919312,0
stable_diffusion_3_00770,test,1,0.019415693,0
stable_diffusion_3_00771,test,1,0.30882356,1
stable_diffusion_3_00772,test,1,0.30882356,1
stable_diffusion_3_00773,test,1,0.99986494,0
stable_diffusion_3_00774,test,1,0.03626242,0
stable_diffusion_3_00775,test,1,0.30882356,1
stable_diffusion_3_00776,test,1,0.5673853,0
stable_diffusion_3_00777,test,1,0.9978694,0
stable_diffusion_3_00778,test,1,0.9522988,0
stable_diffusion_3_00779,test,1,0.9997087,0
stable_diffusion_3_00780,test,1,0.30882356,1
stable_diffusion_3_00781,test,1,0.9234968,0
stable_diffusion_3_00782,test,1,0.22684903,0
stable_diffusion_3_00783,test,1,0.8817789,0
stable_diffusion_3_00784,test,1,0.30882356,1
stable_diffusion_3_00785,test,1,0.6119684,0
stable_diffusion_3_00786,test,1,0.30882356,1
stable_diffusion_3_00787,test,1,0.93319756,0
stable_diffusion_3_00788,test,1,0.30882356,1
stable_diffusion_3_00789,test,1,0.19231175,0
stable_diffusion_3_00790,test,1,0.30882356,1
stable_diffusion_3_00791,test,1,0.5932514,0
stable_diffusion_3_00792,test,1,0.9682701,0
stable_diffusion_3_00793,test,1,0.9972857,0
stable_diffusion_3_00794,test,1,0.07110041,0
stable_diffusion_3_00795,test,1,0.7098968,0
stable_diffusion_3_00796,test,1,0.74182457,0
stable_diffusion_3_00797,test,1,0.30882356,1
stable_diffusion_3_00798,test,1,0.30882356,1
stable_diffusion_3_00799,test,1,0.22672243,0
stable_diffusion_3_00800,test,1,0.30882356,1
stable_diffusion_3_00801,test,1,0.30882356,1
stable_diffusion_3_00802,test,1,0.99298674,0
stable_diffusion_3_00803,test,1,0.54235965,0
stable_diffusion_3_00804,test,1,0.0030935456,0
stable_diffusion_3_00805,test,1,0.022842154,0
stable_diffusion_3_00806,test,1,0.7310565,0
stable_diffusion_3_00807,test,1,0.7914866,0
stable_diffusion_3_00808,test,1,0.30882356,1
stable_diffusion_3_00809,test,1,0.30882356,1
stable_diffusion_3_00810,test,1,0.043251667,0
stable_diffusion_3_00811,test,1,0.59471786,0
stable_diffusion_3_00812,test,1,0.30882356,1
stable_diffusion_3_00813,test,1,0.47083965,0
stable_diffusion_3_00814,test,1,0.27432263,0
stable_diffusion_3_00815,test,1,0.0027126006,0
stable_diffusion_3_00816,test,1,0.30882356,1
stable_diffusion_3_00817,test,1,0.30882356,1
stable_diffusion_3_00818,test,1,0.30882356,1
stable_diffusion_3_00819,test,1,0.30882356,1
stable_diffusion_3_00820,test,1,0.0007146962,0
stable_diffusion_3_00821,test,1,0.07470433,0
stable_diffusion_3_00822,test,1,0.30882356,1
stable_diffusion_3_00823,test,1,0.900045,0
stable_diffusion_3_00824,test,1,0.13797483,0
stable_diffusion_3_00825,test,1,0.30882356,1
stable_diffusion_3_00826,test,1,0.0047672796,0
stable_diffusion_3_00827,test,1,0.43781108,0
stable_diffusion_3_00828,test,1,0.00011249199,0
stable_diffusion_3_00829,test,1,0.67852205,0
stable_diffusion_3_00830,test,1,0.19811754,0
stable_diffusion_3_00831,test,1,0.30882356,1
stable_diffusion_3_00832,test,1,0.30882356,1
stable_diffusion_3_00833,test,1,0.52422965,0
stable_diffusion_3_00834,test,1,0.30882356,1
stable_diffusion_3_00835,test,1,0.30882356,1
stable_diffusion_3_00836,test,1,0.30882356,1
stable_diffusion_3_00837,test,1,0.30882356,1
stable_diffusion_3_00838,test,1,0.30882356,1
stable_diffusion_3_00839,test,1,0.13496259,0
stable_diffusion_3_00840,test,1,0.99745935,0
stable_diffusion_3_00841,test,1,0.9974462,0
stable_diffusion_3_00842,test,1,0.79635864,0
stable_diffusion_3_00843,test,1,0.5125285,0
stable_diffusion_3_00844,test,1,0.060592577,0
stable_diffusion_3_00845,test,1,0.9536158,0
stable_diffusion_3_00846,test,1,0.30882356,1
stable_diffusion_3_00847,test,1,0.30882356,1
stable_diffusion_3_00848,test,1,0.30882356,1
stable_diffusion_3_00849,test,1,0.30882356,1
stable_diffusion_3_00850,test,1,0.00026911893,0
stable_diffusion_3_00851,test,1,0.30882356,1
stable_diffusion_3_00852,test,1,0.30882356,1
stable_diffusion_3_00853,test,1,3.301166e-07,0
stable_diffusion_3_00854,test,1,0.102451816,0
stable_diffusion_3_00855,test,1,0.30882356,1
stable_diffusion_3_00856,test,1,2.9617844e-05,0
stable_diffusion_3_00857,test,1,0.30882356,1
stable_diffusion_3_00858,test,1,0.30882356,1
stable_diffusion_3_00859,test,1,0.9953917,0
stable_diffusion_3_00860,test,1,0.9484672,0
stable_diffusion_3_00861,test,1,0.30882356,1
stable_diffusion_3_00862,test,1,0.14109473,0
stable_diffusion_3_00863,test,1,0.30882356,1
stable_diffusion_3_00864,test,1,0.00024087034,0
stable_diffusion_3_00865,test,1,0.30882356,1
stable_diffusion_3_00866,test,1,0.9980374,0
stable_diffusion_3_00867,test,1,0.30882356,1
stable_diffusion_3_00868,test,1,0.30882356,1
stable_diffusion_3_00869,test,1,0.011160725,0
stable_diffusion_3_00870,test,1,0.7387934,0
stable_diffusion_3_00871,test,1,0.30882356,1
stable_diffusion_3_00872,test,1,0.30882356,1
stable_diffusion_3_00873,test,1,0.30882356,1
stable_diffusion_3_00874,test,1,0.00015333123,0
stable_diffusion_3_00875,test,1,0.2588603,0
stable_diffusion_3_00876,test,1,0.30882356,1
stable_diffusion_3_00877,test,1,0.0004098637,0
stable_diffusion_3_00878,test,1,0.7939772,0
stable_diffusion_3_00879,test,1,0.30882356,1
stable_diffusion_3_00880,test,1,0.30882356,1
stable_diffusion_3_00881,test,1,0.30882356,1
stable_diffusion_3_00882,test,1,0.30882356,1
stable_diffusion_3_00883,test,1,0.946183,0
stable_diffusion_3_00884,test,1,0.30882356,1
stable_diffusion_3_00885,test,1,0.30882356,1
stable_diffusion_3_00886,test,1,0.022475338,0
stable_diffusion_3_00887,test,1,0.621262,0
stable_diffusion_3_00888,test,1,0.9707772,0
stable_diffusion_3_00889,test,1,0.30882356,1
stable_diffusion_3_00890,test,1,0.04507966,0
stable_diffusion_3_00891,test,1,0.9998,0
stable_diffusion_3_00892,test,1,0.30882356,1
stable_diffusion_3_00893,test,1,0.30882356,1
stable_diffusion_3_00894,test,1,0.96650666,0
stable_diffusion_3_00895,test,1,0.30882356,1
stable_diffusion_3_00896,test,1,0.99761766,0
stable_diffusion_3_00897,test,1,0.01007951,0
stable_diffusion_3_00898,test,1,0.14783777,0
stable_diffusion_3_00899,test,1,0.24559368,0
stable_diffusion_3_00900,test,1,0.16844538,0
stable_diffusion_3_00901,test,1,0.93589413,0
stable_diffusion_3_00902,test,1,0.30882356,1
stable_diffusion_3_00903,test,1,0.022256467,0
stable_diffusion_3_00904,test,1,0.30882356,1
stable_diffusion_3_00905,test,1,0.008295077,0
stable_diffusion_3_00906,test,1,0.30882356,1
stable_diffusion_3_00907,test,1,0.30882356,1
stable_diffusion_3_00908,test,1,0.30882356,1
stable_diffusion_3_00909,test,1,0.51305795,0
stable_diffusion_3_00910,test,1,0.30882356,1
stable_diffusion_3_00911,test,1,0.5771017,0
stable_diffusion_3_00912,test,1,0.30882356,1
stable_diffusion_3_00913,test,1,0.88484716,0
stable_diffusion_3_00914,test,1,0.30882356,1
stable_diffusion_3_00915,test,1,0.3561953,0
stable_diffusion_3_00916,test,1,0.30882356,1
stable_diffusion_3_00917,test,1,0.9234763,0
stable_diffusion_3_00918,test,1,0.30882356,1
stable_diffusion_3_00919,test,1,0.30882356,1
stable_diffusion_3_00920,test,1,0.34993637,0
stable_diffusion_3_00921,test,1,0.9967134,0
stable_diffusion_3_00922,test,1,0.30882356,1
stable_diffusion_3_00923,test,1,0.30882356,1
stable_diffusion_3_00924,test,1,0.008206836,0
stable_diffusion_3_00925,test,1,0.9937032,0
stable_diffusion_3_00926,test,1,0.71956474,0
stable_diffusion_3_00927,test,1,0.99098676,0
stable_diffusion_3_00928,test,1,0.30882356,1
stable_diffusion_3_00929,test,1,0.95129645,0
stable_diffusion_3_00930,test,1,0.30882356,1
stable_diffusion_3_00931,test,1,0.99266714,0
stable_diffusion_3_00932,test,1,0.04474187,0
stable_diffusion_3_00933,test,1,0.99727374,0
stable_diffusion_3_00934,test,1,0.17707634,0
stable_diffusion_3_00935,test,1,0.18672137,0
stable_diffusion_3_00936,test,1,0.98393285,0
stable_diffusion_3_00937,test,1,0.30882356,1
stable_diffusion_3_00938,test,1,4.2977023e-05,0
stable_diffusion_3_00939,test,1,0.30882356,1
stable_diffusion_3_00940,test,1,0.108532004,0
stable_diffusion_3_00941,test,1,0.30882356,1
stable_diffusion_3_00942,test,1,0.30882356,1
stable_diffusion_3_00943,test,1,0.49842256,0
stable_diffusion_3_00944,test,1,0.30214757,0
stable_diffusion_3_00945,test,1,0.10087671,0
stable_diffusion_3_00946,test,1,0.047619283,0
stable_diffusion_3_00947,test,1,0.6409456,0
stable_diffusion_3_00948,test,1,0.048826866,0
stable_diffusion_3_00949,test,1,0.0003595059,0
stable_diffusion_3_00950,test,1,0.91423243,0
stable_diffusion_3_00951,test,1,0.00015282094,0
stable_diffusion_3_00952,test,1,0.30882356,1
stable_diffusion_3_00953,test,1,0.11701103,0
stable_diffusion_3_00954,test,1,0.30882356,1
stable_diffusion_3_00955,test,1,0.0073082317,0
stable_diffusion_3_00956,test,1,0.30882356,1
stable_diffusion_3_00957,test,1,0.30882356,1
stable_diffusion_3_00958,test,1,0.30882356,1
stable_diffusion_3_00959,test,1,2.852844e-05,0
stable_diffusion_3_00960,test,1,0.30882356,1
stable_diffusion_3_00961,test,1,0.30882356,1
stable_diffusion_3_00962,test,1,0.424239,0
stable_diffusion_3_00963,test,1,0.30882356,1
stable_diffusion_3_00964,test,1,0.89795583,0
stable_diffusion_3_00965,test,1,0.30882356,1
stable_diffusion_3_00966,test,1,0.30882356,1
stable_diffusion_3_00967,test,1,0.94808257,0
stable_diffusion_3_00968,test,1,0.0016185283,0
stable_diffusion_3_00969,test,1,0.09204669,0
stable_diffusion_3_00970,test,1,0.16014385,0
stable_diffusion_3_00971,test,1,0.043353014,0
stable_diffusion_3_00972,test,1,0.30882356,1
stable_diffusion_3_00973,test,1,0.0011558298,0
stable_diffusion_3_00974,test,1,0.30882356,1
stable_diffusion_3_00975,test,1,0.30882356,1
stable_diffusion_3_00976,test,1,0.30882356,1
stable_diffusion_3_00977,test,1,0.99918896,0
stable_diffusion_3_00978,test,1,0.30882356,1
stable_diffusion_3_00979,test,1,0.009383614,0
stable_diffusion_3_00980,test,1,0.5603197,0
stable_diffusion_3_00981,test,1,0.33683974,0
stable_diffusion_3_00982,test,1,0.30882356,1
stable_diffusion_3_00983,test,1,0.30882356,1
stable_diffusion_3_00984,test,1,0.5716978,0
stable_diffusion_3_00985,test,1,0.9824651,0
stable_diffusion_3_00986,test,1,0.7377133,0
stable_diffusion_3_00987,test,1,1.0021451e-05,0
stable_diffusion_3_00988,test,1,0.003508403,0
stable_diffusion_3_00989,test,1,0.30882356,1
stable_diffusion_3_00990,test,1,0.5560053,0
stable_diffusion_3_00991,test,1,0.18956634,0
stable_diffusion_3_00992,test,1,0.0008089715,0
stable_diffusion_3_00993,test,1,0.30882356,1
stable_diffusion_3_00994,test,1,0.037082404,0
stable_diffusion_3_00995,test,1,0.99999213,0
stable_diffusion_3_00996,test,1,0.49125463,0
stable_diffusion_3_00997,test,1,0.30882356,1
stable_diffusion_3_00998,test,1,0.30882356,1
stable_diffusion_3_00999,test,1,4.972939e-06,0
stable_diffusion_xl_00000,test,1,0.0109081445,0
stable_diffusion_xl_00001,test,1,0.30882356,1
stable_diffusion_xl_00002,test,1,0.30882356,1
stable_diffusion_xl_00003,test,1,0.30882356,1
stable_diffusion_xl_00004,test,1,0.07731759,0
stable_diffusion_xl_00005,test,1,0.001385666,0
stable_diffusion_xl_00006,test,1,0.30882356,1
stable_diffusion_xl_00007,test,1,0.62796474,0
stable_diffusion_xl_00008,test,1,0.30882356,1
stable_diffusion_xl_00009,test,1,0.30882356,1
stable_diffusion_xl_00010,test,1,0.011486656,0
stable_diffusion_xl_00011,test,1,0.0132220695,0
stable_diffusion_xl_00012,test,1,0.30882356,1
stable_diffusion_xl_00013,test,1,0.024555173,0
stable_diffusion_xl_00014,test,1,0.30882356,1
stable_diffusion_xl_00015,test,1,0.30882356,1
stable_diffusion_xl_00016,test,1,0.30882356,1
stable_diffusion_xl_00017,test,1,3.797509e-05,0
stable_diffusion_xl_00018,test,1,0.30882356,1
stable_diffusion_xl_00019,test,1,0.30882356,1
stable_diffusion_xl_00020,test,1,0.20029224,0
stable_diffusion_xl_00021,test,1,0.21018165,0
stable_diffusion_xl_00022,test,1,0.0058772,0
stable_diffusion_xl_00023,test,1,0.17321135,0
stable_diffusion_xl_00024,test,1,0.30882356,1
stable_diffusion_xl_00025,test,1,0.30882356,1
stable_diffusion_xl_00026,test,1,0.38229832,0
stable_diffusion_xl_00027,test,1,0.30882356,1
stable_diffusion_xl_00028,test,1,0.30882356,1
stable_diffusion_xl_00029,test,1,0.050900463,0
stable_diffusion_xl_00030,test,1,0.30882356,1
stable_diffusion_xl_00031,test,1,0.30882356,1
stable_diffusion_xl_00032,test,1,0.053288743,0
stable_diffusion_xl_00033,test,1,0.30882356,1
stable_diffusion_xl_00034,test,1,0.30882356,1
stable_diffusion_xl_00035,test,1,0.0068193222,0
stable_diffusion_xl_00036,test,1,0.30882356,1
stable_diffusion_xl_00037,test,1,0.00657579,0
stable_diffusion_xl_00038,test,1,0.70992374,0
stable_diffusion_xl_00039,test,1,0.0026565415,0
stable_diffusion_xl_00040,test,1,0.30882356,1
stable_diffusion_xl_00041,test,1,0.010962255,0
stable_diffusion_xl_00042,test,1,0.30882356,1
stable_diffusion_xl_00043,test,1,0.30882356,1
stable_diffusion_xl_00044,test,1,0.04006736,0
stable_diffusion_xl_00045,test,1,0.30882356,1
stable_diffusion_xl_00046,test,1,0.30882356,1
stable_diffusion_xl_00047,test,1,0.30882356,1
stable_diffusion_xl_00048,test,1,0.30882356,1
stable_diffusion_xl_00049,test,1,0.30882356,1
stable_diffusion_xl_00050,test,1,0.0004504324,0
stable_diffusion_xl_00051,test,1,1.8480919e-06,0
stable_diffusion_xl_00052,test,1,0.30882356,1
stable_diffusion_xl_00053,test,1,0.30882356,1
stable_diffusion_xl_00054,test,1,0.18408196,0
stable_diffusion_xl_00055,test,1,0.01984163,0
stable_diffusion_xl_00056,test,1,0.30882356,1
stable_diffusion_xl_00057,test,1,7.959779e-06,0
stable_diffusion_xl_00058,test,1,0.30882356,1
stable_diffusion_xl_00059,test,1,0.30882356,1
stable_diffusion_xl_00060,test,1,0.035468385,0
stable_diffusion_xl_00061,test,1,0.30882356,1
stable_diffusion_xl_00062,test,1,0.30882356,1
stable_diffusion_xl_00063,test,1,0.30882356,1
stable_diffusion_xl_00064,test,1,0.30882356,1
stable_diffusion_xl_00065,test,1,0.30882356,1
stable_diffusion_xl_00066,test,1,0.30882356,1
stable_diffusion_xl_00067,test,1,0.027797325,0
stable_diffusion_xl_00068,test,1,0.30882356,1
stable_diffusion_xl_00069,test,1,8.727333e-05,0
stable_diffusion_xl_00070,test,1,0.30882356,1
stable_diffusion_xl_00071,test,1,0.00019317743,1
stable_diffusion_xl_00072,test,1,0.30882356,1
stable_diffusion_xl_00073,test,1,0.9912077,0
stable_diffusion_xl_00074,test,1,0.30882356,1
stable_diffusion_xl_00075,test,1,0.16402888,1
stable_diffusion_xl_00076,test,1,0.3246253,0
stable_diffusion_xl_00077,test,1,0.30882356,1
stable_diffusion_xl_00078,test,1,0.30882356,1
stable_diffusion_xl_00079,test,1,0.008770623,0
stable_diffusion_xl_00080,test,1,0.25436184,0
stable_diffusion_xl_00081,test,1,0.3448503,0
stable_diffusion_xl_00082,test,1,0.30882356,1
stable_diffusion_xl_00083,test,1,0.23006096,0
stable_diffusion_xl_00084,test,1,0.30882356,1
stable_diffusion_xl_00085,test,1,0.0076566157,0
stable_diffusion_xl_00086,test,1,0.30882356,1
stable_diffusion_xl_00087,test,1,0.13181567,0
stable_diffusion_xl_00088,test,1,0.16607031,0
stable_diffusion_xl_00089,test,1,4.9471555e-06,0
stable_diffusion_xl_00090,test,1,0.0004799549,0
stable_diffusion_xl_00091,test,1,0.03246223,0
stable_diffusion_xl_00092,test,1,0.30882356,1
stable_diffusion_xl_00093,test,1,0.30882356,1
stable_diffusion_xl_00094,test,1,0.30882356,1
stable_diffusion_xl_00095,test,1,0.051587902,0
stable_diffusion_xl_00096,test,1,0.30882356,1
stable_diffusion_xl_00097,test,1,0.0010266139,0
stable_diffusion_xl_00098,test,1,0.30882356,1
stable_diffusion_xl_00099,test,1,0.19661124,0
stable_diffusion_xl_00100,test,1,0.99086773,0
stable_diffusion_xl_00101,test,1,0.30882356,1
stable_diffusion_xl_00102,test,1,0.30882356,1
stable_diffusion_xl_00103,test,1,0.30882356,1
stable_diffusion_xl_00104,test,1,0.30882356,1
stable_diffusion_xl_00105,test,1,0.8479964,0
stable_diffusion_xl_00106,test,1,0.062229592,0
stable_diffusion_xl_00107,test,1,0.30882356,1
stable_diffusion_xl_00108,test,1,0.1492297,0
stable_diffusion_xl_00109,test,1,0.014527427,0
stable_diffusion_xl_00110,test,1,0.30882356,1
stable_diffusion_xl_00111,test,1,0.30882356,1
stable_diffusion_xl_00112,test,1,0.23472303,0
stable_diffusion_xl_00113,test,1,0.93724555,0
stable_diffusion_xl_00114,test,1,0.042678967,0
stable_diffusion_xl_00115,test,1,0.0049682483,0
stable_diffusion_xl_00116,test,1,0.25035068,0
stable_diffusion_xl_00117,test,1,0.30882356,1
stable_diffusion_xl_00118,test,1,0.30882356,1
stable_diffusion_xl_00119,test,1,0.30882356,1
stable_diffusion_xl_00120,test,1,0.13144414,0
stable_diffusion_xl_00121,test,1,0.0015487457,0
stable_diffusion_xl_00122,test,1,0.30882356,1
stable_diffusion_xl_00123,test,1,0.30882356,1
stable_diffusion_xl_00124,test,1,0.30882356,1
stable_diffusion_xl_00125,test,1,0.9993911,0
stable_diffusion_xl_00126,test,1,0.30882356,1
stable_diffusion_xl_00127,test,1,0.00016014859,0
stable_diffusion_xl_00128,test,1,0.30882356,1
stable_diffusion_xl_00129,test,1,0.7680105,0
stable_diffusion_xl_00130,test,1,0.30882356,1
stable_diffusion_xl_00131,test,1,0.20655058,0
stable_diffusion_xl_00132,test,1,0.30882356,1
stable_diffusion_xl_00133,test,1,0.30882356,1
stable_diffusion_xl_00134,test,1,0.30882356,1
stable_diffusion_xl_00135,test,1,0.30882356,1
stable_diffusion_xl_00136,test,1,0.30882356,1
stable_diffusion_xl_00137,test,1,0.30882356,1
stable_diffusion_xl_00138,test,1,0.11408086,0
stable_diffusion_xl_00139,test,1,0.13965754,0
stable_diffusion_xl_00140,test,1,0.30882356,1
stable_diffusion_xl_00141,test,1,0.9989046,0
stable_diffusion_xl_00142,test,1,0.30882356,1
stable_diffusion_xl_00143,test,1,0.05217221,1
stable_diffusion_xl_00144,test,1,0.30882356,1
stable_diffusion_xl_00145,test,1,0.1266874,0
stable_diffusion_xl_00146,test,1,0.10054976,0
stable_diffusion_xl_00147,test,1,0.061696228,0
stable_diffusion_xl_00148,test,1,0.30882356,1
stable_diffusion_xl_00149,test,1,0.30882356,1
stable_diffusion_xl_00150,test,1,1.5347783e-05,0
stable_diffusion_xl_00151,test,1,0.30882356,1
stable_diffusion_xl_00152,test,1,0.023412902,0
stable_diffusion_xl_00153,test,1,0.6182331,0
stable_diffusion_xl_00154,test,1,0.30882356,1
stable_diffusion_xl_00155,test,1,0.008927072,0
stable_diffusion_xl_00156,test,1,0.30882356,1
stable_diffusion_xl_00157,test,1,0.30882356,1
stable_diffusion_xl_00158,test,1,0.9876013,0
stable_diffusion_xl_00159,test,1,0.30882356,1
stable_diffusion_xl_00160,test,1,0.30882356,1
stable_diffusion_xl_00161,test,1,0.30882356,1
stable_diffusion_xl_00162,test,1,0.18324131,0
stable_diffusion_xl_00163,test,1,0.12991333,0
stable_diffusion_xl_00164,test,1,0.30882356,1
stable_diffusion_xl_00165,test,1,0.30882356,1
stable_diffusion_xl_00166,test,1,0.30882356,1
stable_diffusion_xl_00167,test,1,0.15415221,1
stable_diffusion_xl_00168,test,1,0.30882356,1
stable_diffusion_xl_00169,test,1,0.30882356,1
stable_diffusion_xl_00170,test,1,0.30882356,1
stable_diffusion_xl_00171,test,1,0.30882356,1
stable_diffusion_xl_00172,test,1,0.30882356,1
stable_diffusion_xl_00173,test,1,0.23142615,0
stable_diffusion_xl_00174,test,1,0.30882356,1
stable_diffusion_xl_00175,test,1,0.00012972842,0
stable_diffusion_xl_00176,test,1,0.30882356,1
stable_diffusion_xl_00177,test,1,0.49915877,0
stable_diffusion_xl_00178,test,1,0.30882356,1
stable_diffusion_xl_00179,test,1,0.00017476168,0
stable_diffusion_xl_00180,test,1,0.07610641,0
stable_diffusion_xl_00181,test,1,1.3672097e-09,0
stable_diffusion_xl_00182,test,1,0.30882356,1
stable_diffusion_xl_00183,test,1,0.30882356,1
stable_diffusion_xl_00184,test,1,0.004812984,0
stable_diffusion_xl_00185,test,1,0.32845572,0
stable_diffusion_xl_00186,test,1,4.020019e-08,0
stable_diffusion_xl_00187,test,1,0.021039067,0
stable_diffusion_xl_00188,test,1,0.30882356,1
stable_diffusion_xl_00189,test,1,0.30882356,1
stable_diffusion_xl_00190,test,1,0.30882356,1
stable_diffusion_xl_00191,test,1,0.14965664,0
stable_diffusion_xl_00192,test,1,0.30882356,1
stable_diffusion_xl_00193,test,1,0.08624201,0
stable_diffusion_xl_00194,test,1,0.30882356,1
stable_diffusion_xl_00195,test,1,0.30882356,1
stable_diffusion_xl_00196,test,1,0.30882356,1
stable_diffusion_xl_00197,test,1,0.38814682,0
stable_diffusion_xl_00198,test,1,0.30882356,1
stable_diffusion_xl_00199,test,1,0.30882356,1
stable_diffusion_xl_00200,test,1,0.30882356,1
stable_diffusion_xl_00201,test,1,0.30882356,1
stable_diffusion_xl_00202,test,1,0.30882356,1
stable_diffusion_xl_00203,test,1,0.0057290513,0
stable_diffusion_xl_00204,test,1,0.30882356,1
stable_diffusion_xl_00205,test,1,0.30882356,1
stable_diffusion_xl_00206,test,1,0.30882356,1
stable_diffusion_xl_00207,test,1,0.30882356,1
stable_diffusion_xl_00208,test,1,0.16023885,0
stable_diffusion_xl_00209,test,1,0.11401621,0
stable_diffusion_xl_00210,test,1,0.30882356,1
stable_diffusion_xl_00211,test,1,0.30882356,1
stable_diffusion_xl_00212,test,1,0.30882356,1
stable_diffusion_xl_00213,test,1,0.8799826,0
stable_diffusion_xl_00214,test,1,0.30882356,1
stable_diffusion_xl_00215,test,1,0.30882356,1
stable_diffusion_xl_00216,test,1,0.9825576,0
stable_diffusion_xl_00217,test,1,0.30882356,1
stable_diffusion_xl_00218,test,1,0.19989756,0
stable_diffusion_xl_00219,test,1,0.320013,0
stable_diffusion_xl_00220,test,1,0.0838717,0
stable_diffusion_xl_00221,test,1,0.30882356,1
stable_diffusion_xl_00222,test,1,0.30882356,1
stable_diffusion_xl_00223,test,1,0.008274054,0
stable_diffusion_xl_00224,test,1,0.30882356,1
stable_diffusion_xl_00225,test,1,0.07075703,0
stable_diffusion_xl_00226,test,1,0.30882356,1
stable_diffusion_xl_00227,test,1,0.30882356,1
stable_diffusion_xl_00228,test,1,0.30882356,1
stable_diffusion_xl_00229,test,1,0.30882356,1
stable_diffusion_xl_00230,test,1,0.00023208793,0
stable_diffusion_xl_00231,test,1,0.30882356,1
stable_diffusion_xl_00232,test,1,0.0047385884,0
stable_diffusion_xl_00233,test,1,0.0011841299,0
stable_diffusion_xl_00234,test,1,0.30882356,1
stable_diffusion_xl_00235,test,1,0.30882356,1
stable_diffusion_xl_00236,test,1,0.36820978,0
stable_diffusion_xl_00237,test,1,0.12906668,0
stable_diffusion_xl_00238,test,1,0.23657325,0
stable_diffusion_xl_00239,test,1,0.91854656,0
stable_diffusion_xl_00240,test,1,0.30882356,1
stable_diffusion_xl_00241,test,1,0.99040926,0
stable_diffusion_xl_00242,test,1,0.30882356,1
stable_diffusion_xl_00243,test,1,0.99999416,0
stable_diffusion_xl_00244,test,1,0.30882356,1
stable_diffusion_xl_00245,test,1,0.30882356,1
stable_diffusion_xl_00246,test,1,0.30882356,1
stable_diffusion_xl_00247,test,1,0.30882356,1
stable_diffusion_xl_00248,test,1,0.30882356,1
stable_diffusion_xl_00249,test,1,0.5256158,0
stable_diffusion_xl_00250,test,1,0.30882356,1
stable_diffusion_xl_00251,test,1,0.30882356,1
stable_diffusion_xl_00252,test,1,0.30882356,1
stable_diffusion_xl_00253,test,1,0.9997416,0
stable_diffusion_xl_00254,test,1,0.30941573,0
stable_diffusion_xl_00255,test,1,0.30882356,1
stable_diffusion_xl_00256,test,1,0.30882356,1
stable_diffusion_xl_00257,test,1,0.30882356,1
stable_diffusion_xl_00258,test,1,0.30224738,0
stable_diffusion_xl_00259,test,1,0.542422,0
stable_diffusion_xl_00260,test,1,0.72573584,0
stable_diffusion_xl_00261,test,1,0.30882356,1
stable_diffusion_xl_00262,test,1,0.30882356,1
stable_diffusion_xl_00263,test,1,0.30882356,1
stable_diffusion_xl_00264,test,1,0.12770724,0
stable_diffusion_xl_00265,test,1,0.04679969,0
stable_diffusion_xl_00266,test,1,0.30882356,1
stable_diffusion_xl_00267,test,1,0.30882356,1
stable_diffusion_xl_00268,test,1,0.30882356,1
stable_diffusion_xl_00269,test,1,0.30882356,1
stable_diffusion_xl_00270,test,1,0.30882356,1
stable_diffusion_xl_00271,test,1,0.30287537,0
stable_diffusion_xl_00272,test,1,0.30882356,1
stable_diffusion_xl_00273,test,1,0.3609912,0
stable_diffusion_xl_00274,test,1,0.30882356,1
stable_diffusion_xl_00275,test,1,0.00847825,0
stable_diffusion_xl_00276,test,1,0.88242275,0
stable_diffusion_xl_00277,test,1,0.32177618,0
stable_diffusion_xl_00278,test,1,0.5329602,0
stable_diffusion_xl_00279,test,1,0.30882356,1
stable_diffusion_xl_00280,test,1,0.112250425,0
stable_diffusion_xl_00281,test,1,0.6266372,0
stable_diffusion_xl_00282,test,1,0.029362395,0
stable_diffusion_xl_00283,test,1,0.0096170055,0
stable_diffusion_xl_00284,test,1,0.30882356,1
stable_diffusion_xl_00285,test,1,0.30882356,1
stable_diffusion_xl_00286,test,1,0.30882356,1
stable_diffusion_xl_00287,test,1,0.30882356,1
stable_diffusion_xl_00288,test,1,0.0025428522,0
stable_diffusion_xl_00289,test,1,0.81091785,0
stable_diffusion_xl_00290,test,1,0.30882356,1
stable_diffusion_xl_00291,test,1,0.30882356,1
stable_diffusion_xl_00292,test,1,0.30882356,1
stable_diffusion_xl_00293,test,1,0.021050682,0
stable_diffusion_xl_00294,test,1,0.4046884,0
stable_diffusion_xl_00295,test,1,0.30882356,1
stable_diffusion_xl_00296,test,1,0.06670969,0
stable_diffusion_xl_00297,test,1,0.30882356,1
stable_diffusion_xl_00298,test,1,0.016965257,0
stable_diffusion_xl_00299,test,1,0.30882356,1
stable_diffusion_xl_00300,test,1,0.90753645,0
stable_diffusion_xl_00301,test,1,0.2771658,0
stable_diffusion_xl_00302,test,1,0.680921,0
stable_diffusion_xl_00303,test,1,0.30882356,1
stable_diffusion_xl_00304,test,1,0.37780368,0
stable_diffusion_xl_00305,test,1,0.68412566,0
stable_diffusion_xl_00306,test,1,0.30882356,1
stable_diffusion_xl_00307,test,1,0.30882356,1
stable_diffusion_xl_00308,test,1,0.30882356,1
stable_diffusion_xl_00309,test,1,0.9713694,0
stable_diffusion_xl_00310,test,1,0.30882356,1
stable_diffusion_xl_00311,test,1,0.8926025,0
stable_diffusion_xl_00312,test,1,0.0017874456,0
stable_diffusion_xl_00313,test,1,0.30882356,1
stable_diffusion_xl_00314,test,1,0.009645101,0
stable_diffusion_xl_00315,test,1,0.52965957,1
stable_diffusion_xl_00316,test,1,0.69927776,0
stable_diffusion_xl_00317,test,1,0.95878386,0
stable_diffusion_xl_00318,test,1,0.30882356,1
stable_diffusion_xl_00319,test,1,0.30882356,1
stable_diffusion_xl_00320,test,1,0.151889,0
stable_diffusion_xl_00321,test,1,0.8042655,0
stable_diffusion_xl_00322,test,1,0.14224075,0
stable_diffusion_xl_00323,test,1,0.10677311,0
stable_diffusion_xl_00324,test,1,0.73450786,0
stable_diffusion_xl_00325,test,1,0.008043739,0
stable_diffusion_xl_00326,test,1,0.30882356,1
stable_diffusion_xl_00327,test,1,0.30882356,1
stable_diffusion_xl_00328,test,1,0.07321764,0
stable_diffusion_xl_00329,test,1,0.30882356,1
stable_diffusion_xl_00330,test,1,0.119002484,0
stable_diffusion_xl_00331,test,1,0.005975757,0
stable_diffusion_xl_00332,test,1,0.30882356,1
stable_diffusion_xl_00333,test,1,0.0020636744,0
stable_diffusion_xl_00334,test,1,0.30882356,1
stable_diffusion_xl_00335,test,1,0.06643383,0
stable_diffusion_xl_00336,test,1,0.30882356,1
stable_diffusion_xl_00337,test,1,0.0004183358,0
stable_diffusion_xl_00338,test,1,0.99450904,0
stable_diffusion_xl_00339,test,1,0.29397315,0
stable_diffusion_xl_00340,test,1,0.30882356,1
stable_diffusion_xl_00341,test,1,0.8889024,0
stable_diffusion_xl_00342,test,1,0.03016899,0
stable_diffusion_xl_00343,test,1,8.413096e-05,0
stable_diffusion_xl_00344,test,1,0.027458705,0
stable_diffusion_xl_00345,test,1,0.02619353,0
stable_diffusion_xl_00346,test,1,0.9970425,0
stable_diffusion_xl_00347,test,1,0.30882356,1
stable_diffusion_xl_00348,test,1,0.30882356,1
stable_diffusion_xl_00349,test,1,0.30882356,1
stable_diffusion_xl_00350,test,1,0.88201684,0
stable_diffusion_xl_00351,test,1,0.016211174,0
stable_diffusion_xl_00352,test,1,0.30882356,1
stable_diffusion_xl_00353,test,1,0.30882356,1
stable_diffusion_xl_00354,test,1,0.9999974,0
stable_diffusion_xl_00355,test,1,0.30882356,1
stable_diffusion_xl_00356,test,1,0.0125951925,0
stable_diffusion_xl_00357,test,1,0.30882356,1
stable_diffusion_xl_00358,test,1,0.30882356,1
stable_diffusion_xl_00359,test,1,0.99910283,0
stable_diffusion_xl_00360,test,1,0.030067021,0
stable_diffusion_xl_00361,test,1,0.30882356,1
stable_diffusion_xl_00362,test,1,0.30882356,1
stable_diffusion_xl_00363,test,1,0.47653657,0
stable_diffusion_xl_00364,test,1,0.40942192,0
stable_diffusion_xl_00365,test,1,0.30882356,1
stable_diffusion_xl_00366,test,1,0.73013824,0
stable_diffusion_xl_00367,test,1,0.30882356,1
stable_diffusion_xl_00368,test,1,0.30882356,1
stable_diffusion_xl_00369,test,1,0.30882356,1
stable_diffusion_xl_00370,test,1,0.30882356,1
stable_diffusion_xl_00371,test,1,0.0018312434,0
stable_diffusion_xl_00372,test,1,0.7347423,0
stable_diffusion_xl_00373,test,1,0.00022928404,0
stable_diffusion_xl_00374,test,1,0.9965321,0
stable_diffusion_xl_00375,test,1,0.30882356,1
stable_diffusion_xl_00376,test,1,0.7386322,0
stable_diffusion_xl_00377,test,1,0.30882356,1
stable_diffusion_xl_00378,test,1,8.212214e-05,0
stable_diffusion_xl_00379,test,1,0.30882356,1
stable_diffusion_xl_00380,test,1,2.788317e-06,0
stable_diffusion_xl_00381,test,1,0.30882356,1
stable_diffusion_xl_00382,test,1,0.30882356,1
stable_diffusion_xl_00383,test,1,0.30882356,1
stable_diffusion_xl_00384,test,1,0.30882356,1
stable_diffusion_xl_00385,test,1,0.014332631,0
stable_diffusion_xl_00386,test,1,0.0066214968,0
stable_diffusion_xl_00387,test,1,0.30882356,1
stable_diffusion_xl_00388,test,1,0.99952495,0
stable_diffusion_xl_00389,test,1,0.30882356,1
stable_diffusion_xl_00390,test,1,0.7468083,0
stable_diffusion_xl_00391,test,1,0.44613254,0
stable_diffusion_xl_00392,test,1,1.39297335e-05,0
stable_diffusion_xl_00393,test,1,0.30882356,1
stable_diffusion_xl_00394,test,1,0.30882356,1
stable_diffusion_xl_00395,test,1,0.30882356,1
stable_diffusion_xl_00396,test,1,0.30882356,1
stable_diffusion_xl_00397,test,1,0.30882356,1
stable_diffusion_xl_00398,test,1,0.006617903,0
stable_diffusion_xl_00399,test,1,0.6771904,0
stable_diffusion_xl_00400,test,1,0.30882356,1
stable_diffusion_xl_00401,test,1,0.30882356,1
stable_diffusion_xl_00402,test,1,0.30882356,1
stable_diffusion_xl_00403,test,1,0.15089308,0
stable_diffusion_xl_00404,test,1,0.06164833,0
stable_diffusion_xl_00405,test,1,0.30882356,1
stable_diffusion_xl_00406,test,1,0.03388786,0
stable_diffusion_xl_00407,test,1,0.30882356,1
stable_diffusion_xl_00408,test,1,0.30882356,1
stable_diffusion_xl_00409,test,1,0.30882356,1
stable_diffusion_xl_00410,test,1,0.30882356,1
stable_diffusion_xl_00411,test,1,0.045228396,0
stable_diffusion_xl_00412,test,1,0.53686714,0
stable_diffusion_xl_00413,test,1,0.58732164,0
stable_diffusion_xl_00414,test,1,0.30882356,1
stable_diffusion_xl_00415,test,1,0.30882356,1
stable_diffusion_xl_00416,test,1,0.30882356,1
stable_diffusion_xl_00417,test,1,0.03419905,0
stable_diffusion_xl_00418,test,1,0.20357944,1
stable_diffusion_xl_00419,test,1,0.061433055,0
stable_diffusion_xl_00420,test,1,0.2573277,0
stable_diffusion_xl_00421,test,1,0.30882356,1
stable_diffusion_xl_00422,test,1,0.30882356,1
stable_diffusion_xl_00423,test,1,0.9591495,0
stable_diffusion_xl_00424,test,1,0.30882356,1
stable_diffusion_xl_00425,test,1,0.2860936,0
stable_diffusion_xl_00426,test,1,0.30882356,1
stable_diffusion_xl_00427,test,1,0.014701444,0
stable_diffusion_xl_00428,test,1,0.77447987,0
stable_diffusion_xl_00429,test,1,0.18666549,0
stable_diffusion_xl_00430,test,1,0.14525603,0
stable_diffusion_xl_00431,test,1,0.30882356,1
stable_diffusion_xl_00432,test,1,0.30882356,1
stable_diffusion_xl_00433,test,1,0.30882356,1
stable_diffusion_xl_00434,test,1,5.1533738e-05,0
stable_diffusion_xl_00435,test,1,0.30882356,1
stable_diffusion_xl_00436,test,1,1.8322333e-05,0
stable_diffusion_xl_00437,test,1,0.30882356,1
stable_diffusion_xl_00438,test,1,0.36766252,0
stable_diffusion_xl_00439,test,1,0.30882356,1
stable_diffusion_xl_00440,test,1,0.30882356,1
stable_diffusion_xl_00441,test,1,0.30882356,1
stable_diffusion_xl_00442,test,1,0.10916584,0
stable_diffusion_xl_00443,test,1,0.30882356,1
stable_diffusion_xl_00444,test,1,0.30882356,1
stable_diffusion_xl_00445,test,1,0.30882356,1
stable_diffusion_xl_00446,test,1,0.970057,0
stable_diffusion_xl_00447,test,1,0.30882356,1
stable_diffusion_xl_00448,test,1,0.5126589,0
stable_diffusion_xl_00449,test,1,0.30882356,1
stable_diffusion_xl_00450,test,1,0.30882356,1
stable_diffusion_xl_00451,test,1,0.00034073845,0
stable_diffusion_xl_00452,test,1,0.30882356,1
stable_diffusion_xl_00453,test,1,0.30882356,1
stable_diffusion_xl_00454,test,1,0.04882083,0
stable_diffusion_xl_00455,test,1,0.30882356,1
stable_diffusion_xl_00456,test,1,0.105837576,0
stable_diffusion_xl_00457,test,1,0.00028479856,0
stable_diffusion_xl_00458,test,1,0.30882356,1
stable_diffusion_xl_00459,test,1,0.81155396,0
stable_diffusion_xl_00460,test,1,0.21718471,0
stable_diffusion_xl_00461,test,1,2.5363639e-05,0
stable_diffusion_xl_00462,test,1,0.09842943,0
stable_diffusion_xl_00463,test,1,0.30882356,1
stable_diffusion_xl_00464,test,1,0.30882356,1
stable_diffusion_xl_00465,test,1,0.9672702,0
stable_diffusion_xl_00466,test,1,0.1416079,0
stable_diffusion_xl_00467,test,1,0.30882356,1
stable_diffusion_xl_00468,test,1,0.30882356,1
stable_diffusion_xl_00469,test,1,0.0010686549,0
stable_diffusion_xl_00470,test,1,0.30882356,1
stable_diffusion_xl_00471,test,1,0.0155924205,0
stable_diffusion_xl_00472,test,1,0.30882356,1
stable_diffusion_xl_00473,test,1,0.38021228,0
stable_diffusion_xl_00474,test,1,0.30882356,1
stable_diffusion_xl_00475,test,1,0.6303507,0
stable_diffusion_xl_00476,test,1,0.8871729,0
stable_diffusion_xl_00477,test,1,0.30882356,1
stable_diffusion_xl_00478,test,1,0.67480606,0
stable_diffusion_xl_00479,test,1,0.26517916,0
stable_diffusion_xl_00480,test,1,0.30882356,1
stable_diffusion_xl_00481,test,1,0.30882356,1
stable_diffusion_xl_00482,test,1,0.11618208,0
stable_diffusion_xl_00483,test,1,0.0017350436,0
stable_diffusion_xl_00484,test,1,0.30882356,1
stable_diffusion_xl_00485,test,1,0.2408912,0
stable_diffusion_xl_00486,test,1,0.9774671,0
stable_diffusion_xl_00487,test,1,0.9076822,0
stable_diffusion_xl_00488,test,1,0.30882356,1
stable_diffusion_xl_00489,test,1,0.0034652343,0
stable_diffusion_xl_00490,test,1,0.30882356,1
stable_diffusion_xl_00491,test,1,0.30882356,1
stable_diffusion_xl_00492,test,1,0.30882356,1
stable_diffusion_xl_00493,test,1,0.017771367,0
stable_diffusion_xl_00494,test,1,0.054167937,0
stable_diffusion_xl_00495,test,1,0.30882356,1
stable_diffusion_xl_00496,test,1,0.00088593457,0
stable_diffusion_xl_00497,test,1,0.30882356,1
stable_diffusion_xl_00498,test,1,0.11311726,0
stable_diffusion_xl_00499,test,1,0.025643378,0
stable_diffusion_xl_00500,test,1,0.30882356,1
stable_diffusion_xl_00501,test,1,0.7704601,0
stable_diffusion_xl_00502,test,1,0.30882356,1
stable_diffusion_xl_00503,test,1,0.40351966,0
stable_diffusion_xl_00504,test,1,0.18090847,0
stable_diffusion_xl_00505,test,1,0.30882356,1
stable_diffusion_xl_00506,test,1,0.30882356,1
stable_diffusion_xl_00507,test,1,0.30882356,1
stable_diffusion_xl_00508,test,1,0.30882356,1
stable_diffusion_xl_00509,test,1,0.30882356,1
stable_diffusion_xl_00510,test,1,0.30882356,1
stable_diffusion_xl_00511,test,1,0.29026446,0
stable_diffusion_xl_00512,test,1,0.032099865,0
stable_diffusion_xl_00513,test,1,0.30882356,1
stable_diffusion_xl_00514,test,1,9.0000605e-05,0
stable_diffusion_xl_00515,test,1,0.00026773362,0
stable_diffusion_xl_00516,test,1,0.30882356,1
stable_diffusion_xl_00517,test,1,0.30882356,1
stable_diffusion_xl_00518,test,1,0.35416287,0
stable_diffusion_xl_00519,test,1,0.30882356,1
stable_diffusion_xl_00520,test,1,0.1882729,0
stable_diffusion_xl_00521,test,1,0.30882356,1
stable_diffusion_xl_00522,test,1,0.025933063,0
stable_diffusion_xl_00523,test,1,0.0019163751,0
stable_diffusion_xl_00524,test,1,0.30882356,1
stable_diffusion_xl_00525,test,1,0.14804861,0
stable_diffusion_xl_00526,test,1,0.30882356,1
stable_diffusion_xl_00527,test,1,0.0028301093,0
stable_diffusion_xl_00528,test,1,0.99997973,0
stable_diffusion_xl_00529,test,1,0.30882356,1
stable_diffusion_xl_00530,test,1,0.00040277196,0
stable_diffusion_xl_00531,test,1,0.08750325,0
stable_diffusion_xl_00532,test,1,0.014160199,0
stable_diffusion_xl_00533,test,1,0.1534461,0
stable_diffusion_xl_00534,test,1,0.30882356,1
stable_diffusion_xl_00535,test,1,0.023695484,0
stable_diffusion_xl_00536,test,1,0.30882356,1
stable_diffusion_xl_00537,test,1,0.30882356,1
stable_diffusion_xl_00538,test,1,0.00018444184,0
stable_diffusion_xl_00539,test,1,0.30882356,1
stable_diffusion_xl_00540,test,1,0.30882356,1
stable_diffusion_xl_00541,test,1,0.066291675,0
stable_diffusion_xl_00542,test,1,0.029668221,0
stable_diffusion_xl_00543,test,1,0.30882356,1
stable_diffusion_xl_00544,test,1,0.30882356,1
stable_diffusion_xl_00545,test,1,0.30882356,1
stable_diffusion_xl_00546,test,1,0.30882356,1
stable_diffusion_xl_00547,test,1,0.99432915,0
stable_diffusion_xl_00548,test,1,0.30882356,1
stable_diffusion_xl_00549,test,1,0.30882356,1
stable_diffusion_xl_00550,test,1,0.30882356,1
stable_diffusion_xl_00551,test,1,0.30882356,1
stable_diffusion_xl_00552,test,1,0.30882356,1
stable_diffusion_xl_00553,test,1,0.30882356,1
stable_diffusion_xl_00554,test,1,0.0001134882,0
stable_diffusion_xl_00555,test,1,0.30882356,1
stable_diffusion_xl_00556,test,1,0.30882356,1
stable_diffusion_xl_00557,test,1,0.14896008,0
stable_diffusion_xl_00558,test,1,0.4262914,0
stable_diffusion_xl_00559,test,1,0.30882356,1
stable_diffusion_xl_00560,test,1,0.3192639,1
stable_diffusion_xl_00561,test,1,0.5244156,0
stable_diffusion_xl_00562,test,1,0.30882356,1
stable_diffusion_xl_00563,test,1,0.30882356,1
stable_diffusion_xl_00564,test,1,0.017330198,0
stable_diffusion_xl_00565,test,1,0.30882356,1
stable_diffusion_xl_00566,test,1,0.30882356,1
stable_diffusion_xl_00567,test,1,0.30882356,1
stable_diffusion_xl_00568,test,1,0.30882356,1
stable_diffusion_xl_00569,test,1,0.30882356,1
stable_diffusion_xl_00570,test,1,0.30882356,1
stable_diffusion_xl_00571,test,1,0.30882356,1
stable_diffusion_xl_00572,test,1,0.18555155,0
stable_diffusion_xl_00573,test,1,8.5013935e-06,0
stable_diffusion_xl_00574,test,1,0.15260518,0
stable_diffusion_xl_00575,test,1,0.08031016,0
stable_diffusion_xl_00576,test,1,0.02931276,0
stable_diffusion_xl_00577,test,1,0.30882356,1
stable_diffusion_xl_00578,test,1,0.30882356,1
stable_diffusion_xl_00579,test,1,0.30882356,1
stable_diffusion_xl_00580,test,1,0.63691574,0
stable_diffusion_xl_00581,test,1,0.10637877,0
stable_diffusion_xl_00582,test,1,0.30882356,1
stable_diffusion_xl_00583,test,1,0.30882356,1
stable_diffusion_xl_00584,test,1,0.30882356,1
stable_diffusion_xl_00585,test,1,0.00010241582,0
stable_diffusion_xl_00586,test,1,0.03781951,0
stable_diffusion_xl_00587,test,1,0.30882356,1
stable_diffusion_xl_00588,test,1,0.15104885,0
stable_diffusion_xl_00589,test,1,0.001666319,0
stable_diffusion_xl_00590,test,1,0.30882356,1
stable_diffusion_xl_00591,test,1,0.121987596,0
stable_diffusion_xl_00592,test,1,0.30882356,1
stable_diffusion_xl_00593,test,1,0.9482504,0
stable_diffusion_xl_00594,test,1,0.02124462,0
stable_diffusion_xl_00595,test,1,0.43865773,0
stable_diffusion_xl_00596,test,1,0.30882356,1
stable_diffusion_xl_00597,test,1,0.30882356,1
stable_diffusion_xl_00598,test,1,0.5301306,0
stable_diffusion_xl_00599,test,1,0.30882356,1
stable_diffusion_xl_00600,test,1,0.30882356,1
stable_diffusion_xl_00601,test,1,0.33199733,0
stable_diffusion_xl_00602,test,1,0.1991378,0
stable_diffusion_xl_00603,test,1,0.30882356,1
stable_diffusion_xl_00604,test,1,0.0010312451,0
stable_diffusion_xl_00605,test,1,0.30882356,1
stable_diffusion_xl_00606,test,1,0.30882356,1
stable_diffusion_xl_00607,test,1,0.011526965,0
stable_diffusion_xl_00608,test,1,0.720853,0
stable_diffusion_xl_00609,test,1,0.0059154835,0
stable_diffusion_xl_00610,test,1,0.08507955,0
stable_diffusion_xl_00611,test,1,0.30882356,1
stable_diffusion_xl_00612,test,1,0.30882356,1
stable_diffusion_xl_00613,test,1,0.30882356,1
stable_diffusion_xl_00614,test,1,0.30882356,1
stable_diffusion_xl_00615,test,1,0.99528617,0
stable_diffusion_xl_00616,test,1,0.799838,0
stable_diffusion_xl_00617,test,1,0.0030877246,0
stable_diffusion_xl_00618,test,1,0.11642118,0
stable_diffusion_xl_00619,test,1,0.88815576,0
stable_diffusion_xl_00620,test,1,0.45202392,0
stable_diffusion_xl_00621,test,1,0.021820677,0
stable_diffusion_xl_00622,test,1,0.0012297023,0
stable_diffusion_xl_00623,test,1,0.00024128822,0
stable_diffusion_xl_00624,test,1,0.30882356,1
stable_diffusion_xl_00625,test,1,1.0911647e-06,0
stable_diffusion_xl_00626,test,1,0.2624813,0
stable_diffusion_xl_00627,test,1,0.30882356,1
stable_diffusion_xl_00628,test,1,0.9774534,0
stable_diffusion_xl_00629,test,1,0.30882356,1
stable_diffusion_xl_00630,test,1,0.33950984,0
stable_diffusion_xl_00631,test,1,0.30882356,1
stable_diffusion_xl_00632,test,1,0.30882356,1
stable_diffusion_xl_00633,test,1,0.063240066,1
stable_diffusion_xl_00634,test,1,0.97514254,0
stable_diffusion_xl_00635,test,1,0.36385453,0
stable_diffusion_xl_00636,test,1,0.16461867,0
stable_diffusion_xl_00637,test,1,0.30882356,1
stable_diffusion_xl_00638,test,1,0.30882356,1
stable_diffusion_xl_00639,test,1,0.30882356,1
stable_diffusion_xl_00640,test,1,0.30882356,1
stable_diffusion_xl_00641,test,1,0.6216971,0
stable_diffusion_xl_00642,test,1,0.30882356,1
stable_diffusion_xl_00643,test,1,0.30882356,1
stable_diffusion_xl_00644,test,1,0.021397155,0
stable_diffusion_xl_00645,test,1,0.30882356,1
stable_diffusion_xl_00646,test,1,0.30882356,1
stable_diffusion_xl_00647,test,1,0.2593252,0
stable_diffusion_xl_00648,test,1,0.30882356,1
stable_diffusion_xl_00649,test,1,0.30882356,1
stable_diffusion_xl_00650,test,1,0.30882356,1
stable_diffusion_xl_00651,test,1,0.98602504,0
stable_diffusion_xl_00652,test,1,0.30882356,1
stable_diffusion_xl_00653,test,1,0.9883745,0
stable_diffusion_xl_00654,test,1,0.30882356,1
stable_diffusion_xl_00655,test,1,0.4206783,0
stable_diffusion_xl_00656,test,1,0.30882356,1
stable_diffusion_xl_00657,test,1,0.5459349,0
stable_diffusion_xl_00658,test,1,0.30882356,1
stable_diffusion_xl_00659,test,1,0.7442801,0
stable_diffusion_xl_00660,test,1,0.0017330808,0
stable_diffusion_xl_00661,test,1,0.30882356,1
stable_diffusion_xl_00662,test,1,0.003865678,0
stable_diffusion_xl_00663,test,1,0.30882356,1
stable_diffusion_xl_00664,test,1,0.0011849068,0
stable_diffusion_xl_00665,test,1,0.41790453,0
stable_diffusion_xl_00666,test,1,0.30882356,1
stable_diffusion_xl_00667,test,1,0.08470874,0
stable_diffusion_xl_00668,test,1,0.03269074,0
stable_diffusion_xl_00669,test,1,0.30882356,1
stable_diffusion_xl_00670,test,1,0.30882356,1
stable_diffusion_xl_00671,test,1,0.30882356,1
stable_diffusion_xl_00672,test,1,0.065081626,0
stable_diffusion_xl_00673,test,1,0.30882356,1
stable_diffusion_xl_00674,test,1,0.30882356,1
stable_diffusion_xl_00675,test,1,0.012701996,0
stable_diffusion_xl_00676,test,1,0.041819524,0
stable_diffusion_xl_00677,test,1,0.30882356,1
stable_diffusion_xl_00678,test,1,0.07130022,0
stable_diffusion_xl_00679,test,1,0.041959114,0
stable_diffusion_xl_00680,test,1,0.99954635,0
stable_diffusion_xl_00681,test,1,0.30882356,1
stable_diffusion_xl_00682,test,1,0.30882356,1
stable_diffusion_xl_00683,test,1,0.075913854,0
stable_diffusion_xl_00684,test,1,0.30882356,1
stable_diffusion_xl_00685,test,1,4.1153303e-06,0
stable_diffusion_xl_00686,test,1,0.30882356,1
stable_diffusion_xl_00687,test,1,0.30882356,1
stable_diffusion_xl_00688,test,1,0.30882356,1
stable_diffusion_xl_00689,test,1,0.4885729,0
stable_diffusion_xl_00690,test,1,0.0013913427,0
stable_diffusion_xl_00691,test,1,0.30882356,1
stable_diffusion_xl_00692,test,1,0.026587604,0
stable_diffusion_xl_00693,test,1,0.30882356,1
stable_diffusion_xl_00694,test,1,0.0022967295,0
stable_diffusion_xl_00695,test,1,0.9752176,0
stable_diffusion_xl_00696,test,1,0.30882356,1
stable_diffusion_xl_00697,test,1,0.0032300167,0
stable_diffusion_xl_00698,test,1,0.30882356,1
stable_diffusion_xl_00699,test,1,0.6600321,0
stable_diffusion_xl_00700,test,1,0.30882356,1
stable_diffusion_xl_00701,test,1,0.30882356,1
stable_diffusion_xl_00702,test,1,0.30882356,1
stable_diffusion_xl_00703,test,1,0.30882356,1
stable_diffusion_xl_00704,test,1,0.19626904,0
stable_diffusion_xl_00705,test,1,0.00087751675,0
stable_diffusion_xl_00706,test,1,0.30882356,1
stable_diffusion_xl_00707,test,1,0.30882356,1
stable_diffusion_xl_00708,test,1,0.1001824,0
stable_diffusion_xl_00709,test,1,0.30882356,1
stable_diffusion_xl_00710,test,1,0.95608187,0
stable_diffusion_xl_00711,test,1,0.373886,0
stable_diffusion_xl_00712,test,1,0.30882356,1
stable_diffusion_xl_00713,test,1,0.0008015393,0
stable_diffusion_xl_00714,test,1,0.21654622,1
stable_diffusion_xl_00715,test,1,0.30882356,1
stable_diffusion_xl_00716,test,1,0.30882356,1
stable_diffusion_xl_00717,test,1,0.30882356,1
stable_diffusion_xl_00718,test,1,0.30882356,1
stable_diffusion_xl_00719,test,1,0.014346805,0
stable_diffusion_xl_00720,test,1,0.30882356,1
stable_diffusion_xl_00721,test,1,0.20262802,0
stable_diffusion_xl_00722,test,1,0.007160981,0
stable_diffusion_xl_00723,test,1,0.78467166,0
stable_diffusion_xl_00724,test,1,0.30882356,1
stable_diffusion_xl_00725,test,1,0.030308368,0
stable_diffusion_xl_00726,test,1,0.18540774,0
stable_diffusion_xl_00727,test,1,0.99770594,0
stable_diffusion_xl_00728,test,1,0.30882356,1
stable_diffusion_xl_00729,test,1,0.22804484,0
stable_diffusion_xl_00730,test,1,0.30882356,1
stable_diffusion_xl_00731,test,1,0.30882356,1
stable_diffusion_xl_00732,test,1,0.30882356,1
stable_diffusion_xl_00733,test,1,0.002418928,0
stable_diffusion_xl_00734,test,1,0.30882356,1
stable_diffusion_xl_00735,test,1,0.0014905799,0
stable_diffusion_xl_00736,test,1,0.30882356,1
stable_diffusion_xl_00737,test,1,0.30882356,1
stable_diffusion_xl_00738,test,1,0.30882356,1
stable_diffusion_xl_00739,test,1,0.30882356,1
stable_diffusion_xl_00740,test,1,0.17444706,0
stable_diffusion_xl_00741,test,1,0.30882356,1
stable_diffusion_xl_00742,test,1,1.2087853e-05,0
stable_diffusion_xl_00743,test,1,0.30882356,1
stable_diffusion_xl_00744,test,1,0.30882356,1
stable_diffusion_xl_00745,test,1,0.17949012,0
stable_diffusion_xl_00746,test,1,0.30882356,1
stable_diffusion_xl_00747,test,1,0.42994255,0
stable_diffusion_xl_00748,test,1,0.30882356,1
stable_diffusion_xl_00749,test,1,0.30882356,1
stable_diffusion_xl_00750,test,1,0.30882356,1
stable_diffusion_xl_00751,test,1,0.62109196,0
stable_diffusion_xl_00752,test,1,0.30882356,1
stable_diffusion_xl_00753,test,1,0.30882356,1
stable_diffusion_xl_00754,test,1,0.30882356,1
stable_diffusion_xl_00755,test,1,0.30882356,1
stable_diffusion_xl_00756,test,1,0.117016196,0
stable_diffusion_xl_00757,test,1,0.30882356,1
stable_diffusion_xl_00758,test,1,0.30882356,1
stable_diffusion_xl_00759,test,1,0.85219204,0
stable_diffusion_xl_00760,test,1,0.30882356,1
stable_diffusion_xl_00761,test,1,0.0035058882,0
stable_diffusion_xl_00762,test,1,0.7887943,0
stable_diffusion_xl_00763,test,1,0.30882356,1
stable_diffusion_xl_00764,test,1,0.0022288053,0
stable_diffusion_xl_00765,test,1,0.038132638,0
stable_diffusion_xl_00766,test,1,0.30882356,1
stable_diffusion_xl_00767,test,1,0.00038310164,0
stable_diffusion_xl_00768,test,1,0.30882356,1
stable_diffusion_xl_00769,test,1,0.0002421243,0
stable_diffusion_xl_00770,test,1,0.30882356,1
stable_diffusion_xl_00771,test,1,0.30882356,1
stable_diffusion_xl_00772,test,1,0.30882356,1
stable_diffusion_xl_00773,test,1,0.36613247,0
stable_diffusion_xl_00774,test,1,0.52691394,0
stable_diffusion_xl_00775,test,1,0.30882356,1
stable_diffusion_xl_00776,test,1,0.09659676,0
stable_diffusion_xl_00777,test,1,0.034871627,0
stable_diffusion_xl_00778,test,1,0.30882356,1
stable_diffusion_xl_00779,test,1,0.00017323565,0
stable_diffusion_xl_00780,test,1,0.30882356,1
stable_diffusion_xl_00781,test,1,0.8606806,0
stable_diffusion_xl_00782,test,1,0.30882356,1
stable_diffusion_xl_00783,test,1,0.30882356,1
stable_diffusion_xl_00784,test,1,0.30882356,1
stable_diffusion_xl_00785,test,1,0.99223834,0
stable_diffusion_xl_00786,test,1,0.30882356,1
stable_diffusion_xl_00787,test,1,0.028974714,0
stable_diffusion_xl_00788,test,1,0.23182225,0
stable_diffusion_xl_00789,test,1,0.40161517,0
stable_diffusion_xl_00790,test,1,0.30882356,1
stable_diffusion_xl_00791,test,1,0.07733846,0
stable_diffusion_xl_00792,test,1,0.19137062,0
stable_diffusion_xl_00793,test,1,0.27596682,0
stable_diffusion_xl_00794,test,1,0.0005325393,0
stable_diffusion_xl_00795,test,1,0.96010244,0
stable_diffusion_xl_00796,test,1,0.30882356,1
stable_diffusion_xl_00797,test,1,0.1001515,0
stable_diffusion_xl_00798,test,1,0.30882356,1
stable_diffusion_xl_00799,test,1,0.096308805,0
stable_diffusion_xl_00800,test,1,0.598156,0
stable_diffusion_xl_00801,test,1,0.099372,0
stable_diffusion_xl_00802,test,1,0.30882356,1
stable_diffusion_xl_00803,test,1,0.18458949,0
stable_diffusion_xl_00804,test,1,0.30882356,1
stable_diffusion_xl_00805,test,1,0.03451164,1
stable_diffusion_xl_00806,test,1,0.30882356,1
stable_diffusion_xl_00807,test,1,0.0022238924,0
stable_diffusion_xl_00808,test,1,0.30882356,1
stable_diffusion_xl_00809,test,1,0.30882356,1
stable_diffusion_xl_00810,test,1,0.30882356,1
stable_diffusion_xl_00811,test,1,0.018770559,0
stable_diffusion_xl_00812,test,1,3.4131888e-06,0
stable_diffusion_xl_00813,test,1,0.20734233,0
stable_diffusion_xl_00814,test,1,0.30882356,1
stable_diffusion_xl_00815,test,1,0.061505187,0
stable_diffusion_xl_00816,test,1,0.30882356,1
stable_diffusion_xl_00817,test,1,0.037422467,0
stable_diffusion_xl_00818,test,1,0.30882356,1
stable_diffusion_xl_00819,test,1,0.001722649,0
stable_diffusion_xl_00820,test,1,0.39092544,0
stable_diffusion_xl_00821,test,1,0.30882356,1
stable_diffusion_xl_00822,test,1,0.30882356,1
stable_diffusion_xl_00823,test,1,0.30882356,1
stable_diffusion_xl_00824,test,1,0.30882356,1
stable_diffusion_xl_00825,test,1,0.30882356,1
stable_diffusion_xl_00826,test,1,1.5434767e-05,0
stable_diffusion_xl_00827,test,1,0.30882356,1
stable_diffusion_xl_00828,test,1,0.68686444,0
stable_diffusion_xl_00829,test,1,0.30882356,1
stable_diffusion_xl_00830,test,1,0.13940081,0
stable_diffusion_xl_00831,test,1,0.0021163046,0
stable_diffusion_xl_00832,test,1,0.30882356,1
stable_diffusion_xl_00833,test,1,0.30882356,1
stable_diffusion_xl_00834,test,1,0.30882356,1
stable_diffusion_xl_00835,test,1,0.009459411,0
stable_diffusion_xl_00836,test,1,0.18804981,0
stable_diffusion_xl_00837,test,1,0.30882356,1
stable_diffusion_xl_00838,test,1,0.013966555,0
stable_diffusion_xl_00839,test,1,0.30882356,1
stable_diffusion_xl_00840,test,1,0.30882356,1
stable_diffusion_xl_00841,test,1,0.083688475,0
stable_diffusion_xl_00842,test,1,0.30882356,1
stable_diffusion_xl_00843,test,1,0.30882356,1
stable_diffusion_xl_00844,test,1,0.30882356,1
stable_diffusion_xl_00845,test,1,0.30882356,1
stable_diffusion_xl_00846,test,1,0.7990807,0
stable_diffusion_xl_00847,test,1,0.97036463,0
stable_diffusion_xl_00848,test,1,0.30882356,1
stable_diffusion_xl_00849,test,1,0.011660851,0
stable_diffusion_xl_00850,test,1,0.0017816941,0
stable_diffusion_xl_00851,test,1,0.17124155,0
stable_diffusion_xl_00852,test,1,0.01646246,0
stable_diffusion_xl_00853,test,1,0.010576465,0
stable_diffusion_xl_00854,test,1,0.30882356,1
stable_diffusion_xl_00855,test,1,0.30882356,1
stable_diffusion_xl_00856,test,1,0.09941406,0
stable_diffusion_xl_00857,test,1,0.30882356,1
stable_diffusion_xl_00858,test,1,0.30882356,1
stable_diffusion_xl_00859,test,1,0.0747677,0
stable_diffusion_xl_00860,test,1,0.30882356,1
stable_diffusion_xl_00861,test,1,0.30882356,1
stable_diffusion_xl_00862,test,1,0.30882356,1
stable_diffusion_xl_00863,test,1,0.0017874227,0
stable_diffusion_xl_00864,test,1,0.85803777,0
stable_diffusion_xl_00865,test,1,0.12464448,0
stable_diffusion_xl_00866,test,1,0.30882356,1
stable_diffusion_xl_00867,test,1,0.30882356,1
stable_diffusion_xl_00868,test,1,0.30882356,1
stable_diffusion_xl_00869,test,1,0.30882356,1
stable_diffusion_xl_00870,test,1,0.30882356,1
stable_diffusion_xl_00871,test,1,0.30882356,1
stable_diffusion_xl_00872,test,1,0.30882356,1
stable_diffusion_xl_00873,test,1,0.14794624,0
stable_diffusion_xl_00874,test,1,0.30882356,1
stable_diffusion_xl_00875,test,1,0.30882356,1
stable_diffusion_xl_00876,test,1,0.017835628,0
stable_diffusion_xl_00877,test,1,0.30882356,1
stable_diffusion_xl_00878,test,1,0.30882356,1
stable_diffusion_xl_00879,test,1,0.30882356,1
stable_diffusion_xl_00880,test,1,0.2679799,0
stable_diffusion_xl_00881,test,1,0.30882356,1
stable_diffusion_xl_00882,test,1,0.0015766663,0
stable_diffusion_xl_00883,test,1,0.30882356,1
stable_diffusion_xl_00884,test,1,0.30882356,1
stable_diffusion_xl_00885,test,1,0.30882356,1
stable_diffusion_xl_00886,test,1,0.014825986,0
stable_diffusion_xl_00887,test,1,0.0033321765,0
stable_diffusion_xl_00888,test,1,0.30882356,1
stable_diffusion_xl_00889,test,1,0.082587376,0
stable_diffusion_xl_00890,test,1,0.30882356,1
stable_diffusion_xl_00891,test,1,0.30882356,1
stable_diffusion_xl_00892,test,1,0.30882356,1
stable_diffusion_xl_00893,test,1,0.30882356,1
stable_diffusion_xl_00894,test,1,0.30882356,1
stable_diffusion_xl_00895,test,1,0.30882356,1
stable_diffusion_xl_00896,test,1,0.30882356,1
stable_diffusion_xl_00897,test,1,0.30882356,1
stable_diffusion_xl_00898,test,1,0.03757448,0
stable_diffusion_xl_00899,test,1,0.051441632,0
stable_diffusion_xl_00900,test,1,0.30882356,1
stable_diffusion_xl_00901,test,1,0.9993554,0
stable_diffusion_xl_00902,test,1,0.71982014,0
stable_diffusion_xl_00903,test,1,0.30882356,1
stable_diffusion_xl_00904,test,1,0.002176577,0
stable_diffusion_xl_00905,test,1,0.30882356,1
stable_diffusion_xl_00906,test,1,0.5506868,0
stable_diffusion_xl_00907,test,1,0.30882356,1
stable_diffusion_xl_00908,test,1,0.6860451,0
stable_diffusion_xl_00909,test,1,0.118540384,0
stable_diffusion_xl_00910,test,1,0.9893517,0
stable_diffusion_xl_00911,test,1,0.36618194,0
stable_diffusion_xl_00912,test,1,0.6465705,0
stable_diffusion_xl_00913,test,1,0.019477371,0
stable_diffusion_xl_00914,test,1,0.30882356,1
stable_diffusion_xl_00915,test,1,0.30110496,0
stable_diffusion_xl_00916,test,1,0.30882356,1
stable_diffusion_xl_00917,test,1,0.022365952,0
stable_diffusion_xl_00918,test,1,0.30882356,1
stable_diffusion_xl_00919,test,1,0.30882356,1
stable_diffusion_xl_00920,test,1,0.30882356,1
stable_diffusion_xl_00921,test,1,0.30882356,1
stable_diffusion_xl_00922,test,1,0.30882356,1
stable_diffusion_xl_00923,test,1,0.06521467,0
stable_diffusion_xl_00924,test,1,0.99996793,0
stable_diffusion_xl_00925,test,1,0.6896144,0
stable_diffusion_xl_00926,test,1,0.30882356,1
stable_diffusion_xl_00927,test,1,0.9999963,0
stable_diffusion_xl_00928,test,1,8.319156e-06,0
stable_diffusion_xl_00929,test,1,0.30882356,1
stable_diffusion_xl_00930,test,1,0.30882356,1
stable_diffusion_xl_00931,test,1,0.9363129,0
stable_diffusion_xl_00932,test,1,0.30882356,1
stable_diffusion_xl_00933,test,1,0.30882356,1
stable_diffusion_xl_00934,test,1,0.30882356,1
stable_diffusion_xl_00935,test,1,0.99999964,0
stable_diffusion_xl_00936,test,1,0.039822068,0
stable_diffusion_xl_00937,test,1,0.30882356,1
stable_diffusion_xl_00938,test,1,0.8272303,0
stable_diffusion_xl_00939,test,1,0.30882356,1
stable_diffusion_xl_00940,test,1,0.0018597231,0
stable_diffusion_xl_00941,test,1,0.30882356,1
stable_diffusion_xl_00942,test,1,0.023619942,0
stable_diffusion_xl_00943,test,1,0.026122648,0
stable_diffusion_xl_00944,test,1,0.16145436,0
stable_diffusion_xl_00945,test,1,0.30882356,1
stable_diffusion_xl_00946,test,1,0.3958668,0
stable_diffusion_xl_00947,test,1,0.30882356,1
stable_diffusion_xl_00948,test,1,0.30882356,1
stable_diffusion_xl_00949,test,1,0.8982132,0
stable_diffusion_xl_00950,test,1,0.30882356,1
stable_diffusion_xl_00951,test,1,0.30882356,1
stable_diffusion_xl_00952,test,1,0.30882356,1
stable_diffusion_xl_00953,test,1,0.30882356,1
stable_diffusion_xl_00954,test,1,0.8427654,0
stable_diffusion_xl_00955,test,1,0.9991824,0
stable_diffusion_xl_00956,test,1,0.30882356,1
stable_diffusion_xl_00957,test,1,0.3450577,0
stable_diffusion_xl_00958,test,1,0.30882356,1
stable_diffusion_xl_00959,test,1,0.30882356,1
stable_diffusion_xl_00960,test,1,2.15649e-05,0
stable_diffusion_xl_00961,test,1,0.038777303,0
stable_diffusion_xl_00962,test,1,0.30882356,1
stable_diffusion_xl_00963,test,1,0.30882356,1
stable_diffusion_xl_00964,test,1,0.30882356,1
stable_diffusion_xl_00965,test,1,0.30882356,1
stable_diffusion_xl_00966,test,1,0.30882356,1
stable_diffusion_xl_00967,test,1,0.30882356,1
stable_diffusion_xl_00968,test,1,0.118367985,0
stable_diffusion_xl_00969,test,1,0.20836045,0
stable_diffusion_xl_00970,test,1,0.011842945,0
stable_diffusion_xl_00971,test,1,0.30882356,1
stable_diffusion_xl_00972,test,1,0.021608617,0
stable_diffusion_xl_00973,test,1,0.30882356,1
stable_diffusion_xl_00974,test,1,0.16659115,0
stable_diffusion_xl_00975,test,1,0.30882356,1
stable_diffusion_xl_00976,test,1,0.30882356,1
stable_diffusion_xl_00977,test,1,0.049769957,0
stable_diffusion_xl_00978,test,1,0.25500622,0
stable_diffusion_xl_00979,test,1,0.22672401,0
stable_diffusion_xl_00980,test,1,0.4104816,0
stable_diffusion_xl_00981,test,1,0.010941987,0
stable_diffusion_xl_00982,test,1,0.30882356,1
stable_diffusion_xl_00983,test,1,0.30882356,1
stable_diffusion_xl_00984,test,1,0.30882356,1
stable_diffusion_xl_00985,test,1,0.18196127,0
stable_diffusion_xl_00986,test,1,0.66601616,0
stable_diffusion_xl_00987,test,1,0.30882356,1
stable_diffusion_xl_00988,test,1,0.0012661145,0
stable_diffusion_xl_00989,test,1,0.30882356,1
stable_diffusion_xl_00990,test,1,0.30882356,1
stable_diffusion_xl_00991,test,1,0.30882356,1
stable_diffusion_xl_00992,test,1,0.30882356,1
stable_diffusion_xl_00993,test,1,0.30882356,1
stable_diffusion_xl_00994,test,1,0.005470365,0
stable_diffusion_xl_00995,test,1,0.30882356,1
stable_diffusion_xl_00996,test,1,0.30882356,1
stable_diffusion_xl_00997,test,1,0.23048088,0
stable_diffusion_xl_00998,test,1,0.30882356,1
stable_diffusion_xl_00999,test,1,0.015480733,0
coco_000010,test,0,0.637871,0
coco_000022,test,0,0.30882356,1
coco_000023,test,0,0.74587005,0
coco_000027,test,0,0.30882356,1
coco_000033,test,0,0.032417074,0
coco_000046,test,0,0.30882356,1
coco_000052,test,0,0.30882356,1
coco_000053,test,0,0.0296744,0
coco_000055,test,0,0.30882356,1
coco_000060,test,0,0.0043015154,0
coco_000061,test,0,0.30882356,1
coco_000062,test,0,0.36206418,0
coco_000079,test,0,0.29190642,0
coco_000081,test,0,0.00017072979,0
coco_000083,test,0,0.30882356,1
coco_000085,test,0,0.4781298,0
coco_000095,test,0,0.009965799,0
coco_000164,test,0,0.30882356,1
coco_000180,test,0,0.94298863,0
coco_000184,test,0,0.30882356,1
coco_000199,test,0,0.018880444,0
coco_000201,test,0,0.0093588205,0
coco_000204,test,0,0.30882356,1
coco_000222,test,0,0.30882356,1
coco_000227,test,0,0.30882356,1
coco_000262,test,0,0.30205142,0
coco_000269,test,0,0.00023034369,0
coco_000271,test,0,0.85739326,0
coco_000277,test,0,0.02149327,0
coco_000279,test,0,0.14299643,0
coco_000288,test,0,1.568551e-05,0
coco_000297,test,0,0.9368756,0
coco_000300,test,0,0.30882356,1
coco_000315,test,0,0.0057902457,0
coco_000345,test,0,0.011795476,0
coco_000347,test,0,0.30882356,1
coco_000358,test,0,0.9976546,0
coco_000378,test,0,0.30882356,1
coco_000380,test,0,0.00046674997,0
coco_000389,test,0,0.0818804,0
coco_000390,test,0,0.93260723,0
coco_000397,test,0,0.00049794914,0
coco_000410,test,0,6.581389e-06,0
coco_000432,test,0,0.30882356,1
coco_000450,test,0,0.002066234,0
coco_000460,test,0,0.011600845,0
coco_000471,test,0,0.0017052493,0
coco_000474,test,0,0.99796826,0
coco_000484,test,0,0.89853686,0
coco_000489,test,0,0.5969357,0
coco_000491,test,0,0.30882356,1
coco_000528,test,0,0.30882356,1
coco_000553,test,0,0.05023867,0
coco_000566,test,0,0.0026750814,0
coco_000568,test,0,0.30882356,1
coco_000576,test,0,0.0042199534,0
coco_000577,test,0,0.0026601069,0
coco_000584,test,0,0.0062469225,0
coco_000588,test,0,0.30882356,1
coco_000598,test,0,2.561628e-08,0
coco_000599,test,0,1.8750496e-05,0
coco_000605,test,0,0.028073434,0
coco_000607,test,0,0.000585104,0
coco_000620,test,0,0.6609071,0
coco_000627,test,0,0.010645472,0
coco_000646,test,0,0.002511105,0
coco_000675,test,0,0.033127982,0
coco_000707,test,0,0.0030939234,0
coco_000717,test,0,0.89186317,0
coco_000726,test,0,0.30882356,1
coco_000736,test,0,0.30882356,1
coco_000744,test,0,0.30882356,1
coco_000749,test,0,0.30882356,1
coco_000750,test,0,0.20341778,0
coco_000753,test,0,0.30882356,1
coco_000758,test,0,0.30882356,1
coco_000764,test,0,0.30882356,1
coco_000781,test,0,0.083468966,0
coco_000796,test,0,0.28323662,0
coco_000801,test,0,0.93729883,0
coco_000808,test,0,0.0014386737,0
coco_000824,test,0,0.0018552515,0
coco_000856,test,0,0.30882356,1
coco_000861,test,0,0.0042820065,0
coco_000872,test,0,0.30882356,1
coco_000873,test,0,0.03276678,0
coco_000878,test,0,0.025628095,0
coco_000887,test,0,0.30882356,1
coco_000899,test,0,0.00020515846,0
coco_000914,test,0,0.009292538,0
coco_000916,test,0,0.30882356,1
coco_000924,test,0,0.090404734,0
coco_000942,test,0,0.30882356,1
coco_000946,test,0,0.49917212,0
coco_000953,test,0,0.30882356,1
coco_000958,test,0,0.30882356,1
coco_000970,test,0,0.0016146671,0
coco_000977,test,0,0.30882356,1
coco_000981,test,0,0.85638756,0
coco_000984,test,0,0.30882356,1
coco_000991,test,0,0.0077184937,0
coco_001015,test,0,0.30882356,1
coco_001037,test,0,0.30882356,1
coco_001042,test,0,0.96827793,0
coco_001049,test,0,0.022300249,0
coco_001057,test,0,0.30882356,1
coco_001068,test,0,0.30882356,1
coco_001073,test,0,0.30882356,1
coco_001079,test,0,0.00014396221,0
coco_001080,test,0,2.6011798e-05,0
coco_001090,test,0,0.00091970264,0
coco_001101,test,0,0.0014268672,0
coco_001110,test,0,0.06873477,0
coco_001117,test,0,0.30882356,1
coco_001159,test,0,0.007615936,0
coco_001172,test,0,0.0037735826,0
coco_001182,test,0,0.3437132,0
coco_001193,test,0,0.20811939,0
coco_001197,test,0,0.9440665,0
coco_001201,test,0,0.008662696,0
coco_001202,test,0,0.57194954,0
coco_001237,test,0,0.0010528453,0
coco_001240,test,0,0.0033336673,0
coco_001252,test,0,0.85377914,0
coco_001272,test,0,0.48882103,0
coco_001288,test,0,0.06532245,0
coco_001290,test,0,0.30882356,1
coco_001292,test,0,0.10079869,0
coco_001298,test,0,1.3319719e-05,0
coco_001301,test,0,0.0025560765,0
coco_001313,test,0,0.0013384988,0
coco_001322,test,0,0.30882356,1
coco_001326,test,0,0.097440474,0
coco_001331,test,0,0.30882356,1
coco_001337,test,0,0.003436596,0
coco_001344,test,0,0.56732714,0
coco_001350,test,0,0.9999348,0
coco_001371,test,0,0.43897536,0
coco_001390,test,0,0.43516302,0
coco_001393,test,0,0.30882356,1
coco_001398,test,0,0.00016140092,0
coco_001404,test,0,0.07390575,0
coco_001410,test,0,0.008516221,0
coco_001424,test,0,0.1571116,0
coco_001426,test,0,0.30882356,1
coco_001453,test,0,0.30882356,1
coco_001471,test,0,0.30882356,1
coco_001487,test,0,0.10282991,0
coco_001488,test,0,0.0077286055,0
coco_001499,test,0,0.16395625,0
coco_001500,test,0,0.010924048,0
coco_001508,test,0,0.30882356,1
coco_001510,test,0,0.30882356,1
coco_001523,test,0,0.30882356,1
coco_001530,test,0,0.30882356,1
coco_001532,test,0,0.002083066,0
coco_001544,test,0,0.9999361,0
coco_001562,test,0,0.013761458,0
coco_001564,test,0,0.28042653,0
coco_001577,test,0,0.9920121,0
coco_001579,test,0,0.30882356,1
coco_001588,test,0,0.003807139,0
coco_001595,test,0,0.0044694534,0
coco_001608,test,0,0.012499084,0
coco_001628,test,0,0.01052127,0
coco_001630,test,0,0.28440848,0
coco_001631,test,0,0.0016539742,0
coco_001637,test,0,3.2786104e-08,0
coco_001640,test,0,0.0022067712,0
coco_001655,test,0,0.30882356,1
coco_001661,test,0,0.30882356,1
coco_001669,test,0,1.8879615e-05,0
coco_001709,test,0,0.0005074687,0
coco_001710,test,0,0.003629237,0
coco_001722,test,0,0.11525069,0
coco_001731,test,0,0.0012690278,0
coco_001735,test,0,0.30882356,1
coco_001740,test,0,0.026521236,0
coco_001749,test,0,0.30882356,1
coco_001752,test,0,0.30882356,1
coco_001780,test,0,0.30882356,1
coco_001788,test,0,0.99999034,0
coco_001790,test,0,2.5221883e-05,0
coco_001800,test,0,0.30882356,1
coco_001815,test,0,2.6622238e-05,0
coco_001824,test,0,0.055745196,0
coco_001825,test,0,0.30882356,1
coco_001833,test,0,0.93805236,0
coco_001836,test,0,0.14420798,0
coco_001845,test,0,0.9748849,0
coco_001858,test,0,0.076783255,0
coco_001861,test,0,0.30882356,1
coco_001870,test,0,0.012757128,0
coco_001871,test,0,0.59535694,0
coco_001885,test,0,0.0017092427,0
coco_001886,test,0,0.055397075,0
coco_001897,test,0,0.000120658384,0
coco_001898,test,0,0.30882356,1
coco_001902,test,0,0.30882356,1
coco_001906,test,0,0.30882356,1
coco_001908,test,0,0.96081847,0
coco_001928,test,0,0.001426116,0
coco_001937,test,0,0.30882356,1
coco_001952,test,0,0.30882356,1
coco_001954,test,0,0.08664316,0
coco_001959,test,0,0.30882356,1
coco_001968,test,0,0.18099101,0
coco_001971,test,0,0.36269605,0
coco_001990,test,0,0.30882356,1
coco_001994,test,0,0.92169845,0
coco_002009,test,0,0.032084502,0
coco_002028,test,0,0.92364466,0
coco_002058,test,0,0.30882356,1
coco_002066,test,0,0.30882356,1
coco_002067,test,0,0.006217467,0
coco_002075,test,0,0.77411735,0
coco_002081,test,0,0.30882356,1
coco_002111,test,0,0.048912853,0
coco_002117,test,0,0.9186914,0
coco_002119,test,0,0.30882356,1
coco_002130,test,0,0.30882356,1
coco_002131,test,0,0.88682806,0
coco_002138,test,0,0.44513905,0
coco_002141,test,0,0.98175275,0
coco_002152,test,0,0.30882356,1
coco_002153,test,0,0.0027201807,0
coco_002157,test,0,0.06071277,0
coco_002188,test,0,0.037281748,0
coco_002192,test,0,0.36858666,0
coco_002230,test,0,0.06967852,0
coco_002235,test,0,0.34944594,0
coco_002241,test,0,0.013238995,0
coco_002245,test,0,0.05329606,0
coco_002250,test,0,0.30882356,1
coco_002252,test,0,9.886789e-05,0
coco_002258,test,0,0.17178304,0
coco_002268,test,0,0.30882356,1
coco_002269,test,0,0.0014485726,0
coco_002275,test,0,0.9885197,0
coco_002276,test,0,0.04643634,0
coco_002314,test,0,0.30882356,1
coco_002315,test,0,0.93577665,0
coco_002328,test,0,0.9999385,0
coco_002334,test,0,0.9982924,0
coco_002344,test,0,0.5653352,0
coco_002355,test,0,0.15658075,0
coco_002360,test,0,0.9793041,0
coco_002361,test,0,0.30882356,1
coco_002371,test,0,0.012482851,0
coco_002378,test,0,0.30882356,1
coco_002389,test,0,0.30882356,1
coco_002396,test,0,0.009744466,0
coco_002401,test,0,0.30882356,1
coco_002406,test,0,0.031754304,0
coco_002407,test,0,0.00037262097,0
coco_002423,test,0,0.041060265,0
coco_002430,test,0,5.275138e-05,0
coco_002440,test,0,0.30882356,1
coco_002457,test,0,0.30882356,1
coco_002489,test,0,0.30882356,1
coco_002493,test,0,0.30882356,1
coco_002494,test,0,0.0015747553,0
coco_002499,test,0,0.9975973,0
coco_002523,test,0,0.30882356,1
coco_002541,test,0,0.30882356,1
coco_002545,test,0,3.3797827e-05,0
coco_002552,test,0,0.51176655,0
coco_002560,test,0,0.0029110624,0
coco_002577,test,0,1.8694271e-10,0
coco_002582,test,0,0.0016601509,0
coco_002585,test,0,0.30882356,1
coco_002588,test,0,0.30882356,1
coco_002591,test,0,0.055517368,0
coco_002607,test,0,6.511874e-10,0
coco_002608,test,0,0.14475106,0
coco_002612,test,0,0.94478583,0
coco_002620,test,0,0.09303053,0
coco_002626,test,0,0.30882356,1
coco_002648,test,0,0.30882356,1
coco_002666,test,0,0.055598218,0
coco_002672,test,0,0.022644447,0
coco_002685,test,0,0.30882356,1
coco_002688,test,0,0.02484055,0
coco_002706,test,0,0.0077574374,0
coco_002743,test,0,0.89028037,0
coco_002744,test,0,0.18876734,0
coco_002754,test,0,0.17059964,0
coco_002776,test,0,0.30882356,1
coco_002778,test,0,0.5511031,0
coco_002779,test,0,0.30882356,1
coco_002792,test,0,1.3925492e-06,0
coco_002800,test,0,0.74268425,0
coco_002808,test,0,0.30882356,1
coco_002810,test,0,0.30882356,1
coco_002817,test,0,0.9131869,0
coco_002833,test,0,0.30882356,1
coco_002860,test,0,6.680202e-05,0
coco_002863,test,0,0.070378095,0
coco_002873,test,0,7.4991267e-06,0
coco_002894,test,0,0.07839935,0
coco_002909,test,0,0.7201631,0
coco_002915,test,0,0.09006223,0
coco_002923,test,0,0.95541495,0
coco_002927,test,0,0.054762922,0
coco_002941,test,0,0.30882356,1
coco_002942,test,0,0.6129613,0
coco_002944,test,0,0.26352054,0
coco_002946,test,0,0.0019021571,0
coco_002948,test,0,0.002371226,0
coco_002958,test,0,8.602936e-05,0
coco_002960,test,0,0.0006393102,0
coco_002962,test,0,0.00021611997,0
coco_002966,test,0,0.9214685,0
coco_002971,test,0,0.01570297,0
coco_002986,test,0,0.25131422,1
coco_002990,test,0,0.9451286,0
coco_003001,test,0,0.00276158,0
coco_003025,test,0,0.30882356,1
coco_003036,test,0,0.30882356,1
coco_003037,test,0,0.30882356,1
coco_003056,test,0,0.30882356,1
coco_003063,test,0,4.625827e-05,0
coco_003076,test,0,0.30882356,1
coco_003087,test,0,0.0053447923,0
coco_003095,test,0,0.029316872,0
coco_003098,test,0,0.30882356,1
coco_003099,test,0,0.30882356,1
coco_003114,test,0,0.59399474,0
coco_003125,test,0,0.91967,0
coco_003129,test,0,0.30882356,1
coco_003141,test,0,0.30882356,1
coco_003142,test,0,0.30882356,1
coco_003148,test,0,0.07224537,0
coco_003154,test,0,0.30882356,1
coco_003156,test,0,0.5559774,0
coco_003172,test,0,0.9115798,0
coco_003185,test,0,0.30882356,1
coco_003229,test,0,0.30882356,1
coco_003236,test,0,0.13721995,0
coco_003238,test,0,0.0016214997,0
coco_003241,test,0,0.25756878,0
coco_003244,test,0,0.30882356,1
coco_003279,test,0,0.0127563,0
coco_003285,test,0,0.30882356,1
coco_003288,test,0,0.30882356,1
coco_003290,test,0,0.99695706,0
coco_003313,test,0,0.0072010523,0
coco_003331,test,0,0.0031749732,0
coco_003351,test,0,0.30882356,1
coco_003378,test,0,1.9546378e-06,0
coco_003383,test,0,0.9941199,0
coco_003401,test,0,0.93577343,0
coco_003419,test,0,0.21001528,0
coco_003428,test,0,0.002648219,0
coco_003439,test,0,0.022851765,0
coco_003443,test,0,0.0006827989,0
coco_003485,test,0,0.0009509923,0
coco_003494,test,0,0.3716411,0
coco_003496,test,0,0.30882356,1
coco_003497,test,0,0.04248212,0
coco_003514,test,0,0.35731944,0
coco_003523,test,0,0.45978585,0
coco_003528,test,0,0.30882356,1
coco_003543,test,0,0.35871065,0
coco_003553,test,0,0.30882356,1
coco_003555,test,0,0.13681611,0
coco_003566,test,0,3.1936703e-05,0
coco_003573,test,0,0.30882356,1
coco_003575,test,0,0.30882356,1
coco_003584,test,0,0.02626233,0
coco_003606,test,0,0.5834724,0
coco_003617,test,0,0.30882356,1
coco_003621,test,0,2.5380117e-05,0
coco_003622,test,0,0.30882356,1
coco_003655,test,0,1.3498413e-05,0
coco_003657,test,0,0.050246257,0
coco_003662,test,0,0.28979182,0
coco_003680,test,0,0.93639016,0
coco_003689,test,0,0.4758421,0
coco_003690,test,0,0.035965923,0
coco_003700,test,0,0.08287512,0
coco_003702,test,0,0.0017702027,0
coco_003710,test,0,0.10308713,0
coco_003722,test,0,0.30882356,1
coco_003725,test,0,0.08932168,0
coco_003734,test,0,0.30882356,1
coco_003737,test,0,0.20387311,0
coco_003742,test,0,0.008569406,0
coco_003778,test,0,2.930103e-05,0
coco_003786,test,0,0.00014772729,0
coco_003796,test,0,0.017008908,0
coco_003807,test,0,0.67864233,0
coco_003816,test,0,0.017713288,0
coco_003818,test,0,0.13804084,0
coco_003824,test,0,4.81925e-07,0
coco_003844,test,0,0.066083804,0
coco_003849,test,0,0.003704885,0
coco_003860,test,0,0.30882356,1
coco_003866,test,0,0.9192793,0
coco_003871,test,0,0.974323,0
coco_003874,test,0,0.30882356,1
coco_003887,test,0,0.30882356,1
coco_003888,test,0,0.604013,0
coco_003894,test,0,0.02738331,0
coco_003897,test,0,0.30882356,1
coco_003901,test,0,0.30882356,1
coco_003902,test,0,0.94513446,0
coco_003918,test,0,0.002943017,0
coco_003919,test,0,0.30882356,1
coco_003949,test,0,0.30882356,1
coco_003954,test,0,0.30882356,1
coco_003969,test,0,0.30882356,1
coco_003986,test,0,0.08470722,0
coco_003990,test,0,2.1839958e-06,0
coco_004022,test,0,0.04115702,0
coco_004030,test,0,0.30882356,1
coco_004035,test,0,0.26336795,0
coco_004042,test,0,0.30882356,1
coco_004046,test,0,0.0042466153,0
coco_004053,test,0,6.9644016e-06,0
coco_004055,test,0,0.05394912,0
coco_004081,test,0,0.00055533677,0
coco_004084,test,0,0.20844902,0
coco_004089,test,0,0.028189031,0
coco_004103,test,0,0.30882356,1
coco_004105,test,0,0.30882356,1
coco_004111,test,0,0.007944451,0
coco_004115,test,0,0.30882356,1
coco_004137,test,0,0.30882356,1
coco_004145,test,0,0.0013398768,0
coco_004154,test,0,0.00028329747,0
coco_004157,test,0,0.12154809,0
coco_004159,test,0,0.30882356,1
coco_004163,test,0,0.30882356,1
coco_004185,test,0,0.34994704,0
coco_004188,test,0,0.30882356,1
coco_004211,test,0,0.00031498523,0
coco_004222,test,0,0.011808931,0
coco_004224,test,0,8.21006e-06,0
coco_004233,test,0,0.7011981,0
coco_004235,test,0,0.30882356,1
coco_004238,test,0,0.30882356,1
coco_004240,test,0,0.77286386,0
coco_004266,test,0,0.14210622,0
coco_004275,test,0,0.74807864,0
coco_004284,test,0,0.037007313,0
coco_004294,test,0,0.53012806,0
coco_004299,test,0,0.7732197,0
coco_004315,test,0,0.96069795,0
coco_004324,test,0,0.00011561466,0
coco_004341,test,0,0.9870641,0
coco_004343,test,0,7.219923e-05,0
coco_004347,test,0,0.0033550921,0
coco_004374,test,0,0.30882356,1
coco_004376,test,0,0.9858767,0
coco_004387,test,0,0.30882356,1
coco_004395,test,0,0.029585717,0
coco_004401,test,0,0.30882356,1
coco_004403,test,0,0.00503537,0
coco_004405,test,0,0.9720876,0
coco_004410,test,0,0.30882356,1
coco_004411,test,0,0.9979297,0
coco_004412,test,0,0.016102208,0
coco_004415,test,0,0.0015311883,0
coco_004425,test,0,4.860782e-06,0
coco_004452,test,0,4.5272617e-07,0
coco_004458,test,0,0.30882356,1
coco_004459,test,0,0.028306035,0
coco_004460,test,0,0.01363976,0
coco_004462,test,0,0.06697504,0
coco_004465,test,0,0.30882356,1
coco_004468,test,0,0.0005071596,0
coco_004487,test,0,0.5938744,0
coco_004488,test,0,0.08397144,0
coco_004492,test,0,0.22579561,0
coco_004495,test,0,8.220143e-06,0
coco_004508,test,0,0.49308512,0
coco_004517,test,0,9.070746e-07,0
coco_004528,test,0,0.99815625,0
coco_004532,test,0,0.29633108,0
coco_004558,test,0,0.050864097,0
coco_004563,test,0,0.30882356,1
coco_004571,test,0,0.87204444,0
coco_004604,test,0,0.30882356,1
coco_004629,test,0,0.041471533,0
coco_004630,test,0,0.30882356,1
coco_004645,test,0,0.30882356,1
coco_004668,test,0,0.058565374,0
coco_004672,test,0,0.01363159,0
coco_004678,test,0,0.000407381,0
coco_004709,test,0,0.30882356,1
coco_004722,test,0,0.039187863,0
coco_004725,test,0,0.30882356,1
coco_004726,test,0,0.20291233,0
coco_004729,test,0,0.30882356,1
coco_004731,test,0,0.30882356,1
coco_004762,test,0,0.30882356,1
coco_004765,test,0,5.8137157e-05,0
coco_004777,test,0,0.30882356,1
coco_004783,test,0,0.30882356,1
coco_004788,test,0,0.97367066,0
coco_004799,test,0,0.30882356,1
coco_004802,test,0,0.99888533,0
coco_004825,test,0,0.9976235,0
coco_004831,test,0,0.04884371,0
coco_004841,test,0,0.0054421704,0
coco_004842,test,0,0.00038909537,0
coco_004854,test,0,3.49539e-06,0
coco_004869,test,0,0.30882356,1
coco_004874,test,0,0.0037827324,0
coco_004881,test,0,0.08543166,0
coco_004894,test,0,0.30882356,1
coco_004911,test,0,0.00080274086,0
coco_004920,test,0,0.9756142,0
coco_004921,test,0,0.056758072,0
coco_004922,test,0,0.30882356,1
coco_004923,test,0,0.9995505,0
coco_004928,test,0,0.30882356,1
coco_004953,test,0,0.30882356,1
coco_004957,test,0,0.01168977,0
coco_004970,test,0,0.12909026,0
coco_004982,test,0,0.8067671,0
coco_004999,test,0,0.00026007957,0
coco_005000,test,0,0.30882356,1
coco_005003,test,0,0.30882356,1
coco_005008,test,0,0.30882356,1
coco_005010,test,0,0.08222519,0
coco_005014,test,0,0.99897504,0
coco_005017,test,0,0.9077847,0
coco_005024,test,0,0.07152359,0
coco_005028,test,0,2.462137e-07,0
coco_005035,test,0,0.0017375735,0
coco_005042,test,0,0.30882356,1
coco_005062,test,0,0.96413237,0
coco_005069,test,0,0.10154471,0
coco_005073,test,0,0.30882356,1
coco_005077,test,0,0.30882356,1
coco_005090,test,0,0.30882356,1
coco_005103,test,0,0.16730893,0
coco_005114,test,0,0.06688431,0
coco_005116,test,0,0.2510214,0
coco_005118,test,0,0.12889962,1
coco_005123,test,0,0.30882356,1
coco_005134,test,0,0.004457645,0
coco_005146,test,0,0.30882356,1
coco_005157,test,0,0.03634959,0
coco_005170,test,0,0.30882356,1
coco_005191,test,0,0.011687865,0
coco_005216,test,0,0.30882356,1
coco_005246,test,0,0.04579457,0
coco_005262,test,0,0.14411753,0
coco_005279,test,0,0.30882356,1
coco_005287,test,0,0.005773682,0
coco_005291,test,0,8.3914546e-07,0
coco_005315,test,0,0.0005513752,0
coco_005327,test,0,0.30882356,1
coco_005348,test,0,0.5813891,0
coco_005349,test,0,0.36393934,0
coco_005350,test,0,0.008735622,0
coco_005358,test,0,0.30882356,1
coco_005361,test,0,0.30882356,1
coco_005363,test,0,0.30882356,1
coco_005370,test,0,0.092651606,0
coco_005375,test,0,0.30882356,1
coco_005387,test,0,0.30031878,0
coco_005411,test,0,0.30882356,1
coco_005412,test,0,0.0038098425,0
coco_005427,test,0,0.15561171,0
coco_005447,test,0,0.05555904,0
coco_005458,test,0,0.030550132,0
coco_005460,test,0,0.99423426,0
coco_005463,test,0,0.30882356,1
coco_005464,test,0,0.30882356,1
coco_005471,test,0,0.89012325,0
coco_005484,test,0,0.17505464,0
coco_005495,test,0,0.0064779622,0
coco_005496,test,0,0.0008115504,0
coco_005499,test,0,0.30882356,1
coco_005510,test,0,0.30882356,1
coco_005519,test,0,0.05160403,0
coco_005544,test,0,0.6953503,0
coco_005561,test,0,0.30882356,1
coco_005593,test,0,0.00066089985,0
coco_005596,test,0,0.050641265,0
coco_005601,test,0,0.30882356,1
coco_005614,test,0,0.6247179,0
coco_005616,test,0,0.30882356,1
coco_005620,test,0,0.30882356,1
coco_005626,test,0,0.45716378,0
coco_005629,test,0,0.05320243,0
coco_005638,test,0,0.053627733,0
coco_005640,test,0,0.4792442,0
coco_005645,test,0,0.018418351,0
coco_005646,test,0,0.30882356,1
coco_005649,test,0,0.062735476,0
coco_005656,test,0,0.97498024,0
coco_005661,test,0,0.007962116,0
coco_005676,test,0,0.302642,0
coco_005681,test,0,0.018374532,0
coco_005691,test,0,0.0021640386,0
coco_005692,test,0,0.33002487,0
coco_005698,test,0,0.30882356,1
coco_005709,test,0,4.6810484e-05,0
coco_005721,test,0,0.30882356,1
coco_005726,test,0,0.0003100534,0
coco_005737,test,0,0.03262506,0
coco_005739,test,0,0.005982382,0
coco_005740,test,0,0.39116618,0
coco_005743,test,0,0.00057683216,0
coco_005763,test,0,0.09406823,0
coco_005764,test,0,0.024447441,0
coco_005768,test,0,0.00034451208,0
coco_005777,test,0,0.006271076,0
coco_005780,test,0,0.22304745,0
coco_005787,test,0,0.96605045,0
coco_005792,test,0,2.0893278e-09,0
coco_005793,test,0,0.23347777,0
coco_005796,test,0,0.045859843,0
coco_005799,test,0,0.39005786,0
coco_005820,test,0,0.0038928953,0
coco_005822,test,0,0.09058579,0
coco_005828,test,0,0.30882356,1
coco_005831,test,0,0.30882356,1
coco_005842,test,0,0.00025769076,0
coco_005846,test,0,0.0024876927,0
coco_005849,test,0,0.22743343,0
coco_005860,test,0,0.30882356,1
coco_005861,test,0,0.30882356,1
coco_005867,test,0,0.6392883,0
coco_005892,test,0,0.017056553,0
coco_005898,test,0,0.001741846,0
coco_005912,test,0,0.30882356,1
coco_005916,test,0,0.30882356,1
coco_005949,test,0,1.2594653e-05,0
coco_005952,test,0,0.0033086133,0
coco_005972,test,0,0.30882356,1
coco_005992,test,0,0.00634488,0
coco_006009,test,0,0.00054006436,0
coco_006030,test,0,0.30882356,1
coco_006038,test,0,0.30882356,1
coco_006044,test,0,0.1308664,0
coco_006045,test,0,0.30882356,1
coco_006046,test,0,0.30882356,1
coco_006050,test,0,0.79431546,0
coco_006088,test,0,3.0046825e-05,0
coco_006090,test,0,0.10170078,0
coco_006092,test,0,0.00014055034,0
coco_006094,test,0,0.0008776547,0
coco_006096,test,0,0.30882356,1
coco_006107,test,0,0.30882356,1
coco_006116,test,0,0.53934586,0
coco_006126,test,0,0.6885899,0
coco_006129,test,0,0.30882356,1
coco_006140,test,0,0.1591611,0
coco_006146,test,0,0.30715844,0
coco_006147,test,0,0.9850898,0
coco_006151,test,0,0.9755534,0
coco_006159,test,0,0.025984896,0
coco_006179,test,0,0.50227296,0
coco_006180,test,0,0.69610137,0
coco_006181,test,0,0.41003504,0
coco_006190,test,0,8.624374e-06,0
coco_006218,test,0,0.002798108,0
coco_006232,test,0,0.0004756473,0
coco_006234,test,0,0.30882356,1
coco_006237,test,0,0.30882356,1
coco_006244,test,0,0.12704915,0
coco_006259,test,0,0.03791672,0
coco_006277,test,0,0.055822156,0
coco_006284,test,0,0.9802034,0
coco_006287,test,0,0.30882356,1
coco_006301,test,0,0.00034803207,0
coco_006306,test,0,0.30882356,1
coco_006307,test,0,0.07835394,0
coco_006325,test,0,0.3274812,0
coco_006333,test,0,0.00044652945,0
coco_006346,test,0,0.004175454,0
coco_006354,test,0,0.10888153,0
coco_006370,test,0,0.0031558028,0
coco_006380,test,0,0.49891803,0
coco_006384,test,0,0.0034838347,0
coco_006391,test,0,0.00322912,0
coco_006395,test,0,0.0020828317,0
coco_006409,test,0,0.89592487,0
coco_006418,test,0,0.30882356,1
coco_006421,test,0,0.30882356,1
coco_006427,test,0,0.30882356,1
coco_006434,test,0,0.088219,0
coco_006436,test,0,0.99880993,0
coco_006440,test,0,0.30882356,1
coco_006455,test,0,0.41062889,0
coco_006460,test,0,0.30882356,1
coco_006461,test,0,0.8860012,0
coco_006468,test,0,0.9974763,0
coco_006476,test,0,0.00016269855,0
coco_006481,test,0,0.0055406136,0
coco_006495,test,0,0.00012780074,0
coco_006500,test,0,0.042538833,0
coco_006505,test,0,0.26097974,0
coco_006514,test,0,0.30882356,1
coco_006529,test,0,0.32079843,0
coco_006530,test,0,0.30882356,1
coco_006551,test,0,0.30882356,1
coco_006554,test,0,0.0017418946,0
coco_006557,test,0,0.046741676,0
coco_006571,test,0,0.30882356,1
coco_006576,test,0,0.40977797,0
coco_006579,test,0,0.13628645,0
coco_006580,test,0,0.07018588,0
coco_006582,test,0,0.30882356,1
coco_006586,test,0,0.30882356,1
coco_006593,test,0,0.0020947773,0
coco_006594,test,0,0.05678072,0
coco_006610,test,0,0.9519473,0
coco_006635,test,0,0.9999399,0
coco_006644,test,0,0.72670907,0
coco_006655,test,0,0.0018301387,0
coco_006665,test,0,0.30882356,1
coco_006668,test,0,0.060537446,0
coco_006688,test,0,0.30882356,1
coco_006689,test,0,0.19313486,0
coco_006702,test,0,0.30882356,1
coco_006712,test,0,0.016520211,0
coco_006721,test,0,0.79267406,0
coco_006726,test,0,0.06332067,0
coco_006745,test,0,7.444195e-08,0
coco_006746,test,0,0.4914262,0
coco_006757,test,0,0.0012149661,0
coco_006768,test,0,4.2843378e-05,0
coco_006773,test,0,0.1271418,0
coco_006777,test,0,3.581868e-05,0
coco_006790,test,0,0.25205317,0
coco_006792,test,0,0.49579173,0
coco_006800,test,0,0.1398659,0
coco_006813,test,0,0.0048050284,0
coco_006820,test,0,0.9998524,0
coco_006829,test,0,0.6714659,0
coco_006831,test,0,0.44034305,0
coco_006832,test,0,0.30882356,1
coco_006833,test,0,0.50279635,0
coco_006840,test,0,0.30882356,1
coco_006853,test,0,0.07756623,0
coco_006854,test,0,0.30882356,1
coco_006856,test,0,0.017547857,0
coco_006886,test,0,0.1109534,0
coco_006901,test,0,0.30882356,1
coco_006902,test,0,0.30882356,1
coco_006921,test,0,0.001969222,0
coco_006960,test,0,0.010641823,0
coco_006977,test,0,0.02369668,0
coco_006983,test,0,0.30882356,1
coco_006996,test,0,0.04668842,0
coco_006997,test,0,0.008974244,0
coco_007005,test,0,0.30882356,1
coco_007015,test,0,0.018744843,0
coco_007025,test,0,0.37366733,0
coco_007029,test,0,0.30882356,1
coco_007032,test,0,0.216339,0
coco_007046,test,0,0.010624326,0
coco_007054,test,0,9.931826e-06,0
coco_007059,test,0,0.30882356,1
coco_007066,test,0,0.30882356,1
coco_007069,test,0,0.0013299114,0
coco_007071,test,0,0.00046568474,0
coco_007072,test,0,0.15192552,0
coco_007091,test,0,0.048964832,0
coco_007093,test,0,0.04022559,0
coco_007097,test,0,0.36614957,0
coco_007104,test,0,0.30882356,1
coco_007147,test,0,0.30882356,1
coco_007162,test,0,0.0015518368,0
coco_007166,test,0,0.30882356,1
coco_007180,test,0,0.711148,0
coco_007184,test,0,0.0015087029,0
coco_007191,test,0,0.17062318,0
coco_007199,test,0,0.043984752,0
coco_007200,test,0,0.30882356,1
coco_007202,test,0,0.9085689,0
coco_007215,test,0,0.30882356,1
coco_007230,test,0,0.017021758,0
coco_007234,test,0,0.00063810044,0
coco_007241,test,0,0.0051966407,0
coco_007243,test,0,0.28068697,0
coco_007253,test,0,0.067145124,0
coco_007256,test,0,0.011432564,0
coco_007261,test,0,0.85975206,0
coco_007270,test,0,0.30882356,1
coco_007271,test,0,0.00037874986,0
coco_007300,test,0,0.01613521,0
coco_007302,test,0,0.00032262655,0
coco_007305,test,0,0.012593923,0
coco_007338,test,0,0.30882356,1
coco_007342,test,0,0.0015230096,0
coco_007356,test,0,0.7688119,0
coco_007359,test,0,0.30882356,1
coco_007364,test,0,0.00025730755,0
coco_007368,test,0,0.92149526,0
coco_007425,test,0,0.99999976,0
coco_007432,test,0,0.07788425,0
coco_007446,test,0,0.006593385,0
coco_007459,test,0,0.6157981,0
coco_007467,test,0,0.0010119139,0
coco_007476,test,0,0.41338977,0
coco_007478,test,0,0.07556383,0
coco_007487,test,0,0.29001436,0
coco_007512,test,0,0.96898043,0
coco_007537,test,0,0.30882356,1
coco_007548,test,0,0.0008824192,0
coco_007555,test,0,0.41712025,0
coco_007593,test,0,0.30882356,1
coco_007598,test,0,0.30882356,1
coco_007606,test,0,0.30882356,1
coco_007630,test,0,0.0022273595,0
coco_007645,test,0,0.30882356,1
coco_007648,test,0,0.30882356,1
coco_007651,test,0,0.9998797,0
coco_007676,test,0,0.00018462553,0
coco_007684,test,0,0.0029892186,0
coco_007687,test,0,0.30882356,1
coco_007695,test,0,0.00019882698,0
coco_007700,test,0,0.103881806,0
coco_007702,test,0,0.0020823218,0
coco_007704,test,0,0.007789546,0
coco_007719,test,0,0.30882356,1
coco_007721,test,0,0.19113144,0
coco_007725,test,0,0.020792903,0
coco_007729,test,0,0.0038961158,0
coco_007737,test,0,0.10168104,0
coco_007744,test,0,0.16051103,0
coco_007754,test,0,3.6702946e-05,0
coco_007758,test,0,0.000105619554,0
coco_007769,test,0,0.051448222,0
coco_007783,test,0,0.7792897,0
coco_007807,test,0,0.30882356,1
coco_007819,test,0,0.19354874,0
coco_007827,test,0,0.30882356,1
coco_007833,test,0,4.189632e-06,0
coco_007835,test,0,0.30882356,1
coco_007843,test,0,0.00086627237,0
coco_007845,test,0,0.057751846,0
coco_007847,test,0,0.30882356,1
coco_007849,test,0,0.048408724,0
coco_007850,test,0,0.30882356,1
coco_007853,test,0,0.08001519,0
coco_007866,test,0,0.30882356,1
coco_007869,test,0,5.031771e-08,0
coco_007870,test,0,0.0133437505,0
coco_007882,test,0,0.30882356,1
coco_007891,test,0,0.30882356,1
coco_007899,test,0,0.30882356,1
coco_007904,test,0,0.30882356,1
coco_007909,test,0,0.010629959,0
coco_007917,test,0,0.021460714,0
coco_007924,test,0,0.62200314,0
coco_007927,test,0,0.30882356,1
coco_007928,test,0,0.0696225,0
coco_007937,test,0,0.006579625,0
coco_007980,test,0,0.1332134,0
coco_007985,test,0,0.006130653,0
coco_007996,test,0,0.047803048,0
coco_008024,test,0,0.03306849,0
coco_008035,test,0,0.30882356,1
coco_008039,test,0,0.30882356,1
coco_008040,test,0,0.0022609,0
coco_008041,test,0,0.30882356,1
coco_008060,test,0,0.057051435,0
coco_008061,test,0,0.027876556,0
coco_008063,test,0,0.30882356,1
coco_008073,test,0,0.0012856924,0
coco_008079,test,0,0.30882356,1
coco_008108,test,0,0.6078212,0
coco_008112,test,0,0.0696725,0
coco_008113,test,0,0.5832433,0
coco_008116,test,0,0.27908364,0
coco_008119,test,0,0.008873691,0
coco_008125,test,0,0.093429364,0
coco_008129,test,0,0.002638948,0
coco_008158,test,0,0.0034863616,0
coco_008160,test,0,0.99996376,0
coco_008184,test,0,3.448058e-05,0
coco_008189,test,0,0.30882356,1
coco_008198,test,0,0.97014093,0
coco_008225,test,0,0.30882356,1
coco_008227,test,0,0.30882356,1
coco_008238,test,0,0.011952316,0
coco_008243,test,0,0.30882356,1
coco_008253,test,0,2.8543118e-06,0
coco_008258,test,0,0.9972058,0
coco_008259,test,0,0.98786163,0
coco_008301,test,0,0.0018268618,0
coco_008302,test,0,0.19255257,0
coco_008304,test,0,0.0018768241,0
coco_008310,test,0,0.04947404,0
coco_008312,test,0,0.0028725239,0
coco_008333,test,0,0.00016865773,0
coco_008347,test,0,0.2092549,0
coco_008352,test,0,0.8572882,0
coco_008371,test,0,0.010474753,0
coco_008374,test,0,0.22823423,0
coco_008376,test,0,0.008567355,0
coco_008379,test,0,0.8058704,0
coco_008380,test,0,0.30882356,1
coco_008386,test,0,0.30882356,1
coco_008388,test,0,0.9968933,0
coco_008395,test,0,0.0014041162,0
coco_008398,test,0,0.9231703,0
coco_008407,test,0,0.43591288,0
coco_008418,test,0,0.30882356,1
coco_008420,test,0,0.020530714,0
coco_008448,test,0,0.027376559,0
coco_008452,test,0,0.24503669,1
coco_008455,test,0,0.8085101,0
coco_008460,test,0,0.041072235,0
coco_008476,test,0,0.0076700873,0
coco_008487,test,0,0.89803433,0
coco_008496,test,0,0.30882356,1
coco_008497,test,0,0.0020341915,0
coco_008499,test,0,0.33439043,0
coco_008527,test,0,0.12728705,0
coco_008534,test,0,0.02668552,0
coco_008536,test,0,0.10471425,0
coco_008548,test,0,0.9939633,0
coco_008549,test,0,0.30882356,1
coco_008571,test,0,0.0012444023,0
coco_008578,test,0,0.9789711,0
coco_008583,test,0,0.30882356,1
coco_008587,test,0,0.30882356,1
coco_008599,test,0,0.30882356,1
coco_008606,test,0,0.30882356,1
coco_008635,test,0,0.30882356,1
coco_008660,test,0,0.015225561,0
coco_008661,test,0,0.04301377,0
coco_008686,test,0,0.014592736,0
coco_008688,test,0,0.96160704,0
coco_008697,test,0,0.30882356,1
coco_008701,test,0,0.30882356,1
coco_008702,test,0,0.2411113,0
coco_008719,test,0,0.08904456,0
coco_008726,test,0,0.9662511,0
coco_008731,test,0,0.004493689,0
coco_008741,test,0,0.18280709,0
coco_008744,test,0,0.15097865,0
coco_008761,test,0,0.30882356,1
coco_008763,test,0,0.09896284,0
coco_008769,test,0,0.021842893,0
coco_008780,test,0,0.8604439,0
coco_008794,test,0,0.30882356,1
coco_008798,test,0,0.019370303,0
coco_008819,test,0,0.0005032377,0
coco_008836,test,0,0.30882356,1
coco_008839,test,0,0.212304,0
coco_008840,test,0,2.7693171e-05,0
coco_008850,test,0,0.91055095,0
coco_008880,test,0,0.30882356,1
coco_008881,test,0,0.54641175,0
coco_008882,test,0,0.010784933,0
coco_008908,test,0,0.9901849,0
coco_008919,test,0,0.30882356,1
coco_008924,test,0,0.9762996,0
coco_008926,test,0,0.30882356,1
coco_008928,test,0,0.056410387,0
coco_008944,test,0,0.95830226,0
coco_008945,test,0,0.30882356,1
coco_008946,test,0,0.7014307,0
coco_008951,test,0,0.011825724,0
coco_008968,test,0,3.254468e-07,0
coco_008972,test,0,0.30882356,1
coco_008973,test,0,0.7269012,0
coco_008981,test,0,0.30882356,1
coco_008982,test,0,0.9957759,0
coco_008991,test,0,0.005115037,0
coco_009000,test,0,1.955557e-06,0
coco_009003,test,0,0.30882356,1
coco_009010,test,0,0.82329065,0
coco_009025,test,0,0.30882356,1
coco_009026,test,0,0.0039180457,0
coco_009032,test,0,0.19985358,0
coco_009035,test,0,0.30882356,1
coco_009040,test,0,0.6418871,0
coco_009042,test,0,0.3585048,0
coco_009051,test,0,0.007552239,0
coco_009053,test,0,0.0044515356,0
coco_009060,test,0,0.30882356,1
coco_009073,test,0,0.016120797,0
coco_009079,test,0,0.43452853,0
coco_009080,test,0,0.30882356,1
coco_009089,test,0,0.028947426,0
coco_009094,test,0,0.64993256,0
coco_009106,test,0,0.13923003,0
coco_009113,test,0,0.30882356,1
coco_009128,test,0,0.00024999553,0
coco_009131,test,0,0.30882356,1
coco_009137,test,0,0.41666415,0
coco_009139,test,0,0.30882356,1
coco_009144,test,0,0.0019342805,0
coco_009160,test,0,0.30882356,1
coco_009168,test,0,0.30882356,1
coco_009171,test,0,0.9976126,0
coco_009173,test,0,0.0018331106,0
coco_009177,test,0,0.10408169,0
coco_009179,test,0,0.30882356,1
coco_009180,test,0,0.30882356,1
coco_009185,test,0,0.42556337,0
coco_009189,test,0,0.30882356,1
coco_009191,test,0,0.9615981,0
coco_009199,test,0,0.6342626,0
coco_009203,test,0,0.977822,0
coco_009208,test,0,0.90251774,0
coco_009227,test,0,0.30882356,1
coco_009238,test,0,0.77520394,0
coco_009257,test,0,0.30882356,1
coco_009270,test,0,0.0005970806,0
coco_009278,test,0,0.8811191,0
coco_009286,test,0,0.7203615,0
coco_009294,test,0,0.004841861,0
coco_009317,test,0,0.4839819,0
coco_009320,test,0,0.9244507,0
coco_009331,test,0,0.30882356,1
coco_009345,test,0,0.30677354,0
coco_009348,test,0,0.21017997,0
coco_009359,test,0,0.0070332354,0
coco_009361,test,0,0.002929395,0
coco_009387,test,0,0.30882356,1
coco_009408,test,0,0.30882356,1
coco_009424,test,0,1.300876e-07,0
coco_009432,test,0,0.30882356,1
coco_009440,test,0,0.30882356,1
coco_009441,test,0,0.30882356,1
coco_009443,test,0,0.12630938,0
coco_009445,test,0,1.0057632e-06,0
coco_009446,test,0,0.30882356,1
coco_009450,test,0,0.9986979,0
coco_009467,test,0,0.30882356,1
coco_009470,test,0,0.30882356,1
coco_009488,test,0,0.30882356,1
coco_009503,test,0,0.99815434,0
coco_009512,test,0,1.2995596e-05,0
coco_009519,test,0,0.32773122,0
coco_009528,test,0,0.17803238,1
coco_009530,test,0,0.30882356,1
coco_009532,test,0,0.0005727338,0
coco_009535,test,0,0.20775358,0
coco_009539,test,0,0.30882356,1
coco_009545,test,0,0.50366706,0
coco_009569,test,0,0.010448733,0
coco_009587,test,0,0.0029989034,0
coco_009611,test,0,0.12121247,0
coco_009632,test,0,0.0034038995,0
coco_009639,test,0,0.30882356,1
coco_009660,test,0,0.30882356,1
coco_009663,test,0,0.0013338578,0
coco_009674,test,0,5.0682112e-05,0
coco_009684,test,0,0.4928082,0
coco_009697,test,0,0.802778,0
coco_009708,test,0,0.074013904,0
coco_009739,test,0,0.045525003,0
coco_009747,test,0,3.91125e-08,0
coco_009765,test,0,0.30882356,1
coco_009770,test,0,0.30882356,1
coco_009776,test,0,0.038877957,0
coco_009781,test,0,0.08459829,1
coco_009787,test,0,0.30882356,1
coco_009788,test,0,0.21012507,0
coco_009792,test,0,0.30882356,1
coco_009794,test,0,0.0018189931,0
coco_009795,test,0,0.30882356,1
coco_009808,test,0,0.015681067,0
coco_009810,test,0,0.27048317,0
coco_009815,test,0,0.30882356,1
coco_009824,test,0,1.7711149e-05,0
coco_009864,test,0,0.028571337,0
coco_009865,test,0,0.675677,0
coco_009868,test,0,0.0193771,0
coco_009870,test,0,0.0018770216,0
coco_009871,test,0,4.0040895e-06,0
coco_009900,test,0,0.010203029,0
coco_009913,test,0,0.060686685,0
coco_009915,test,0,0.99470866,0
coco_009929,test,0,0.051001202,0
coco_009934,test,0,0.30882356,1
coco_009955,test,0,0.48472252,0
coco_009956,test,0,0.30882356,1
coco_009970,test,0,0.59629965,0
coco_009989,test,0,0.30882356,1
coco_009990,test,0,0.0008425934,0
coco_009999,test,0,0.452598,0
coco_010001,test,0,0.051990166,0
coco_010009,test,0,0.30882356,1
coco_010016,test,0,0.30882356,1
coco_010023,test,0,0.21273178,0
coco_010030,test,0,0.234386,0
coco_010043,test,0,0.085800536,0
coco_010055,test,0,0.30882356,1
coco_010078,test,0,0.96340597,0
coco_010099,test,0,0.7471533,0
coco_010123,test,0,0.0024134573,0
coco_010125,test,0,0.0047846204,0
coco_010129,test,0,0.3156631,0
coco_010148,test,0,0.045883533,0
coco_010166,test,0,0.038798407,0
coco_010182,test,0,0.96703714,0
coco_010185,test,0,0.011662131,0
coco_010189,test,0,0.30882356,1
coco_010216,test,0,0.082290664,0
coco_010217,test,0,0.00029058082,0
coco_010242,test,0,0.18393587,0
coco_010249,test,0,9.607549e-06,0
coco_010262,test,0,0.00012727645,0
coco_010276,test,0,0.30882356,1
coco_010277,test,0,0.17707534,0
coco_010293,test,0,0.018684499,0
coco_010295,test,0,0.30882356,1
coco_010296,test,0,0.7454115,0
coco_010314,test,0,0.9989072,0
coco_010319,test,0,0.90311664,0
coco_010324,test,0,0.30882356,1
coco_010345,test,0,0.39543992,0
coco_010348,test,0,0.04722207,0
coco_010362,test,0,0.9419378,0
coco_010364,test,0,0.30882356,1
coco_010366,test,0,0.9331769,0
coco_010385,test,0,0.30882356,1
coco_010393,test,0,0.0013648564,0
coco_010401,test,0,0.30915818,0
coco_010411,test,0,0.08165739,0
coco_010416,test,0,0.016015496,0
coco_010417,test,0,0.06163666,0
coco_010424,test,0,0.34183723,0
coco_010429,test,0,0.30882356,1
coco_010450,test,0,0.30882356,1
coco_010471,test,0,0.30882356,1
coco_010473,test,0,0.024607684,0
coco_010482,test,0,0.30882356,1
coco_010490,test,0,0.30882356,1
coco_010495,test,0,0.9704925,0
coco_010505,test,0,0.30882356,1
coco_010506,test,0,0.30882356,1
coco_010511,test,0,0.30882356,1
coco_010524,test,0,0.30882356,1
coco_010535,test,0,0.20744796,0
coco_010561,test,0,0.30882356,1
coco_010563,test,0,0.002849183,0
coco_010597,test,0,0.9778441,0
coco_010606,test,0,0.00039998486,0
coco_010608,test,0,0.06231642,0
coco_010610,test,0,0.24382566,0
coco_010612,test,0,0.0026891243,0
coco_010615,test,0,0.015592587,0
coco_010618,test,0,0.30882356,1
coco_010634,test,0,0.56657165,0
coco_010635,test,0,0.30882356,1
coco_010641,test,0,0.0024915102,0
coco_010647,test,0,0.0002317518,0
coco_010654,test,0,0.5463561,0
coco_010656,test,0,0.64061666,0
coco_010658,test,0,0.35310233,0
coco_010661,test,0,0.20860177,0
coco_010704,test,0,0.08263634,0
coco_010705,test,0,0.0075313095,0
coco_010714,test,0,0.30882356,1
coco_010724,test,0,0.9763306,0
coco_010728,test,0,0.30882356,1
coco_010729,test,0,0.27392104,0
coco_010738,test,0,0.0019185691,0
coco_010739,test,0,0.0008494738,0
coco_010744,test,0,0.00089162745,0
coco_010748,test,0,0.32774907,0
coco_010762,test,0,0.7625497,0
coco_010771,test,0,0.30882356,1
coco_010772,test,0,0.30882356,1
coco_010781,test,0,0.031694032,0
coco_010787,test,0,0.30882356,1
coco_010796,test,0,0.040629264,0
coco_010807,test,0,0.30882356,1
coco_010808,test,0,3.0861434e-06,0
coco_010820,test,0,0.0026241005,0
coco_010828,test,0,0.24039607,0
coco_010833,test,0,0.016687654,0
coco_010837,test,0,0.30882356,1
coco_010841,test,0,0.043851145,0
coco_010851,test,0,0.92092264,0
coco_010854,test,0,0.056827422,0
coco_010887,test,0,0.7391407,0
coco_010889,test,0,0.40108022,0
coco_010893,test,0,0.22036578,0
coco_010899,test,0,0.7998414,0
coco_010907,test,0,0.30882356,1
coco_010916,test,0,0.18106674,0
coco_010929,test,0,0.94695324,0
coco_010954,test,0,0.91201043,0
coco_010984,test,0,0.30882356,1
coco_011024,test,0,0.39280692,0
coco_011035,test,0,0.51674235,0
coco_011053,test,0,0.030323872,0
coco_011060,test,0,9.73809e-11,0
coco_011061,test,0,0.016945088,0
coco_011069,test,0,3.68507e-05,0
coco_011100,test,0,0.8066695,0
coco_011101,test,0,0.30882356,1
coco_011115,test,0,0.30882356,1
coco_011117,test,0,0.30882356,1
coco_011145,test,0,0.89556557,0
coco_011185,test,0,0.018974619,1
coco_011192,test,0,0.11697716,0
coco_011201,test,0,0.0021771963,0
coco_011206,test,0,0.9552928,0
coco_011217,test,0,0.30882356,1
coco_011229,test,0,0.30882356,1
coco_011260,test,0,0.9855818,0
coco_011268,test,0,5.298819e-05,0
coco_011270,test,0,0.00261017,0
coco_011273,test,0,0.30882356,1
coco_011277,test,0,0.026824445,0
coco_011282,test,0,0.008324071,0
coco_011288,test,0,0.002996485,0
coco_011299,test,0,0.40941927,0
coco_011305,test,0,0.30882356,1
coco_011317,test,0,0.30882356,1
coco_011326,test,0,0.59059745,0
coco_011333,test,0,0.009642632,0
coco_011346,test,0,0.0002885866,0
coco_011371,test,0,0.2805344,0
coco_011378,test,0,0.5275614,0
coco_011379,test,0,0.30882356,1
coco_011393,test,0,0.13414752,0
coco_011415,test,0,0.30882356,1
coco_011420,test,0,0.00016166538,0
coco_011424,test,0,0.30882356,1
coco_011428,test,0,0.078618504,0
coco_011446,test,0,0.2172207,0
coco_011465,test,0,0.30882356,1
coco_011467,test,0,0.8865798,0
coco_011471,test,0,0.015643721,0
coco_011481,test,0,0.0060786577,0
coco_011482,test,0,0.30882356,1
coco_011520,test,0,0.30882356,1
coco_011529,test,0,0.6397499,0
coco_011535,test,0,0.30882356,1
coco_011537,test,0,0.7874966,0
coco_011541,test,0,0.015007473,0
coco_011546,test,0,0.30882356,1
coco_011562,test,0,0.010109866,0
coco_011568,test,0,0.33710375,0
coco_011570,test,0,0.21037035,0
coco_011584,test,0,3.8239246e-05,0
coco_011588,test,0,0.9998273,0
coco_011590,test,0,0.66895247,0
coco_011620,test,0,0.97648525,0
coco_011630,test,0,0.05914112,0
coco_011635,test,0,0.0015498815,0
coco_011639,test,0,0.17079556,0
coco_011687,test,0,0.30882356,1
coco_011688,test,0,0.9999298,0
coco_011696,test,0,0.020401074,0
coco_011700,test,0,0.30882356,1
coco_011705,test,0,0.30882356,1
coco_011733,test,0,0.0007049338,0
coco_011743,test,0,0.30882356,1
coco_011750,test,0,0.30882356,1
coco_011765,test,0,0.30882356,1
coco_011766,test,0,0.0041165743,0
coco_011780,test,0,0.0004661075,0
coco_011781,test,0,0.009179129,0
coco_011788,test,0,0.30882356,1
coco_011808,test,0,0.30882356,1
coco_011829,test,0,0.30882356,1
coco_011832,test,0,0.34062487,0
coco_011847,test,0,0.30882356,1
coco_011850,test,0,0.039519437,0
coco_011852,test,0,1.7177949e-06,0
coco_011855,test,0,0.14362378,0
coco_011880,test,0,0.30882356,1
coco_011881,test,0,0.22000837,0
coco_011886,test,0,0.00010904114,0
coco_011893,test,0,0.30882356,1
coco_011905,test,0,0.0007756043,0
coco_011914,test,0,0.027418088,1
coco_011924,test,0,0.30882356,1
coco_011929,test,0,2.106263e-05,0
coco_011949,test,0,0.30882356,1
coco_011962,test,0,0.9458922,1
coco_011964,test,0,0.30882356,1
coco_011975,test,0,0.032282483,0
coco_011984,test,0,0.22479804,0
coco_011991,test,0,0.30882356,1
coco_012020,test,0,0.0025846283,0
coco_012039,test,0,0.30882356,1
coco_012041,test,0,0.65573233,0
coco_012061,test,0,0.00039631993,0
coco_012073,test,0,0.11471797,0
coco_012105,test,0,0.8923806,0
coco_012118,test,0,0.30882356,1
coco_012209,test,0,0.9180256,0
coco_012224,test,0,0.87984115,0
coco_012234,test,0,0.30882356,1
coco_012243,test,0,0.05700049,0
coco_012254,test,0,0.22103631,0
coco_012256,test,0,0.063014306,0
coco_012303,test,0,0.30882356,1
coco_012309,test,0,0.30882356,1
coco_012325,test,0,0.30882356,1
coco_012331,test,0,0.9916256,0
coco_012332,test,0,0.30882356,1
coco_012354,test,0,0.0016649329,0
coco_012374,test,0,0.81824744,0
coco_012380,test,0,0.16883841,0
coco_012383,test,0,0.30882356,1
coco_012392,test,0,0.30882356,1
coco_012397,test,0,4.5573808e-05,0
coco_012424,test,0,0.010710191,0
coco_012426,test,0,0.30882356,1
coco_012431,test,0,0.30882356,1
coco_012442,test,0,0.03738912,0
coco_012451,test,0,0.032775,0
coco_012461,test,0,0.30882356,1
coco_012468,test,0,0.0026386243,0
coco_012485,test,0,0.32756418,0
coco_012495,test,0,0.001328906,0
coco_012508,test,0,0.25781295,0
coco_012527,test,0,0.030718833,0
coco_012539,test,0,0.059207253,0
coco_012552,test,0,0.9414713,0
coco_012562,test,0,0.30882356,1
coco_012568,test,0,0.30882356,1
coco_012575,test,0,0.00025291127,0
coco_012583,test,0,0.030002857,0
coco_012592,test,0,0.30882356,1
coco_012597,test,0,0.30882356,1
coco_012599,test,0,0.14617004,0
coco_012601,test,0,0.30882356,1
coco_012608,test,0,0.017130116,0
coco_012614,test,0,0.25308052,0
coco_012629,test,0,0.007842596,0
coco_012643,test,0,0.30882356,1
coco_012652,test,0,0.99699473,0
coco_012685,test,0,0.11167155,0
coco_012686,test,0,0.0006200806,0
coco_012726,test,0,0.30882356,1
coco_012727,test,0,0.00020173646,0
coco_012730,test,0,0.30882356,1
coco_012744,test,0,0.012633369,0
coco_012766,test,0,0.30882356,1
coco_012774,test,0,0.30882356,1
coco_012776,test,0,0.20417535,0
coco_012778,test,0,0.42551488,0
coco_012793,test,0,0.30882356,1
coco_012797,test,0,0.30882356,1
coco_012805,test,0,0.019271422,0
coco_012816,test,0,0.30882356,1
coco_012848,test,0,0.114430845,0
coco_012852,test,0,0.89501166,0
coco_012858,test,0,0.009737497,0
coco_012864,test,0,0.014571655,0
coco_012872,test,0,0.23655286,0
coco_012876,test,0,0.30882356,1
coco_012877,test,0,7.507471e-06,0
coco_012878,test,0,0.019044863,0
coco_012893,test,0,0.4723081,0
coco_012899,test,0,0.046203867,0
coco_012901,test,0,0.17291144,0
coco_012922,test,0,0.30882356,1
coco_012923,test,0,0.30882356,1
coco_012940,test,0,0.30882356,1
coco_012959,test,0,9.4533265e-05,0
coco_012972,test,0,0.4613339,0
coco_012977,test,0,0.30882356,1
coco_012979,test,0,0.0016458248,0
coco_012983,test,0,0.80069166,0
coco_012991,test,0,0.30882356,1
coco_012993,test,0,0.30882356,1
coco_013004,test,0,0.30882356,1
coco_013018,test,0,0.020606862,0
coco_013024,test,0,0.30882356,1
coco_013028,test,0,0.30882356,1
coco_013036,test,0,1.3068221e-07,0
coco_013041,test,0,0.32532376,0
coco_013043,test,0,0.032780655,0
coco_013045,test,0,0.0014929702,0
coco_013053,test,0,0.07018523,0
coco_013066,test,0,5.9178685e-05,0
coco_013072,test,0,0.00030421917,0
coco_013087,test,0,0.99949014,0
coco_013093,test,0,0.7174743,0
coco_013094,test,0,0.30882356,1
coco_013095,test,0,0.7796356,0
coco_013107,test,0,0.30882356,1
coco_013108,test,0,0.030050205,0
coco_013112,test,0,0.005850892,0
coco_013121,test,0,0.30882356,1
coco_013123,test,0,0.30882356,1
coco_013139,test,0,0.30882356,1
coco_013140,test,0,0.30882356,1
coco_013143,test,0,0.11174612,0
coco_013147,test,0,0.013092986,0
coco_013171,test,0,0.02701918,0
coco_013181,test,0,0.46898416,0
coco_013200,test,0,0.30882356,1
coco_013208,test,0,0.1845569,0
coco_013214,test,0,0.4851856,0
coco_013222,test,0,0.0068293284,0
coco_013226,test,0,0.30882356,1
coco_013237,test,0,0.056379665,0
coco_013246,test,0,0.009772915,0
coco_013247,test,0,0.004283068,0
coco_013259,test,0,0.08304711,0
coco_013268,test,0,0.30882356,1
coco_013269,test,0,1.4478189e-05,0
coco_013272,test,0,0.047049496,0
coco_013280,test,0,0.8063907,0
coco_013285,test,0,0.11773117,0
coco_013305,test,0,0.30882356,1
coco_013323,test,0,0.6759784,0
coco_013333,test,0,0.30882356,1
coco_013344,test,0,0.010622005,0
coco_013348,test,0,9.552407e-05,0
coco_013354,test,0,0.9243095,0
coco_013362,test,0,0.36603662,0
coco_013365,test,0,0.0023389726,0
coco_013388,test,0,0.7231969,0
coco_013409,test,0,0.30882356,1
coco_013415,test,0,4.429717e-06,0
coco_013419,test,0,0.0846028,0
coco_013428,test,0,0.052908204,0
coco_013439,test,0,0.30882356,1
coco_013444,test,0,0.9794504,0
coco_013468,test,0,0.012055108,0
coco_013487,test,0,0.0050783306,0
coco_013495,test,0,0.9462999,0
coco_013498,test,0,0.71225303,0
coco_013500,test,0,0.30882356,1
coco_013507,test,0,0.00032964637,0
coco_013528,test,0,0.30882356,1
coco_013537,test,0,0.30882356,1
coco_013538,test,0,0.9963207,0
coco_013549,test,0,0.30882356,1
coco_013557,test,0,0.0008087982,0
coco_013566,test,0,0.04091977,0
coco_013569,test,0,0.30882356,1
coco_013573,test,0,0.30882356,1
coco_013576,test,0,0.02385077,0
coco_013582,test,0,0.30882356,1
coco_013587,test,0,0.95031035,0
coco_013589,test,0,0.60170996,0
coco_013596,test,0,0.07197851,0
coco_013628,test,0,0.96550494,0
coco_013629,test,0,0.30882356,1
coco_013639,test,0,0.004742289,0
coco_013642,test,0,0.70239335,0
coco_013651,test,0,0.07339152,0
coco_013659,test,0,0.018127216,0
coco_013682,test,0,0.9966254,0
coco_013683,test,0,0.30882356,1
coco_013688,test,0,0.30882356,1
coco_013694,test,0,0.0049506603,0
coco_013695,test,0,0.17370419,0
coco_013702,test,0,0.30882356,1
coco_013715,test,0,0.30882356,1
coco_013731,test,0,0.11784594,0
coco_013744,test,0,0.30882356,1
coco_013750,test,0,0.052690595,0
coco_013759,test,0,0.30882356,1
coco_013760,test,0,0.30882356,1
coco_013766,test,0,0.015393039,0
coco_013767,test,0,0.00130521,0
coco_013785,test,0,0.21752682,0
coco_013796,test,0,0.1727307,0
coco_013808,test,0,0.03081533,0
coco_013814,test,0,0.30882356,1
coco_013816,test,0,0.015815942,0
coco_013819,test,0,9.380501e-05,0
coco_013827,test,0,0.00044556573,0
coco_013836,test,0,0.26576135,0
coco_013838,test,0,0.99964035,0
coco_013839,test,0,0.30882356,1
coco_013842,test,0,3.468724e-05,0
coco_013846,test,0,0.011005954,0
coco_013857,test,0,0.9993851,0
coco_013871,test,0,0.30882356,1
coco_013879,test,0,0.30882356,1
coco_013882,test,0,0.17199868,0
coco_013888,test,0,0.00020323212,0
coco_013898,test,0,0.043654755,0
coco_013899,test,0,0.0025616568,0
coco_013901,test,0,0.30882356,1
coco_013902,test,0,0.033791326,0
coco_013917,test,0,0.30882356,1
coco_013922,test,0,0.41576996,0
coco_013935,test,0,0.0035038362,0
coco_013944,test,0,0.6899234,0
coco_013945,test,0,0.043767232,0
coco_013969,test,0,0.48928773,0
coco_013978,test,0,0.30882356,1
coco_013993,test,0,0.30882356,1
coco_013996,test,0,0.30882356,1
coco_014014,test,0,0.30882356,1
coco_014016,test,0,0.30882356,1
coco_014017,test,0,0.9918469,0
coco_014030,test,0,0.30882356,1
coco_014043,test,0,0.0001013229,0
coco_014060,test,0,0.038954087,0
coco_014068,test,0,0.0003753502,0
coco_014074,test,0,0.000331466,0
coco_014082,test,0,0.30882356,1
coco_014084,test,0,0.14224671,0
coco_014088,test,0,0.1598123,0
coco_014090,test,0,0.008353739,0
coco_014096,test,0,0.004694017,0
coco_014102,test,0,0.30882356,1
coco_014107,test,0,0.9514017,0
coco_014114,test,0,0.8882723,0
coco_014117,test,0,0.016686698,0
coco_014119,test,0,0.004979344,0
coco_014120,test,0,0.74848723,0
coco_014129,test,0,0.30882356,1
coco_014139,test,0,0.0044064154,0
coco_014144,test,0,0.098585986,0
coco_014145,test,0,0.96614534,0
coco_014153,test,0,0.30882356,1
coco_014164,test,0,0.30882356,1
coco_014210,test,0,0.30882356,1
coco_014212,test,0,0.07252124,0
coco_014217,test,0,0.42600313,0
coco_014235,test,0,0.00021485762,0
coco_014239,test,0,0.0025739733,0
coco_014255,test,0,5.577929e-06,0
coco_014258,test,0,0.30882356,1
coco_014266,test,0,0.8967609,0
coco_014274,test,0,0.30882356,1
coco_014275,test,0,0.010057989,0
coco_014277,test,0,0.30882356,1
coco_014293,test,0,0.029181764,0
coco_014327,test,0,5.155234e-07,0
coco_014339,test,0,0.00055312534,0
coco_014340,test,0,0.30882356,1
coco_014347,test,0,0.65273947,0
coco_014366,test,0,0.65011376,0
coco_014368,test,0,0.0011594419,0
coco_014370,test,0,0.021708552,0
coco_014380,test,0,0.0018364056,0
coco_014382,test,0,0.33069518,0
coco_014420,test,0,0.9955153,0
coco_014433,test,0,5.1679308e-05,0
coco_014484,test,0,0.0004989376,0
coco_014490,test,0,0.998973,0
coco_014492,test,0,3.0187564e-07,0
coco_014503,test,0,3.6321428e-05,0
coco_014515,test,0,2.6568594e-05,0
coco_014520,test,0,0.020130247,0
coco_014578,test,0,0.9641934,0
coco_014579,test,0,0.30882356,1
coco_014580,test,0,0.30882356,1
coco_014613,test,0,0.30882356,1
coco_014626,test,0,0.029268615,0
coco_014627,test,0,0.5111731,0
coco_014642,test,0,0.30882356,1
coco_014649,test,0,1.831929e-06,0
coco_014655,test,0,0.30882356,1
coco_014666,test,0,0.30882356,1
coco_014680,test,0,0.30882356,1
coco_014691,test,0,0.30882356,1
coco_014710,test,0,0.30882356,1
coco_014723,test,0,0.00014982739,0
coco_014749,test,0,0.12548828,0
coco_014752,test,0,0.13002923,0
coco_014759,test,0,0.24836107,0
coco_014768,test,0,0.9443245,0
coco_014777,test,0,0.24722387,0
coco_014796,test,0,0.0032301962,0
coco_014803,test,0,0.032509185,0
coco_014805,test,0,0.30882356,1
coco_014832,test,0,0.0034967843,0
coco_014833,test,0,0.4759456,0
coco_014837,test,0,0.30882356,1
coco_014843,test,0,1.2258386e-05,0
coco_014858,test,0,0.0010288263,0
coco_014859,test,0,0.0103332605,0
coco_014860,test,0,0.30882356,1
coco_014879,test,0,0.76536775,0
coco_014881,test,0,0.33815396,0
coco_014885,test,0,5.1991174e-05,0
coco_014900,test,0,0.04603902,0
coco_014910,test,0,0.30882356,1
coco_014911,test,0,0.30882356,1
coco_014915,test,0,0.033189364,0
coco_014920,test,0,0.30882356,1
coco_014926,test,0,0.30882356,1
coco_014931,test,0,0.00079757505,0
coco_014933,test,0,0.22399051,0
coco_014935,test,0,0.020132309,0
coco_014948,test,0,0.32850403,0
coco_014952,test,0,0.0058514583,0
coco_014960,test,0,0.30882356,1
coco_014979,test,0,0.30882356,1
coco_014984,test,0,0.30882356,1
coco_014987,test,0,0.027967568,0
coco_015001,test,0,0.021138439,0
coco_015002,test,0,0.10106075,0
coco_015007,test,0,0.30882356,1
coco_015013,test,0,2.0567609e-07,0
coco_015023,test,0,0.30882356,1
coco_015064,test,0,0.027377745,0
coco_015075,test,0,0.30882356,1
coco_015090,test,0,0.30882356,1
coco_015092,test,0,0.30882356,1
coco_015103,test,0,0.32028118,0
coco_015104,test,0,0.54482764,0
coco_015116,test,0,0.97736484,0
coco_015125,test,0,1.9430536e-05,0
coco_015126,test,0,0.04632847,0
coco_015145,test,0,0.04575795,0
coco_015146,test,0,0.0709103,0
coco_015149,test,0,0.14675711,0
coco_015154,test,0,0.30882356,1
coco_015156,test,0,0.006766395,0
coco_015159,test,0,0.30882356,1
coco_015194,test,0,0.00013311554,0
coco_015199,test,0,0.00037395122,0
coco_015230,test,0,0.30882356,1
coco_015237,test,0,0.17035392,0
coco_015245,test,0,0.2280346,0
coco_015246,test,0,0.27824077,1
coco_015262,test,0,5.494292e-06,0
coco_015264,test,0,0.0002979383,0
coco_015266,test,0,0.30882356,1
coco_015275,test,0,0.8417765,0
coco_015279,test,0,0.9017901,0
coco_015287,test,0,0.30882356,1
coco_015296,test,0,1.3506451e-06,0
coco_015305,test,0,0.01122648,0
coco_015323,test,0,0.30882356,1
coco_015328,test,0,0.30882356,1
coco_015334,test,0,0.015441579,0
coco_015346,test,0,0.0009858335,0
coco_015350,test,0,0.30882356,1
coco_015354,test,0,0.30882356,1
coco_015356,test,0,0.30882356,1
coco_015383,test,0,0.30882356,1
coco_015393,test,0,0.077716075,0
coco_015426,test,0,2.2499522e-05,0
coco_015427,test,0,0.30882356,1
coco_015429,test,0,0.30882356,1
coco_015433,test,0,0.30882356,1
coco_015434,test,0,0.060407568,0
coco_015451,test,0,0.0002727601,0
coco_015456,test,0,0.30882356,1
coco_015458,test,0,0.6609761,0
coco_015466,test,0,0.30882356,1
coco_015471,test,0,0.9823177,0
coco_015472,test,0,0.3419093,0
coco_015474,test,0,0.7342212,0
coco_015487,test,0,0.30882356,1
coco_015495,test,0,0.30882356,1
coco_015498,test,0,0.32738355,0
coco_015509,test,0,0.0010048355,0
coco_015510,test,0,0.97979915,0
coco_015523,test,0,0.30882356,1
coco_015530,test,0,0.9940181,0
coco_015532,test,0,0.30882356,1
coco_015548,test,0,0.0030746476,0
coco_015554,test,0,0.00030207064,0
coco_015567,test,0,5.6659635e-05,0
coco_015570,test,0,0.0010690562,0
coco_015574,test,0,0.30882356,1
coco_015580,test,0,0.00030250268,0
coco_015581,test,0,0.0003886516,0
coco_015583,test,0,0.30882356,1
coco_015585,test,0,0.17605379,0
coco_015600,test,0,0.08336794,0
coco_015609,test,0,0.0076843374,0
coco_015616,test,0,0.52036273,0
coco_015620,test,0,0.30882356,1
coco_015621,test,0,0.30882356,1
coco_015624,test,0,0.99064016,0
coco_015626,test,0,0.9372208,0
coco_015635,test,0,0.30882356,1
coco_015639,test,0,0.30882356,1
coco_015646,test,0,0.7544103,0
coco_015651,test,0,0.30882356,1
coco_015656,test,0,0.11630363,0
coco_015657,test,0,0.30882356,1
coco_015670,test,0,0.0026136914,0
coco_015685,test,0,0.0035188394,0
coco_015700,test,0,0.067055665,0
coco_015707,test,0,0.0010500217,0
coco_015710,test,0,0.9506725,0
coco_015723,test,0,0.0064093843,0
coco_015727,test,0,0.86530244,0
coco_015729,test,0,0.357543,0
coco_015756,test,0,0.30882356,1
coco_015765,test,0,0.61264557,0
coco_015775,test,0,0.9281177,0
coco_015778,test,0,0.2968187,0
coco_015835,test,0,0.99702734,0
coco_015889,test,0,0.10322164,0
coco_015890,test,0,0.008538064,0
coco_015905,test,0,0.30882356,1
coco_015907,test,0,0.0024862827,0
coco_015914,test,0,0.018527819,0
coco_015931,test,0,9.227249e-05,0
coco_015935,test,0,0.30882356,1
coco_015941,test,0,0.20044884,0
coco_015943,test,0,0.30882356,1
coco_015948,test,0,0.98421085,0
coco_015955,test,0,0.30882356,1
coco_015980,test,0,0.9360865,0
coco_015994,test,0,0.30882356,1
coco_016011,test,0,0.99992454,0
coco_016014,test,0,2.746525e-05,0
coco_016020,test,0,0.30882356,1
coco_016032,test,0,0.3649113,0
coco_016039,test,0,0.30882356,1
coco_016041,test,0,0.050220754,0
coco_016042,test,0,0.30882356,1
coco_016059,test,0,0.072502494,0
coco_016069,test,0,0.096753955,0
coco_016077,test,0,0.30882356,1
coco_016080,test,0,0.99885345,0
coco_016097,test,0,0.30882356,1
coco_016102,test,0,0.30882356,1
coco_016103,test,0,0.00017055064,0
coco_016107,test,0,0.30882356,1
coco_016110,test,0,0.0025013895,0
coco_016134,test,0,0.26389793,1
coco_016138,test,0,0.010868499,0
coco_016149,test,0,0.30882356,1
coco_016160,test,0,0.0030890664,0
coco_016172,test,0,0.9928543,0
coco_016176,test,0,0.015408238,0
coco_016181,test,0,0.21146794,0
coco_016200,test,0,0.05145452,0
coco_016213,test,0,0.23984246,0
coco_016218,test,0,0.30882356,1
coco_016219,test,0,0.0874195,0
coco_016220,test,0,0.684684,0
coco_016231,test,0,0.30882356,1
coco_016232,test,0,0.30882356,1
coco_016237,test,0,0.6393241,0
coco_016246,test,0,0.8746922,0
coco_016283,test,0,0.30882356,1
coco_016287,test,0,0.0026436436,0
coco_016289,test,0,0.15487425,0
coco_016302,test,0,0.30882356,1
coco_016303,test,0,0.14528573,0
coco_016312,test,0,0.0032528576,0
coco_016313,test,0,0.22113448,0
coco_016333,test,0,0.9139977,0
coco_016338,test,0,8.153522e-06,0
coco_016342,test,0,0.30882356,1
coco_016344,test,0,0.30882356,1
coco_016360,test,0,0.42818344,0
coco_016381,test,0,0.064571954,0
coco_016387,test,0,0.21151654,1
coco_016389,test,0,0.976075,0
coco_016391,test,0,0.30882356,1
coco_016402,test,0,0.30882356,1
coco_016404,test,0,0.9999167,0
coco_016424,test,0,0.30882356,1
coco_016428,test,0,0.30882356,1
coco_016430,test,0,0.008748663,0
coco_016460,test,0,0.20434724,0
coco_016465,test,0,0.00555127,0
coco_016471,test,0,0.0026968215,0
coco_016481,test,0,0.30882356,1
coco_016487,test,0,0.30882356,1
coco_016491,test,0,0.30882356,1
coco_016493,test,0,0.9213194,0
coco_016505,test,0,0.30882356,1
coco_016522,test,0,0.30882356,1
coco_016533,test,0,2.7934807e-06,0
coco_016537,test,0,0.010825166,0
coco_016559,test,0,0.031278543,0
coco_016567,test,0,0.4073843,0
coco_016584,test,0,0.28787738,0
coco_016589,test,0,0.30882356,1
coco_016593,test,0,0.30882356,1
coco_016599,test,0,0.9355114,0
coco_016600,test,0,0.67310226,0
coco_016608,test,0,0.52054644,0
coco_016630,test,0,0.09418203,0
coco_016631,test,0,0.10891885,0
coco_016643,test,0,0.30882356,1
coco_016645,test,0,0.30882356,1
coco_016646,test,0,0.30882356,1
coco_016663,test,0,0.025438525,0
coco_016671,test,0,0.7866722,0
coco_016690,test,0,0.1496014,0
coco_016698,test,0,0.89141953,0
coco_016707,test,0,0.0084237605,0
coco_016712,test,0,0.30882356,1
coco_016722,test,0,0.9994307,0
coco_016730,test,0,0.4098204,0
coco_016744,test,0,0.0963666,0
coco_016757,test,0,0.14871015,0
coco_016766,test,0,7.8860445e-05,0
coco_016770,test,0,0.0025551661,0
coco_016775,test,0,0.30882356,1
coco_016785,test,0,0.30882356,1
coco_016787,test,0,0.0017947988,0
coco_016801,test,0,0.0055038943,0
coco_016815,test,0,0.30882356,1
coco_016826,test,0,0.0026707698,0
coco_016829,test,0,0.00018347416,0
coco_016851,test,0,0.7738449,0
coco_016862,test,0,0.057355687,0
coco_016863,test,0,0.30882356,1
coco_016869,test,0,0.23933354,0
coco_016873,test,0,0.9233021,0
coco_016887,test,0,0.11800294,0
coco_016899,test,0,0.8698649,0
coco_016916,test,0,0.30882356,1
coco_016946,test,0,0.00034632097,0
coco_016948,test,0,0.99756396,0
coco_016950,test,0,0.0066923057,0
coco_016963,test,0,0.1736201,0
coco_016971,test,0,0.30882356,1
coco_016973,test,0,0.97516483,0
coco_016981,test,0,0.010588308,0
coco_016984,test,0,0.108468905,0
coco_017011,test,0,0.032950915,0
coco_017018,test,0,0.0019447857,0
coco_017041,test,0,0.9989819,0
coco_017048,test,0,0.0014809973,0
coco_017051,test,0,0.0010858069,0
coco_017053,test,0,0.30882356,1
coco_017058,test,0,0.62172467,0
coco_017075,test,0,0.30882356,1
coco_017077,test,0,2.4969375e-05,0
coco_017078,test,0,0.00022396665,0
coco_017082,test,0,0.0978525,0
coco_017086,test,0,0.30882356,1
coco_017102,test,0,0.30882356,1
coco_017111,test,0,0.30882356,1
coco_017150,test,0,0.8995876,0
coco_017189,test,0,0.025571037,0
coco_017192,test,0,5.582399e-05,0
coco_017193,test,0,0.30882356,1
coco_017201,test,0,0.22938527,0
coco_017206,test,0,0.30882356,1
coco_017210,test,0,0.30882356,1
coco_017211,test,0,0.30882356,1
coco_017214,test,0,0.12117926,0
coco_017222,test,0,0.30882356,1
coco_017226,test,0,0.7249575,0
coco_017235,test,0,0.07517638,0
coco_017251,test,0,0.00023057705,0
coco_017285,test,0,0.30882356,1
coco_017289,test,0,0.0001473792,0
coco_017296,test,0,0.6792093,0
coco_017303,test,0,4.6989073e-05,0
coco_017316,test,0,0.6452002,0
coco_017333,test,0,0.0038296208,0
coco_017345,test,0,0.22056279,0
coco_017348,test,0,0.033553414,0
coco_017356,test,0,0.4729573,1
coco_017357,test,0,0.30882356,1
coco_017386,test,0,0.00094529934,0
coco_017388,test,0,0.012816978,0
coco_017407,test,0,0.012822916,0
coco_017410,test,0,0.048850443,0
coco_017424,test,0,0.5157143,0
coco_017440,test,0,0.31468266,0
coco_017448,test,0,7.912999e-06,0
coco_017452,test,0,0.30882356,1
coco_017464,test,0,0.0075229816,0
coco_017465,test,0,0.30882356,1
coco_017482,test,0,0.013828217,0
coco_017498,test,0,0.30882356,1
coco_017510,test,0,0.30053848,0
coco_017514,test,0,0.30882356,1
coco_017517,test,0,0.30882356,1
coco_017521,test,0,0.0012496033,0
coco_017523,test,0,0.98282534,0
coco_017526,test,0,5.897509e-07,0
coco_017527,test,0,0.9830867,0
coco_017538,test,0,0.30882356,1
coco_017571,test,0,0.19819537,0
coco_017576,test,0,0.00015050067,0
coco_017577,test,0,0.99879044,0
coco_017578,test,0,0.66385347,0
coco_017585,test,0,0.023222687,0
coco_017594,test,0,0.5851858,0
coco_017597,test,0,0.30882356,1
coco_017603,test,0,0.7614758,0
coco_017617,test,0,0.30882356,1
coco_017642,test,0,0.30882356,1
coco_017663,test,0,0.4567224,0
coco_017669,test,0,0.14122094,0
coco_017680,test,0,0.037282452,0
coco_017685,test,0,0.0104411235,0
coco_017687,test,0,0.00014617502,0
coco_017703,test,0,0.0006697652,0
coco_017705,test,0,0.2647724,0
coco_017732,test,0,0.11059426,0
coco_017744,test,0,0.00025465825,0
coco_017750,test,0,0.30882356,1
coco_017757,test,0,0.57948095,0
coco_017763,test,0,0.003522561,0
coco_017792,test,0,0.7237741,0
coco_017838,test,0,0.63139194,0
coco_017842,test,0,0.30882356,1
coco_017863,test,0,0.30882356,1
coco_017870,test,0,0.013617889,0
coco_017886,test,0,0.0003584816,0
coco_017894,test,0,0.54514307,0
coco_017924,test,0,0.30882356,1
coco_017944,test,0,0.97242546,0
coco_017953,test,0,0.021348475,0
coco_017955,test,0,0.00011644292,0
coco_017960,test,0,0.30882356,1
coco_017965,test,0,0.0005492818,0
coco_017980,test,0,0.000102190075,0
coco_017986,test,0,4.6792582e-05,0
coco_017987,test,0,0.30882356,1
coco_017995,test,0,0.30882356,1
coco_018005,test,0,0.93545973,0
coco_018013,test,0,0.0039083823,0
coco_018080,test,0,0.036055427,0
coco_018081,test,0,2.1690468e-05,0
coco_018082,test,0,0.01090402,0
coco_018115,test,0,0.30882356,1
coco_018117,test,0,0.30882356,1
coco_018137,test,0,0.30882356,1
coco_018141,test,0,0.06761405,0
coco_018145,test,0,0.03368874,0
coco_018148,test,0,0.30882356,1
coco_018152,test,0,0.99981815,0
coco_018160,test,0,0.024598578,0
coco_018171,test,0,0.00558362,0
coco_018178,test,0,0.1861871,0
coco_018179,test,0,0.30882356,1
coco_018181,test,0,0.30882356,1
coco_018189,test,0,0.00076390646,0
coco_018194,test,0,0.30882356,1
coco_018199,test,0,0.30882356,1
coco_018207,test,0,0.23333246,0
coco_018212,test,0,0.0389239,0
coco_018216,test,0,0.00022465915,0
coco_018230,test,0,0.0004182321,0
coco_018232,test,0,0.01681762,0
coco_018248,test,0,0.30882356,1
coco_018256,test,0,0.14070877,0
coco_018257,test,0,0.49443766,0
coco_018258,test,0,0.0069515794,0
coco_018267,test,0,0.004513022,0
coco_018269,test,0,0.28338066,0
coco_018271,test,0,0.0001730966,0
coco_018285,test,0,0.30882356,1
coco_018286,test,0,0.0011093562,0
coco_018287,test,0,0.30882356,1
coco_018309,test,0,0.9987658,0
coco_018321,test,0,0.30882356,1
coco_018339,test,0,0.0044324775,0
coco_018350,test,0,0.30882356,1
coco_018361,test,0,0.86250293,0
coco_018364,test,0,0.30882356,1
coco_018379,test,0,0.9300026,0
coco_018393,test,0,0.30882356,1
coco_018414,test,0,0.004653696,0
coco_018421,test,0,0.30882356,1
coco_018430,test,0,0.00023311519,0
coco_018456,test,0,0.00035907625,0
coco_018457,test,0,0.7129638,0
coco_018462,test,0,0.07261271,0
coco_018464,test,0,0.30882356,1
coco_018465,test,0,0.92136455,0
coco_018501,test,0,0.03385347,0
coco_018534,test,0,0.001597025,0
coco_018552,test,0,0.7199916,0
coco_018569,test,0,0.0031654208,1
coco_018575,test,0,0.14816754,0
coco_018597,test,0,0.9636688,0
coco_018600,test,0,0.008185614,0
coco_018603,test,0,0.30882356,1
coco_018613,test,0,0.00010677295,0
coco_018618,test,0,0.00019288591,0
coco_018620,test,0,0.013089757,0
coco_018623,test,0,5.479765e-06,0
coco_018634,test,0,0.018016253,0
coco_018639,test,0,0.30882356,1
coco_018644,test,0,0.30882356,1
coco_018660,test,0,0.3677839,0
coco_018664,test,0,0.00060828513,0
coco_018666,test,0,0.17431392,0
coco_018669,test,0,1.3125153e-06,0
coco_018674,test,0,0.008088667,0
coco_018678,test,0,1.4171443e-05,0
coco_018690,test,0,0.30882356,1
coco_018713,test,0,0.0018970005,0
coco_018715,test,0,0.0024169856,0
coco_018716,test,0,0.30882356,1
coco_018718,test,0,0.30882356,1
coco_018719,test,0,0.30882356,1
coco_018727,test,0,0.0011549209,0
coco_018729,test,0,0.0015132482,0
coco_018739,test,0,0.01139605,0
coco_018740,test,0,0.031185841,0
coco_018748,test,0,0.18915258,0
coco_018750,test,0,0.97531664,0
coco_018762,test,0,0.93054086,0
coco_018771,test,0,0.00012974461,0
coco_018774,test,0,0.020555161,0
coco_018787,test,0,0.0074042827,0
coco_018796,test,0,0.0001749122,0
coco_018798,test,0,0.93005306,0
coco_018807,test,0,0.30882356,1
coco_018819,test,0,0.008685177,0
coco_018836,test,0,0.30882356,1
coco_018843,test,0,0.96803576,0
coco_018857,test,0,0.30882356,1
coco_018872,test,0,0.044860385,0
coco_018874,test,0,0.5577961,0
coco_018875,test,0,0.8992333,0
coco_018883,test,0,0.33482176,0
coco_018885,test,0,0.021174481,0
coco_018894,test,0,0.9900075,0
coco_018895,test,0,0.91238743,0
coco_018909,test,0,2.3493083e-05,0
coco_018946,test,0,0.79630625,0
coco_018952,test,0,0.11185901,0
coco_018956,test,0,0.07363343,0
coco_018970,test,0,1.507133e-05,0
coco_018973,test,0,0.010152133,0
coco_018976,test,0,0.9939751,0
coco_019016,test,0,0.45709655,0
coco_019018,test,0,0.30882356,1
coco_019021,test,0,0.4967441,0
coco_019029,test,0,0.44601348,0
coco_019030,test,0,0.30882356,1
coco_019037,test,0,0.0045021824,0
coco_019049,test,0,0.0051905205,0
coco_019055,test,0,0.05237693,0
coco_019057,test,0,0.99820614,0
coco_019070,test,0,0.030443532,0
coco_019082,test,0,0.30882356,1
coco_019084,test,0,2.9268635e-05,0
coco_019085,test,0,0.00085903733,0
coco_019096,test,0,0.05904403,0
coco_019135,test,0,4.7258e-09,0
coco_019136,test,0,0.024066664,0
coco_019138,test,0,3.724971e-05,0
coco_019139,test,0,0.19879933,0
coco_019140,test,0,0.042541455,0
coco_019142,test,0,0.27253294,0
coco_019146,test,0,0.13528751,0
coco_019147,test,0,0.914967,0
coco_019153,test,0,0.0007226229,0
coco_019161,test,0,0.30882356,1
coco_019169,test,0,0.17676435,0
coco_019170,test,0,0.20148827,0
coco_019172,test,0,0.30882356,1
coco_019187,test,0,0.05967754,0
coco_019191,test,0,0.30882356,1
coco_019198,test,0,0.00014017397,0
coco_019213,test,0,0.99392784,0
coco_019240,test,0,0.32319558,0
coco_019245,test,0,0.3683922,0
coco_019250,test,0,0.40564442,1
coco_019275,test,0,0.30882356,1
coco_019278,test,0,0.30882356,1
coco_019287,test,0,0.0009291309,0
coco_019296,test,0,0.30882356,1
coco_019297,test,0,0.97224617,0
coco_019305,test,0,0.30882356,1
coco_019318,test,0,0.30882356,1
coco_019326,test,0,0.19045763,0
coco_019344,test,0,0.30882356,1
coco_019346,test,0,0.00016712444,0
coco_019348,test,0,0.00028532717,0
coco_019387,test,0,0.0011504309,0
coco_019404,test,0,0.049118105,0
coco_019408,test,0,0.30882356,1
coco_019411,test,0,0.60260177,0
coco_019413,test,0,0.021460341,0
coco_019414,test,0,0.30882356,1
coco_019415,test,0,0.7480464,0
coco_019422,test,0,5.182428e-06,0
coco_019454,test,0,0.30882356,1
coco_019458,test,0,0.30882356,1
coco_019460,test,0,0.30882356,1
coco_019462,test,0,0.26050705,0
coco_019474,test,0,0.30882356,1
coco_019475,test,0,0.30882356,1
coco_019479,test,0,0.92744094,0
coco_019486,test,0,0.30882356,1
coco_019498,test,0,0.0035020022,0
coco_019508,test,0,0.04492846,0
coco_019523,test,0,0.16969495,0
coco_019526,test,0,0.0024346667,0
coco_019536,test,0,0.000738854,0
coco_019543,test,0,0.13663207,0
coco_019597,test,0,0.30882356,1
coco_019602,test,0,0.0481918,0
coco_019613,test,0,0.010509674,0
coco_019617,test,0,0.08679698,0
coco_019621,test,0,0.30882356,1
coco_019630,test,0,0.00048932346,0
coco_019633,test,0,0.000726311,0
coco_019638,test,0,0.30882356,1
coco_019658,test,0,0.08970414,0
coco_019660,test,0,0.14189856,0
coco_019665,test,0,0.024590947,0
coco_019666,test,0,0.000533418,0
coco_019669,test,0,0.044322517,0
coco_019673,test,0,0.30882356,1
coco_019692,test,0,4.7569483e-06,0
coco_019696,test,0,0.805088,0
coco_019700,test,0,0.4743143,0
coco_019718,test,0,0.42762667,0
coco_019732,test,0,0.00020974265,0
coco_019741,test,0,0.86364865,0
coco_019761,test,0,0.30882356,1
coco_019774,test,0,0.9705968,0
coco_019806,test,0,0.94325954,0
coco_019824,test,0,0.30882356,1
coco_019840,test,0,8.659357e-06,0
coco_019841,test,0,0.30882356,1
coco_019856,test,0,0.0013302255,0
coco_019859,test,0,0.2622338,1
coco_019866,test,0,0.17452992,0
coco_019871,test,0,0.30882356,1
coco_019872,test,0,0.00044989338,0
coco_019875,test,0,0.28178984,0
coco_019880,test,0,0.5596815,0
coco_019884,test,0,0.00016889929,0
coco_019886,test,0,0.06598266,0
coco_019889,test,0,0.0030153582,0
coco_019893,test,0,0.009903748,0
coco_019903,test,0,0.85355186,0
coco_019908,test,0,0.00735055,0
coco_019911,test,0,0.9680371,0
coco_019912,test,0,0.30882356,1
coco_019913,test,0,0.015485166,0
coco_019919,test,0,0.68083006,0
coco_019929,test,0,0.30882356,1
coco_019961,test,0,0.1128703,0
coco_019964,test,0,0.10509976,0
coco_019971,test,0,0.05575765,0
coco_019974,test,0,0.06811377,0
coco_019979,test,0,8.485051e-05,0
coco_019995,test,0,0.4752295,0
coco_019997,test,0,0.00094863266,0
coco_020007,test,0,0.005879753,0
coco_020016,test,0,0.0012321749,0
coco_020025,test,0,0.30882356,1
coco_020041,test,0,0.30882356,1
coco_020065,test,0,0.36819983,0
coco_020070,test,0,0.002781122,0
coco_020071,test,0,0.6260501,0
coco_020082,test,0,0.30882356,1
coco_020083,test,0,0.30949453,0
coco_020130,test,0,0.9951395,0
coco_020148,test,0,0.03709618,0
coco_020153,test,0,0.0707966,0
coco_020165,test,0,0.30882356,1
coco_020166,test,0,0.30882356,1
coco_020181,test,0,0.30882356,1
coco_020186,test,0,0.030298308,0
coco_020216,test,0,0.30882356,1
coco_020224,test,0,0.00044305818,0
coco_020233,test,0,2.0140082e-05,0
coco_020253,test,0,0.30882356,1
coco_020260,test,0,0.095879465,0
coco_020264,test,0,0.008297576,0
coco_020265,test,0,0.42414233,0
coco_020284,test,0,0.0016118577,0
coco_020286,test,0,0.27722222,0
coco_020292,test,0,0.08581026,0
coco_020294,test,0,0.30882356,1
coco_020296,test,0,0.42819685,0
coco_020302,test,0,0.30882356,1
coco_020315,test,0,0.025108583,0
coco_020320,test,0,0.025669038,0
coco_020331,test,0,0.30882356,1
coco_020345,test,0,0.21606225,0
coco_020357,test,0,0.30882356,1
coco_020361,test,0,0.00054556597,0
coco_020410,test,0,0.30882356,1
coco_020427,test,0,0.121130764,0
coco_020438,test,0,0.4255525,0
coco_020459,test,0,0.456724,0
coco_020470,test,0,0.30882356,1
coco_020472,test,0,0.086963385,0
coco_020505,test,0,0.010216574,0
coco_020509,test,0,0.30882356,1
coco_020532,test,0,0.30882356,1
coco_020537,test,0,0.2931219,0
coco_020540,test,0,0.30882356,1
coco_020543,test,0,0.00092418253,0
coco_020544,test,0,0.00014992172,0
coco_020549,test,0,0.30882356,1
coco_020556,test,0,0.7189356,0
coco_020557,test,0,0.0010338349,0
coco_020561,test,0,0.3017552,0
coco_020569,test,0,0.20979053,0
coco_020583,test,0,0.1382804,0
coco_020585,test,0,5.9659055e-06,0
coco_020617,test,0,0.30882356,1
coco_020620,test,0,0.110522866,0
coco_020635,test,0,0.30882356,1
coco_020636,test,0,0.0053590727,0
coco_020642,test,0,3.634686e-05,0
coco_020649,test,0,1.1273133e-05,0
coco_020653,test,0,0.08695324,0
coco_020660,test,0,0.95985955,0
coco_020693,test,0,0.124761276,0
coco_020701,test,0,0.75177425,0
coco_020708,test,0,7.760451e-06,0
coco_020711,test,0,0.00017261501,0
coco_020712,test,0,0.9682728,0
coco_020718,test,0,0.30882356,1
coco_020720,test,0,0.30882356,1
coco_020721,test,0,0.30882356,1
coco_020727,test,0,0.30882356,1
coco_020733,test,0,0.0024850152,0
coco_020734,test,0,0.23904975,0
coco_020748,test,0,0.004696065,0
coco_020755,test,0,0.093003854,0
coco_020766,test,0,0.014967924,0
coco_020774,test,0,0.20940982,0
coco_020777,test,0,0.14144169,0
coco_020784,test,0,0.32974693,0
coco_020797,test,0,0.989762,0
coco_020800,test,0,0.015309531,0
coco_020826,test,0,0.30882356,1
coco_020829,test,0,0.99601126,0
coco_020848,test,0,0.30882356,1
coco_020853,test,0,0.048915848,0
coco_020864,test,0,0.30882356,1
coco_020883,test,0,0.00015211031,0
coco_020897,test,0,0.0010020068,0
coco_020902,test,0,0.037435863,0
coco_020904,test,0,0.001760194,0
coco_020908,test,0,0.0006720136,0
coco_020919,test,0,0.30882356,1
coco_020930,test,0,0.30882356,1
coco_020945,test,0,0.30882356,1
coco_020947,test,0,1.4537682e-05,0
coco_020952,test,0,0.0009229726,0
coco_020962,test,0,0.00060189667,0
coco_020967,test,0,0.09254931,0
coco_020987,test,0,0.031017648,0
coco_021001,test,0,0.32352993,0
coco_021003,test,0,0.98337734,0
coco_021006,test,0,0.30882356,1
coco_021007,test,0,0.4965345,0
coco_021017,test,0,0.0057088025,0
coco_021020,test,0,0.99411243,0
coco_021021,test,0,0.014940627,0
coco_021023,test,0,9.624622e-05,0
coco_021029,test,0,0.30882356,1
coco_021034,test,0,0.95924443,0
coco_021045,test,0,0.2453608,0
coco_021049,test,0,0.012704358,0
coco_021053,test,0,0.30882356,1
coco_021055,test,0,4.2139263e-06,0
coco_021066,test,0,2.5780671e-05,0
coco_021084,test,0,0.006075273,0
coco_021106,test,0,0.30882356,1
coco_021112,test,0,0.07099343,0
coco_021117,test,0,0.30882356,1
coco_021135,test,0,0.30882356,1
coco_021138,test,0,0.7543529,0
coco_021141,test,0,0.30882356,1
coco_021144,test,0,8.51302e-05,0
coco_021150,test,0,0.30882356,1
coco_021168,test,0,0.3474081,0
coco_021185,test,0,0.30882356,1
coco_021188,test,0,7.351986e-05,0
coco_021190,test,0,0.30882356,1
coco_021198,test,0,0.30882356,1
coco_021202,test,0,0.0033103328,0
coco_021213,test,0,0.7288693,0
coco_021221,test,0,0.99938476,0
coco_021226,test,0,0.30882356,1
coco_021239,test,0,0.30882356,1
coco_021247,test,0,0.002280196,0
coco_021255,test,0,0.00081389496,0
coco_021267,test,0,0.30882356,1
coco_021293,test,0,0.23186354,0
coco_021294,test,0,0.30882356,1
coco_021296,test,0,0.038594723,0
coco_021309,test,0,0.30882356,1
coco_021321,test,0,0.30882356,1
coco_021325,test,0,0.30882356,1
coco_021335,test,0,0.3244539,0
coco_021365,test,0,0.10079985,0
coco_021372,test,0,0.30882356,1
coco_021384,test,0,0.30882356,1
coco_021388,test,0,0.30882356,1
coco_021419,test,0,0.93958515,0
coco_021429,test,0,0.43891865,0
coco_021443,test,0,0.9854783,0
coco_021447,test,0,0.013948022,0
coco_021457,test,0,0.30882356,1
coco_021465,test,0,0.92595136,0
coco_021466,test,0,0.30882356,1
coco_021468,test,0,0.0019647419,0
coco_021470,test,0,0.049399313,0
coco_021474,test,0,0.00024102566,0
coco_021477,test,0,0.30029428,0
coco_021483,test,0,0.00015069252,0
coco_021494,test,0,0.30882356,1
coco_021507,test,0,0.30882356,1
coco_021520,test,0,0.00199889,0
coco_021560,test,0,0.044851456,0
coco_021579,test,0,0.0023385456,0
coco_021586,test,0,0.207711,0
coco_021605,test,0,0.9472518,0
coco_021614,test,0,0.30882356,1
coco_021620,test,0,0.30882356,1
coco_021636,test,0,0.86079836,0
coco_021658,test,0,7.971336e-05,0
coco_021685,test,0,0.81419843,0
coco_021687,test,0,0.05429558,0
coco_021689,test,0,0.39801547,0
coco_021702,test,0,0.00028708662,0
coco_021704,test,0,0.0429394,0
coco_021717,test,0,0.9926871,0
coco_021719,test,0,0.972773,0
coco_021721,test,0,0.058487285,0
coco_021727,test,0,0.30882356,1
coco_021761,test,0,0.0030894806,0
coco_021766,test,0,0.15031856,0
coco_021784,test,0,0.0024124528,0
coco_021791,test,0,0.30882356,1
coco_021797,test,0,0.30882356,1
coco_021802,test,0,0.30882356,1
coco_021807,test,0,0.99999833,0
coco_021830,test,0,0.14700654,0
coco_021835,test,0,3.221371e-05,0
coco_021841,test,0,0.95514196,0
coco_021845,test,0,0.0018273261,0
coco_021854,test,0,0.30882356,1
coco_021860,test,0,0.2872833,0
coco_021886,test,0,0.13033684,0
coco_021893,test,0,2.970587e-05,0
coco_021922,test,0,0.30882356,1
coco_021930,test,0,0.07484187,0
coco_021933,test,0,0.68663067,0
coco_021946,test,0,0.13289191,0
coco_021977,test,0,0.30882356,1
coco_021984,test,0,0.30882356,1
coco_021987,test,0,0.30882356,1
coco_022010,test,0,0.019031053,0
coco_022015,test,0,0.0005238219,0
coco_022017,test,0,0.997018,0
coco_022029,test,0,0.35638297,0
coco_022033,test,0,0.7854797,0
coco_022043,test,0,0.78253734,0
coco_022052,test,0,0.30882356,1
coco_022058,test,0,0.30882356,1
coco_022074,test,0,0.0039071627,0
coco_022078,test,0,0.022630928,0
coco_022090,test,0,0.30882356,1
coco_022101,test,0,0.0011209677,0
coco_022113,test,0,0.30882356,1
coco_022121,test,0,0.30882356,1
coco_022127,test,0,0.0013404607,0
coco_022132,test,0,0.30882356,1
coco_022141,test,0,0.98286796,0
coco_022160,test,0,0.30882356,1
coco_022162,test,0,0.12018318,0
coco_022177,test,0,0.111627325,0
coco_022185,test,0,0.30882356,1
coco_022189,test,0,0.9764134,0
coco_022197,test,0,0.09487167,0
coco_022216,test,0,0.30882356,1
coco_022225,test,0,0.116133474,0
coco_022228,test,0,0.30882356,1
coco_022249,test,0,0.0035239158,0
coco_022288,test,0,0.01743241,0
coco_022289,test,0,0.46814692,0
coco_022302,test,0,0.30882356,1
coco_022311,test,0,0.954437,0
coco_022316,test,0,0.30882356,1
coco_022321,test,0,0.003861056,0
coco_022331,test,0,0.30882356,1
coco_022341,test,0,0.0018100146,0
coco_022360,test,0,0.6410053,0
coco_022385,test,0,0.30882356,1
coco_022395,test,0,0.584466,0
coco_022405,test,0,0.30882356,1
coco_022418,test,0,0.16249883,0
coco_022421,test,0,0.30882356,1
coco_022436,test,0,0.07215424,0
coco_022463,test,0,0.0028520678,0
coco_022471,test,0,0.30882356,1
coco_022474,test,0,0.30882356,1
coco_022478,test,0,0.30882356,1
coco_022506,test,0,0.00024144081,0
coco_022508,test,0,0.3258356,0
coco_022511,test,0,0.0026317493,0
coco_022522,test,0,0.082833,0
coco_022523,test,0,0.003786517,0
coco_022524,test,0,0.0009515505,0
coco_022541,test,0,0.022933943,0
coco_022543,test,0,0.0005033135,0
coco_022564,test,0,0.30882356,1
coco_022567,test,0,0.010506308,0
coco_022577,test,0,0.30882356,1
coco_022584,test,0,0.9985832,0
coco_022603,test,0,0.8751924,0
coco_022617,test,0,0.021748224,0
coco_022648,test,0,0.30882356,1
coco_022659,test,0,0.8029982,0
coco_022676,test,0,0.7015443,0
coco_022711,test,0,0.8370003,0
coco_022733,test,0,0.99433017,0
coco_022745,test,0,4.9486407e-05,0
coco_022754,test,0,0.30882356,1
coco_022765,test,0,0.30882356,1
coco_022779,test,0,0.50829095,0
coco_022787,test,0,0.018242182,0
coco_022792,test,0,0.01050047,0
coco_022797,test,0,0.13532987,0
coco_022808,test,0,0.30882356,1
coco_022816,test,0,0.30882356,1
coco_022844,test,0,0.016297402,0
coco_022863,test,0,0.30882356,1
coco_022873,test,0,0.012937378,0
coco_022883,test,0,0.96203166,0
coco_022886,test,0,0.0032855428,0
coco_022901,test,0,0.0010413225,0
coco_022912,test,0,0.30882356,1
coco_022916,test,0,0.0097126085,0
coco_022918,test,0,0.0038879635,0
coco_022939,test,0,0.5994982,0
coco_022940,test,0,0.07909381,0
coco_022949,test,0,0.30882356,1
coco_022956,test,0,0.0042114127,0
coco_022973,test,0,0.30882356,1
coco_022988,test,0,0.46413264,0
coco_022995,test,0,0.008543677,0
coco_023017,test,0,0.30882356,1
coco_023021,test,0,0.028730448,0
coco_023041,test,0,0.00087682134,0
coco_023049,test,0,0.89912444,0
coco_023063,test,0,0.30882356,1
coco_023071,test,0,0.0068238545,0
coco_023076,test,0,0.42926574,0
coco_023088,test,0,6.7553454e-05,0
coco_023114,test,0,0.00050192146,0
coco_023139,test,0,0.0003478276,0
coco_023142,test,0,0.16055267,0
coco_023144,test,0,0.0028371154,0
coco_023146,test,0,0.0069228783,0
coco_023154,test,0,1.0373221e-05,0
coco_023159,test,0,0.30882356,1
coco_023193,test,0,0.113294266,0
coco_023196,test,0,0.00015613578,0
coco_023200,test,0,0.00039480365,0
coco_023215,test,0,0.30882356,1
coco_023232,test,0,0.022976076,0
coco_023244,test,0,0.5958006,0
coco_023284,test,0,0.0039035662,0
coco_023288,test,0,0.30882356,1
coco_023309,test,0,9.900947e-09,0
coco_023310,test,0,0.30882356,1
coco_023312,test,0,0.85932136,0
coco_023313,test,0,0.30882356,1
coco_023327,test,0,6.622426e-06,0
coco_023332,test,0,0.36966318,0
coco_023334,test,0,0.0058949427,0
coco_023340,test,0,0.0021563391,0
coco_023344,test,0,0.07923478,0
coco_023347,test,0,0.58697116,0
coco_023350,test,0,0.30882356,1
coco_023356,test,0,0.004802587,0
coco_023374,test,0,2.9911046e-06,0
coco_023385,test,0,0.00015465921,0
coco_023393,test,0,0.30882356,1
coco_023406,test,0,0.9990766,0
coco_023416,test,0,0.21008068,0
coco_023432,test,0,0.00026791875,0
coco_023436,test,0,0.99819773,0
coco_023447,test,0,0.0053374837,0
coco_023450,test,0,0.569538,0
coco_023459,test,0,0.08693414,0
coco_023464,test,0,5.4118635e-05,0
coco_023468,test,0,0.30882356,1
coco_023474,test,0,0.15695304,0
coco_023491,test,0,0.00017102585,0
coco_023492,test,0,2.8889668e-05,0
coco_023515,test,0,1.1216118e-05,0
coco_023524,test,0,0.30882356,1
coco_023538,test,0,0.2593319,0
coco_023547,test,0,0.6786541,0
coco_023553,test,0,0.0105818,0
coco_023562,test,0,0.014546915,0
coco_023571,test,0,0.30882356,1
coco_023573,test,0,0.17269465,0
coco_023578,test,0,9.449667e-05,0
coco_023581,test,0,0.7438947,0
coco_023589,test,0,1.1695301e-05,0
coco_023592,test,0,2.1628397e-05,0
coco_023608,test,0,0.15506385,0
coco_023622,test,0,0.06926008,0
coco_023626,test,0,0.30882356,1
coco_023628,test,0,0.30882356,1
coco_023632,test,0,9.5759286e-05,0
coco_023639,test,0,0.0412476,0
coco_023656,test,0,0.30882356,1
coco_023662,test,0,0.30882356,1
coco_023675,test,0,0.052231234,0
coco_023684,test,0,0.10468867,0
coco_023685,test,0,0.038885884,0
coco_023691,test,0,0.30882356,1
coco_023708,test,0,0.013491141,0
coco_023719,test,0,0.1281954,0
coco_023726,test,0,0.076041296,0
coco_023733,test,0,0.30882356,1
coco_023740,test,0,0.4104794,0
coco_023750,test,0,0.95615155,0
coco_023751,test,0,0.30882356,1
coco_023758,test,0,0.30882356,1
coco_023793,test,0,0.01677932,0
coco_023806,test,0,0.003492264,0
coco_023809,test,0,0.18148309,0
coco_023820,test,0,0.0044599203,0
coco_023851,test,0,0.30882356,1
coco_023852,test,0,0.08984746,0
coco_023861,test,0,0.96589994,0
coco_023862,test,0,0.30882356,1
coco_023866,test,0,0.30882356,1
coco_023869,test,0,0.30882356,1
coco_023873,test,0,0.9914835,0
coco_023886,test,0,4.405445e-08,0
coco_023887,test,0,0.35434577,0
coco_023889,test,0,0.18298356,0
coco_023922,test,0,0.17425631,0
coco_023997,test,0,2.4770387e-05,0
coco_024056,test,0,0.06542372,0
coco_024058,test,0,0.30882356,1
coco_024064,test,0,0.91506284,0
coco_024065,test,0,0.559201,0
coco_024067,test,0,0.13209227,0
coco_024100,test,0,0.33805677,0
coco_024101,test,0,0.74024177,0
coco_024107,test,0,5.3574342e-05,0
coco_024108,test,0,0.30882356,1
coco_024129,test,0,0.30882356,1
coco_024135,test,0,0.97001094,0
coco_024152,test,0,0.0006808375,0
coco_024163,test,0,0.30882356,1
coco_024166,test,0,0.7662055,0
coco_024178,test,0,0.7178426,0
coco_024179,test,0,0.9613191,0
coco_024196,test,0,0.99654335,0
coco_024200,test,0,0.4685051,0
coco_024201,test,0,0.30882356,1
coco_024236,test,0,0.00032722348,0
coco_024245,test,0,0.13777316,0
coco_024249,test,0,0.30882356,1
coco_024259,test,0,0.98905027,0
coco_024267,test,0,0.8369843,0
coco_024277,test,0,0.30882356,1
coco_024286,test,0,0.30882356,1
coco_024295,test,0,0.30882356,1
coco_024296,test,0,5.8053174e-05,0
coco_024299,test,0,0.5024823,0
coco_024314,test,0,0.99974173,0
coco_024315,test,0,0.9585619,0
coco_024329,test,0,0.30882356,1
coco_024331,test,0,0.04142182,0
coco_024335,test,0,0.30882356,1
coco_024336,test,0,0.9506558,0
coco_024341,test,0,0.89121854,0
coco_024342,test,0,0.00010533651,0
coco_024353,test,0,0.012174861,0
coco_024356,test,0,0.0075499346,0
coco_024359,test,0,0.92623687,0
coco_024373,test,0,0.30882356,1
coco_024374,test,0,0.30882356,1
coco_024394,test,0,0.30882356,1
coco_024411,test,0,0.49896497,0
coco_024414,test,0,0.0048573255,0
coco_024427,test,0,0.009892158,0
coco_024434,test,0,0.19114828,0
coco_024437,test,0,0.9950494,0
coco_024444,test,0,0.011011598,0
coco_024451,test,0,0.0040214276,0
coco_024456,test,0,0.0041715163,0
coco_024467,test,0,0.30882356,1
coco_024469,test,0,0.031251013,0
coco_024477,test,0,6.4293647e-07,0
coco_024478,test,0,8.580426e-06,0
coco_024483,test,0,0.0024062237,1
coco_024512,test,0,0.0009338431,0
coco_024530,test,0,0.18791273,0
coco_024539,test,0,0.30882356,1
coco_024550,test,0,0.07175912,0
coco_024555,test,0,0.30882356,1
coco_024576,test,0,0.5373212,0
coco_024579,test,0,0.06580596,0
coco_024598,test,0,0.30882356,1
coco_024602,test,0,0.009396308,0
coco_024604,test,0,0.30882356,1
coco_024612,test,0,0.0063852766,0
coco_024617,test,0,0.03506609,0
coco_024622,test,0,0.30882356,1
coco_024625,test,0,0.30882356,1
coco_024628,test,0,0.30882356,1
coco_024636,test,0,0.13344143,0
coco_024640,test,0,0.9282771,0
coco_024641,test,0,0.27826276,0
coco_024650,test,0,0.052195955,0
coco_024680,test,0,0.030794725,0
coco_024694,test,0,0.030106964,0
coco_024695,test,0,0.23904772,0
coco_024696,test,0,0.013593813,0
coco_024700,test,0,0.0019840884,0
coco_024701,test,0,1.26224295e-05,0
coco_024710,test,0,0.30882356,1
coco_024713,test,0,0.068660766,0
coco_024717,test,0,0.47811645,0
coco_024744,test,0,0.0053748386,0
coco_024747,test,0,0.018091453,0
coco_024753,test,0,2.2382922e-06,0
coco_024766,test,0,0.30882356,1
coco_024787,test,0,0.06962993,0
coco_024801,test,0,0.0096521815,0
coco_024806,test,0,0.30882356,1
coco_024812,test,0,6.347006e-05,0
coco_024815,test,0,0.30882356,1
coco_024819,test,0,5.03083e-06,0
coco_024829,test,0,0.99680376,0
coco_024832,test,0,0.91511357,0
coco_024836,test,0,0.0007199943,0
coco_024846,test,0,0.0020819718,0
coco_024853,test,0,0.30882356,1
coco_024870,test,0,0.027138675,0
coco_024873,test,0,0.0013252558,0
coco_024877,test,0,0.028733209,1
coco_024878,test,0,0.30882356,1
coco_024910,test,0,8.129214e-06,0
coco_024920,test,0,0.30882356,1
coco_024921,test,0,0.30882356,1
coco_024927,test,0,0.30882356,1
coco_024939,test,0,0.031208081,0
coco_024964,test,0,0.028082011,0
coco_024965,test,0,0.4261707,0
coco_024970,test,0,0.30882356,1
coco_024973,test,0,0.30882356,1
coco_025002,test,0,7.011233e-05,0
coco_025008,test,0,0.026805207,0
coco_025014,test,0,0.30882356,1
coco_025025,test,0,0.30882356,1
coco_025035,test,0,0.15314685,0
coco_025040,test,0,0.54352677,0
coco_025049,test,0,0.00028516428,0
coco_025056,test,0,0.15713757,0
coco_025058,test,0,0.017004594,0
coco_025080,test,0,0.015406893,0
coco_025085,test,0,0.00010597891,0
coco_025097,test,0,0.30882356,1
coco_025109,test,0,0.30882356,1
coco_025115,test,0,0.006738658,0
coco_025123,test,0,0.00024930597,0
coco_025128,test,0,0.008462711,0
coco_025132,test,0,0.30882356,1
coco_025146,test,0,0.0016225453,0
coco_025148,test,0,0.05550547,0
coco_025150,test,0,0.0017533095,0
coco_025151,test,0,0.07932478,0
coco_025153,test,0,0.30882356,1
coco_025159,test,0,0.5395915,0
coco_025212,test,0,0.38490403,0
coco_025221,test,0,0.024537532,0
coco_025226,test,0,0.79631937,0
coco_025249,test,0,0.00068328413,0
coco_025251,test,0,0.9993523,0
coco_025255,test,0,0.30882356,1
coco_025277,test,0,0.30882356,1
coco_025287,test,0,0.30882356,1
coco_025290,test,0,9.0275484e-05,0
coco_025297,test,0,9.49468e-09,0
coco_025301,test,0,0.54995406,0
coco_025307,test,0,0.8493067,0
coco_025312,test,0,0.30882356,1
coco_025317,test,0,0.022538738,0
coco_025357,test,0,0.00013918462,0
coco_025377,test,0,0.00083228055,0
coco_025379,test,0,0.09989761,0
coco_025406,test,0,0.30882356,1
coco_025428,test,0,0.30882356,1
coco_025444,test,0,0.93507123,0
coco_025458,test,0,0.007558182,0
coco_025469,test,0,0.3396794,0
coco_025484,test,0,0.031107327,0
coco_025488,test,0,0.013631199,0
coco_025523,test,0,0.5795546,0
coco_025528,test,0,3.1250895e-06,0
coco_025538,test,0,0.99014366,0
coco_025563,test,0,0.30882356,1
coco_025582,test,0,0.0002578746,0
coco_025594,test,0,0.46953064,0
coco_025600,test,0,0.00050177495,0
coco_025604,test,0,0.9512184,0
coco_025605,test,0,0.30882356,1
coco_025618,test,0,0.30882356,1
coco_025632,test,0,0.02773074,0
coco_025644,test,0,0.06963495,0
coco_025651,test,0,0.30882356,1
coco_025666,test,0,0.30882356,1
coco_025691,test,0,0.07023301,0
coco_025730,test,0,0.0020693433,0
coco_025748,test,0,0.30882356,1
coco_025755,test,0,0.43432269,0
coco_025758,test,0,0.9677339,0
coco_025770,test,0,0.9096911,0
coco_025776,test,0,5.984543e-09,0
coco_025777,test,0,0.88191396,0
coco_025778,test,0,0.00033176062,0
coco_025790,test,0,0.07972098,0
coco_025805,test,0,0.014534992,0
coco_025821,test,0,0.0052815243,0
coco_025822,test,0,0.23834993,0
coco_025833,test,0,0.0022617113,0
coco_025854,test,0,0.30882356,1
coco_025857,test,0,0.0010870085,0
coco_025875,test,0,0.034722447,0
coco_025880,test,0,0.004377159,0
coco_025883,test,0,0.7169536,0
coco_025893,test,0,0.06333338,0
coco_025907,test,0,0.0057710926,0
coco_025927,test,0,0.41932738,0
coco_025945,test,0,0.30882356,1
coco_025950,test,0,0.30882356,1
coco_025955,test,0,0.0057476275,0
coco_025963,test,0,0.1150146,0
coco_025970,test,0,0.24353382,0
coco_025972,test,0,0.30882356,1
coco_025997,test,0,0.0011472672,0
coco_026001,test,0,0.30882356,1
coco_026010,test,0,0.33455455,0
coco_026018,test,0,0.30882356,1
coco_026026,test,0,0.30882356,1
coco_026050,test,0,0.30882356,1
coco_026055,test,0,0.15907791,0
coco_026060,test,0,0.30882356,1
coco_026076,test,0,0.9788522,0
coco_026077,test,0,0.30882356,1
coco_026080,test,0,0.00049896725,0
coco_026082,test,0,0.9976546,0
coco_026091,test,0,0.124734245,0
coco_026092,test,0,0.30882356,1
coco_026093,test,0,0.30882356,1
coco_026097,test,0,0.0006823819,0
coco_026098,test,0,0.6903618,0
coco_026100,test,0,0.30882356,1
coco_026112,test,0,0.0006535196,0
coco_026117,test,0,0.32106477,0
coco_026123,test,0,0.30882356,1
coco_026126,test,0,0.9912107,0
coco_026142,test,0,9.949526e-06,0
coco_026181,test,0,0.7116257,0
coco_026185,test,0,0.0187905,0
coco_026186,test,0,0.30882356,1
coco_026202,test,0,0.006097331,0
coco_026232,test,0,0.9995993,0
coco_026234,test,0,0.6648081,0
coco_026236,test,0,0.30882356,1
coco_026241,test,0,0.00012446879,0
coco_026252,test,0,2.6043073e-05,0
coco_026259,test,0,0.0040181605,0
coco_026262,test,0,0.30882356,1
coco_026309,test,0,6.333553e-05,0
coco_026312,test,0,0.06669579,0
coco_026313,test,0,0.0014504443,0
coco_026317,test,0,0.34719977,0
coco_026330,test,0,0.30882356,1
coco_026355,test,0,0.00013635919,0
coco_026364,test,0,0.30882356,1
coco_026367,test,0,0.30882356,1
coco_026376,test,0,0.30882356,1
coco_026378,test,0,7.49207e-05,0
coco_026386,test,0,7.903547e-07,0
coco_026417,test,0,0.027370041,0
coco_026422,test,0,0.30882356,1
coco_026434,test,0,0.30882356,1
coco_026469,test,0,0.30882356,1
coco_026543,test,0,0.2717907,0
coco_026546,test,0,0.0020010637,0
coco_026571,test,0,0.010891724,0
coco_026576,test,0,0.55296427,0
coco_026588,test,0,0.30882356,1
coco_026596,test,0,0.30882356,1
coco_026608,test,0,0.9211772,0
coco_026613,test,0,0.49829713,0
coco_026614,test,0,0.30882356,1
coco_026620,test,0,0.30882356,1
coco_026630,test,0,0.30882356,1
coco_026656,test,0,0.30882356,1
coco_026663,test,0,0.972674,0
coco_026678,test,0,0.30882356,1
coco_026680,test,0,0.96960294,0
coco_026693,test,0,0.1534883,0
coco_026708,test,0,0.06832184,0
coco_026717,test,0,0.0009240167,0
coco_026718,test,0,0.78022116,0
coco_026775,test,0,0.9936866,0
coco_026777,test,0,0.00090041663,1
coco_026794,test,0,0.30882356,1
coco_026813,test,0,0.30882356,1
coco_026821,test,0,0.19909577,0
coco_026834,test,0,0.07934224,0
coco_026851,test,0,0.91740036,0
coco_026894,test,0,0.0053919377,0
coco_026896,test,0,0.30882356,1
coco_026911,test,0,0.007298704,0
coco_026912,test,0,0.23874158,0
coco_026917,test,0,0.008233026,0
coco_026921,test,0,0.5028095,0
coco_026922,test,0,0.07945928,0
coco_026936,test,0,0.30882356,1
coco_026950,test,0,0.30882356,1
coco_026953,test,0,0.30882356,1
coco_026956,test,0,0.30882356,1
coco_026959,test,0,0.30882356,1
coco_026977,test,0,0.6659766,0
coco_026982,test,0,0.30882356,1
coco_026983,test,0,0.51151747,0
coco_026989,test,0,0.024297409,0
coco_026992,test,0,0.025899442,0
coco_026993,test,0,0.06373811,0
coco_026997,test,0,0.30882356,1
coco_027028,test,0,0.20595515,0
coco_027034,test,0,0.30882356,1
coco_027052,test,0,0.9977482,0
coco_027054,test,0,0.12820971,0
coco_027064,test,0,0.98987436,0
coco_027072,test,0,0.30882356,1
coco_027076,test,0,0.0005910063,0
coco_027079,test,0,0.4934059,0
coco_027085,test,0,0.30882356,1
coco_027102,test,0,0.11978668,0
coco_027111,test,0,0.30882356,1
coco_027116,test,0,0.30882356,1
coco_027119,test,0,2.7990034e-05,0
coco_027125,test,0,0.15830877,0
coco_027135,test,0,0.1193954,0
coco_027136,test,0,0.002990919,0
coco_027146,test,0,0.30882356,1
coco_027167,test,0,0.0048839063,0
coco_027174,test,0,5.4314063e-05,0
coco_027192,test,0,0.30882356,1
coco_027198,test,0,0.30882356,1
coco_027216,test,0,0.0002529954,0
coco_027218,test,0,0.6490679,0
coco_027225,test,0,0.30882356,1
coco_027232,test,0,0.004247692,0
coco_027240,test,0,0.023621421,0
coco_027247,test,0,0.07803534,0
coco_027249,test,0,0.30882356,1
coco_027251,test,0,0.20638184,0
coco_027258,test,0,0.05815477,0
coco_027261,test,0,0.021780083,0
coco_027263,test,0,0.30882356,1
coco_027285,test,0,0.30882356,1
coco_027296,test,0,0.9491626,0
coco_027299,test,0,0.30882356,1
coco_027300,test,0,0.00011542685,0
coco_027314,test,0,0.30882356,1
coco_027351,test,0,0.026224457,0
coco_027352,test,0,0.30882356,1
coco_027380,test,0,0.00025211077,0
coco_027381,test,0,0.08589791,0
coco_027386,test,0,0.0076755043,0
coco_027387,test,0,0.9944254,0
coco_027398,test,0,0.30882356,1
coco_027409,test,0,0.30882356,1
coco_027415,test,0,0.30882356,1
coco_027422,test,0,2.2409774e-10,0
coco_027428,test,0,3.04019e-06,0
coco_027429,test,0,0.59632015,0
coco_027445,test,0,0.30882356,1
coco_027458,test,0,0.0015472635,0
coco_027460,test,0,0.43190202,0
coco_027469,test,0,7.226413e-05,0
coco_027493,test,0,0.30882356,1
coco_027499,test,0,0.30882356,1
coco_027500,test,0,0.30882356,1
coco_027502,test,0,0.0034232277,0
coco_027510,test,0,0.8569743,0
coco_027537,test,0,0.16896185,0
coco_027541,test,0,0.97742486,0
coco_027565,test,0,0.0016086187,0
coco_027566,test,0,0.00026313995,0
coco_027567,test,0,0.00817511,0
coco_027568,test,0,0.91458553,0
coco_027570,test,0,0.30882356,1
coco_027582,test,0,0.30882356,1
coco_027583,test,0,0.0032238127,0
coco_027587,test,0,0.30882356,1
coco_027595,test,0,0.30882356,1
coco_027599,test,0,0.30882356,1
coco_027604,test,0,0.30882356,1
coco_027605,test,0,0.30882356,1
coco_027622,test,0,0.00018278127,0
coco_027629,test,0,0.011920024,0
coco_027633,test,0,0.00026593628,0
coco_027642,test,0,0.0002232656,0
coco_027650,test,0,2.4291969e-05,0
coco_027659,test,0,0.059989832,0
coco_027680,test,0,0.00033809562,0
coco_027683,test,0,0.35722458,0
coco_027688,test,0,0.30882356,1
coco_027711,test,0,0.6057953,0
coco_027713,test,0,0.30882356,1
coco_027716,test,0,0.4558149,0
coco_027733,test,0,0.291594,0
coco_027741,test,0,0.30882356,1
coco_027748,test,0,0.029058503,0
coco_027765,test,0,0.020893594,0
coco_027774,test,0,0.002418376,0
coco_027783,test,0,0.0015183752,0
coco_027785,test,0,0.30882356,1
coco_027792,test,0,0.44117603,0
coco_027802,test,0,0.071304075,0
coco_027804,test,0,0.03955385,0
coco_027810,test,0,0.002579586,0
coco_027812,test,0,0.8592956,0
coco_027814,test,0,0.00012539836,0
coco_027825,test,0,0.6076529,0
coco_027827,test,0,0.004395467,0
coco_027836,test,0,0.5152968,0
coco_027860,test,0,0.30882356,1
coco_027866,test,0,0.04149456,0
coco_027875,test,0,0.9915051,0
coco_027879,test,0,0.30882356,1
coco_027898,test,0,0.08098504,0
coco_027915,test,0,0.30882356,1
coco_027918,test,0,0.30882356,1
coco_027928,test,0,0.05956745,0
coco_027932,test,0,7.0714573e-06,0
coco_027934,test,0,0.0053839525,0
coco_027954,test,0,0.9739162,0
coco_027957,test,0,0.13989617,0
coco_027960,test,0,0.47281203,0
coco_027964,test,0,0.30882356,1
coco_027966,test,0,0.7606679,0
coco_027996,test,0,0.0024713369,0
coco_027999,test,0,0.00830008,0
coco_028001,test,0,0.19504578,0
coco_028002,test,0,0.9036194,0
coco_028026,test,0,0.16462871,0
coco_028040,test,0,0.0032783146,0
coco_028051,test,0,0.49214435,0
coco_028095,test,0,0.30882356,1
coco_028103,test,0,0.0011296845,0
coco_028104,test,0,0.01117537,0
coco_028109,test,0,0.0050346823,0
coco_028111,test,0,0.30882356,1
coco_028143,test,0,0.04565296,0
coco_028147,test,0,0.30882356,1
coco_028150,test,0,0.6921649,0
coco_028156,test,0,0.4549126,0
coco_028162,test,0,0.30882356,1
coco_028176,test,0,0.30056566,0
coco_028198,test,0,0.30882356,1
coco_028202,test,0,0.30882356,1
coco_028210,test,0,0.30882356,1
coco_028212,test,0,0.99985325,0
coco_028233,test,0,0.0019644725,0
coco_028248,test,0,0.017370153,0
coco_028250,test,0,0.8310745,0
coco_028251,test,0,0.017305389,0
coco_028266,test,0,0.30882356,1
coco_028267,test,0,0.024087043,0
coco_028275,test,0,0.0028187982,0
coco_028279,test,0,0.30882356,1
coco_028294,test,0,0.0006141763,0
coco_028296,test,0,0.0046990165,0
coco_028314,test,0,0.30882356,1
coco_028315,test,0,0.30882356,1
coco_028333,test,0,0.4721898,0
coco_028337,test,0,0.023623917,0
coco_028343,test,0,0.00013626588,0
coco_028346,test,0,0.30882356,1
coco_028370,test,0,0.14553003,0
coco_028396,test,0,0.30882356,1
coco_028397,test,0,1.558534e-05,0
coco_028412,test,0,0.29630223,0
coco_028431,test,0,0.30882356,1
coco_028456,test,0,0.017892912,0
coco_028460,test,0,0.30882356,1
coco_028461,test,0,0.30882356,1
coco_028479,test,0,0.022272972,0
coco_028484,test,0,0.43191648,0
coco_028487,test,0,4.093582e-05,0
coco_028497,test,0,0.9939036,0
coco_028523,test,0,0.30882356,1
coco_028529,test,0,0.68491954,0
coco_028535,test,0,0.0006298198,0
coco_028537,test,0,0.30882356,1
coco_028574,test,0,0.8821375,0
coco_028585,test,0,0.30882356,1
coco_028590,test,0,0.7861319,0
coco_028599,test,0,0.6815239,0
coco_028637,test,0,0.011505818,0
coco_028656,test,0,0.012703807,0
coco_028659,test,0,0.010531287,0
coco_028666,test,0,0.30882356,1
coco_028668,test,0,0.14430995,0
coco_028678,test,0,0.2807756,0
coco_028694,test,0,0.98352057,0
coco_028701,test,0,0.37605134,0
coco_028710,test,0,0.020306798,0
coco_028720,test,0,0.30882356,1
coco_028731,test,0,0.0027084039,0
coco_028732,test,0,0.012579867,0
coco_028741,test,0,0.033846654,0
coco_028743,test,0,0.011120248,0
coco_028745,test,0,0.061620835,0
coco_028753,test,0,0.037737563,0
coco_028769,test,0,0.01382091,0
coco_028771,test,0,0.30882356,1
coco_028781,test,0,0.36092332,0
coco_028800,test,0,0.30882356,1
coco_028802,test,0,0.30882356,1
coco_028821,test,0,0.37645274,0
coco_028833,test,0,0.0040901266,0
coco_028835,test,0,0.0062699686,0
coco_028841,test,0,0.19049627,0
coco_028843,test,0,0.00015661457,0
coco_028849,test,0,0.029379247,0
coco_028850,test,0,0.96822864,0
coco_028868,test,0,0.26557985,0
coco_028871,test,0,0.30882356,1
coco_028883,test,0,0.30882356,1
coco_028895,test,0,0.054722093,0
coco_028897,test,0,0.30882356,1
coco_028904,test,0,0.30882356,1
coco_028905,test,0,0.6685192,0
coco_028919,test,0,0.025805408,0
coco_028922,test,0,0.30882356,1
coco_028935,test,0,0.41417843,0
coco_028937,test,0,0.11940697,0
coco_028968,test,0,0.001235356,0
coco_028970,test,0,0.023821354,0
coco_028987,test,0,0.9859119,0
coco_029006,test,0,0.025788529,0
coco_029011,test,0,0.30882356,1
coco_029030,test,0,0.30882356,1
coco_029031,test,0,0.0055310526,0
coco_029036,test,0,0.2263882,0
coco_029041,test,0,0.0057679038,0
coco_029059,test,0,0.30882356,1
coco_029069,test,0,0.009967286,0
coco_029080,test,0,0.018995916,0
coco_029084,test,0,0.33611828,0
coco_029091,test,0,0.11063563,1
coco_029102,test,0,0.30882356,1
coco_029103,test,0,0.0680638,0
coco_029108,test,0,0.30882356,1
coco_029113,test,0,0.30882356,1
coco_029134,test,0,0.0039240667,0
coco_029137,test,0,0.30882356,1
coco_029138,test,0,0.0002534892,0
coco_029145,test,0,0.007911767,0
coco_029161,test,0,0.30882356,1
coco_029167,test,0,0.30882356,1
coco_029168,test,0,0.9349043,0
coco_029171,test,0,0.046685215,0
coco_029173,test,0,0.15032603,0
coco_029178,test,0,0.005827416,0
coco_029184,test,0,0.77997494,0
coco_029200,test,0,0.30882356,1
coco_029217,test,0,0.0001527746,0
coco_029218,test,0,0.83266777,0
coco_029227,test,0,0.30882356,1
coco_029229,test,0,0.99923027,0
coco_029232,test,0,0.00056914525,0
coco_029243,test,0,0.81534606,0
coco_029248,test,0,0.88282293,0
coco_029278,test,0,0.027200757,0
coco_029280,test,0,0.061664693,0
coco_029313,test,0,0.13159049,0
coco_029321,test,0,0.99332327,0
coco_029329,test,0,0.92698646,0
coco_029345,test,0,1.8796425e-07,0
coco_029350,test,0,0.30882356,1
coco_029353,test,0,0.9448342,0
coco_029363,test,0,0.0006239656,0
coco_029368,test,0,0.016624987,0
coco_029379,test,0,0.3088203,1
coco_029390,test,0,0.3088203,1
coco_029403,test,0,0.0071715903,0
coco_029404,test,0,0.00020868462,0
coco_029407,test,0,0.00062791567,0
coco_029416,test,0,0.9998529,0
coco_029419,test,0,0.8331717,0
coco_029425,test,0,0.00040326756,0
coco_029440,test,0,0.0002395379,0
coco_029448,test,0,0.74273664,0
coco_029456,test,0,0.3088203,1
coco_029483,test,0,0.3088203,1
coco_029516,test,0,0.07271046,0
coco_029526,test,0,0.03860632,0
coco_029531,test,0,0.21422368,0
coco_029539,test,0,0.3088203,1
coco_029549,test,0,0.041911624,0
coco_029563,test,0,0.6697236,0
coco_029565,test,0,0.94251436,0
coco_029572,test,0,0.3088203,1
coco_029574,test,0,0.8268055,0
coco_029587,test,0,0.91035765,0
coco_029609,test,0,0.0076605445,0
coco_029626,test,0,0.0037815322,0
coco_029633,test,0,0.049441025,0
coco_029648,test,0,0.05096344,0
coco_029661,test,0,0.952098,0
coco_029669,test,0,0.0061565647,0
coco_029670,test,0,0.3088203,1
coco_029678,test,0,2.7285716e-05,0
coco_029685,test,0,0.3088203,1
coco_029687,test,0,0.059412528,0
coco_029691,test,0,0.16189696,0
coco_029703,test,0,0.033837654,0
coco_029711,test,0,0.0045249783,0
coco_029719,test,0,0.00015047168,0
coco_029721,test,0,0.052825067,0
coco_029723,test,0,0.0057232366,0
coco_029740,test,0,0.005323118,0
coco_029748,test,0,0.0048729177,0
coco_029755,test,0,0.3088203,1
coco_029759,test,0,0.3348566,0
coco_029773,test,0,0.9530816,0
coco_029781,test,0,7.4950663e-06,0
coco_029789,test,0,0.3088203,1
coco_029796,test,0,0.3763652,0
coco_029807,test,0,1.5078894e-05,0
coco_029809,test,0,0.15185684,0
coco_029820,test,0,0.23064177,0
coco_029831,test,0,0.07101035,0
coco_029839,test,0,0.3088203,1
coco_029840,test,0,0.01526565,0
coco_029861,test,0,0.96896464,0
coco_029863,test,0,0.030862281,0
coco_029883,test,0,0.3088203,1
coco_029890,test,0,0.0041079954,0
coco_029905,test,0,0.9304586,0
coco_029907,test,0,0.3088203,1
coco_029922,test,0,0.3088203,1
coco_029928,test,0,1.3189524e-05,0
coco_029931,test,0,0.75456136,0
coco_029939,test,0,0.0052725985,0
coco_029945,test,0,0.082550585,0
coco_029989,test,0,0.7287335,0
coco_029992,test,0,0.3088203,1
