arquivo,split,label,escore_t04,par_vazio
adobe_firefly_00000,test,1,0.3853117,1
adobe_firefly_00001,test,1,0.3853117,1
adobe_firefly_00002,test,1,0.60223824,0
adobe_firefly_00003,test,1,0.3853117,1
adobe_firefly_00004,test,1,0.25429362,0
adobe_firefly_00005,test,1,0.5502241,0
adobe_firefly_00006,test,1,0.3853117,1
adobe_firefly_00007,test,1,0.3853117,1
adobe_firefly_00008,test,1,0.3853117,1
adobe_firefly_00009,test,1,0.3853117,1
adobe_firefly_00010,test,1,0.7002967,0
adobe_firefly_00011,test,1,0.3853117,1
adobe_firefly_00012,test,1,0.3853117,1
adobe_firefly_00013,test,1,0.3853117,1
adobe_firefly_00014,test,1,0.3853117,1
adobe_firefly_00015,test,1,0.3853117,1
adobe_firefly_00016,test,1,0.3853117,1
adobe_firefly_00017,test,1,0.3853117,1
adobe_firefly_00018,test,1,0.7970677,1
adobe_firefly_00019,test,1,0.9999306,0
adobe_firefly_00020,test,1,0.3853117,1
adobe_firefly_00021,test,1,0.3853117,1
adobe_firefly_00022,test,1,0.3853117,1
adobe_firefly_00023,test,1,0.9827026,0
adobe_firefly_00024,test,1,0.3853117,1
adobe_firefly_00025,test,1,0.9960996,0
adobe_firefly_00026,test,1,0.95648974,0
adobe_firefly_00027,test,1,0.3853117,1
adobe_firefly_00028,test,1,0.3853117,1
adobe_firefly_00029,test,1,0.3853117,1
adobe_firefly_00030,test,1,0.27959538,1
adobe_firefly_00031,test,1,0.3853117,1
adobe_firefly_00032,test,1,0.3853117,1
adobe_firefly_00033,test,1,0.9999902,0
adobe_firefly_00034,test,1,0.3853117,1
adobe_firefly_00035,test,1,0.3853117,1
adobe_firefly_00036,test,1,0.3853117,1
adobe_firefly_00037,test,1,0.9939779,0
adobe_firefly_00038,test,1,0.9814401,0
adobe_firefly_00039,test,1,0.18115366,0
adobe_firefly_00040,test,1,0.9921374,0
adobe_firefly_00041,test,1,0.3853117,1
adobe_firefly_00042,test,1,0.3853117,1
adobe_firefly_00043,test,1,0.3853117,1
adobe_firefly_00044,test,1,0.3853117,1
adobe_firefly_00045,test,1,0.3853117,1
adobe_firefly_00046,test,1,0.3853117,1
adobe_firefly_00047,test,1,0.3853117,1
adobe_firefly_00048,test,1,0.3853117,1
adobe_firefly_00049,test,1,0.3853117,1
adobe_firefly_00050,test,1,0.49389213,0
adobe_firefly_00051,test,1,0.3853117,1
adobe_firefly_00052,test,1,0.7189529,0
adobe_firefly_00053,test,1,0.3853117,1
adobe_firefly_00054,test,1,0.3853117,1
adobe_firefly_00055,test,1,0.9639943,0
adobe_firefly_00056,test,1,0.3853117,1
adobe_firefly_00057,test,1,0.3223313,0
adobe_firefly_00058,test,1,0.73805404,0
adobe_firefly_00059,test,1,0.3853117,1
adobe_firefly_00060,test,1,0.3075231,0
adobe_firefly_00061,test,1,0.9939937,0
adobe_firefly_00062,test,1,0.3853117,1
adobe_firefly_00063,test,1,0.69439244,0
adobe_firefly_00064,test,1,0.9623228,0
adobe_firefly_00065,test,1,0.3075683,0
adobe_firefly_00066,test,1,0.99668473,0
adobe_firefly_00067,test,1,0.3853117,1
adobe_firefly_00068,test,1,0.85188276,0
adobe_firefly_00069,test,1,0.3853117,1
adobe_firefly_00070,test,1,0.3853117,1
adobe_firefly_00071,test,1,0.37440145,0
adobe_firefly_00072,test,1,0.5907641,1
adobe_firefly_00073,test,1,0.9996184,0
adobe_firefly_00074,test,1,0.1424468,0
adobe_firefly_00075,test,1,0.3853117,1
adobe_firefly_00076,test,1,0.3853117,1
adobe_firefly_00077,test,1,0.95492864,0
adobe_firefly_00078,test,1,0.3853117,1
adobe_firefly_00079,test,1,0.3853117,1
adobe_firefly_00080,test,1,0.53616416,0
adobe_firefly_00081,test,1,0.055499762,0
adobe_firefly_00082,test,1,0.2278825,0
adobe_firefly_00083,test,1,0.3853117,1
adobe_firefly_00084,test,1,0.3853117,1
adobe_firefly_00085,test,1,0.3853117,1
adobe_firefly_00086,test,1,0.29086247,0
adobe_firefly_00087,test,1,0.27110627,0
adobe_firefly_00088,test,1,0.36329806,0
adobe_firefly_00089,test,1,0.3853117,1
adobe_firefly_00090,test,1,0.3853117,1
adobe_firefly_00091,test,1,0.20298593,0
adobe_firefly_00092,test,1,0.96550715,0
adobe_firefly_00093,test,1,0.3853117,1
adobe_firefly_00094,test,1,0.3853117,1
adobe_firefly_00095,test,1,0.7974714,0
adobe_firefly_00096,test,1,0.3853117,1
adobe_firefly_00097,test,1,0.3853117,1
adobe_firefly_00098,test,1,0.26992783,0
adobe_firefly_00099,test,1,0.3853117,1
adobe_firefly_00100,test,1,0.99079293,0
adobe_firefly_00101,test,1,0.3853117,1
adobe_firefly_00102,test,1,0.99734,0
adobe_firefly_00103,test,1,0.9960897,0
adobe_firefly_00104,test,1,0.3853117,1
adobe_firefly_00105,test,1,0.9946656,0
adobe_firefly_00106,test,1,0.41952187,0
adobe_firefly_00107,test,1,0.3853117,1
adobe_firefly_00108,test,1,0.3853117,1
adobe_firefly_00109,test,1,0.9909231,0
adobe_firefly_00110,test,1,0.9751179,0
adobe_firefly_00111,test,1,0.91455054,0
adobe_firefly_00112,test,1,0.3853117,1
adobe_firefly_00113,test,1,0.3853117,1
adobe_firefly_00114,test,1,0.3853117,1
adobe_firefly_00115,test,1,0.3853117,1
adobe_firefly_00116,test,1,0.3853117,1
adobe_firefly_00117,test,1,0.3853117,1
adobe_firefly_00118,test,1,0.3853117,1
adobe_firefly_00119,test,1,0.9950088,0
adobe_firefly_00120,test,1,0.18740152,0
adobe_firefly_00121,test,1,0.96100235,0
adobe_firefly_00122,test,1,0.3853117,1
adobe_firefly_00123,test,1,0.9804146,0
adobe_firefly_00124,test,1,0.3853117,1
adobe_firefly_00125,test,1,0.3989164,0
adobe_firefly_00126,test,1,0.3853117,1
adobe_firefly_00127,test,1,0.3853117,1
adobe_firefly_00128,test,1,0.3853117,1
adobe_firefly_00129,test,1,0.38303304,0
adobe_firefly_00130,test,1,0.3853117,1
adobe_firefly_00131,test,1,0.3853117,1
adobe_firefly_00132,test,1,0.3853117,1
adobe_firefly_00133,test,1,0.3853117,1
adobe_firefly_00134,test,1,0.3853117,1
adobe_firefly_00135,test,1,0.3853117,1
adobe_firefly_00136,test,1,0.3853117,1
adobe_firefly_00137,test,1,0.3853117,1
adobe_firefly_00138,test,1,0.3853117,1
adobe_firefly_00139,test,1,0.30752683,0
adobe_firefly_00140,test,1,0.969344,0
adobe_firefly_00141,test,1,0.1737041,0
adobe_firefly_00142,test,1,0.3853117,1
adobe_firefly_00143,test,1,0.7214519,0
adobe_firefly_00144,test,1,0.3853117,1
adobe_firefly_00145,test,1,0.3853117,1
adobe_firefly_00146,test,1,0.8550249,0
adobe_firefly_00147,test,1,0.3853117,1
adobe_firefly_00148,test,1,0.94424814,0
adobe_firefly_00149,test,1,0.3853117,1
adobe_firefly_00150,test,1,0.3853117,1
adobe_firefly_00151,test,1,0.3853117,1
adobe_firefly_00152,test,1,0.9865602,0
adobe_firefly_00153,test,1,0.3853117,1
adobe_firefly_00154,test,1,0.3853117,1
adobe_firefly_00155,test,1,0.3853117,1
adobe_firefly_00156,test,1,0.3853117,1
adobe_firefly_00157,test,1,0.447917,0
adobe_firefly_00158,test,1,0.3853117,1
adobe_firefly_00159,test,1,0.6091805,0
adobe_firefly_00160,test,1,0.3853117,1
adobe_firefly_00161,test,1,0.3853117,1
adobe_firefly_00162,test,1,0.056987505,0
adobe_firefly_00163,test,1,0.9561404,0
adobe_firefly_00164,test,1,0.3853117,1
adobe_firefly_00165,test,1,0.59204865,0
adobe_firefly_00166,test,1,0.3853117,1
adobe_firefly_00167,test,1,0.45374507,0
adobe_firefly_00168,test,1,0.9906504,0
adobe_firefly_00169,test,1,0.06828654,0
adobe_firefly_00170,test,1,0.3853117,1
adobe_firefly_00171,test,1,0.36347127,0
adobe_firefly_00172,test,1,0.79223645,0
adobe_firefly_00173,test,1,0.9604729,0
adobe_firefly_00174,test,1,0.3853117,1
adobe_firefly_00175,test,1,0.3853117,1
adobe_firefly_00176,test,1,0.3853117,1
adobe_firefly_00177,test,1,0.3853117,1
adobe_firefly_00178,test,1,0.3853117,1
adobe_firefly_00179,test,1,0.9963314,0
adobe_firefly_00180,test,1,0.3853117,1
adobe_firefly_00181,test,1,0.3853117,1
adobe_firefly_00182,test,1,0.3853117,1
adobe_firefly_00183,test,1,0.3853117,1
adobe_firefly_00184,test,1,0.3853117,1
adobe_firefly_00185,test,1,0.9638181,0
adobe_firefly_00186,test,1,0.3853117,1
adobe_firefly_00187,test,1,0.3853117,1
adobe_firefly_00188,test,1,0.3853117,1
adobe_firefly_00189,test,1,0.9947712,0
adobe_firefly_00190,test,1,0.5884655,0
adobe_firefly_00191,test,1,0.3853117,1
adobe_firefly_00192,test,1,0.3853117,1
adobe_firefly_00193,test,1,0.3853117,1
adobe_firefly_00194,test,1,0.3853117,1
adobe_firefly_00195,test,1,0.3853117,1
adobe_firefly_00196,test,1,0.3853117,1
adobe_firefly_00197,test,1,0.3853117,1
adobe_firefly_00198,test,1,0.3853117,1
adobe_firefly_00199,test,1,0.94652635,0
adobe_firefly_00200,test,1,0.9635246,0
adobe_firefly_00201,test,1,0.3853117,1
adobe_firefly_00202,test,1,0.48461905,0
adobe_firefly_00203,test,1,0.3853117,1
adobe_firefly_00204,test,1,0.3853117,1
adobe_firefly_00205,test,1,0.9989526,0
adobe_firefly_00206,test,1,0.64320916,0
adobe_firefly_00207,test,1,0.9712893,0
adobe_firefly_00208,test,1,0.3853117,1
adobe_firefly_00209,test,1,0.3853117,1
adobe_firefly_00210,test,1,0.8296864,0
adobe_firefly_00211,test,1,0.9753459,0
adobe_firefly_00212,test,1,0.17832364,0
adobe_firefly_00213,test,1,0.85110515,0
adobe_firefly_00214,test,1,0.98023945,0
adobe_firefly_00215,test,1,0.3853117,1
adobe_firefly_00216,test,1,0.3853117,1
adobe_firefly_00217,test,1,0.3853117,1
adobe_firefly_00218,test,1,0.3853117,1
adobe_firefly_00219,test,1,0.3853117,1
adobe_firefly_00220,test,1,0.8346996,0
adobe_firefly_00221,test,1,0.29071173,0
adobe_firefly_00222,test,1,0.3853117,1
adobe_firefly_00223,test,1,0.3853117,1
adobe_firefly_00224,test,1,0.3853117,1
adobe_firefly_00225,test,1,0.3853117,1
adobe_firefly_00226,test,1,0.8780968,0
adobe_firefly_00227,test,1,0.7124617,0
adobe_firefly_00228,test,1,0.88885176,0
adobe_firefly_00229,test,1,0.99796957,0
adobe_firefly_00230,test,1,0.12889238,1
adobe_firefly_00231,test,1,0.3853117,1
adobe_firefly_00232,test,1,0.99933285,0
adobe_firefly_00233,test,1,0.3853117,1
adobe_firefly_00234,test,1,0.3853117,1
adobe_firefly_00235,test,1,0.3853117,1
adobe_firefly_00236,test,1,0.5488766,0
adobe_firefly_00237,test,1,0.8893729,0
adobe_firefly_00238,test,1,0.99999845,0
adobe_firefly_00239,test,1,0.96756124,0
adobe_firefly_00240,test,1,0.3853117,1
adobe_firefly_00241,test,1,0.38409087,0
adobe_firefly_00242,test,1,0.57445204,0
adobe_firefly_00243,test,1,0.3853117,1
adobe_firefly_00244,test,1,0.37795338,0
adobe_firefly_00245,test,1,0.3853117,1
adobe_firefly_00246,test,1,0.3853117,1
adobe_firefly_00247,test,1,0.3853117,1
adobe_firefly_00248,test,1,0.9865812,0
adobe_firefly_00249,test,1,0.3853117,1
adobe_firefly_00250,test,1,0.9942683,0
adobe_firefly_00251,test,1,0.9395153,0
adobe_firefly_00252,test,1,0.3853117,1
adobe_firefly_00253,test,1,0.9998301,0
adobe_firefly_00254,test,1,0.3853117,1
adobe_firefly_00255,test,1,0.4467209,0
adobe_firefly_00256,test,1,0.7796815,0
adobe_firefly_00257,test,1,0.3853117,1
adobe_firefly_00258,test,1,0.3853117,1
adobe_firefly_00259,test,1,0.3853117,1
adobe_firefly_00260,test,1,0.9993513,0
adobe_firefly_00261,test,1,0.23837015,0
adobe_firefly_00262,test,1,0.3853117,1
adobe_firefly_00263,test,1,0.71543217,0
adobe_firefly_00264,test,1,0.3853117,1
adobe_firefly_00265,test,1,0.036225118,0
adobe_firefly_00266,test,1,0.3853117,1
adobe_firefly_00267,test,1,0.9876424,1
adobe_firefly_00268,test,1,0.59991795,0
adobe_firefly_00269,test,1,0.3853117,1
adobe_firefly_00270,test,1,0.3853117,1
adobe_firefly_00271,test,1,0.8523955,0
adobe_firefly_00272,test,1,0.3853117,1
adobe_firefly_00273,test,1,0.9082027,0
adobe_firefly_00274,test,1,0.3853117,1
adobe_firefly_00275,test,1,0.3853117,1
adobe_firefly_00276,test,1,0.3853117,1
adobe_firefly_00277,test,1,0.3853117,1
adobe_firefly_00278,test,1,0.9973992,0
adobe_firefly_00279,test,1,0.3853117,1
adobe_firefly_00280,test,1,0.5225581,0
adobe_firefly_00281,test,1,0.3853117,1
adobe_firefly_00282,test,1,0.27346113,0
adobe_firefly_00283,test,1,0.3853117,1
adobe_firefly_00284,test,1,0.3853117,1
adobe_firefly_00285,test,1,0.3853117,1
adobe_firefly_00286,test,1,0.3853117,1
adobe_firefly_00287,test,1,0.93742234,0
adobe_firefly_00288,test,1,0.47343808,0
adobe_firefly_00289,test,1,0.13574046,0
adobe_firefly_00290,test,1,0.69113374,0
adobe_firefly_00291,test,1,0.3853117,1
adobe_firefly_00292,test,1,0.3853117,1
adobe_firefly_00293,test,1,0.82727814,0
adobe_firefly_00294,test,1,0.631212,0
adobe_firefly_00295,test,1,0.29313895,0
adobe_firefly_00296,test,1,0.5078713,0
adobe_firefly_00297,test,1,0.837283,0
adobe_firefly_00298,test,1,0.8524033,0
adobe_firefly_00299,test,1,0.44069752,0
adobe_firefly_00300,test,1,1.0,0
adobe_firefly_00301,test,1,0.3853117,1
adobe_firefly_00302,test,1,0.16532488,0
adobe_firefly_00303,test,1,0.3853117,1
adobe_firefly_00304,test,1,0.31431305,1
adobe_firefly_00305,test,1,0.3853117,1
adobe_firefly_00306,test,1,0.6357941,0
adobe_firefly_00307,test,1,0.73427415,0
adobe_firefly_00308,test,1,0.3853117,1
adobe_firefly_00309,test,1,0.27747083,0
adobe_firefly_00310,test,1,0.3853117,1
adobe_firefly_00311,test,1,0.3853117,1
adobe_firefly_00312,test,1,0.2395285,0
adobe_firefly_00313,test,1,0.9268409,0
adobe_firefly_00314,test,1,0.3853117,1
adobe_firefly_00315,test,1,0.3853117,1
adobe_firefly_00316,test,1,0.8951279,0
adobe_firefly_00317,test,1,0.82841784,0
adobe_firefly_00318,test,1,0.3853117,1
adobe_firefly_00319,test,1,0.3853117,1
adobe_firefly_00320,test,1,0.99988353,0
adobe_firefly_00321,test,1,0.3853117,1
adobe_firefly_00322,test,1,0.95269835,0
adobe_firefly_00323,test,1,0.7414965,0
adobe_firefly_00324,test,1,0.6658111,0
adobe_firefly_00325,test,1,0.92560357,0
adobe_firefly_00326,test,1,0.3853117,1
adobe_firefly_00327,test,1,0.9749477,0
adobe_firefly_00328,test,1,0.8214999,0
adobe_firefly_00329,test,1,0.3853117,1
adobe_firefly_00330,test,1,0.3853117,1
adobe_firefly_00331,test,1,0.99407107,0
adobe_firefly_00332,test,1,0.3853117,1
adobe_firefly_00333,test,1,0.78995806,0
adobe_firefly_00334,test,1,0.3853117,1
adobe_firefly_00335,test,1,0.3853117,1
adobe_firefly_00336,test,1,0.1847616,0
adobe_firefly_00337,test,1,0.3853117,1
adobe_firefly_00338,test,1,0.8841209,0
adobe_firefly_00339,test,1,0.3853117,1
adobe_firefly_00340,test,1,0.3853117,1
adobe_firefly_00341,test,1,0.3853117,1
adobe_firefly_00342,test,1,0.6267079,0
adobe_firefly_00343,test,1,0.3853117,1
adobe_firefly_00344,test,1,0.3853117,1
adobe_firefly_00345,test,1,0.3853117,1
adobe_firefly_00346,test,1,0.51741713,0
adobe_firefly_00347,test,1,0.3853117,1
adobe_firefly_00348,test,1,0.3853117,1
adobe_firefly_00349,test,1,0.3853117,1
adobe_firefly_00350,test,1,0.3853117,1
adobe_firefly_00351,test,1,0.3853117,1
adobe_firefly_00352,test,1,0.3853117,1
adobe_firefly_00353,test,1,0.3853117,1
adobe_firefly_00354,test,1,0.9999727,0
adobe_firefly_00355,test,1,0.3853117,1
adobe_firefly_00356,test,1,0.9923447,0
adobe_firefly_00357,test,1,0.3853117,1
adobe_firefly_00358,test,1,0.51994526,0
adobe_firefly_00359,test,1,0.96961325,0
adobe_firefly_00360,test,1,0.6572575,0
adobe_firefly_00361,test,1,0.3853117,1
adobe_firefly_00362,test,1,0.84218687,0
adobe_firefly_00363,test,1,0.8029236,0
adobe_firefly_00364,test,1,0.3853117,1
adobe_firefly_00365,test,1,0.3853117,1
adobe_firefly_00366,test,1,0.3853117,1
adobe_firefly_00367,test,1,0.9605007,0
adobe_firefly_00368,test,1,0.3853117,1
adobe_firefly_00369,test,1,0.3853117,1
adobe_firefly_00370,test,1,0.3853117,1
adobe_firefly_00371,test,1,0.3853117,1
adobe_firefly_00372,test,1,0.3853117,1
adobe_firefly_00373,test,1,0.3853117,1
adobe_firefly_00374,test,1,0.3853117,1
adobe_firefly_00375,test,1,0.3853117,1
adobe_firefly_00376,test,1,0.3853117,1
adobe_firefly_00377,test,1,0.3853117,1
adobe_firefly_00378,test,1,0.3853117,1
adobe_firefly_00379,test,1,0.3853117,1
adobe_firefly_00380,test,1,0.99996674,0
adobe_firefly_00381,test,1,0.3853117,1
adobe_firefly_00382,test,1,0.3853117,1
adobe_firefly_00383,test,1,0.3853117,1
adobe_firefly_00384,test,1,0.3853117,1
adobe_firefly_00385,test,1,0.9999621,0
adobe_firefly_00386,test,1,0.3504627,0
adobe_firefly_00387,test,1,0.3853117,1
adobe_firefly_00388,test,1,0.9822729,0
adobe_firefly_00389,test,1,0.74993056,0
adobe_firefly_00390,test,1,0.1778517,0
adobe_firefly_00391,test,1,0.8206816,0
adobe_firefly_00392,test,1,0.9961777,0
adobe_firefly_00393,test,1,0.049269076,0
adobe_firefly_00394,test,1,0.3853117,1
adobe_firefly_00395,test,1,0.40342814,0
adobe_firefly_00396,test,1,0.9901052,0
adobe_firefly_00397,test,1,0.92677903,0
adobe_firefly_00398,test,1,0.43815264,0
adobe_firefly_00399,test,1,0.3853117,1
adobe_firefly_00400,test,1,0.3853117,1
adobe_firefly_00401,test,1,0.3853117,1
adobe_firefly_00402,test,1,0.9792411,0
adobe_firefly_00403,test,1,0.98657054,0
adobe_firefly_00404,test,1,0.8238665,0
adobe_firefly_00405,test,1,0.3853117,1
adobe_firefly_00406,test,1,0.59459025,0
adobe_firefly_00407,test,1,0.8731191,0
adobe_firefly_00408,test,1,0.7566576,0
adobe_firefly_00409,test,1,0.86052096,0
adobe_firefly_00410,test,1,0.98898494,0
adobe_firefly_00411,test,1,0.3853117,1
adobe_firefly_00412,test,1,0.5960314,0
adobe_firefly_00413,test,1,0.9664425,0
adobe_firefly_00414,test,1,0.9213922,0
adobe_firefly_00415,test,1,0.8768489,0
adobe_firefly_00416,test,1,0.3853117,1
adobe_firefly_00417,test,1,0.97803885,0
adobe_firefly_00418,test,1,0.3853117,1
adobe_firefly_00419,test,1,0.3853117,1
adobe_firefly_00420,test,1,0.8217834,0
adobe_firefly_00421,test,1,0.3853117,1
adobe_firefly_00422,test,1,0.3853117,1
adobe_firefly_00423,test,1,0.3853117,1
adobe_firefly_00424,test,1,0.3853117,1
adobe_firefly_00425,test,1,0.9989416,0
adobe_firefly_00426,test,1,0.8815704,0
adobe_firefly_00427,test,1,0.96152526,0
adobe_firefly_00428,test,1,0.945065,0
adobe_firefly_00429,test,1,0.9518753,0
adobe_firefly_00430,test,1,0.3853117,1
adobe_firefly_00431,test,1,0.3853117,1
adobe_firefly_00432,test,1,0.062439814,0
adobe_firefly_00433,test,1,0.14133961,1
adobe_firefly_00434,test,1,0.99932694,0
adobe_firefly_00435,test,1,0.9853323,0
adobe_firefly_00436,test,1,0.3853117,1
adobe_firefly_00437,test,1,0.6589128,0
adobe_firefly_00438,test,1,0.3853117,1
adobe_firefly_00439,test,1,0.3853117,1
adobe_firefly_00440,test,1,0.3853117,1
adobe_firefly_00441,test,1,0.3853117,1
adobe_firefly_00442,test,1,0.8562343,0
adobe_firefly_00443,test,1,0.7730689,0
adobe_firefly_00444,test,1,0.27014765,0
adobe_firefly_00445,test,1,0.3853117,1
adobe_firefly_00446,test,1,0.3853117,1
adobe_firefly_00447,test,1,0.9969266,0
adobe_firefly_00448,test,1,0.3853117,1
adobe_firefly_00449,test,1,0.792478,0
adobe_firefly_00450,test,1,0.3853117,1
adobe_firefly_00451,test,1,0.3853117,1
adobe_firefly_00452,test,1,0.3853117,1
adobe_firefly_00453,test,1,0.3853117,1
adobe_firefly_00454,test,1,0.9878269,0
adobe_firefly_00455,test,1,0.6340316,0
adobe_firefly_00456,test,1,0.44479775,1
adobe_firefly_00457,test,1,0.3853117,1
adobe_firefly_00458,test,1,0.3853117,1
adobe_firefly_00459,test,1,0.8854018,0
adobe_firefly_00460,test,1,0.9898259,0
adobe_firefly_00461,test,1,0.3853117,1
adobe_firefly_00462,test,1,0.36730143,0
adobe_firefly_00463,test,1,0.8544551,0
adobe_firefly_00464,test,1,0.3853117,1
adobe_firefly_00465,test,1,0.3853117,1
adobe_firefly_00466,test,1,0.3853117,1
adobe_firefly_00467,test,1,0.4041928,0
adobe_firefly_00468,test,1,0.3853117,1
adobe_firefly_00469,test,1,0.3853117,1
adobe_firefly_00470,test,1,0.9803935,0
adobe_firefly_00471,test,1,0.36666083,0
adobe_firefly_00472,test,1,0.3492598,0
adobe_firefly_00473,test,1,0.3853117,1
adobe_firefly_00474,test,1,0.3853117,1
adobe_firefly_00475,test,1,0.9449369,0
adobe_firefly_00476,test,1,0.9893233,0
adobe_firefly_00477,test,1,0.3853117,1
adobe_firefly_00478,test,1,0.11615884,0
adobe_firefly_00479,test,1,0.999446,0
adobe_firefly_00480,test,1,0.553206,0
adobe_firefly_00481,test,1,0.6889874,0
adobe_firefly_00482,test,1,0.8037155,0
adobe_firefly_00483,test,1,0.93238884,0
adobe_firefly_00484,test,1,0.3853117,1
adobe_firefly_00485,test,1,0.9942515,0
adobe_firefly_00486,test,1,0.81567365,0
adobe_firefly_00487,test,1,0.3853117,1
adobe_firefly_00488,test,1,0.3853117,1
adobe_firefly_00489,test,1,0.8317342,0
adobe_firefly_00490,test,1,0.019352233,0
adobe_firefly_00491,test,1,0.95282745,0
adobe_firefly_00492,test,1,0.3853117,1
adobe_firefly_00493,test,1,0.3853117,1
adobe_firefly_00494,test,1,0.3853117,1
adobe_firefly_00495,test,1,0.3853117,1
adobe_firefly_00496,test,1,0.3853117,1
adobe_firefly_00497,test,1,0.15011868,0
adobe_firefly_00498,test,1,0.3853117,1
adobe_firefly_00499,test,1,0.3853117,1
adobe_firefly_00500,test,1,0.3853117,1
adobe_firefly_00501,test,1,0.8584191,0
adobe_firefly_00502,test,1,0.3853117,1
adobe_firefly_00503,test,1,0.3853117,1
adobe_firefly_00504,test,1,0.723098,0
adobe_firefly_00505,test,1,0.3853117,1
adobe_firefly_00506,test,1,0.065989,0
adobe_firefly_00507,test,1,0.3853117,1
adobe_firefly_00508,test,1,0.82080466,0
adobe_firefly_00509,test,1,0.9742785,0
adobe_firefly_00510,test,1,0.3853117,1
adobe_firefly_00511,test,1,0.3853117,1
adobe_firefly_00512,test,1,0.97587,0
adobe_firefly_00513,test,1,0.39693138,1
adobe_firefly_00514,test,1,0.3853117,1
adobe_firefly_00515,test,1,0.3853117,1
adobe_firefly_00516,test,1,0.3853117,1
adobe_firefly_00517,test,1,0.3853117,1
adobe_firefly_00518,test,1,0.99968886,0
adobe_firefly_00519,test,1,0.3853117,1
adobe_firefly_00520,test,1,0.3853117,1
adobe_firefly_00521,test,1,0.5666739,0
adobe_firefly_00522,test,1,0.9540682,0
adobe_firefly_00523,test,1,0.3853117,1
adobe_firefly_00524,test,1,0.3853117,1
adobe_firefly_00525,test,1,0.99981874,0
adobe_firefly_00526,test,1,0.9894861,0
adobe_firefly_00527,test,1,0.3853117,1
adobe_firefly_00528,test,1,0.9993925,0
adobe_firefly_00529,test,1,0.93887323,0
adobe_firefly_00530,test,1,0.3853117,1
adobe_firefly_00531,test,1,0.82254255,0
adobe_firefly_00532,test,1,0.3039438,0
adobe_firefly_00533,test,1,0.967421,0
adobe_firefly_00534,test,1,0.3853117,1
adobe_firefly_00535,test,1,0.3853117,1
adobe_firefly_00536,test,1,0.93277156,0
adobe_firefly_00537,test,1,0.3853117,1
adobe_firefly_00538,test,1,0.3853117,1
adobe_firefly_00539,test,1,0.3853117,1
adobe_firefly_00540,test,1,0.3853117,1
adobe_firefly_00541,test,1,0.91893697,0
adobe_firefly_00542,test,1,0.6511854,0
adobe_firefly_00543,test,1,0.3853117,1
adobe_firefly_00544,test,1,0.85958743,0
adobe_firefly_00545,test,1,0.3853117,1
adobe_firefly_00546,test,1,0.3853117,1
adobe_firefly_00547,test,1,0.3853117,1
adobe_firefly_00548,test,1,0.26614323,0
adobe_firefly_00549,test,1,0.8768712,0
adobe_firefly_00550,test,1,0.3853117,1
adobe_firefly_00551,test,1,0.3853117,1
adobe_firefly_00552,test,1,0.19490519,0
adobe_firefly_00553,test,1,0.3853117,1
adobe_firefly_00554,test,1,0.3853117,1
adobe_firefly_00555,test,1,0.3853117,1
adobe_firefly_00556,test,1,0.41867563,0
adobe_firefly_00557,test,1,0.3853117,1
adobe_firefly_00558,test,1,0.3853117,1
adobe_firefly_00559,test,1,0.3853117,1
adobe_firefly_00560,test,1,0.08714745,0
adobe_firefly_00561,test,1,0.7702314,0
adobe_firefly_00562,test,1,0.3853117,1
adobe_firefly_00563,test,1,0.3853117,1
adobe_firefly_00564,test,1,0.3853117,1
adobe_firefly_00565,test,1,0.3853117,1
adobe_firefly_00566,test,1,0.89212,0
adobe_firefly_00567,test,1,0.1634914,0
adobe_firefly_00568,test,1,0.3853117,1
adobe_firefly_00569,test,1,0.3853117,1
adobe_firefly_00570,test,1,0.94314194,0
adobe_firefly_00571,test,1,0.84162784,0
adobe_firefly_00572,test,1,0.1989353,0
adobe_firefly_00573,test,1,0.3853117,1
adobe_firefly_00574,test,1,0.3853117,1
adobe_firefly_00575,test,1,0.80903953,0
adobe_firefly_00576,test,1,0.9474767,0
adobe_firefly_00577,test,1,0.5398322,0
adobe_firefly_00578,test,1,0.34340647,0
adobe_firefly_00579,test,1,0.7428891,0
adobe_firefly_00580,test,1,0.3853117,1
adobe_firefly_00581,test,1,0.23352829,0
adobe_firefly_00582,test,1,0.3853117,1
adobe_firefly_00583,test,1,0.3853117,1
adobe_firefly_00584,test,1,0.3853117,1
adobe_firefly_00585,test,1,0.9941518,0
adobe_firefly_00586,test,1,0.98954964,0
adobe_firefly_00587,test,1,0.3853117,1
adobe_firefly_00588,test,1,0.3853117,1
adobe_firefly_00589,test,1,0.9646846,0
adobe_firefly_00590,test,1,0.7452664,0
adobe_firefly_00591,test,1,0.90532094,0
adobe_firefly_00592,test,1,0.3853117,1
adobe_firefly_00593,test,1,0.5782173,1
adobe_firefly_00594,test,1,0.8580878,0
adobe_firefly_00595,test,1,0.4869074,0
adobe_firefly_00596,test,1,0.3853117,1
adobe_firefly_00597,test,1,0.3853117,1
adobe_firefly_00598,test,1,0.3853117,1
adobe_firefly_00599,test,1,0.3853117,1
adobe_firefly_00600,test,1,0.3853117,1
adobe_firefly_00601,test,1,0.86467063,0
adobe_firefly_00602,test,1,0.905313,0
adobe_firefly_00603,test,1,0.9966182,0
adobe_firefly_00604,test,1,0.3853117,1
adobe_firefly_00605,test,1,0.3853117,1
adobe_firefly_00606,test,1,0.9982383,0
adobe_firefly_00607,test,1,0.3466349,0
adobe_firefly_00608,test,1,0.90534735,0
adobe_firefly_00609,test,1,0.3853117,1
adobe_firefly_00610,test,1,0.8789379,0
adobe_firefly_00611,test,1,0.6004463,0
adobe_firefly_00612,test,1,0.8125237,0
adobe_firefly_00613,test,1,0.4897376,0
adobe_firefly_00614,test,1,0.3853117,1
adobe_firefly_00615,test,1,0.3853117,1
adobe_firefly_00616,test,1,0.6549218,0
adobe_firefly_00617,test,1,0.3853117,1
adobe_firefly_00618,test,1,0.046426237,1
adobe_firefly_00619,test,1,0.35102254,0
adobe_firefly_00620,test,1,0.47437933,0
adobe_firefly_00621,test,1,0.9996344,0
adobe_firefly_00622,test,1,0.9718736,0
adobe_firefly_00623,test,1,0.46912903,0
adobe_firefly_00624,test,1,0.3853117,1
adobe_firefly_00625,test,1,0.3853117,1
adobe_firefly_00626,test,1,0.6332749,0
adobe_firefly_00627,test,1,0.3853117,1
adobe_firefly_00628,test,1,0.3853117,1
adobe_firefly_00629,test,1,0.3853117,1
adobe_firefly_00630,test,1,0.93130326,0
adobe_firefly_00631,test,1,0.3853117,1
adobe_firefly_00632,test,1,0.3853117,1
adobe_firefly_00633,test,1,0.10464394,0
adobe_firefly_00634,test,1,0.49131128,0
adobe_firefly_00635,test,1,0.3853117,1
adobe_firefly_00636,test,1,0.3853117,1
adobe_firefly_00637,test,1,0.882118,0
adobe_firefly_00638,test,1,0.14452828,0
adobe_firefly_00639,test,1,0.3853117,1
adobe_firefly_00640,test,1,0.99985707,0
adobe_firefly_00641,test,1,0.3853117,1
adobe_firefly_00642,test,1,0.27963626,0
adobe_firefly_00643,test,1,0.3853117,1
adobe_firefly_00644,test,1,0.06547112,0
adobe_firefly_00645,test,1,0.3853117,1
adobe_firefly_00646,test,1,0.3853117,1
adobe_firefly_00647,test,1,0.3853117,1
adobe_firefly_00648,test,1,0.3853117,1
adobe_firefly_00649,test,1,0.3853117,1
adobe_firefly_00650,test,1,0.9890342,0
adobe_firefly_00651,test,1,0.9250341,0
adobe_firefly_00652,test,1,0.3853117,1
adobe_firefly_00653,test,1,0.3853117,1
adobe_firefly_00654,test,1,0.059991308,0
adobe_firefly_00655,test,1,0.6572625,0
adobe_firefly_00656,test,1,0.9489573,0
adobe_firefly_00657,test,1,0.32369432,0
adobe_firefly_00658,test,1,0.3853117,1
adobe_firefly_00659,test,1,0.92611134,0
adobe_firefly_00660,test,1,0.6634642,0
adobe_firefly_00661,test,1,0.51929665,0
adobe_firefly_00662,test,1,0.37157395,0
adobe_firefly_00663,test,1,0.868285,0
adobe_firefly_00664,test,1,0.3853117,1
adobe_firefly_00665,test,1,0.3853117,1
adobe_firefly_00666,test,1,0.3853117,1
adobe_firefly_00667,test,1,0.9986045,0
adobe_firefly_00668,test,1,0.96408004,0
adobe_firefly_00669,test,1,0.3853117,1
adobe_firefly_00670,test,1,0.53967494,0
adobe_firefly_00671,test,1,0.44548145,0
adobe_firefly_00672,test,1,0.04025555,0
adobe_firefly_00673,test,1,0.3853117,1
adobe_firefly_00674,test,1,0.3853117,1
adobe_firefly_00675,test,1,0.8784835,0
adobe_firefly_00676,test,1,0.5542772,0
adobe_firefly_00677,test,1,0.3853117,1
adobe_firefly_00678,test,1,0.3853117,1
adobe_firefly_00679,test,1,0.33370018,0
adobe_firefly_00680,test,1,0.99915373,0
adobe_firefly_00681,test,1,0.18069774,0
adobe_firefly_00682,test,1,0.3853117,1
adobe_firefly_00683,test,1,0.3853117,1
adobe_firefly_00684,test,1,0.3853117,1
adobe_firefly_00685,test,1,0.4582903,0
adobe_firefly_00686,test,1,0.3853117,1
adobe_firefly_00687,test,1,0.8845598,0
adobe_firefly_00688,test,1,0.17087036,0
adobe_firefly_00689,test,1,0.8197508,0
adobe_firefly_00690,test,1,0.685497,0
adobe_firefly_00691,test,1,0.3853117,1
adobe_firefly_00692,test,1,0.3853117,1
adobe_firefly_00693,test,1,0.19151159,0
adobe_firefly_00694,test,1,0.959047,0
adobe_firefly_00695,test,1,0.9975241,0
adobe_firefly_00696,test,1,0.7946162,0
adobe_firefly_00697,test,1,0.99729556,0
adobe_firefly_00698,test,1,0.3853117,1
adobe_firefly_00699,test,1,0.00075706746,0
adobe_firefly_00700,test,1,0.20984189,0
adobe_firefly_00701,test,1,0.3853117,1
adobe_firefly_00702,test,1,0.3853117,1
adobe_firefly_00703,test,1,0.9899296,0
adobe_firefly_00704,test,1,0.3853117,1
adobe_firefly_00705,test,1,0.84317595,0
adobe_firefly_00706,test,1,0.3853117,1
adobe_firefly_00707,test,1,0.29745755,0
adobe_firefly_00708,test,1,0.6761037,0
adobe_firefly_00709,test,1,0.28558394,0
adobe_firefly_00710,test,1,0.19541833,0
adobe_firefly_00711,test,1,0.45173267,0
adobe_firefly_00712,test,1,0.3853117,1
adobe_firefly_00713,test,1,0.3853117,1
adobe_firefly_00714,test,1,0.69383,0
adobe_firefly_00715,test,1,0.3853117,1
adobe_firefly_00716,test,1,0.3853117,1
adobe_firefly_00717,test,1,0.3853117,1
adobe_firefly_00718,test,1,0.5388468,0
adobe_firefly_00719,test,1,0.70322037,0
adobe_firefly_00720,test,1,0.3853117,1
adobe_firefly_00721,test,1,0.93126374,0
adobe_firefly_00722,test,1,0.3853117,1
adobe_firefly_00723,test,1,0.959047,0
adobe_firefly_00724,test,1,0.040235206,0
adobe_firefly_00725,test,1,0.99852705,0
adobe_firefly_00726,test,1,0.045895785,0
adobe_firefly_00727,test,1,0.3853117,1
adobe_firefly_00728,test,1,0.3853117,1
adobe_firefly_00729,test,1,1.0,0
adobe_firefly_00730,test,1,0.2671724,0
adobe_firefly_00731,test,1,0.96431303,0
adobe_firefly_00732,test,1,0.3853117,1
adobe_firefly_00733,test,1,0.3853117,1
adobe_firefly_00734,test,1,0.3853117,1
adobe_firefly_00735,test,1,0.4213728,0
adobe_firefly_00736,test,1,0.3853117,1
adobe_firefly_00737,test,1,0.5890284,0
adobe_firefly_00738,test,1,0.9545062,0
adobe_firefly_00739,test,1,0.3853117,1
adobe_firefly_00740,test,1,0.74430144,0
adobe_firefly_00741,test,1,0.3853117,1
adobe_firefly_00742,test,1,0.3853117,1
adobe_firefly_00743,test,1,0.40120777,0
adobe_firefly_00744,test,1,0.3853117,1
adobe_firefly_00745,test,1,0.27430752,0
adobe_firefly_00746,test,1,0.3853117,1
adobe_firefly_00747,test,1,0.8699919,0
adobe_firefly_00748,test,1,0.4672146,0
adobe_firefly_00749,test,1,0.7149802,0
adobe_firefly_00750,test,1,0.90962625,0
adobe_firefly_00751,test,1,0.8590714,0
adobe_firefly_00752,test,1,0.3853117,1
adobe_firefly_00753,test,1,0.9777214,0
adobe_firefly_00754,test,1,0.83390003,0
adobe_firefly_00755,test,1,0.3853117,1
adobe_firefly_00756,test,1,0.3853117,1
adobe_firefly_00757,test,1,0.7035155,0
adobe_firefly_00758,test,1,0.3853117,1
adobe_firefly_00759,test,1,0.25931233,0
adobe_firefly_00760,test,1,0.3853117,1
adobe_firefly_00761,test,1,0.78142256,0
adobe_firefly_00762,test,1,0.36155164,0
adobe_firefly_00763,test,1,0.51657104,0
adobe_firefly_00764,test,1,0.3853117,1
adobe_firefly_00765,test,1,0.06348449,0
adobe_firefly_00766,test,1,0.3853117,1
adobe_firefly_00767,test,1,0.99003017,0
adobe_firefly_00768,test,1,0.3853117,1
adobe_firefly_00769,test,1,0.9555265,0
adobe_firefly_00770,test,1,0.38898504,0
adobe_firefly_00771,test,1,0.43792275,0
adobe_firefly_00772,test,1,0.88382876,0
adobe_firefly_00773,test,1,0.3853117,1
adobe_firefly_00774,test,1,0.3853117,1
adobe_firefly_00775,test,1,0.26172954,0
adobe_firefly_00776,test,1,0.024695039,0
adobe_firefly_00777,test,1,0.1419519,0
adobe_firefly_00778,test,1,0.3853117,1
adobe_firefly_00779,test,1,0.3853117,1
adobe_firefly_00780,test,1,0.8531157,0
adobe_firefly_00781,test,1,0.3853117,1
adobe_firefly_00782,test,1,0.3853117,1
adobe_firefly_00783,test,1,0.9942379,0
adobe_firefly_00784,test,1,0.9467691,0
adobe_firefly_00785,test,1,1.0,0
adobe_firefly_00786,test,1,0.9952918,0
adobe_firefly_00787,test,1,0.3853117,1
adobe_firefly_00788,test,1,0.3853117,1
adobe_firefly_00789,test,1,0.79936343,0
adobe_firefly_00790,test,1,0.31575063,0
adobe_firefly_00791,test,1,0.88373023,0
adobe_firefly_00792,test,1,0.8197839,0
adobe_firefly_00793,test,1,0.3853117,1
adobe_firefly_00794,test,1,0.3853117,1
adobe_firefly_00795,test,1,0.3853117,1
adobe_firefly_00796,test,1,0.8466012,0
adobe_firefly_00797,test,1,0.9350706,0
adobe_firefly_00798,test,1,0.6885765,0
adobe_firefly_00799,test,1,0.3853117,1
adobe_firefly_00800,test,1,0.197478,1
adobe_firefly_00801,test,1,0.9920292,0
adobe_firefly_00802,test,1,0.3853117,1
adobe_firefly_00803,test,1,0.30437037,0
adobe_firefly_00804,test,1,0.42689425,0
adobe_firefly_00805,test,1,0.9270773,0
adobe_firefly_00806,test,1,0.3853117,1
adobe_firefly_00807,test,1,0.3853117,1
adobe_firefly_00808,test,1,0.40251923,0
adobe_firefly_00809,test,1,0.3853117,1
adobe_firefly_00810,test,1,0.3853117,1
adobe_firefly_00811,test,1,0.3853117,1
adobe_firefly_00812,test,1,0.78092235,0
adobe_firefly_00813,test,1,0.3853117,1
adobe_firefly_00814,test,1,0.36646932,0
adobe_firefly_00815,test,1,0.5520199,0
adobe_firefly_00816,test,1,0.3853117,1
adobe_firefly_00817,test,1,0.9996495,0
adobe_firefly_00818,test,1,0.44310537,0
adobe_firefly_00819,test,1,0.25701502,0
adobe_firefly_00820,test,1,0.93037975,0
adobe_firefly_00821,test,1,0.7278986,0
adobe_firefly_00822,test,1,0.3853117,1
adobe_firefly_00823,test,1,0.9717386,0
adobe_firefly_00824,test,1,0.3853117,1
adobe_firefly_00825,test,1,0.13665894,0
adobe_firefly_00826,test,1,0.252899,0
adobe_firefly_00827,test,1,0.3853117,1
adobe_firefly_00828,test,1,0.9484134,0
adobe_firefly_00829,test,1,0.9999279,0
adobe_firefly_00830,test,1,0.65578973,0
adobe_firefly_00831,test,1,0.3853117,1
adobe_firefly_00832,test,1,0.3853117,1
adobe_firefly_00833,test,1,0.3853117,1
adobe_firefly_00834,test,1,0.3853117,1
adobe_firefly_00835,test,1,0.3853117,1
adobe_firefly_00836,test,1,0.7590887,0
adobe_firefly_00837,test,1,0.55100447,0
adobe_firefly_00838,test,1,0.3853117,1
adobe_firefly_00839,test,1,0.3853117,1
adobe_firefly_00840,test,1,0.3853117,1
adobe_firefly_00841,test,1,0.41552845,0
adobe_firefly_00842,test,1,0.3853117,1
adobe_firefly_00843,test,1,0.3853117,1
adobe_firefly_00844,test,1,0.9999901,0
adobe_firefly_00845,test,1,0.41532984,0
adobe_firefly_00846,test,1,0.19607206,0
adobe_firefly_00847,test,1,0.3853117,1
adobe_firefly_00848,test,1,0.3853117,1
adobe_firefly_00849,test,1,0.3853117,1
adobe_firefly_00850,test,1,0.6893314,0
adobe_firefly_00851,test,1,0.8885875,0
adobe_firefly_00852,test,1,0.1921559,0
adobe_firefly_00853,test,1,0.2836033,0
adobe_firefly_00854,test,1,0.54445904,0
adobe_firefly_00855,test,1,0.3853117,1
adobe_firefly_00856,test,1,0.9352433,0
adobe_firefly_00857,test,1,0.3853117,1
adobe_firefly_00858,test,1,0.3853117,1
adobe_firefly_00859,test,1,0.28963727,0
adobe_firefly_00860,test,1,0.3991336,1
adobe_firefly_00861,test,1,0.2972666,0
adobe_firefly_00862,test,1,0.9999944,0
adobe_firefly_00863,test,1,0.3853117,1
adobe_firefly_00864,test,1,0.98849314,0
adobe_firefly_00865,test,1,0.3853117,1
adobe_firefly_00866,test,1,0.810128,0
adobe_firefly_00867,test,1,0.98727894,0
adobe_firefly_00868,test,1,0.3853117,1
adobe_firefly_00869,test,1,0.85236484,0
adobe_firefly_00870,test,1,0.9447639,0
adobe_firefly_00871,test,1,0.3853117,1
adobe_firefly_00872,test,1,0.6145245,0
adobe_firefly_00873,test,1,0.3853117,1
adobe_firefly_00874,test,1,0.3853117,1
adobe_firefly_00875,test,1,0.3853117,1
adobe_firefly_00876,test,1,0.3853117,1
adobe_firefly_00877,test,1,0.3853117,1
adobe_firefly_00878,test,1,0.21866432,0
adobe_firefly_00879,test,1,0.2062045,1
adobe_firefly_00880,test,1,0.22285685,0
adobe_firefly_00881,test,1,0.87648576,0
adobe_firefly_00882,test,1,0.3853117,1
adobe_firefly_00883,test,1,0.3853117,1
adobe_firefly_00884,test,1,0.41552845,0
adobe_firefly_00885,test,1,0.21652016,0
adobe_firefly_00886,test,1,0.3853117,1
adobe_firefly_00887,test,1,0.3853117,1
adobe_firefly_00888,test,1,0.3853117,1
adobe_firefly_00889,test,1,0.3853117,1
adobe_firefly_00890,test,1,0.9034916,0
adobe_firefly_00891,test,1,0.3853117,1
adobe_firefly_00892,test,1,0.988648,0
adobe_firefly_00893,test,1,0.16045848,0
adobe_firefly_00894,test,1,0.7904219,0
adobe_firefly_00895,test,1,0.3853117,1
adobe_firefly_00896,test,1,0.3853117,1
adobe_firefly_00897,test,1,0.99981767,0
adobe_firefly_00898,test,1,0.3853117,1
adobe_firefly_00899,test,1,0.3853117,1
adobe_firefly_00900,test,1,0.79671454,0
adobe_firefly_00901,test,1,0.34738156,0
adobe_firefly_00902,test,1,0.7947738,0
adobe_firefly_00903,test,1,0.3853117,1
adobe_firefly_00904,test,1,0.98455054,0
adobe_firefly_00905,test,1,0.3853117,1
adobe_firefly_00906,test,1,0.3205157,0
adobe_firefly_00907,test,1,0.57784736,0
adobe_firefly_00908,test,1,0.23781946,0
adobe_firefly_00909,test,1,0.99883705,0
adobe_firefly_00910,test,1,0.4593828,0
adobe_firefly_00911,test,1,0.3853117,1
adobe_firefly_00912,test,1,0.3853117,1
adobe_firefly_00913,test,1,0.3853117,1
adobe_firefly_00914,test,1,0.38398623,0
adobe_firefly_00915,test,1,0.3853117,1
adobe_firefly_00916,test,1,0.3853117,1
adobe_firefly_00917,test,1,0.6867746,0
adobe_firefly_00918,test,1,0.3853117,1
adobe_firefly_00919,test,1,0.22025217,0
adobe_firefly_00920,test,1,0.3853117,1
adobe_firefly_00921,test,1,0.38212752,0
adobe_firefly_00922,test,1,0.9792756,0
adobe_firefly_00923,test,1,0.3853117,1
adobe_firefly_00924,test,1,0.9999968,0
adobe_firefly_00925,test,1,0.9837765,0
adobe_firefly_00926,test,1,0.3853117,1
adobe_firefly_00927,test,1,0.106883936,0
adobe_firefly_00928,test,1,0.3853117,1
adobe_firefly_00929,test,1,0.3853117,1
adobe_firefly_00930,test,1,0.19176017,0
adobe_firefly_00931,test,1,0.9354423,0
adobe_firefly_00932,test,1,0.3853117,1
adobe_firefly_00933,test,1,0.99729496,0
adobe_firefly_00934,test,1,0.3853117,1
adobe_firefly_00935,test,1,0.053854816,0
adobe_firefly_00936,test,1,0.9862049,0
adobe_firefly_00937,test,1,0.3853117,1
adobe_firefly_00938,test,1,0.3853117,1
adobe_firefly_00939,test,1,0.28257787,0
adobe_firefly_00940,test,1,0.3853117,1
adobe_firefly_00941,test,1,0.3853117,1
adobe_firefly_00942,test,1,0.13821799,0
adobe_firefly_00943,test,1,0.3853117,1
adobe_firefly_00944,test,1,0.5705834,0
adobe_firefly_00945,test,1,0.3853117,1
adobe_firefly_00946,test,1,0.3009774,1
adobe_firefly_00947,test,1,0.3853117,1
adobe_firefly_00948,test,1,0.3853117,1
adobe_firefly_00949,test,1,0.66195536,0
adobe_firefly_00950,test,1,0.24856433,0
adobe_firefly_00951,test,1,0.3853117,1
adobe_firefly_00952,test,1,0.99725515,0
adobe_firefly_00953,test,1,0.3853117,1
adobe_firefly_00954,test,1,0.3853117,1
adobe_firefly_00955,test,1,0.3853117,1
adobe_firefly_00956,test,1,0.3853117,1
adobe_firefly_00957,test,1,0.3853117,1
adobe_firefly_00958,test,1,0.15792513,0
adobe_firefly_00959,test,1,0.3853117,1
adobe_firefly_00960,test,1,0.3853117,1
adobe_firefly_00961,test,1,0.28541505,0
adobe_firefly_00962,test,1,0.8661948,0
adobe_firefly_00963,test,1,0.3853117,1
adobe_firefly_00964,test,1,0.3853117,1
adobe_firefly_00965,test,1,0.3853117,1
adobe_firefly_00966,test,1,0.3853117,1
adobe_firefly_00967,test,1,0.6989706,0
adobe_firefly_00968,test,1,0.97339636,0
adobe_firefly_00969,test,1,0.86123437,0
adobe_firefly_00970,test,1,0.95988965,0
adobe_firefly_00971,test,1,0.3853117,1
adobe_firefly_00972,test,1,0.2719062,0
adobe_firefly_00973,test,1,0.3853117,1
adobe_firefly_00974,test,1,0.6665143,0
adobe_firefly_00975,test,1,0.3853117,1
adobe_firefly_00976,test,1,0.3853117,1
adobe_firefly_00977,test,1,0.3853117,1
adobe_firefly_00978,test,1,0.5415812,0
adobe_firefly_00979,test,1,0.9999324,0
adobe_firefly_00980,test,1,0.3853117,1
adobe_firefly_00981,test,1,0.32746792,0
adobe_firefly_00982,test,1,0.3853117,1
adobe_firefly_00983,test,1,0.3611184,0
adobe_firefly_00984,test,1,0.3853117,1
adobe_firefly_00985,test,1,0.3853117,1
adobe_firefly_00986,test,1,0.81951255,0
adobe_firefly_00987,test,1,0.3853117,1
adobe_firefly_00988,test,1,0.792314,0
adobe_firefly_00989,test,1,0.3853117,1
adobe_firefly_00990,test,1,0.3853117,1
adobe_firefly_00991,test,1,0.3853117,1
adobe_firefly_00992,test,1,0.93584776,0
adobe_firefly_00993,test,1,0.3853117,1
adobe_firefly_00994,test,1,0.3853117,1
adobe_firefly_00995,test,1,0.085096404,0
adobe_firefly_00996,test,1,0.96448267,0
adobe_firefly_00997,test,1,0.999933,0
adobe_firefly_00998,test,1,0.9871573,0
adobe_firefly_00999,test,1,0.3853117,1
dalle2_00000,test,1,0.3853117,1
dalle2_00001,test,1,0.82675374,0
dalle2_00002,test,1,0.8251987,0
dalle2_00003,test,1,0.3853117,1
dalle2_00004,test,1,0.3853117,1
dalle2_00005,test,1,0.3853117,1
dalle2_00006,test,1,0.3853117,1
dalle2_00007,test,1,0.3853117,1
dalle2_00008,test,1,0.3853117,1
dalle2_00009,test,1,0.9937024,0
dalle2_00010,test,1,0.4602717,0
dalle2_00011,test,1,0.5874037,0
dalle2_00012,test,1,0.3853117,1
dalle2_00013,test,1,0.36275217,0
dalle2_00014,test,1,0.3853117,1
dalle2_00015,test,1,0.3853117,1
dalle2_00016,test,1,0.3853117,1
dalle2_00017,test,1,0.25154564,0
dalle2_00018,test,1,0.99999297,0
dalle2_00019,test,1,0.3853117,1
dalle2_00020,test,1,0.3853117,1
dalle2_00021,test,1,0.9658052,0
dalle2_00022,test,1,0.6648841,0
dalle2_00023,test,1,0.5171546,0
dalle2_00024,test,1,0.3853117,1
dalle2_00025,test,1,0.59008247,0
dalle2_00026,test,1,0.3853117,1
dalle2_00027,test,1,0.78770334,0
dalle2_00028,test,1,0.3853117,1
dalle2_00029,test,1,0.3853117,1
dalle2_00030,test,1,0.3853117,1
dalle2_00031,test,1,0.36361864,0
dalle2_00032,test,1,0.3853117,1
dalle2_00033,test,1,0.9953629,0
dalle2_00034,test,1,0.21409328,0
dalle2_00035,test,1,0.3853117,1
dalle2_00036,test,1,0.3853117,1
dalle2_00037,test,1,0.86293614,0
dalle2_00038,test,1,0.9967609,0
dalle2_00039,test,1,0.9657716,0
dalle2_00040,test,1,0.3853117,1
dalle2_00041,test,1,0.9930877,0
dalle2_00042,test,1,0.3853117,1
dalle2_00043,test,1,0.9775254,0
dalle2_00044,test,1,0.9961584,0
dalle2_00045,test,1,0.3853117,1
dalle2_00046,test,1,0.3853117,1
dalle2_00047,test,1,0.23410945,0
dalle2_00048,test,1,0.91704154,0
dalle2_00049,test,1,0.3853117,1
dalle2_00050,test,1,0.99684036,0
dalle2_00051,test,1,0.93287706,0
dalle2_00052,test,1,0.5064488,0
dalle2_00053,test,1,0.3853117,1
dalle2_00054,test,1,0.99660337,0
dalle2_00055,test,1,0.819324,0
dalle2_00056,test,1,0.3853117,1
dalle2_00057,test,1,0.022201013,0
dalle2_00058,test,1,0.9843499,0
dalle2_00059,test,1,0.7861721,0
dalle2_00060,test,1,0.9790891,0
dalle2_00061,test,1,0.3853117,1
dalle2_00062,test,1,0.3853117,1
dalle2_00063,test,1,0.3853117,1
dalle2_00064,test,1,0.9998983,0
dalle2_00065,test,1,0.8552236,0
dalle2_00066,test,1,0.42591316,0
dalle2_00067,test,1,0.3853117,1
dalle2_00068,test,1,0.3853117,1
dalle2_00069,test,1,0.8760572,0
dalle2_00070,test,1,0.3853117,1
dalle2_00071,test,1,0.3853117,1
dalle2_00072,test,1,0.08295322,0
dalle2_00073,test,1,0.08109917,0
dalle2_00074,test,1,0.33521327,0
dalle2_00075,test,1,0.99815136,0
dalle2_00076,test,1,0.3853117,1
dalle2_00077,test,1,0.70786744,0
dalle2_00078,test,1,0.3853117,1
dalle2_00079,test,1,0.17393662,0
dalle2_00080,test,1,0.5826678,0
dalle2_00081,test,1,0.325185,0
dalle2_00082,test,1,0.31420937,0
dalle2_00083,test,1,0.8603542,0
dalle2_00084,test,1,0.3853117,1
dalle2_00085,test,1,0.3253054,0
dalle2_00086,test,1,0.3853117,1
dalle2_00087,test,1,0.27176112,0
dalle2_00088,test,1,0.17452051,0
dalle2_00089,test,1,0.9999981,0
dalle2_00090,test,1,0.3853117,1
dalle2_00091,test,1,0.15397635,1
dalle2_00092,test,1,0.6872894,0
dalle2_00093,test,1,0.3853117,1
dalle2_00094,test,1,0.014566055,0
dalle2_00095,test,1,0.45771796,0
dalle2_00096,test,1,0.3853117,1
dalle2_00097,test,1,0.3853117,1
dalle2_00098,test,1,0.3853117,1
dalle2_00099,test,1,0.3853117,1
dalle2_00100,test,1,0.99886996,0
dalle2_00101,test,1,0.3853117,1
dalle2_00102,test,1,0.3853117,1
dalle2_00103,test,1,0.3853117,1
dalle2_00104,test,1,0.3853117,1
dalle2_00105,test,1,0.3853117,1
dalle2_00106,test,1,0.17532018,0
dalle2_00107,test,1,0.3853117,1
dalle2_00108,test,1,0.7275802,0
dalle2_00109,test,1,0.3853117,1
dalle2_00110,test,1,0.3853117,1
dalle2_00111,test,1,0.7330647,0
dalle2_00112,test,1,0.3853117,1
dalle2_00113,test,1,0.3853117,1
dalle2_00114,test,1,0.27751988,0
dalle2_00115,test,1,0.96327037,0
dalle2_00116,test,1,0.48154023,0
dalle2_00117,test,1,0.9362368,0
dalle2_00118,test,1,0.3853117,1
dalle2_00119,test,1,0.59421104,0
dalle2_00120,test,1,0.3853117,1
dalle2_00121,test,1,0.3853117,1
dalle2_00122,test,1,0.3853117,1
dalle2_00123,test,1,0.99435,0
dalle2_00124,test,1,0.3853117,1
dalle2_00125,test,1,0.3853117,1
dalle2_00126,test,1,0.3853117,1
dalle2_00127,test,1,0.3853117,1
dalle2_00128,test,1,0.3853117,1
dalle2_00129,test,1,0.09240458,0
dalle2_00130,test,1,0.13327646,0
dalle2_00131,test,1,0.3853117,1
dalle2_00132,test,1,0.968204,0
dalle2_00133,test,1,0.99945,0
dalle2_00134,test,1,0.9837977,0
dalle2_00135,test,1,0.3853117,1
dalle2_00136,test,1,0.3853117,1
dalle2_00137,test,1,0.86064535,0
dalle2_00138,test,1,0.3853117,1
dalle2_00139,test,1,0.7960387,0
dalle2_00140,test,1,0.3853117,1
dalle2_00141,test,1,0.3853117,1
dalle2_00142,test,1,0.3853117,1
dalle2_00143,test,1,0.3853117,1
dalle2_00144,test,1,0.21548232,0
dalle2_00145,test,1,0.3853117,1
dalle2_00146,test,1,0.8132409,0
dalle2_00147,test,1,0.3853117,1
dalle2_00148,test,1,0.7101613,0
dalle2_00149,test,1,0.3853117,1
dalle2_00150,test,1,0.3853117,1
dalle2_00151,test,1,0.3853117,1
dalle2_00152,test,1,0.3853117,1
dalle2_00153,test,1,0.15996657,0
dalle2_00154,test,1,0.3853117,1
dalle2_00155,test,1,0.3853117,1
dalle2_00156,test,1,0.3853117,1
dalle2_00157,test,1,0.8413137,0
dalle2_00158,test,1,0.2900472,0
dalle2_00159,test,1,0.3853117,1
dalle2_00160,test,1,0.21762547,0
dalle2_00161,test,1,0.3853117,1
dalle2_00162,test,1,0.44422877,0
dalle2_00163,test,1,0.3853117,1
dalle2_00164,test,1,0.3853117,1
dalle2_00165,test,1,0.9739422,0
dalle2_00166,test,1,0.3853117,1
dalle2_00167,test,1,0.3853117,1
dalle2_00168,test,1,0.46180826,0
dalle2_00169,test,1,0.13489832,0
dalle2_00170,test,1,0.3853117,1
dalle2_00171,test,1,0.3853117,1
dalle2_00172,test,1,0.3853117,1
dalle2_00173,test,1,0.3853117,1
dalle2_00174,test,1,0.3853117,1
dalle2_00175,test,1,0.3853117,1
dalle2_00176,test,1,0.3853117,1
dalle2_00177,test,1,0.3853117,1
dalle2_00178,test,1,0.3853117,1
dalle2_00179,test,1,0.3853117,1
dalle2_00180,test,1,0.3853117,1
dalle2_00181,test,1,0.26623118,0
dalle2_00182,test,1,0.3853117,1
dalle2_00183,test,1,0.21533279,0
dalle2_00184,test,1,0.3853117,1
dalle2_00185,test,1,0.3162368,0
dalle2_00186,test,1,0.3853117,1
dalle2_00187,test,1,0.83825165,0
dalle2_00188,test,1,0.8647514,0
dalle2_00189,test,1,0.5178039,0
dalle2_00190,test,1,0.6619494,0
dalle2_00191,test,1,0.46033818,0
dalle2_00192,test,1,0.02218386,0
dalle2_00193,test,1,0.3853117,1
dalle2_00194,test,1,0.79973644,0
dalle2_00195,test,1,0.40785745,0
dalle2_00196,test,1,0.3853117,1
dalle2_00197,test,1,0.3853117,1
dalle2_00198,test,1,0.3853117,1
dalle2_00199,test,1,0.3853117,1
dalle2_00200,test,1,0.3853117,1
dalle2_00201,test,1,0.3853117,1
dalle2_00202,test,1,0.9915108,0
dalle2_00203,test,1,0.28746158,1
dalle2_00204,test,1,0.81959146,0
dalle2_00205,test,1,0.3853117,1
dalle2_00206,test,1,0.3853117,1
dalle2_00207,test,1,0.21385828,0
dalle2_00208,test,1,0.3853117,1
dalle2_00209,test,1,0.3853117,1
dalle2_00210,test,1,0.8939905,0
dalle2_00211,test,1,0.3853117,1
dalle2_00212,test,1,0.3853117,1
dalle2_00213,test,1,0.3853117,1
dalle2_00214,test,1,0.9287867,0
dalle2_00215,test,1,0.3853117,1
dalle2_00216,test,1,0.9502281,0
dalle2_00217,test,1,0.3853117,1
dalle2_00218,test,1,0.3853117,1
dalle2_00219,test,1,0.9887701,0
dalle2_00220,test,1,0.3853117,1
dalle2_00221,test,1,0.7246281,0
dalle2_00222,test,1,0.3853117,1
dalle2_00223,test,1,0.9785864,0
dalle2_00224,test,1,0.3853117,1
dalle2_00225,test,1,0.5383817,0
dalle2_00226,test,1,0.57191,0
dalle2_00227,test,1,0.8784816,0
dalle2_00228,test,1,0.3853117,1
dalle2_00229,test,1,0.3853117,1
dalle2_00230,test,1,0.9695962,0
dalle2_00231,test,1,0.3853117,1
dalle2_00232,test,1,0.3853117,1
dalle2_00233,test,1,0.3853117,1
dalle2_00234,test,1,0.3853117,1
dalle2_00235,test,1,0.3853117,1
dalle2_00236,test,1,0.9985159,0
dalle2_00237,test,1,0.026748322,0
dalle2_00238,test,1,0.3853117,1
dalle2_00239,test,1,0.6179746,0
dalle2_00240,test,1,0.3853117,1
dalle2_00241,test,1,0.16710289,0
dalle2_00242,test,1,0.49604723,0
dalle2_00243,test,1,0.21042101,0
dalle2_00244,test,1,0.9941048,0
dalle2_00245,test,1,0.3853117,1
dalle2_00246,test,1,0.3853117,1
dalle2_00247,test,1,0.2917537,0
dalle2_00248,test,1,0.91835034,0
dalle2_00249,test,1,0.3853117,1
dalle2_00250,test,1,0.4159186,0
dalle2_00251,test,1,0.9996463,0
dalle2_00252,test,1,0.857051,0
dalle2_00253,test,1,0.33181804,0
dalle2_00254,test,1,0.50737727,0
dalle2_00255,test,1,0.3853117,1
dalle2_00256,test,1,0.27629906,0
dalle2_00257,test,1,0.3853117,1
dalle2_00258,test,1,0.834603,0
dalle2_00259,test,1,0.3853117,1
dalle2_00260,test,1,0.04370233,0
dalle2_00261,test,1,0.3853117,1
dalle2_00262,test,1,0.3853117,1
dalle2_00263,test,1,0.86368483,0
dalle2_00264,test,1,0.3853117,1
dalle2_00265,test,1,0.3853117,1
dalle2_00266,test,1,0.3853117,1
dalle2_00267,test,1,0.6369939,0
dalle2_00268,test,1,0.3853117,1
dalle2_00269,test,1,0.3853117,1
dalle2_00270,test,1,0.3853117,1
dalle2_00271,test,1,0.3853117,1
dalle2_00272,test,1,0.3853117,1
dalle2_00273,test,1,0.77471745,0
dalle2_00274,test,1,0.3853117,1
dalle2_00275,test,1,0.3853117,1
dalle2_00276,test,1,0.25863028,0
dalle2_00277,test,1,0.99079037,0
dalle2_00278,test,1,0.3853117,1
dalle2_00279,test,1,0.3853117,1
dalle2_00280,test,1,0.837727,0
dalle2_00281,test,1,0.3853117,1
dalle2_00282,test,1,0.3853117,1
dalle2_00283,test,1,0.3853117,1
dalle2_00284,test,1,0.3853117,1
dalle2_00285,test,1,0.3853117,1
dalle2_00286,test,1,0.3853117,1
dalle2_00287,test,1,0.5716015,0
dalle2_00288,test,1,0.3853117,1
dalle2_00289,test,1,0.010767966,0
dalle2_00290,test,1,0.3853117,1
dalle2_00291,test,1,0.3853117,1
dalle2_00292,test,1,0.46226662,0
dalle2_00293,test,1,0.29505283,1
dalle2_00294,test,1,0.3853117,1
dalle2_00295,test,1,0.9727799,0
dalle2_00296,test,1,0.6877296,0
dalle2_00297,test,1,0.6286594,0
dalle2_00298,test,1,0.9951232,0
dalle2_00299,test,1,0.3853117,1
dalle2_00300,test,1,0.9999596,0
dalle2_00301,test,1,0.3853117,1
dalle2_00302,test,1,0.882002,0
dalle2_00303,test,1,0.8004783,0
dalle2_00304,test,1,0.3853117,1
dalle2_00305,test,1,0.3853117,1
dalle2_00306,test,1,0.9149372,0
dalle2_00307,test,1,0.023887593,0
dalle2_00308,test,1,0.3853117,1
dalle2_00309,test,1,0.3853117,1
dalle2_00310,test,1,0.3853117,1
dalle2_00311,test,1,0.9600511,0
dalle2_00312,test,1,0.032182734,0
dalle2_00313,test,1,0.3853117,1
dalle2_00314,test,1,0.3853117,1
dalle2_00315,test,1,0.3853117,1
dalle2_00316,test,1,0.3853117,1
dalle2_00317,test,1,0.3853117,1
dalle2_00318,test,1,0.7388553,0
dalle2_00319,test,1,0.3853117,1
dalle2_00320,test,1,0.74024326,0
dalle2_00321,test,1,0.3853117,1
dalle2_00322,test,1,0.9797314,0
dalle2_00323,test,1,0.29470992,0
dalle2_00324,test,1,0.21772975,0
dalle2_00325,test,1,0.3853117,1
dalle2_00326,test,1,0.3853117,1
dalle2_00327,test,1,0.9955396,0
dalle2_00328,test,1,0.3853117,1
dalle2_00329,test,1,0.3853117,1
dalle2_00330,test,1,0.34475616,0
dalle2_00331,test,1,0.86114806,0
dalle2_00332,test,1,0.3853117,1
dalle2_00333,test,1,0.49597013,0
dalle2_00334,test,1,0.8624976,0
dalle2_00335,test,1,0.3853117,1
dalle2_00336,test,1,0.56218165,0
dalle2_00337,test,1,0.3853117,1
dalle2_00338,test,1,0.93164086,0
dalle2_00339,test,1,0.3853117,1
dalle2_00340,test,1,0.99532545,0
dalle2_00341,test,1,0.7862723,0
dalle2_00342,test,1,0.7654191,0
dalle2_00343,test,1,0.99924254,0
dalle2_00344,test,1,0.3853117,1
dalle2_00345,test,1,0.3853117,1
dalle2_00346,test,1,0.3853117,1
dalle2_00347,test,1,0.3853117,1
dalle2_00348,test,1,0.3853117,1
dalle2_00349,test,1,0.3853117,1
dalle2_00350,test,1,0.3853117,1
dalle2_00351,test,1,0.96851546,0
dalle2_00352,test,1,0.3853117,1
dalle2_00353,test,1,0.9624286,0
dalle2_00354,test,1,0.9946016,0
dalle2_00355,test,1,0.3853117,1
dalle2_00356,test,1,0.8376795,0
dalle2_00357,test,1,0.3853117,1
dalle2_00358,test,1,0.3853117,1
dalle2_00359,test,1,0.36656126,0
dalle2_00360,test,1,0.3853117,1
dalle2_00361,test,1,0.3853117,1
dalle2_00362,test,1,0.3853117,1
dalle2_00363,test,1,0.9688593,0
dalle2_00364,test,1,0.5644721,0
dalle2_00365,test,1,0.3853117,1
dalle2_00366,test,1,0.99788576,0
dalle2_00367,test,1,0.3853117,1
dalle2_00368,test,1,0.98390263,0
dalle2_00369,test,1,0.3853117,1
dalle2_00370,test,1,0.3853117,1
dalle2_00371,test,1,0.847073,0
dalle2_00372,test,1,0.3853117,1
dalle2_00373,test,1,0.94399154,0
dalle2_00374,test,1,0.3853117,1
dalle2_00375,test,1,0.3853117,1
dalle2_00376,test,1,0.3853117,1
dalle2_00377,test,1,0.3853117,1
dalle2_00378,test,1,0.9975591,0
dalle2_00379,test,1,0.74646556,1
dalle2_00380,test,1,0.3853117,1
dalle2_00381,test,1,0.99475175,0
dalle2_00382,test,1,0.3853117,1
dalle2_00383,test,1,0.3853117,1
dalle2_00384,test,1,0.3853117,1
dalle2_00385,test,1,0.3853117,1
dalle2_00386,test,1,0.3853117,1
dalle2_00387,test,1,0.3853117,1
dalle2_00388,test,1,0.82288307,0
dalle2_00389,test,1,0.27254274,0
dalle2_00390,test,1,0.3853117,1
dalle2_00391,test,1,0.13445859,0
dalle2_00392,test,1,0.3853117,1
dalle2_00393,test,1,0.67090994,0
dalle2_00394,test,1,0.3853117,1
dalle2_00395,test,1,0.3853117,1
dalle2_00396,test,1,0.3853117,1
dalle2_00397,test,1,0.16687141,0
dalle2_00398,test,1,0.91422296,0
dalle2_00399,test,1,0.3853117,1
dalle2_00400,test,1,0.993824,0
dalle2_00401,test,1,0.3853117,1
dalle2_00402,test,1,0.3853117,1
dalle2_00403,test,1,0.9847847,0
dalle2_00404,test,1,0.7645149,0
dalle2_00405,test,1,0.3853117,1
dalle2_00406,test,1,0.3853117,1
dalle2_00407,test,1,0.3853117,1
dalle2_00408,test,1,0.3853117,1
dalle2_00409,test,1,0.3853117,1
dalle2_00410,test,1,0.3853117,1
dalle2_00411,test,1,0.3853117,1
dalle2_00412,test,1,0.51419014,0
dalle2_00413,test,1,0.9071711,0
dalle2_00414,test,1,0.73992157,0
dalle2_00415,test,1,0.3853117,1
dalle2_00416,test,1,0.3853117,1
dalle2_00417,test,1,0.16397507,0
dalle2_00418,test,1,0.3853117,1
dalle2_00419,test,1,0.030717192,0
dalle2_00420,test,1,0.3853117,1
dalle2_00421,test,1,0.7019301,0
dalle2_00422,test,1,0.7752882,0
dalle2_00423,test,1,0.98445433,0
dalle2_00424,test,1,0.9691924,0
dalle2_00425,test,1,0.945739,0
dalle2_00426,test,1,0.9727505,0
dalle2_00427,test,1,0.3853117,1
dalle2_00428,test,1,0.9729197,0
dalle2_00429,test,1,0.3853117,1
dalle2_00430,test,1,0.3853117,1
dalle2_00431,test,1,0.91722274,0
dalle2_00432,test,1,0.3481016,0
dalle2_00433,test,1,0.3853117,1
dalle2_00434,test,1,0.8606009,0
dalle2_00435,test,1,0.3853117,1
dalle2_00436,test,1,0.8054527,0
dalle2_00437,test,1,0.3853117,1
dalle2_00438,test,1,0.3853117,1
dalle2_00439,test,1,0.3853117,1
dalle2_00440,test,1,0.3853117,1
dalle2_00441,test,1,0.3853117,1
dalle2_00442,test,1,0.3853117,1
dalle2_00443,test,1,0.9325931,0
dalle2_00444,test,1,0.23734829,0
dalle2_00445,test,1,0.3853117,1
dalle2_00446,test,1,0.3853117,1
dalle2_00447,test,1,0.3853117,1
dalle2_00448,test,1,0.3853117,1
dalle2_00449,test,1,0.3853117,1
dalle2_00450,test,1,0.3853117,1
dalle2_00451,test,1,0.3853117,1
dalle2_00452,test,1,0.9846485,0
dalle2_00453,test,1,0.20861496,0
dalle2_00454,test,1,0.3853117,1
dalle2_00455,test,1,0.3853117,1
dalle2_00456,test,1,0.84232044,0
dalle2_00457,test,1,0.3853117,1
dalle2_00458,test,1,0.3853117,1
dalle2_00459,test,1,0.9997243,0
dalle2_00460,test,1,0.09909364,0
dalle2_00461,test,1,0.3853117,1
dalle2_00462,test,1,0.99208504,0
dalle2_00463,test,1,0.97743374,0
dalle2_00464,test,1,0.3853117,1
dalle2_00465,test,1,0.3853117,1
dalle2_00466,test,1,0.23208354,1
dalle2_00467,test,1,0.3853117,1
dalle2_00468,test,1,0.45429134,0
dalle2_00469,test,1,0.3853117,1
dalle2_00470,test,1,0.64116013,0
dalle2_00471,test,1,0.9704213,0
dalle2_00472,test,1,0.9644641,0
dalle2_00473,test,1,0.8769959,0
dalle2_00474,test,1,0.3853117,1
dalle2_00475,test,1,0.3853117,1
dalle2_00476,test,1,0.3853117,1
dalle2_00477,test,1,0.3853117,1
dalle2_00478,test,1,0.5786053,0
dalle2_00479,test,1,0.3853117,1
dalle2_00480,test,1,0.96536136,0
dalle2_00481,test,1,0.88659966,0
dalle2_00482,test,1,0.3853117,1
dalle2_00483,test,1,0.9694177,0
dalle2_00484,test,1,0.094121166,0
dalle2_00485,test,1,0.3853117,1
dalle2_00486,test,1,0.7375543,0
dalle2_00487,test,1,0.3853117,1
dalle2_00488,test,1,0.8155323,0
dalle2_00489,test,1,0.8118464,0
dalle2_00490,test,1,0.96160454,0
dalle2_00491,test,1,0.49804747,0
dalle2_00492,test,1,0.3853117,1
dalle2_00493,test,1,0.9133698,0
dalle2_00494,test,1,0.3853117,1
dalle2_00495,test,1,0.3853117,1
dalle2_00496,test,1,0.3853117,1
dalle2_00497,test,1,0.87765425,0
dalle2_00498,test,1,0.7170346,0
dalle2_00499,test,1,0.3853117,1
dalle2_00500,test,1,0.12439514,0
dalle2_00501,test,1,0.3853117,1
dalle2_00502,test,1,0.3853117,1
dalle2_00503,test,1,0.86572665,0
dalle2_00504,test,1,0.3853117,1
dalle2_00505,test,1,0.3853117,1
dalle2_00506,test,1,0.9710197,0
dalle2_00507,test,1,0.381918,0
dalle2_00508,test,1,0.42397916,0
dalle2_00509,test,1,0.3853117,1
dalle2_00510,test,1,0.3853117,1
dalle2_00511,test,1,0.3853117,1
dalle2_00512,test,1,0.13156292,0
dalle2_00513,test,1,0.3853117,1
dalle2_00514,test,1,0.65337354,0
dalle2_00515,test,1,0.4614643,1
dalle2_00516,test,1,0.3853117,1
dalle2_00517,test,1,0.3853117,1
dalle2_00518,test,1,0.43328622,0
dalle2_00519,test,1,0.8234156,0
dalle2_00520,test,1,0.3853117,1
dalle2_00521,test,1,0.3853117,1
dalle2_00522,test,1,0.3853117,1
dalle2_00523,test,1,0.3853117,1
dalle2_00524,test,1,0.3853117,1
dalle2_00525,test,1,0.99519014,0
dalle2_00526,test,1,0.3853117,1
dalle2_00527,test,1,0.3853117,1
dalle2_00528,test,1,0.3853117,1
dalle2_00529,test,1,0.3853117,1
dalle2_00530,test,1,0.3853117,1
dalle2_00531,test,1,0.3853117,1
dalle2_00532,test,1,0.3853117,1
dalle2_00533,test,1,0.7166872,0
dalle2_00534,test,1,0.3853117,1
dalle2_00535,test,1,0.3853117,1
dalle2_00536,test,1,0.3853117,1
dalle2_00537,test,1,0.3853117,1
dalle2_00538,test,1,0.3853117,1
dalle2_00539,test,1,0.25800428,0
dalle2_00540,test,1,0.3853117,1
dalle2_00541,test,1,0.87325674,0
dalle2_00542,test,1,0.404108,0
dalle2_00543,test,1,0.98669887,0
dalle2_00544,test,1,0.5563006,0
dalle2_00545,test,1,0.3853117,1
dalle2_00546,test,1,0.9997745,0
dalle2_00547,test,1,0.3853117,1
dalle2_00548,test,1,0.2669098,0
dalle2_00549,test,1,0.3853117,1
dalle2_00550,test,1,0.72977555,0
dalle2_00551,test,1,0.3853117,1
dalle2_00552,test,1,0.40500334,0
dalle2_00553,test,1,0.3853117,1
dalle2_00554,test,1,0.3853117,1
dalle2_00555,test,1,0.3853117,1
dalle2_00556,test,1,0.3853117,1
dalle2_00557,test,1,0.8073488,0
dalle2_00558,test,1,0.50532925,0
dalle2_00559,test,1,0.3853117,1
dalle2_00560,test,1,0.3853117,1
dalle2_00561,test,1,0.35140842,0
dalle2_00562,test,1,0.3853117,1
dalle2_00563,test,1,0.3853117,1
dalle2_00564,test,1,0.3057198,0
dalle2_00565,test,1,0.44886088,0
dalle2_00566,test,1,0.44364128,0
dalle2_00567,test,1,0.7673815,0
dalle2_00568,test,1,0.3853117,1
dalle2_00569,test,1,0.98486197,0
dalle2_00570,test,1,0.07880262,0
dalle2_00571,test,1,0.6019731,0
dalle2_00572,test,1,0.74196637,0
dalle2_00573,test,1,0.5400619,0
dalle2_00574,test,1,0.7571617,0
dalle2_00575,test,1,0.99915075,0
dalle2_00576,test,1,0.316877,0
dalle2_00577,test,1,0.38613072,0
dalle2_00578,test,1,0.3853117,1
dalle2_00579,test,1,0.3853117,1
dalle2_00580,test,1,0.17806755,0
dalle2_00581,test,1,0.3853117,1
dalle2_00582,test,1,0.3341347,0
dalle2_00583,test,1,0.8682013,0
dalle2_00584,test,1,0.0912685,0
dalle2_00585,test,1,0.3853117,1
dalle2_00586,test,1,0.10279719,0
dalle2_00587,test,1,0.3853117,1
dalle2_00588,test,1,0.3853117,1
dalle2_00589,test,1,0.90279686,0
dalle2_00590,test,1,0.540462,0
dalle2_00591,test,1,0.3853117,1
dalle2_00592,test,1,0.9922937,0
dalle2_00593,test,1,0.3853117,1
dalle2_00594,test,1,0.09695051,0
dalle2_00595,test,1,0.3853117,1
dalle2_00596,test,1,0.3853117,1
dalle2_00597,test,1,0.3853117,1
dalle2_00598,test,1,0.6781778,0
dalle2_00599,test,1,0.3853117,1
dalle2_00600,test,1,0.3853117,1
dalle2_00601,test,1,0.3853117,1
dalle2_00602,test,1,0.6283085,0
dalle2_00603,test,1,0.3853117,1
dalle2_00604,test,1,0.44508684,0
dalle2_00605,test,1,0.29293972,0
dalle2_00606,test,1,0.2537399,0
dalle2_00607,test,1,0.8391797,0
dalle2_00608,test,1,0.9111161,0
dalle2_00609,test,1,0.97620654,0
dalle2_00610,test,1,0.96476835,0
dalle2_00611,test,1,0.7926335,0
dalle2_00612,test,1,0.9007997,0
dalle2_00613,test,1,0.8518038,0
dalle2_00614,test,1,0.3853117,1
dalle2_00615,test,1,0.43516794,0
dalle2_00616,test,1,0.2047427,0
dalle2_00617,test,1,0.88642514,0
dalle2_00618,test,1,0.9147526,0
dalle2_00619,test,1,0.3853117,1
dalle2_00620,test,1,0.3853117,1
dalle2_00621,test,1,0.1470539,0
dalle2_00622,test,1,0.3853117,1
dalle2_00623,test,1,0.8589293,0
dalle2_00624,test,1,0.3853117,1
dalle2_00625,test,1,0.8181445,0
dalle2_00626,test,1,0.3853117,1
dalle2_00627,test,1,0.3853117,1
dalle2_00628,test,1,0.3853117,1
dalle2_00629,test,1,0.9820473,0
dalle2_00630,test,1,0.98075324,0
dalle2_00631,test,1,0.88159794,0
dalle2_00632,test,1,0.3853117,1
dalle2_00633,test,1,0.3853117,1
dalle2_00634,test,1,0.3853117,1
dalle2_00635,test,1,0.6786179,0
dalle2_00636,test,1,0.7316216,0
dalle2_00637,test,1,0.989778,0
dalle2_00638,test,1,0.8946421,0
dalle2_00639,test,1,0.7579586,0
dalle2_00640,test,1,0.3853117,1
dalle2_00641,test,1,0.1201899,0
dalle2_00642,test,1,0.3853117,1
dalle2_00643,test,1,0.3853117,1
dalle2_00644,test,1,0.736036,0
dalle2_00645,test,1,0.3853117,1
dalle2_00646,test,1,0.3853117,1
dalle2_00647,test,1,0.24660717,0
dalle2_00648,test,1,0.3853117,1
dalle2_00649,test,1,0.85562587,0
dalle2_00650,test,1,0.3853117,1
dalle2_00651,test,1,0.9984701,0
dalle2_00652,test,1,0.4691481,0
dalle2_00653,test,1,0.15875816,0
dalle2_00654,test,1,0.24763155,0
dalle2_00655,test,1,0.3853117,1
dalle2_00656,test,1,0.3853117,1
dalle2_00657,test,1,0.07566341,0
dalle2_00658,test,1,0.3853117,1
dalle2_00659,test,1,0.3104635,0
dalle2_00660,test,1,0.9994461,0
dalle2_00661,test,1,0.3853117,1
dalle2_00662,test,1,0.3853117,1
dalle2_00663,test,1,0.3853117,1
dalle2_00664,test,1,0.42441413,0
dalle2_00665,test,1,0.9960665,0
dalle2_00666,test,1,0.3853117,1
dalle2_00667,test,1,0.74565786,0
dalle2_00668,test,1,0.3853117,1
dalle2_00669,test,1,0.3853117,1
dalle2_00670,test,1,0.9465703,0
dalle2_00671,test,1,0.38965464,0
dalle2_00672,test,1,0.91356206,0
dalle2_00673,test,1,0.84513587,0
dalle2_00674,test,1,0.3853117,1
dalle2_00675,test,1,0.3853117,1
dalle2_00676,test,1,0.8332974,0
dalle2_00677,test,1,0.3853117,1
dalle2_00678,test,1,0.46701255,0
dalle2_00679,test,1,0.3853117,1
dalle2_00680,test,1,0.89577657,0
dalle2_00681,test,1,0.3853117,1
dalle2_00682,test,1,0.894959,0
dalle2_00683,test,1,0.3853117,1
dalle2_00684,test,1,0.3853117,1
dalle2_00685,test,1,0.3853117,1
dalle2_00686,test,1,0.3853117,1
dalle2_00687,test,1,0.3853117,1
dalle2_00688,test,1,0.3853117,1
dalle2_00689,test,1,0.3853117,1
dalle2_00690,test,1,0.9496311,0
dalle2_00691,test,1,0.9994593,0
dalle2_00692,test,1,0.3853117,1
dalle2_00693,test,1,0.88097966,0
dalle2_00694,test,1,0.3853117,1
dalle2_00695,test,1,0.99694234,0
dalle2_00696,test,1,0.3853117,1
dalle2_00697,test,1,0.3853117,1
dalle2_00698,test,1,0.3853117,1
dalle2_00699,test,1,0.3331762,0
dalle2_00700,test,1,0.8444582,0
dalle2_00701,test,1,0.3853117,1
dalle2_00702,test,1,0.121784374,0
dalle2_00703,test,1,0.8894901,0
dalle2_00704,test,1,0.12618865,0
dalle2_00705,test,1,0.99827564,0
dalle2_00706,test,1,0.3853117,1
dalle2_00707,test,1,0.3853117,1
dalle2_00708,test,1,0.3853117,1
dalle2_00709,test,1,0.89904207,0
dalle2_00710,test,1,0.47824806,0
dalle2_00711,test,1,0.96441686,0
dalle2_00712,test,1,0.8386488,0
dalle2_00713,test,1,0.7390531,0
dalle2_00714,test,1,0.3853117,1
dalle2_00715,test,1,0.8050747,0
dalle2_00716,test,1,0.77206725,0
dalle2_00717,test,1,0.3853117,1
dalle2_00718,test,1,0.3853117,1
dalle2_00719,test,1,0.19531684,0
dalle2_00720,test,1,0.35379168,0
dalle2_00721,test,1,0.35719728,0
dalle2_00722,test,1,0.425609,0
dalle2_00723,test,1,0.3853117,1
dalle2_00724,test,1,0.3853117,1
dalle2_00725,test,1,0.98343694,0
dalle2_00726,test,1,0.3853117,1
dalle2_00727,test,1,0.5616763,0
dalle2_00728,test,1,0.3853117,1
dalle2_00729,test,1,0.8501973,0
dalle2_00730,test,1,0.52820975,0
dalle2_00731,test,1,0.3853117,1
dalle2_00732,test,1,0.3853117,1
dalle2_00733,test,1,0.9999461,0
dalle2_00734,test,1,0.96821743,0
dalle2_00735,test,1,0.99291235,0
dalle2_00736,test,1,0.3853117,1
dalle2_00737,test,1,0.2657829,0
dalle2_00738,test,1,0.3853117,1
dalle2_00739,test,1,0.8657882,0
dalle2_00740,test,1,0.3853117,1
dalle2_00741,test,1,0.3853117,1
dalle2_00742,test,1,0.5965609,0
dalle2_00743,test,1,0.3853117,1
dalle2_00744,test,1,0.3853117,1
dalle2_00745,test,1,0.96427906,0
dalle2_00746,test,1,0.6251306,0
dalle2_00747,test,1,0.3853117,1
dalle2_00748,test,1,0.3853117,1
dalle2_00749,test,1,0.8445829,0
dalle2_00750,test,1,0.44531164,0
dalle2_00751,test,1,0.99956006,0
dalle2_00752,test,1,0.3853117,1
dalle2_00753,test,1,0.3853117,1
dalle2_00754,test,1,0.28058553,0
dalle2_00755,test,1,0.9927787,0
dalle2_00756,test,1,0.019953106,1
dalle2_00757,test,1,0.2158488,0
dalle2_00758,test,1,0.3853117,1
dalle2_00759,test,1,0.27367443,0
dalle2_00760,test,1,0.8442322,0
dalle2_00761,test,1,0.89808106,0
dalle2_00762,test,1,0.015212384,0
dalle2_00763,test,1,0.3853117,1
dalle2_00764,test,1,0.3853117,1
dalle2_00765,test,1,0.31413558,0
dalle2_00766,test,1,0.3853117,1
dalle2_00767,test,1,0.08646388,0
dalle2_00768,test,1,0.3853117,1
dalle2_00769,test,1,0.26987165,0
dalle2_00770,test,1,0.3853117,1
dalle2_00771,test,1,0.3853117,1
dalle2_00772,test,1,0.3853117,1
dalle2_00773,test,1,0.84644395,0
dalle2_00774,test,1,0.3853117,1
dalle2_00775,test,1,0.3853117,1
dalle2_00776,test,1,0.82636935,0
dalle2_00777,test,1,0.12990445,0
dalle2_00778,test,1,0.12920864,0
dalle2_00779,test,1,0.3416652,0
dalle2_00780,test,1,0.9972415,0
dalle2_00781,test,1,0.65471196,0
dalle2_00782,test,1,0.3853117,1
dalle2_00783,test,1,0.3853117,1
dalle2_00784,test,1,0.3853117,1
dalle2_00785,test,1,0.3853117,1
dalle2_00786,test,1,0.99995327,0
dalle2_00787,test,1,0.3853117,1
dalle2_00788,test,1,0.3853117,1
dalle2_00789,test,1,0.3853117,1
dalle2_00790,test,1,0.3853117,1
dalle2_00791,test,1,0.96646756,0
dalle2_00792,test,1,0.3853117,1
dalle2_00793,test,1,0.95082134,0
dalle2_00794,test,1,0.3853117,1
dalle2_00795,test,1,0.3853117,1
dalle2_00796,test,1,0.08856366,0
dalle2_00797,test,1,0.3853117,1
dalle2_00798,test,1,0.6531581,0
dalle2_00799,test,1,0.3853117,1
dalle2_00800,test,1,0.12047902,0
dalle2_00801,test,1,0.9249746,0
dalle2_00802,test,1,0.3853117,1
dalle2_00803,test,1,0.44516698,0
dalle2_00804,test,1,0.3853117,1
dalle2_00805,test,1,0.3853117,1
dalle2_00806,test,1,0.9657854,0
dalle2_00807,test,1,0.3853117,1
dalle2_00808,test,1,0.3853117,1
dalle2_00809,test,1,0.6664497,0
dalle2_00810,test,1,0.27404806,0
dalle2_00811,test,1,0.8343356,0
dalle2_00812,test,1,0.3853117,1
dalle2_00813,test,1,0.3853117,1
dalle2_00814,test,1,0.3853117,1
dalle2_00815,test,1,0.8324049,0
dalle2_00816,test,1,0.5175224,0
dalle2_00817,test,1,0.9841366,0
dalle2_00818,test,1,0.2859025,0
dalle2_00819,test,1,0.3853117,1
dalle2_00820,test,1,0.30622885,0
dalle2_00821,test,1,0.3853117,1
dalle2_00822,test,1,0.55794257,0
dalle2_00823,test,1,0.3853117,1
dalle2_00824,test,1,0.062196568,0
dalle2_00825,test,1,0.99642366,0
dalle2_00826,test,1,0.3853117,1
dalle2_00827,test,1,0.3853117,1
dalle2_00828,test,1,0.5728709,0
dalle2_00829,test,1,1.0,0
dalle2_00830,test,1,0.3853117,1
dalle2_00831,test,1,0.47909763,0
dalle2_00832,test,1,0.3853117,1
dalle2_00833,test,1,0.3853117,1
dalle2_00834,test,1,0.3853117,1
dalle2_00835,test,1,0.3853117,1
dalle2_00836,test,1,0.3853117,1
dalle2_00837,test,1,0.50509465,0
dalle2_00838,test,1,0.3853117,1
dalle2_00839,test,1,0.3853117,1
dalle2_00840,test,1,0.6344988,0
dalle2_00841,test,1,0.09914794,0
dalle2_00842,test,1,0.3853117,1
dalle2_00843,test,1,0.3853117,1
dalle2_00844,test,1,0.91520363,0
dalle2_00845,test,1,0.3853117,1
dalle2_00846,test,1,0.3853117,1
dalle2_00847,test,1,0.99806124,0
dalle2_00848,test,1,0.3853117,1
dalle2_00849,test,1,0.7635322,0
dalle2_00850,test,1,0.3853117,1
dalle2_00851,test,1,0.29234678,0
dalle2_00852,test,1,0.3853117,1
dalle2_00853,test,1,0.3853117,1
dalle2_00854,test,1,0.29958573,0
dalle2_00855,test,1,0.3853117,1
dalle2_00856,test,1,0.9171017,0
dalle2_00857,test,1,0.83746296,0
dalle2_00858,test,1,0.28120667,0
dalle2_00859,test,1,0.3853117,1
dalle2_00860,test,1,0.3853117,1
dalle2_00861,test,1,0.3853117,1
dalle2_00862,test,1,0.3853117,1
dalle2_00863,test,1,0.999374,0
dalle2_00864,test,1,0.9882039,0
dalle2_00865,test,1,0.3853117,1
dalle2_00866,test,1,0.7632186,0
dalle2_00867,test,1,0.3853117,1
dalle2_00868,test,1,0.6357837,0
dalle2_00869,test,1,0.99972254,0
dalle2_00870,test,1,0.7460354,1
dalle2_00871,test,1,0.3853117,1
dalle2_00872,test,1,0.77382296,0
dalle2_00873,test,1,0.9960045,0
dalle2_00874,test,1,0.57106453,0
dalle2_00875,test,1,0.3853117,1
dalle2_00876,test,1,0.292647,0
dalle2_00877,test,1,0.42224658,0
dalle2_00878,test,1,0.3853117,1
dalle2_00879,test,1,0.3853117,1
dalle2_00880,test,1,0.6012121,0
dalle2_00881,test,1,0.9537524,0
dalle2_00882,test,1,0.6679122,0
dalle2_00883,test,1,0.36461362,0
dalle2_00884,test,1,0.087248296,0
dalle2_00885,test,1,0.3853117,1
dalle2_00886,test,1,0.36568657,0
dalle2_00887,test,1,0.13077,0
dalle2_00888,test,1,0.3853117,1
dalle2_00889,test,1,0.24710165,0
dalle2_00890,test,1,0.3853117,1
dalle2_00891,test,1,0.9988551,0
dalle2_00892,test,1,0.43951118,0
dalle2_00893,test,1,0.3853117,1
dalle2_00894,test,1,0.5649835,0
dalle2_00895,test,1,0.3853117,1
dalle2_00896,test,1,0.5008587,0
dalle2_00897,test,1,0.3853117,1
dalle2_00898,test,1,0.3853117,1
dalle2_00899,test,1,0.98336905,0
dalle2_00900,test,1,0.345766,0
dalle2_00901,test,1,0.48476115,0
dalle2_00902,test,1,0.3853117,1
dalle2_00903,test,1,0.6860251,0
dalle2_00904,test,1,0.99367285,0
dalle2_00905,test,1,0.9743927,0
dalle2_00906,test,1,0.3853117,1
dalle2_00907,test,1,0.965709,0
dalle2_00908,test,1,0.3853117,1
dalle2_00909,test,1,0.33195505,0
dalle2_00910,test,1,0.3853117,1
dalle2_00911,test,1,0.45388797,0
dalle2_00912,test,1,0.3853117,1
dalle2_00913,test,1,0.8043921,0
dalle2_00914,test,1,0.9913169,0
dalle2_00915,test,1,0.072593965,0
dalle2_00916,test,1,0.3853117,1
dalle2_00917,test,1,0.3853117,1
dalle2_00918,test,1,0.3665229,1
dalle2_00919,test,1,0.3853117,1
dalle2_00920,test,1,0.99736494,0
dalle2_00921,test,1,0.3853117,1
dalle2_00922,test,1,0.99110126,0
dalle2_00923,test,1,0.3853117,1
dalle2_00924,test,1,0.6190381,0
dalle2_00925,test,1,0.3853117,1
dalle2_00926,test,1,0.3853117,1
dalle2_00927,test,1,0.3853117,1
dalle2_00928,test,1,0.96410185,0
dalle2_00929,test,1,0.9892418,0
dalle2_00930,test,1,0.6835338,0
dalle2_00931,test,1,0.24246566,0
dalle2_00932,test,1,0.3853117,1
dalle2_00933,test,1,0.3733739,0
dalle2_00934,test,1,0.3853117,1
dalle2_00935,test,1,0.1336246,0
dalle2_00936,test,1,0.3853117,1
dalle2_00937,test,1,0.28133738,0
dalle2_00938,test,1,0.3663316,0
dalle2_00939,test,1,0.10690137,0
dalle2_00940,test,1,0.24201603,0
dalle2_00941,test,1,0.3853117,1
dalle2_00942,test,1,0.08571053,0
dalle2_00943,test,1,0.82822317,0
dalle2_00944,test,1,0.3853117,1
dalle2_00945,test,1,0.3853117,1
dalle2_00946,test,1,0.3853117,1
dalle2_00947,test,1,0.3853117,1
dalle2_00948,test,1,0.3853117,1
dalle2_00949,test,1,0.72232103,0
dalle2_00950,test,1,0.9616519,0
dalle2_00951,test,1,0.3853117,1
dalle2_00952,test,1,0.3853117,1
dalle2_00953,test,1,0.3853117,1
dalle2_00954,test,1,0.3853117,1
dalle2_00955,test,1,0.9439554,0
dalle2_00956,test,1,0.3853117,1
dalle2_00957,test,1,0.3853117,1
dalle2_00958,test,1,0.3853117,1
dalle2_00959,test,1,0.9972898,0
dalle2_00960,test,1,0.82174885,0
dalle2_00961,test,1,0.3853117,1
dalle2_00962,test,1,0.6602991,0
dalle2_00963,test,1,0.3853117,1
dalle2_00964,test,1,0.39474505,0
dalle2_00965,test,1,0.3853117,1
dalle2_00966,test,1,0.3853117,1
dalle2_00967,test,1,0.3853117,1
dalle2_00968,test,1,0.3075075,1
dalle2_00969,test,1,0.939276,0
dalle2_00970,test,1,0.8450701,0
dalle2_00971,test,1,0.3853117,1
dalle2_00972,test,1,0.3853117,1
dalle2_00973,test,1,0.3853117,1
dalle2_00974,test,1,0.68976223,0
dalle2_00975,test,1,0.23494123,0
dalle2_00976,test,1,0.3853117,1
dalle2_00977,test,1,0.07241014,0
dalle2_00978,test,1,0.3853117,1
dalle2_00979,test,1,0.35261592,0
dalle2_00980,test,1,0.3853117,1
dalle2_00981,test,1,0.3853117,1
dalle2_00982,test,1,0.99714476,0
dalle2_00983,test,1,0.3853117,1
dalle2_00984,test,1,0.92984617,0
dalle2_00985,test,1,0.3853117,1
dalle2_00986,test,1,0.7812195,0
dalle2_00987,test,1,0.3853117,1
dalle2_00988,test,1,0.995834,0
dalle2_00989,test,1,0.3853117,1
dalle2_00990,test,1,0.3853117,1
dalle2_00991,test,1,0.3853117,1
dalle2_00992,test,1,0.3853117,1
dalle2_00993,test,1,0.3853117,1
dalle2_00994,test,1,0.31749955,0
dalle2_00995,test,1,0.3853117,1
dalle2_00996,test,1,0.22973056,0
dalle2_00997,test,1,0.9988606,0
dalle2_00998,test,1,0.3853117,1
dalle2_00999,test,1,0.3853117,1
dalle3_00000,test,1,0.3853117,1
dalle3_00001,test,1,0.3853117,1
dalle3_00002,test,1,0.83972657,0
dalle3_00003,test,1,0.26504132,0
dalle3_00004,test,1,0.9869401,0
dalle3_00005,test,1,0.993509,0
dalle3_00006,test,1,0.3853117,1
dalle3_00007,test,1,0.3853117,1
dalle3_00008,test,1,0.3853117,1
dalle3_00009,test,1,0.9931206,0
dalle3_00010,test,1,0.3853117,1
dalle3_00011,test,1,0.3853117,1
dalle3_00012,test,1,0.3853117,1
dalle3_00013,test,1,0.5664395,0
dalle3_00014,test,1,0.65408087,0
dalle3_00015,test,1,0.3853117,1
dalle3_00016,test,1,0.9717639,0
dalle3_00017,test,1,0.8875777,0
dalle3_00018,test,1,0.6268879,0
dalle3_00019,test,1,0.3853117,1
dalle3_00020,test,1,0.3853117,1
dalle3_00021,test,1,0.8764249,0
dalle3_00022,test,1,0.24953192,0
dalle3_00023,test,1,0.3853117,1
dalle3_00024,test,1,0.3853117,1
dalle3_00025,test,1,0.9739758,0
dalle3_00026,test,1,0.9160085,0
dalle3_00027,test,1,0.9749741,0
dalle3_00028,test,1,0.3853117,1
dalle3_00029,test,1,0.9699804,0
dalle3_00030,test,1,0.3853117,1
dalle3_00031,test,1,0.3853117,1
dalle3_00032,test,1,0.23354863,0
dalle3_00033,test,1,0.3853117,1
dalle3_00034,test,1,0.6155976,0
dalle3_00035,test,1,0.3853117,1
dalle3_00036,test,1,0.3853117,1
dalle3_00037,test,1,0.77335715,0
dalle3_00038,test,1,0.3853117,1
dalle3_00039,test,1,0.9518234,0
dalle3_00040,test,1,0.3853117,1
dalle3_00041,test,1,0.5394757,0
dalle3_00042,test,1,0.3853117,1
dalle3_00043,test,1,0.3853117,1
dalle3_00044,test,1,0.9965641,0
dalle3_00045,test,1,0.19399516,0
dalle3_00046,test,1,0.26933366,0
dalle3_00047,test,1,0.3853117,1
dalle3_00048,test,1,0.17232141,0
dalle3_00049,test,1,0.9610015,0
dalle3_00050,test,1,0.3606722,0
dalle3_00051,test,1,0.9889525,0
dalle3_00052,test,1,0.30449235,0
dalle3_00053,test,1,0.3853117,1
dalle3_00054,test,1,0.9828426,0
dalle3_00055,test,1,0.47712824,0
dalle3_00056,test,1,0.3853117,1
dalle3_00057,test,1,0.87408614,0
dalle3_00058,test,1,0.78018206,0
dalle3_00059,test,1,0.85252905,0
dalle3_00060,test,1,0.3853117,1
dalle3_00061,test,1,0.3853117,1
dalle3_00062,test,1,0.3853117,1
dalle3_00063,test,1,0.717111,0
dalle3_00064,test,1,0.3853117,1
dalle3_00065,test,1,0.8347451,0
dalle3_00066,test,1,0.3853117,1
dalle3_00067,test,1,0.9434856,0
dalle3_00068,test,1,0.3853117,1
dalle3_00069,test,1,0.9795776,0
dalle3_00070,test,1,0.7066128,0
dalle3_00071,test,1,0.97829515,0
dalle3_00072,test,1,0.8058443,0
dalle3_00073,test,1,0.526285,0
dalle3_00074,test,1,0.3853117,1
dalle3_00075,test,1,0.3853117,1
dalle3_00076,test,1,0.3853117,1
dalle3_00077,test,1,0.21812297,1
dalle3_00078,test,1,0.3853117,1
dalle3_00079,test,1,0.3853117,1
dalle3_00080,test,1,0.99264777,0
dalle3_00081,test,1,0.99272645,0
dalle3_00082,test,1,0.07935875,0
dalle3_00083,test,1,0.3853117,1
dalle3_00084,test,1,0.04956698,0
dalle3_00085,test,1,0.3853117,1
dalle3_00086,test,1,0.9437087,0
dalle3_00087,test,1,0.10720596,0
dalle3_00088,test,1,0.97272646,0
dalle3_00089,test,1,0.3853117,1
dalle3_00090,test,1,0.3853117,1
dalle3_00091,test,1,0.82383996,0
dalle3_00092,test,1,0.3853117,1
dalle3_00093,test,1,0.26815894,1
dalle3_00094,test,1,0.30580312,0
dalle3_00095,test,1,0.96786064,0
dalle3_00096,test,1,0.3853117,1
dalle3_00097,test,1,0.5075935,0
dalle3_00098,test,1,0.3853117,1
dalle3_00099,test,1,0.11061042,0
dalle3_00100,test,1,0.95776635,0
dalle3_00101,test,1,0.8904364,0
dalle3_00102,test,1,0.64012504,0
dalle3_00103,test,1,0.16206744,0
dalle3_00104,test,1,0.3853117,1
dalle3_00105,test,1,0.48898238,0
dalle3_00106,test,1,0.94679797,0
dalle3_00107,test,1,0.3853117,1
dalle3_00108,test,1,0.39157814,0
dalle3_00109,test,1,0.98122346,0
dalle3_00110,test,1,0.3853117,1
dalle3_00111,test,1,0.95871294,0
dalle3_00112,test,1,0.99959964,0
dalle3_00113,test,1,0.3853117,1
dalle3_00114,test,1,0.50173986,0
dalle3_00115,test,1,0.9998971,0
dalle3_00116,test,1,0.85460025,0
dalle3_00117,test,1,0.3853117,1
dalle3_00118,test,1,0.7977699,0
dalle3_00119,test,1,0.68285686,0
dalle3_00120,test,1,0.9882564,0
dalle3_00121,test,1,0.3853117,1
dalle3_00122,test,1,0.3853117,1
dalle3_00123,test,1,0.3853117,1
dalle3_00124,test,1,0.3853117,1
dalle3_00125,test,1,0.9350423,0
dalle3_00126,test,1,0.75939107,0
dalle3_00127,test,1,0.9812805,0
dalle3_00128,test,1,0.3853117,1
dalle3_00129,test,1,0.9036964,0
dalle3_00130,test,1,0.53677213,0
dalle3_00131,test,1,0.3853117,1
dalle3_00132,test,1,0.3853117,1
dalle3_00133,test,1,0.3853117,1
dalle3_00134,test,1,0.26322064,0
dalle3_00135,test,1,0.51771986,0
dalle3_00136,test,1,0.9975272,0
dalle3_00137,test,1,0.3853117,1
dalle3_00138,test,1,0.645704,0
dalle3_00139,test,1,0.3853117,1
dalle3_00140,test,1,0.93561834,0
dalle3_00141,test,1,0.7692842,0
dalle3_00142,test,1,0.8099178,0
dalle3_00143,test,1,0.3853117,1
dalle3_00144,test,1,0.14105009,0
dalle3_00145,test,1,0.3853117,1
dalle3_00146,test,1,0.3853117,1
dalle3_00147,test,1,0.9345374,0
dalle3_00148,test,1,0.3853117,1
dalle3_00149,test,1,0.3853117,1
dalle3_00150,test,1,0.32231805,0
dalle3_00151,test,1,0.3853117,1
dalle3_00152,test,1,0.3853117,1
dalle3_00153,test,1,0.9957404,0
dalle3_00154,test,1,0.3853117,1
dalle3_00155,test,1,0.3853117,1
dalle3_00156,test,1,0.94675726,0
dalle3_00157,test,1,0.83111894,0
dalle3_00158,test,1,0.6435235,0
dalle3_00159,test,1,0.7687996,0
dalle3_00160,test,1,0.06218194,0
dalle3_00161,test,1,0.37094817,0
dalle3_00162,test,1,0.65337306,0
dalle3_00163,test,1,0.3853117,1
dalle3_00164,test,1,0.39438573,0
dalle3_00165,test,1,0.3853117,1
dalle3_00166,test,1,0.3853117,1
dalle3_00167,test,1,0.3853117,1
dalle3_00168,test,1,0.96261936,0
dalle3_00169,test,1,0.3232786,0
dalle3_00170,test,1,0.01560226,0
dalle3_00171,test,1,0.5303811,0
dalle3_00172,test,1,0.3853117,1
dalle3_00173,test,1,0.76285774,0
dalle3_00174,test,1,0.3853117,1
dalle3_00175,test,1,0.3853117,1
dalle3_00176,test,1,0.3853117,1
dalle3_00177,test,1,0.054375015,0
dalle3_00178,test,1,0.3853117,1
dalle3_00179,test,1,0.9767591,0
dalle3_00180,test,1,0.13446988,0
dalle3_00181,test,1,0.9845206,0
dalle3_00182,test,1,0.9579023,0
dalle3_00183,test,1,0.68978435,0
dalle3_00184,test,1,0.93125486,0
dalle3_00185,test,1,0.3853117,1
dalle3_00186,test,1,0.38977194,1
dalle3_00187,test,1,0.92058367,0
dalle3_00188,test,1,0.77527356,0
dalle3_00189,test,1,0.999954,0
dalle3_00190,test,1,0.17680849,0
dalle3_00191,test,1,0.3853117,1
dalle3_00192,test,1,0.3853117,1
dalle3_00193,test,1,0.3853117,1
dalle3_00194,test,1,0.3853117,1
dalle3_00195,test,1,0.93961465,0
dalle3_00196,test,1,0.3853117,1
dalle3_00197,test,1,0.68740416,0
dalle3_00198,test,1,0.3853117,1
dalle3_00199,test,1,0.3853117,1
dalle3_00200,test,1,0.3853117,1
dalle3_00201,test,1,0.035668384,0
dalle3_00202,test,1,1.0,0
dalle3_00203,test,1,0.15327328,0
dalle3_00204,test,1,0.8284259,0
dalle3_00205,test,1,0.65772325,0
dalle3_00206,test,1,0.60409784,0
dalle3_00207,test,1,0.99978477,0
dalle3_00208,test,1,0.6987114,0
dalle3_00209,test,1,0.3853117,1
dalle3_00210,test,1,0.3853117,1
dalle3_00211,test,1,0.85959166,0
dalle3_00212,test,1,0.3853117,1
dalle3_00213,test,1,0.794258,0
dalle3_00214,test,1,0.7142732,0
dalle3_00215,test,1,0.3853117,1
dalle3_00216,test,1,0.5758557,0
dalle3_00217,test,1,0.5487582,0
dalle3_00218,test,1,0.37086692,0
dalle3_00219,test,1,0.62022996,0
dalle3_00220,test,1,0.12425121,0
dalle3_00221,test,1,0.98508584,0
dalle3_00222,test,1,0.3853117,1
dalle3_00223,test,1,0.21984953,0
dalle3_00224,test,1,0.3853117,1
dalle3_00225,test,1,0.5370944,0
dalle3_00226,test,1,0.3853117,1
dalle3_00227,test,1,0.7853082,0
dalle3_00228,test,1,0.39678037,0
dalle3_00229,test,1,0.3853117,1
dalle3_00230,test,1,0.922691,0
dalle3_00231,test,1,0.3853117,1
dalle3_00232,test,1,0.8636876,0
dalle3_00233,test,1,0.3853117,1
dalle3_00234,test,1,0.3853117,1
dalle3_00235,test,1,0.98913157,0
dalle3_00236,test,1,0.8600934,0
dalle3_00237,test,1,0.3853117,1
dalle3_00238,test,1,0.406408,0
dalle3_00239,test,1,0.9526134,0
dalle3_00240,test,1,0.3853117,1
dalle3_00241,test,1,0.4935785,0
dalle3_00242,test,1,0.3853117,1
dalle3_00243,test,1,0.8878758,0
dalle3_00244,test,1,0.9950062,0
dalle3_00245,test,1,0.3853117,1
dalle3_00246,test,1,0.3853117,1
dalle3_00247,test,1,0.3853117,1
dalle3_00248,test,1,0.7328289,0
dalle3_00249,test,1,0.9527676,0
dalle3_00250,test,1,0.9919411,0
dalle3_00251,test,1,0.10833058,0
dalle3_00252,test,1,0.3853117,1
dalle3_00253,test,1,0.9999608,0
dalle3_00254,test,1,0.41505623,0
dalle3_00255,test,1,0.3853117,1
dalle3_00256,test,1,0.42093605,0
dalle3_00257,test,1,0.3853117,1
dalle3_00258,test,1,0.3853117,1
dalle3_00259,test,1,0.97115356,0
dalle3_00260,test,1,0.76652855,0
dalle3_00261,test,1,0.3853117,1
dalle3_00262,test,1,0.3853117,1
dalle3_00263,test,1,0.3853117,1
dalle3_00264,test,1,0.3853117,1
dalle3_00265,test,1,0.34421256,0
dalle3_00266,test,1,0.90414083,0
dalle3_00267,test,1,0.30217955,1
dalle3_00268,test,1,0.3853117,1
dalle3_00269,test,1,0.86440057,1
dalle3_00270,test,1,0.3853117,1
dalle3_00271,test,1,0.3853117,1
dalle3_00272,test,1,0.82316875,0
dalle3_00273,test,1,0.3853117,1
dalle3_00274,test,1,0.3853117,1
dalle3_00275,test,1,0.7334093,0
dalle3_00276,test,1,0.6762392,0
dalle3_00277,test,1,0.9889149,0
dalle3_00278,test,1,0.68486583,0
dalle3_00279,test,1,0.18179628,0
dalle3_00280,test,1,0.9875238,0
dalle3_00281,test,1,0.9877194,0
dalle3_00282,test,1,0.3853117,1
dalle3_00283,test,1,0.3853117,1
dalle3_00284,test,1,0.3853117,1
dalle3_00285,test,1,0.48070937,0
dalle3_00286,test,1,0.3853117,1
dalle3_00287,test,1,0.3853117,1
dalle3_00288,test,1,0.3853117,1
dalle3_00289,test,1,0.34801692,0
dalle3_00290,test,1,0.3853117,1
dalle3_00291,test,1,0.3853117,1
dalle3_00292,test,1,0.49637023,0
dalle3_00293,test,1,0.9978416,0
dalle3_00294,test,1,0.21193464,0
dalle3_00295,test,1,0.71997917,0
dalle3_00296,test,1,0.25996768,0
dalle3_00297,test,1,0.5859974,0
dalle3_00298,test,1,0.3853117,1
dalle3_00299,test,1,0.9160432,0
dalle3_00300,test,1,0.73807645,0
dalle3_00301,test,1,0.3853117,1
dalle3_00302,test,1,0.3853117,1
dalle3_00303,test,1,0.21682106,0
dalle3_00304,test,1,0.3853117,1
dalle3_00305,test,1,0.6490251,0
dalle3_00306,test,1,0.3853117,1
dalle3_00307,test,1,0.26280618,0
dalle3_00308,test,1,0.98094577,0
dalle3_00309,test,1,0.31876734,0
dalle3_00310,test,1,0.036547557,0
dalle3_00311,test,1,0.82081383,0
dalle3_00312,test,1,0.8738173,0
dalle3_00313,test,1,0.3853117,1
dalle3_00314,test,1,0.3853117,1
dalle3_00315,test,1,0.3853117,1
dalle3_00316,test,1,0.3853117,1
dalle3_00317,test,1,0.3853117,1
dalle3_00318,test,1,0.94063,0
dalle3_00319,test,1,0.74308926,0
dalle3_00320,test,1,0.15933448,0
dalle3_00321,test,1,0.3853117,1
dalle3_00322,test,1,0.5579977,0
dalle3_00323,test,1,0.85676795,0
dalle3_00324,test,1,0.9999083,0
dalle3_00325,test,1,0.9949374,0
dalle3_00326,test,1,0.3853117,1
dalle3_00327,test,1,0.6865256,0
dalle3_00328,test,1,0.019851234,0
dalle3_00329,test,1,0.3853117,1
dalle3_00330,test,1,0.3853117,1
dalle3_00331,test,1,0.9577057,0
dalle3_00332,test,1,0.8087308,0
dalle3_00333,test,1,0.3853117,1
dalle3_00334,test,1,0.636836,0
dalle3_00335,test,1,0.12488928,0
dalle3_00336,test,1,0.3853117,1
dalle3_00337,test,1,0.9995952,0
dalle3_00338,test,1,0.99973565,0
dalle3_00339,test,1,0.92806935,0
dalle3_00340,test,1,0.087509334,0
dalle3_00341,test,1,0.3853117,1
dalle3_00342,test,1,0.8054958,0
dalle3_00343,test,1,0.98557425,0
dalle3_00344,test,1,0.3853117,1
dalle3_00345,test,1,0.997086,0
dalle3_00346,test,1,0.9188088,0
dalle3_00347,test,1,0.3853117,1
dalle3_00348,test,1,0.05146814,0
dalle3_00349,test,1,0.48003244,0
dalle3_00350,test,1,0.3853117,1
dalle3_00351,test,1,0.96681,0
dalle3_00352,test,1,0.759569,0
dalle3_00353,test,1,0.43185076,0
dalle3_00354,test,1,0.9997824,0
dalle3_00355,test,1,0.3853117,1
dalle3_00356,test,1,0.7758176,0
dalle3_00357,test,1,0.8278476,0
dalle3_00358,test,1,0.12169188,0
dalle3_00359,test,1,0.992504,0
dalle3_00360,test,1,0.998151,0
dalle3_00361,test,1,0.3853117,1
dalle3_00362,test,1,0.99815863,0
dalle3_00363,test,1,0.39258,0
dalle3_00364,test,1,0.73350024,0
dalle3_00365,test,1,0.3853117,1
dalle3_00366,test,1,0.3853117,1
dalle3_00367,test,1,0.3853117,1
dalle3_00368,test,1,0.9751496,0
dalle3_00369,test,1,0.20715907,0
dalle3_00370,test,1,0.3853117,1
dalle3_00371,test,1,0.83111244,0
dalle3_00372,test,1,0.3853117,1
dalle3_00373,test,1,0.9883001,0
dalle3_00374,test,1,0.3853117,1
dalle3_00375,test,1,0.3853117,1
dalle3_00376,test,1,0.6761,0
dalle3_00377,test,1,0.3853117,1
dalle3_00378,test,1,0.3853117,1
dalle3_00379,test,1,0.3853117,1
dalle3_00380,test,1,0.3853117,1
dalle3_00381,test,1,0.3853117,1
dalle3_00382,test,1,0.36778143,0
dalle3_00383,test,1,0.3853117,1
dalle3_00384,test,1,0.3853117,1
dalle3_00385,test,1,0.3853117,1
dalle3_00386,test,1,0.3853117,1
dalle3_00387,test,1,0.3853117,1
dalle3_00388,test,1,0.08091904,0
dalle3_00389,test,1,0.99423414,0
dalle3_00390,test,1,0.3853117,1
dalle3_00391,test,1,0.3853117,1
dalle3_00392,test,1,0.99999917,0
dalle3_00393,test,1,0.3853117,1
dalle3_00394,test,1,0.35366023,0
dalle3_00395,test,1,0.3853117,1
dalle3_00396,test,1,0.79399085,0
dalle3_00397,test,1,0.029096926,0
dalle3_00398,test,1,0.20751172,0
dalle3_00399,test,1,0.7515921,0
dalle3_00400,test,1,0.03633626,0
dalle3_00401,test,1,0.3853117,1
dalle3_00402,test,1,0.9510505,0
dalle3_00403,test,1,0.99638075,0
dalle3_00404,test,1,0.3853117,1
dalle3_00405,test,1,0.3853117,1
dalle3_00406,test,1,0.8806933,0
dalle3_00407,test,1,0.3853117,1
dalle3_00408,test,1,0.3853117,1
dalle3_00409,test,1,0.24431564,0
dalle3_00410,test,1,0.9944342,0
dalle3_00411,test,1,0.78504217,0
dalle3_00412,test,1,0.4766724,0
dalle3_00413,test,1,0.51749074,0
dalle3_00414,test,1,0.9521689,0
dalle3_00415,test,1,0.06943975,0
dalle3_00416,test,1,0.3853117,1
dalle3_00417,test,1,0.5718997,0
dalle3_00418,test,1,0.98893625,0
dalle3_00419,test,1,0.07468182,0
dalle3_00420,test,1,0.3853117,1
dalle3_00421,test,1,0.3853117,1
dalle3_00422,test,1,0.3853117,1
dalle3_00423,test,1,0.80411744,0
dalle3_00424,test,1,0.3853117,1
dalle3_00425,test,1,1.0,0
dalle3_00426,test,1,0.3853117,1
dalle3_00427,test,1,0.1646434,0
dalle3_00428,test,1,0.997115,0
dalle3_00429,test,1,0.643812,0
dalle3_00430,test,1,0.8561301,0
dalle3_00431,test,1,0.93209314,0
dalle3_00432,test,1,0.110188544,0
dalle3_00433,test,1,0.79554296,0
dalle3_00434,test,1,0.994559,0
dalle3_00435,test,1,0.75471634,0
dalle3_00436,test,1,0.3853117,1
dalle3_00437,test,1,0.60658425,0
dalle3_00438,test,1,0.3853117,1
dalle3_00439,test,1,0.17057745,0
dalle3_00440,test,1,0.18344356,0
dalle3_00441,test,1,0.3853117,1
dalle3_00442,test,1,1.0,0
dalle3_00443,test,1,0.3853117,1
dalle3_00444,test,1,0.96597564,0
dalle3_00445,test,1,0.3853117,1
dalle3_00446,test,1,0.9972,0
dalle3_00447,test,1,0.85341704,0
dalle3_00448,test,1,0.99723405,0
dalle3_00449,test,1,0.3853117,1
dalle3_00450,test,1,0.3853117,1
dalle3_00451,test,1,0.9160735,0
dalle3_00452,test,1,0.34221208,0
dalle3_00453,test,1,0.9989969,0
dalle3_00454,test,1,0.3853117,1
dalle3_00455,test,1,0.3853117,1
dalle3_00456,test,1,0.9538077,0
dalle3_00457,test,1,0.9203284,0
dalle3_00458,test,1,0.3853117,1
dalle3_00459,test,1,0.99977356,0
dalle3_00460,test,1,0.3853117,1
dalle3_00461,test,1,0.9512849,0
dalle3_00462,test,1,0.9197863,0
dalle3_00463,test,1,0.9540699,0
dalle3_00464,test,1,0.9923902,0
dalle3_00465,test,1,0.3853117,1
dalle3_00466,test,1,0.3853117,1
dalle3_00467,test,1,0.3853117,1
dalle3_00468,test,1,0.3853117,1
dalle3_00469,test,1,0.9882973,0
dalle3_00470,test,1,0.3853117,1
dalle3_00471,test,1,0.99945194,0
dalle3_00472,test,1,0.3853117,1
dalle3_00473,test,1,0.9929571,0
dalle3_00474,test,1,0.758187,0
dalle3_00475,test,1,0.9793276,0
dalle3_00476,test,1,0.48014355,0
dalle3_00477,test,1,0.3853117,1
dalle3_00478,test,1,0.025739877,0
dalle3_00479,test,1,0.3853117,1
dalle3_00480,test,1,0.9547078,0
dalle3_00481,test,1,0.3853117,1
dalle3_00482,test,1,0.996009,0
dalle3_00483,test,1,0.9956781,0
dalle3_00484,test,1,0.3853117,1
dalle3_00485,test,1,0.3853117,1
dalle3_00486,test,1,0.2258421,0
dalle3_00487,test,1,0.93660146,0
dalle3_00488,test,1,0.99996173,0
dalle3_00489,test,1,0.6765497,0
dalle3_00490,test,1,0.045384426,0
dalle3_00491,test,1,0.3853117,1
dalle3_00492,test,1,0.3853117,1
dalle3_00493,test,1,0.9866564,0
dalle3_00494,test,1,0.3853117,1
dalle3_00495,test,1,0.9391852,0
dalle3_00496,test,1,0.34545425,0
dalle3_00497,test,1,0.58661354,0
dalle3_00498,test,1,0.9901246,0
dalle3_00499,test,1,0.3853117,1
dalle3_00500,test,1,0.3853117,1
dalle3_00501,test,1,0.17570159,0
dalle3_00502,test,1,0.11943043,0
dalle3_00503,test,1,0.9713579,0
dalle3_00504,test,1,0.87357527,0
dalle3_00505,test,1,0.3853117,1
dalle3_00506,test,1,0.3853117,1
dalle3_00507,test,1,0.9854718,0
dalle3_00508,test,1,0.8606416,0
dalle3_00509,test,1,0.3853117,1
dalle3_00510,test,1,0.43788508,0
dalle3_00511,test,1,0.3853117,1
dalle3_00512,test,1,0.3853117,1
dalle3_00513,test,1,0.3853117,1
dalle3_00514,test,1,0.3853117,1
dalle3_00515,test,1,0.3853117,1
dalle3_00516,test,1,0.3853117,1
dalle3_00517,test,1,0.3853117,1
dalle3_00518,test,1,0.3853117,1
dalle3_00519,test,1,0.3853117,1
dalle3_00520,test,1,0.3853117,1
dalle3_00521,test,1,0.55055153,0
dalle3_00522,test,1,0.3853117,1
dalle3_00523,test,1,0.46181682,0
dalle3_00524,test,1,0.3853117,1
dalle3_00525,test,1,0.9956632,0
dalle3_00526,test,1,0.3853117,1
dalle3_00527,test,1,0.27701396,0
dalle3_00528,test,1,0.9999989,0
dalle3_00529,test,1,0.3853117,1
dalle3_00530,test,1,0.5783003,0
dalle3_00531,test,1,0.7852004,0
dalle3_00532,test,1,0.9773235,0
dalle3_00533,test,1,1.0,0
dalle3_00534,test,1,0.68015915,1
dalle3_00535,test,1,0.3853117,1
dalle3_00536,test,1,0.4818562,0
dalle3_00537,test,1,0.3853117,1
dalle3_00538,test,1,0.7970063,0
dalle3_00539,test,1,0.99908483,0
dalle3_00540,test,1,0.265834,0
dalle3_00541,test,1,0.9806646,0
dalle3_00542,test,1,0.9988681,0
dalle3_00543,test,1,0.3853117,1
dalle3_00544,test,1,0.8743294,0
dalle3_00545,test,1,0.3853117,1
dalle3_00546,test,1,0.9994301,0
dalle3_00547,test,1,0.89034474,0
dalle3_00548,test,1,0.8632815,0
dalle3_00549,test,1,0.98149645,0
dalle3_00550,test,1,0.98045486,0
dalle3_00551,test,1,0.65586615,0
dalle3_00552,test,1,0.9998647,0
dalle3_00553,test,1,0.3853117,1
dalle3_00554,test,1,0.9911369,0
dalle3_00555,test,1,0.986047,0
dalle3_00556,test,1,0.19858444,0
dalle3_00557,test,1,1.0,0
dalle3_00558,test,1,0.99999976,0
dalle3_00559,test,1,0.3853117,1
dalle3_00560,test,1,0.10262137,0
dalle3_00561,test,1,0.8112183,0
dalle3_00562,test,1,0.3853117,1
dalle3_00563,test,1,0.99998724,0
dalle3_00564,test,1,0.3853117,1
dalle3_00565,test,1,0.3853117,1
dalle3_00566,test,1,0.3853117,1
dalle3_00567,test,1,0.3853117,1
dalle3_00568,test,1,0.10765918,0
dalle3_00569,test,1,0.5048667,0
dalle3_00570,test,1,0.69211704,0
dalle3_00571,test,1,0.9730539,0
dalle3_00572,test,1,0.3853117,1
dalle3_00573,test,1,0.3853117,1
dalle3_00574,test,1,0.3853117,1
dalle3_00575,test,1,0.9956917,0
dalle3_00576,test,1,0.44072437,0
dalle3_00577,test,1,0.80988777,0
dalle3_00578,test,1,0.3853117,1
dalle3_00579,test,1,0.3853117,1
dalle3_00580,test,1,0.5133988,0
dalle3_00581,test,1,0.30159998,0
dalle3_00582,test,1,0.3853117,1
dalle3_00583,test,1,0.3853117,1
dalle3_00584,test,1,0.3853117,1
dalle3_00585,test,1,0.3853117,1
dalle3_00586,test,1,0.93459874,0
dalle3_00587,test,1,0.5714526,0
dalle3_00588,test,1,0.2542227,0
dalle3_00589,test,1,0.25856245,0
dalle3_00590,test,1,0.3853117,1
dalle3_00591,test,1,0.7651118,1
dalle3_00592,test,1,0.7200427,0
dalle3_00593,test,1,0.9973144,0
dalle3_00594,test,1,0.67755425,0
dalle3_00595,test,1,0.3853117,1
dalle3_00596,test,1,0.3853117,1
dalle3_00597,test,1,0.20099755,0
dalle3_00598,test,1,0.9055275,0
dalle3_00599,test,1,0.95461416,0
dalle3_00600,test,1,0.3853117,1
dalle3_00601,test,1,0.3939319,0
dalle3_00602,test,1,0.89215684,0
dalle3_00603,test,1,0.3853117,1
dalle3_00604,test,1,0.42135692,0
dalle3_00605,test,1,0.5065773,0
dalle3_00606,test,1,0.8014345,0
dalle3_00607,test,1,0.9642608,0
dalle3_00608,test,1,0.3853117,1
dalle3_00609,test,1,0.99364424,0
dalle3_00610,test,1,0.36747387,0
dalle3_00611,test,1,0.3853117,1
dalle3_00612,test,1,0.3853117,1
dalle3_00613,test,1,0.3853117,1
dalle3_00614,test,1,0.3853117,1
dalle3_00615,test,1,0.3853117,1
dalle3_00616,test,1,0.487413,0
dalle3_00617,test,1,0.3918713,0
dalle3_00618,test,1,0.9165694,0
dalle3_00619,test,1,0.3853117,1
dalle3_00620,test,1,0.34408364,0
dalle3_00621,test,1,0.15479113,0
dalle3_00622,test,1,0.37262762,0
dalle3_00623,test,1,0.5565867,0
dalle3_00624,test,1,0.3853117,1
dalle3_00625,test,1,0.3853117,1
dalle3_00626,test,1,0.13636634,0
dalle3_00627,test,1,0.8128738,0
dalle3_00628,test,1,0.3853117,1
dalle3_00629,test,1,0.3853117,1
dalle3_00630,test,1,0.14939533,0
dalle3_00631,test,1,0.9449305,0
dalle3_00632,test,1,0.3853117,1
dalle3_00633,test,1,0.9106492,0
dalle3_00634,test,1,0.3853117,1
dalle3_00635,test,1,0.3853117,1
dalle3_00636,test,1,0.7963966,1
dalle3_00637,test,1,0.9986527,0
dalle3_00638,test,1,0.76624185,0
dalle3_00639,test,1,0.6823044,0
dalle3_00640,test,1,0.3853117,1
dalle3_00641,test,1,0.3853117,1
dalle3_00642,test,1,0.9653505,0
dalle3_00643,test,1,0.99999666,0
dalle3_00644,test,1,0.90351605,0
dalle3_00645,test,1,0.6605417,0
dalle3_00646,test,1,0.3853117,1
dalle3_00647,test,1,0.3853117,1
dalle3_00648,test,1,0.8941075,0
dalle3_00649,test,1,0.3853117,1
dalle3_00650,test,1,0.3853117,1
dalle3_00651,test,1,0.1267884,0
dalle3_00652,test,1,0.3853117,1
dalle3_00653,test,1,0.9939207,0
dalle3_00654,test,1,0.3853117,1
dalle3_00655,test,1,0.3853117,1
dalle3_00656,test,1,0.99741083,0
dalle3_00657,test,1,0.18136483,0
dalle3_00658,test,1,0.3853117,1
dalle3_00659,test,1,0.0073958873,0
dalle3_00660,test,1,0.5957065,0
dalle3_00661,test,1,0.9993824,0
dalle3_00662,test,1,0.9670925,0
dalle3_00663,test,1,0.32142192,0
dalle3_00664,test,1,0.8799942,0
dalle3_00665,test,1,0.912624,0
dalle3_00666,test,1,0.35705757,0
dalle3_00667,test,1,0.30446994,0
dalle3_00668,test,1,0.9829338,0
dalle3_00669,test,1,0.68406975,0
dalle3_00670,test,1,0.3853117,1
dalle3_00671,test,1,0.5439938,0
dalle3_00672,test,1,0.3853117,1
dalle3_00673,test,1,0.3853117,1
dalle3_00674,test,1,0.924595,0
dalle3_00675,test,1,0.55089694,0
dalle3_00676,test,1,0.3853117,1
dalle3_00677,test,1,0.589245,0
dalle3_00678,test,1,0.3853117,1
dalle3_00679,test,1,0.069171056,0
dalle3_00680,test,1,0.9886413,0
dalle3_00681,test,1,0.8553746,0
dalle3_00682,test,1,0.8422942,0
dalle3_00683,test,1,0.23450212,0
dalle3_00684,test,1,0.3853117,1
dalle3_00685,test,1,0.3853117,1
dalle3_00686,test,1,0.9780578,0
dalle3_00687,test,1,0.9669575,0
dalle3_00688,test,1,0.3853117,1
dalle3_00689,test,1,0.54137635,1
dalle3_00690,test,1,0.2790081,0
dalle3_00691,test,1,0.99508494,0
dalle3_00692,test,1,0.3853117,1
dalle3_00693,test,1,0.98872757,0
dalle3_00694,test,1,0.17731275,0
dalle3_00695,test,1,0.3853117,1
dalle3_00696,test,1,0.28971153,0
dalle3_00697,test,1,0.3853117,1
dalle3_00698,test,1,0.3853117,1
dalle3_00699,test,1,0.3853117,1
dalle3_00700,test,1,0.3853117,1
dalle3_00701,test,1,0.2031081,0
dalle3_00702,test,1,0.31108943,0
dalle3_00703,test,1,0.82411474,0
dalle3_00704,test,1,0.9084426,0
dalle3_00705,test,1,0.3853117,1
dalle3_00706,test,1,0.83813834,0
dalle3_00707,test,1,0.17493609,0
dalle3_00708,test,1,0.8272714,0
dalle3_00709,test,1,0.3853117,1
dalle3_00710,test,1,0.99377865,0
dalle3_00711,test,1,0.9118723,0
dalle3_00712,test,1,0.7968067,0
dalle3_00713,test,1,0.95223266,0
dalle3_00714,test,1,0.47719797,0
dalle3_00715,test,1,0.3252657,0
dalle3_00716,test,1,0.9576901,0
dalle3_00717,test,1,0.5861575,0
dalle3_00718,test,1,0.31822735,0
dalle3_00719,test,1,0.7175056,0
dalle3_00720,test,1,0.9922321,0
dalle3_00721,test,1,0.60959584,0
dalle3_00722,test,1,0.3853117,1
dalle3_00723,test,1,0.6948167,0
dalle3_00724,test,1,0.9906509,0
dalle3_00725,test,1,0.999527,0
dalle3_00726,test,1,0.3853117,1
dalle3_00727,test,1,0.3853117,1
dalle3_00728,test,1,0.012260692,0
dalle3_00729,test,1,0.3853117,1
dalle3_00730,test,1,0.3853117,1
dalle3_00731,test,1,0.24156787,0
dalle3_00732,test,1,0.60994124,0
dalle3_00733,test,1,0.3853117,1
dalle3_00734,test,1,0.9486283,0
dalle3_00735,test,1,0.9429689,0
dalle3_00736,test,1,0.3853117,1
dalle3_00737,test,1,0.1710337,0
dalle3_00738,test,1,0.3853117,1
dalle3_00739,test,1,0.3853117,1
dalle3_00740,test,1,0.3853117,1
dalle3_00741,test,1,0.97052133,0
dalle3_00742,test,1,0.9999795,0
dalle3_00743,test,1,0.3853117,1
dalle3_00744,test,1,0.9688631,0
dalle3_00745,test,1,0.9968721,0
dalle3_00746,test,1,0.98846173,0
dalle3_00747,test,1,0.3853117,1
dalle3_00748,test,1,0.37995666,0
dalle3_00749,test,1,0.3853117,1
dalle3_00750,test,1,0.7738386,0
dalle3_00751,test,1,0.44673333,0
dalle3_00752,test,1,0.3853117,1
dalle3_00753,test,1,0.3853117,1
dalle3_00754,test,1,0.8823668,0
dalle3_00755,test,1,0.3853117,1
dalle3_00756,test,1,0.085798234,0
dalle3_00757,test,1,0.10589511,0
dalle3_00758,test,1,0.3853117,1
dalle3_00759,test,1,0.9960427,0
dalle3_00760,test,1,0.9968566,0
dalle3_00761,test,1,0.8606215,0
dalle3_00762,test,1,0.39228526,0
dalle3_00763,test,1,0.3853117,1
dalle3_00764,test,1,0.3853117,1
dalle3_00765,test,1,0.6883746,0
dalle3_00766,test,1,0.3853117,1
dalle3_00767,test,1,0.07441492,0
dalle3_00768,test,1,0.3853117,1
dalle3_00769,test,1,0.9958762,0
dalle3_00770,test,1,0.21378048,0
dalle3_00771,test,1,0.41131055,0
dalle3_00772,test,1,0.3853117,1
dalle3_00773,test,1,0.38392723,0
dalle3_00774,test,1,0.3853117,1
dalle3_00775,test,1,0.3853117,1
dalle3_00776,test,1,0.70124274,0
dalle3_00777,test,1,0.9999845,0
dalle3_00778,test,1,0.9995937,0
dalle3_00779,test,1,0.3853117,1
dalle3_00780,test,1,0.3853117,1
dalle3_00781,test,1,0.75378644,0
dalle3_00782,test,1,0.3853117,1
dalle3_00783,test,1,0.4295646,0
dalle3_00784,test,1,0.6528316,0
dalle3_00785,test,1,0.99814916,0
dalle3_00786,test,1,0.9878144,0
dalle3_00787,test,1,0.3853117,1
dalle3_00788,test,1,0.3853117,1
dalle3_00789,test,1,0.066486545,0
dalle3_00790,test,1,0.3853117,1
dalle3_00791,test,1,0.92546946,0
dalle3_00792,test,1,0.73056006,0
dalle3_00793,test,1,0.3853117,1
dalle3_00794,test,1,0.9883846,0
dalle3_00795,test,1,0.7126875,0
dalle3_00796,test,1,0.3853117,1
dalle3_00797,test,1,0.9865297,0
dalle3_00798,test,1,0.3853117,1
dalle3_00799,test,1,0.3853117,1
dalle3_00800,test,1,0.8318116,0
dalle3_00801,test,1,0.7112354,0
dalle3_00802,test,1,0.8659652,0
dalle3_00803,test,1,0.85408103,0
dalle3_00804,test,1,0.19117258,0
dalle3_00805,test,1,0.107976794,0
dalle3_00806,test,1,0.3853117,1
dalle3_00807,test,1,0.45529515,0
dalle3_00808,test,1,0.3853117,1
dalle3_00809,test,1,0.09573067,0
dalle3_00810,test,1,0.9365761,0
dalle3_00811,test,1,0.3853117,1
dalle3_00812,test,1,0.3853117,1
dalle3_00813,test,1,0.91992676,0
dalle3_00814,test,1,0.40233687,0
dalle3_00815,test,1,0.3853117,1
dalle3_00816,test,1,0.9913521,0
dalle3_00817,test,1,0.18860859,0
dalle3_00818,test,1,0.9999999,0
dalle3_00819,test,1,0.87424326,0
dalle3_00820,test,1,0.877212,0
dalle3_00821,test,1,0.3853117,1
dalle3_00822,test,1,0.3853117,1
dalle3_00823,test,1,0.6686863,0
dalle3_00824,test,1,0.97288346,0
dalle3_00825,test,1,0.24583812,0
dalle3_00826,test,1,0.2764145,0
dalle3_00827,test,1,0.3853117,1
dalle3_00828,test,1,0.9993875,0
dalle3_00829,test,1,0.34091416,0
dalle3_00830,test,1,0.962888,0
dalle3_00831,test,1,0.783828,0
dalle3_00832,test,1,0.42672974,0
dalle3_00833,test,1,0.84891915,0
dalle3_00834,test,1,0.23132713,0
dalle3_00835,test,1,0.3853117,1
dalle3_00836,test,1,0.3853117,1
dalle3_00837,test,1,0.3199264,0
dalle3_00838,test,1,0.3853117,1
dalle3_00839,test,1,0.40356693,0
dalle3_00840,test,1,0.94134134,0
dalle3_00841,test,1,0.09827556,0
dalle3_00842,test,1,0.882789,0
dalle3_00843,test,1,0.64023453,0
dalle3_00844,test,1,0.3853117,1
dalle3_00845,test,1,0.3853117,1
dalle3_00846,test,1,0.8697081,0
dalle3_00847,test,1,0.8272677,0
dalle3_00848,test,1,0.3853117,1
dalle3_00849,test,1,0.94938725,0
dalle3_00850,test,1,0.8732869,0
dalle3_00851,test,1,0.821502,0
dalle3_00852,test,1,0.1651002,0
dalle3_00853,test,1,0.3853117,1
dalle3_00854,test,1,0.23859721,0
dalle3_00855,test,1,0.3853117,1
dalle3_00856,test,1,0.99922895,0
dalle3_00857,test,1,0.3853117,1
dalle3_00858,test,1,0.3853117,1
dalle3_00859,test,1,0.26095092,1
dalle3_00860,test,1,0.96684945,0
dalle3_00861,test,1,0.6343731,0
dalle3_00862,test,1,0.99828833,0
dalle3_00863,test,1,0.80525607,0
dalle3_00864,test,1,0.1795747,0
dalle3_00865,test,1,0.98836297,0
dalle3_00866,test,1,0.3853117,1
dalle3_00867,test,1,0.990379,0
dalle3_00868,test,1,0.9756824,0
dalle3_00869,test,1,0.9990343,0
dalle3_00870,test,1,0.31871352,0
dalle3_00871,test,1,0.3853117,1
dalle3_00872,test,1,0.7973007,0
dalle3_00873,test,1,0.99089956,0
dalle3_00874,test,1,0.3853117,1
dalle3_00875,test,1,0.3853117,1
dalle3_00876,test,1,0.9013464,0
dalle3_00877,test,1,0.3853117,1
dalle3_00878,test,1,0.3853117,1
dalle3_00879,test,1,0.3853117,1
dalle3_00880,test,1,0.40225372,0
dalle3_00881,test,1,0.8261551,0
dalle3_00882,test,1,0.3853117,1
dalle3_00883,test,1,0.3853117,1
dalle3_00884,test,1,0.4462741,0
dalle3_00885,test,1,0.3853117,1
dalle3_00886,test,1,0.3853117,1
dalle3_00887,test,1,0.3853117,1
dalle3_00888,test,1,0.49012163,0
dalle3_00889,test,1,0.11003291,0
dalle3_00890,test,1,0.91945237,0
dalle3_00891,test,1,0.34248227,0
dalle3_00892,test,1,0.95501477,0
dalle3_00893,test,1,0.3853117,1
dalle3_00894,test,1,0.3853117,1
dalle3_00895,test,1,0.3853117,1
dalle3_00896,test,1,0.95655143,0
dalle3_00897,test,1,0.3853117,1
dalle3_00898,test,1,0.3853117,1
dalle3_00899,test,1,0.56266874,0
dalle3_00900,test,1,0.49990568,0
dalle3_00901,test,1,0.9717855,0
dalle3_00902,test,1,0.93867785,0
dalle3_00903,test,1,0.9735693,0
dalle3_00904,test,1,0.82172424,0
dalle3_00905,test,1,0.3853117,1
dalle3_00906,test,1,0.3853117,1
dalle3_00907,test,1,0.7037252,0
dalle3_00908,test,1,0.3853117,1
dalle3_00909,test,1,0.022407297,0
dalle3_00910,test,1,0.3853117,1
dalle3_00911,test,1,0.6332521,0
dalle3_00912,test,1,0.66545516,0
dalle3_00913,test,1,0.93840164,0
dalle3_00914,test,1,0.99519193,0
dalle3_00915,test,1,0.3853117,1
dalle3_00916,test,1,0.3853117,1
dalle3_00917,test,1,0.5994979,0
dalle3_00918,test,1,0.5130085,0
dalle3_00919,test,1,0.9107305,0
dalle3_00920,test,1,0.3853117,1
dalle3_00921,test,1,0.3853117,1
dalle3_00922,test,1,0.82749003,0
dalle3_00923,test,1,0.3853117,1
dalle3_00924,test,1,0.47427398,0
dalle3_00925,test,1,0.2714422,0
dalle3_00926,test,1,0.90900487,0
dalle3_00927,test,1,0.9802762,0
dalle3_00928,test,1,0.95774305,0
dalle3_00929,test,1,0.3853117,1
dalle3_00930,test,1,0.59291637,0
dalle3_00931,test,1,0.99999976,0
dalle3_00932,test,1,0.3853117,1
dalle3_00933,test,1,0.24610281,0
dalle3_00934,test,1,0.86090124,0
dalle3_00935,test,1,0.5205482,0
dalle3_00936,test,1,0.93039894,0
dalle3_00937,test,1,0.3853117,1
dalle3_00938,test,1,0.9682719,0
dalle3_00939,test,1,0.5612439,0
dalle3_00940,test,1,0.6975588,0
dalle3_00941,test,1,0.65249604,0
dalle3_00942,test,1,0.4236908,0
dalle3_00943,test,1,0.5996618,0
dalle3_00944,test,1,0.77826536,0
dalle3_00945,test,1,0.2879951,0
dalle3_00946,test,1,0.8963433,0
dalle3_00947,test,1,0.67142004,0
dalle3_00948,test,1,0.5380073,0
dalle3_00949,test,1,0.9402576,0
dalle3_00950,test,1,0.3853117,1
dalle3_00951,test,1,0.3853117,1
dalle3_00952,test,1,0.9909247,0
dalle3_00953,test,1,0.3853117,1
dalle3_00954,test,1,0.9725602,0
dalle3_00955,test,1,0.98521465,0
dalle3_00956,test,1,0.3853117,1
dalle3_00957,test,1,0.3853117,1
dalle3_00958,test,1,0.94957775,0
dalle3_00959,test,1,0.39894795,0
dalle3_00960,test,1,0.3853117,1
dalle3_00961,test,1,0.82393086,0
dalle3_00962,test,1,0.23194262,0
dalle3_00963,test,1,0.3853117,1
dalle3_00964,test,1,0.3853117,1
dalle3_00965,test,1,0.3853117,1
dalle3_00966,test,1,0.06949067,0
dalle3_00967,test,1,0.64998144,0
dalle3_00968,test,1,0.97633386,0
dalle3_00969,test,1,0.3853117,1
dalle3_00970,test,1,0.37630466,0
dalle3_00971,test,1,0.3853117,1
dalle3_00972,test,1,0.3853117,1
dalle3_00973,test,1,0.818236,0
dalle3_00974,test,1,0.97963387,0
dalle3_00975,test,1,0.3853117,1
dalle3_00976,test,1,0.4975697,0
dalle3_00977,test,1,0.3853117,1
dalle3_00978,test,1,0.3853117,1
dalle3_00979,test,1,0.6042996,0
dalle3_00980,test,1,0.15378259,0
dalle3_00981,test,1,0.3853117,1
dalle3_00982,test,1,0.92299145,0
dalle3_00983,test,1,0.9538128,0
dalle3_00984,test,1,0.3853117,1
dalle3_00985,test,1,0.86305916,0
dalle3_00986,test,1,0.9771597,0
dalle3_00987,test,1,0.62261456,0
dalle3_00988,test,1,0.3853117,1
dalle3_00989,test,1,0.3853117,1
dalle3_00990,test,1,0.658245,0
dalle3_00991,test,1,0.9386099,0
dalle3_00992,test,1,0.9947654,0
dalle3_00993,test,1,0.3853117,1
dalle3_00994,test,1,0.3853117,1
dalle3_00995,test,1,0.3853117,1
dalle3_00996,test,1,0.3853117,1
dalle3_00997,test,1,0.6815781,0
dalle3_00998,test,1,0.3853117,1
dalle3_00999,test,1,0.9922976,0
flux_00000,test,1,0.70203567,0
flux_00001,test,1,0.8346565,0
flux_00002,test,1,0.3853117,1
flux_00003,test,1,0.3853117,1
flux_00004,test,1,0.3853117,1
flux_00005,test,1,0.74536526,0
flux_00006,test,1,0.18565941,0
flux_00007,test,1,0.8539489,0
flux_00008,test,1,0.73504496,0
flux_00009,test,1,0.6828836,0
flux_00010,test,1,0.330046,0
flux_00011,test,1,0.3853117,1
flux_00012,test,1,0.3853117,1
flux_00013,test,1,0.98550296,0
flux_00014,test,1,0.9970703,0
flux_00015,test,1,0.9158397,0
flux_00016,test,1,0.3853117,1
flux_00017,test,1,0.3853117,1
flux_00018,test,1,0.9713846,0
flux_00019,test,1,0.8448341,0
flux_00020,test,1,0.9852474,0
flux_00021,test,1,0.8368538,0
flux_00022,test,1,0.024865113,0
flux_00023,test,1,0.263475,0
flux_00024,test,1,0.3853117,1
flux_00025,test,1,0.8955136,0
flux_00026,test,1,0.3853117,1
flux_00027,test,1,0.3853117,1
flux_00028,test,1,0.079193495,0
flux_00029,test,1,0.999902,0
flux_00030,test,1,0.99855524,0
flux_00031,test,1,0.99836916,0
flux_00032,test,1,0.9982399,0
flux_00033,test,1,0.801349,0
flux_00034,test,1,0.98896027,0
flux_00035,test,1,0.3853117,1
flux_00036,test,1,0.3853117,1
flux_00037,test,1,0.7624636,0
flux_00038,test,1,0.3853117,1
flux_00039,test,1,0.8534706,0
flux_00040,test,1,0.3853117,1
flux_00041,test,1,0.46959153,0
flux_00042,test,1,0.42992908,0
flux_00043,test,1,0.3853117,1
flux_00044,test,1,0.97132564,0
flux_00045,test,1,0.9999341,0
flux_00046,test,1,0.9999949,0
flux_00047,test,1,0.3853117,1
flux_00048,test,1,0.2471645,0
flux_00049,test,1,0.9926615,0
flux_00050,test,1,0.09861383,0
flux_00051,test,1,0.3853117,1
flux_00052,test,1,0.3853117,1
flux_00053,test,1,0.3638388,0
flux_00054,test,1,0.29832032,0
flux_00055,test,1,0.9436499,0
flux_00056,test,1,0.3853117,1
flux_00057,test,1,0.76158476,0
flux_00058,test,1,0.3853117,1
flux_00059,test,1,0.3853117,1
flux_00060,test,1,0.3853117,1
flux_00061,test,1,0.3853117,1
flux_00062,test,1,0.3853117,1
flux_00063,test,1,0.3853117,1
flux_00064,test,1,0.3853117,1
flux_00065,test,1,0.3853117,1
flux_00066,test,1,0.3853117,1
flux_00067,test,1,0.8450604,0
flux_00068,test,1,0.3853117,1
flux_00069,test,1,0.99341786,0
flux_00070,test,1,0.94313735,0
flux_00071,test,1,0.3853117,1
flux_00072,test,1,0.166086,0
flux_00073,test,1,0.3853117,1
flux_00074,test,1,0.3853117,1
flux_00075,test,1,0.3853117,1
flux_00076,test,1,0.3853117,1
flux_00077,test,1,0.9929791,0
flux_00078,test,1,0.3853117,1
flux_00079,test,1,0.3853117,1
flux_00080,test,1,0.3853117,1
flux_00081,test,1,0.3853117,1
flux_00082,test,1,0.9996557,0
flux_00083,test,1,0.3853117,1
flux_00084,test,1,0.3853117,1
flux_00085,test,1,0.3853117,1
flux_00086,test,1,0.3853117,1
flux_00087,test,1,0.3853117,1
flux_00088,test,1,0.1000689,0
flux_00089,test,1,0.3853117,1
flux_00090,test,1,0.97864425,0
flux_00091,test,1,0.9999987,0
flux_00092,test,1,0.6850853,0
flux_00093,test,1,0.99881953,0
flux_00094,test,1,0.3853117,1
flux_00095,test,1,0.3853117,1
flux_00096,test,1,0.9995647,0
flux_00097,test,1,0.3853117,1
flux_00098,test,1,0.3853117,1
flux_00099,test,1,0.95364386,0
flux_00100,test,1,0.3853117,1
flux_00101,test,1,0.3853117,1
flux_00102,test,1,0.3853117,1
flux_00103,test,1,0.9681562,0
flux_00104,test,1,0.3853117,1
flux_00105,test,1,0.9964915,0
flux_00106,test,1,0.9935173,0
flux_00107,test,1,0.95508325,0
flux_00108,test,1,0.99909997,0
flux_00109,test,1,0.9884964,0
flux_00110,test,1,0.3853117,1
flux_00111,test,1,0.3853117,1
flux_00112,test,1,0.9489737,0
flux_00113,test,1,0.3853117,1
flux_00114,test,1,0.3853117,1
flux_00115,test,1,0.3853117,1
flux_00116,test,1,0.9999918,0
flux_00117,test,1,0.068267986,0
flux_00118,test,1,0.999724,0
flux_00119,test,1,0.3853117,1
flux_00120,test,1,0.1919178,0
flux_00121,test,1,0.3853117,1
flux_00122,test,1,0.23530684,0
flux_00123,test,1,0.3853117,1
flux_00124,test,1,0.8811674,0
flux_00125,test,1,0.3853117,1
flux_00126,test,1,0.3853117,1
flux_00127,test,1,0.99812335,0
flux_00128,test,1,0.99851173,0
flux_00129,test,1,0.836148,0
flux_00130,test,1,0.99789774,0
flux_00131,test,1,0.3853117,1
flux_00132,test,1,0.9976736,0
flux_00133,test,1,0.5075884,0
flux_00134,test,1,0.3853117,1
flux_00135,test,1,0.3853117,1
flux_00136,test,1,0.7594506,0
flux_00137,test,1,0.3853117,1
flux_00138,test,1,0.96999615,0
flux_00139,test,1,0.3853117,1
flux_00140,test,1,0.97647583,0
flux_00141,test,1,0.7775988,0
flux_00142,test,1,0.3853117,1
flux_00143,test,1,0.3853117,1
flux_00144,test,1,0.3853117,1
flux_00145,test,1,0.76548886,0
flux_00146,test,1,0.7723087,0
flux_00147,test,1,0.3853117,1
flux_00148,test,1,0.3853117,1
flux_00149,test,1,0.3853117,1
flux_00150,test,1,0.89265656,0
flux_00151,test,1,0.3853117,1
flux_00152,test,1,0.99946696,0
flux_00153,test,1,0.3853117,1
flux_00154,test,1,0.9914102,0
flux_00155,test,1,0.3853117,1
flux_00156,test,1,0.99798155,0
flux_00157,test,1,0.96103036,0
flux_00158,test,1,0.3853117,1
flux_00159,test,1,0.3853117,1
flux_00160,test,1,0.61421156,0
flux_00161,test,1,0.9999994,0
flux_00162,test,1,0.36002138,0
flux_00163,test,1,0.30087727,0
flux_00164,test,1,0.3853117,1
flux_00165,test,1,0.3853117,1
flux_00166,test,1,0.3853117,1
flux_00167,test,1,0.3853117,1
flux_00168,test,1,0.8038128,0
flux_00169,test,1,0.9756182,0
flux_00170,test,1,0.3853117,1
flux_00171,test,1,0.3853117,1
flux_00172,test,1,0.3853117,1
flux_00173,test,1,0.3853117,1
flux_00174,test,1,0.98620844,0
flux_00175,test,1,0.68146616,0
flux_00176,test,1,0.81215787,0
flux_00177,test,1,0.9923063,0
flux_00178,test,1,0.980991,0
flux_00179,test,1,0.9428909,0
flux_00180,test,1,0.9999926,0
flux_00181,test,1,0.98731905,0
flux_00182,test,1,0.3853117,1
flux_00183,test,1,0.3853117,1
flux_00184,test,1,0.9947695,0
flux_00185,test,1,0.3853117,1
flux_00186,test,1,0.3853117,1
flux_00187,test,1,0.9915991,0
flux_00188,test,1,0.3853117,1
flux_00189,test,1,0.3853117,1
flux_00190,test,1,0.7265438,0
flux_00191,test,1,0.9843315,0
flux_00192,test,1,0.8054727,0
flux_00193,test,1,0.8928063,0
flux_00194,test,1,0.5048791,0
flux_00195,test,1,0.9575526,0
flux_00196,test,1,0.3853117,1
flux_00197,test,1,0.9429476,0
flux_00198,test,1,0.3853117,1
flux_00199,test,1,0.3853117,1
flux_00200,test,1,0.3853117,1
flux_00201,test,1,0.79665756,0
flux_00202,test,1,0.92456084,0
flux_00203,test,1,0.9570756,0
flux_00204,test,1,0.3853117,1
flux_00205,test,1,0.3853117,1
flux_00206,test,1,0.3853117,1
flux_00207,test,1,0.9516606,0
flux_00208,test,1,0.3853117,1
flux_00209,test,1,0.3853117,1
flux_00210,test,1,0.3853117,1
flux_00211,test,1,0.631045,0
flux_00212,test,1,0.3853117,1
flux_00213,test,1,0.3853117,1
flux_00214,test,1,0.3853117,1
flux_00215,test,1,0.3853117,1
flux_00216,test,1,0.3853117,1
flux_00217,test,1,0.3853117,1
flux_00218,test,1,0.3853117,1
flux_00219,test,1,0.3853117,1
flux_00220,test,1,0.3853117,1
flux_00221,test,1,0.9998154,0
flux_00222,test,1,0.6697212,0
flux_00223,test,1,0.3853117,1
flux_00224,test,1,0.3853117,1
flux_00225,test,1,0.9989812,0
flux_00226,test,1,0.9946518,0
flux_00227,test,1,0.99974114,0
flux_00228,test,1,0.99755436,0
flux_00229,test,1,0.8456555,0
flux_00230,test,1,0.9949992,0
flux_00231,test,1,0.3853117,1
flux_00232,test,1,0.3853117,1
flux_00233,test,1,0.968758,0
flux_00234,test,1,0.92910236,0
flux_00235,test,1,0.45277745,0
flux_00236,test,1,0.3853117,1
flux_00237,test,1,0.3853117,1
flux_00238,test,1,0.99497753,0
flux_00239,test,1,0.3853117,1
flux_00240,test,1,0.3853117,1
flux_00241,test,1,0.3853117,1
flux_00242,test,1,0.9465704,0
flux_00243,test,1,0.3853117,1
flux_00244,test,1,0.3853117,1
flux_00245,test,1,0.3853117,1
flux_00246,test,1,0.3853117,1
flux_00247,test,1,0.84318244,0
flux_00248,test,1,0.9993079,0
flux_00249,test,1,0.6105904,0
flux_00250,test,1,0.3853117,1
flux_00251,test,1,0.3853117,1
flux_00252,test,1,0.3853117,1
flux_00253,test,1,0.99076045,0
flux_00254,test,1,0.9467753,0
flux_00255,test,1,0.9929114,0
flux_00256,test,1,0.3853117,1
flux_00257,test,1,0.3853117,1
flux_00258,test,1,0.3853117,1
flux_00259,test,1,0.716868,0
flux_00260,test,1,0.99932003,0
flux_00261,test,1,0.95620763,0
flux_00262,test,1,0.3853117,1
flux_00263,test,1,0.98962384,0
flux_00264,test,1,0.9873219,0
flux_00265,test,1,0.3853117,1
flux_00266,test,1,0.050882228,0
flux_00267,test,1,0.852501,0
flux_00268,test,1,0.93836683,0
flux_00269,test,1,0.3853117,1
flux_00270,test,1,0.9999826,0
flux_00271,test,1,0.3853117,1
flux_00272,test,1,0.99998975,0
flux_00273,test,1,0.3853117,1
flux_00274,test,1,0.3853117,1
flux_00275,test,1,0.3853117,1
flux_00276,test,1,0.3853117,1
flux_00277,test,1,0.3853117,1
flux_00278,test,1,0.3853117,1
flux_00279,test,1,0.3853117,1
flux_00280,test,1,0.37062362,0
flux_00281,test,1,0.922132,0
flux_00282,test,1,0.3853117,1
flux_00283,test,1,0.99905986,0
flux_00284,test,1,0.3853117,1
flux_00285,test,1,0.99963427,0
flux_00286,test,1,0.3853117,1
flux_00287,test,1,0.3853117,1
flux_00288,test,1,0.3853117,1
flux_00289,test,1,0.3853117,1
flux_00290,test,1,0.87316656,0
flux_00291,test,1,0.3853117,1
flux_00292,test,1,0.3853117,1
flux_00293,test,1,0.3853117,1
flux_00294,test,1,0.3853117,1
flux_00295,test,1,0.3853117,1
flux_00296,test,1,0.3853117,1
flux_00297,test,1,0.5446412,0
flux_00298,test,1,0.9998808,0
flux_00299,test,1,0.999979,0
flux_00300,test,1,0.3853117,1
flux_00301,test,1,0.3853117,1
flux_00302,test,1,0.7723653,0
flux_00303,test,1,0.99766505,0
flux_00304,test,1,0.3853117,1
flux_00305,test,1,0.99039626,0
flux_00306,test,1,0.3853117,1
flux_00307,test,1,0.9982116,0
flux_00308,test,1,0.87914157,0
flux_00309,test,1,0.38718268,0
flux_00310,test,1,0.98274475,0
flux_00311,test,1,0.9999958,0
flux_00312,test,1,0.3853117,1
flux_00313,test,1,0.3853117,1
flux_00314,test,1,0.3853117,1
flux_00315,test,1,0.3853117,1
flux_00316,test,1,0.46905786,0
flux_00317,test,1,0.3853117,1
flux_00318,test,1,0.3853117,1
flux_00319,test,1,0.3853117,1
flux_00320,test,1,0.26470107,0
flux_00321,test,1,0.3853117,1
flux_00322,test,1,0.13575019,0
flux_00323,test,1,0.3853117,1
flux_00324,test,1,0.3853117,1
flux_00325,test,1,0.3853117,1
flux_00326,test,1,0.9361535,0
flux_00327,test,1,0.3853117,1
flux_00328,test,1,0.9119419,0
flux_00329,test,1,0.89914286,0
flux_00330,test,1,0.3853117,1
flux_00331,test,1,0.3853117,1
flux_00332,test,1,0.9484746,0
flux_00333,test,1,0.22235964,0
flux_00334,test,1,0.695971,0
flux_00335,test,1,0.3853117,1
flux_00336,test,1,0.08492734,0
flux_00337,test,1,0.6636921,0
flux_00338,test,1,0.999813,0
flux_00339,test,1,0.3853117,1
flux_00340,test,1,0.63420385,0
flux_00341,test,1,0.3853117,1
flux_00342,test,1,0.93829226,0
flux_00343,test,1,0.974981,0
flux_00344,test,1,0.9084956,0
flux_00345,test,1,0.3853117,1
flux_00346,test,1,0.3853117,1
flux_00347,test,1,0.9697506,0
flux_00348,test,1,0.3761257,0
flux_00349,test,1,0.6883371,0
flux_00350,test,1,0.98395157,0
flux_00351,test,1,0.7575466,0
flux_00352,test,1,0.3853117,1
flux_00353,test,1,0.3853117,1
flux_00354,test,1,0.99432254,0
flux_00355,test,1,0.00032603205,0
flux_00356,test,1,0.7870262,0
flux_00357,test,1,0.3853117,1
flux_00358,test,1,0.8565336,0
flux_00359,test,1,0.3853117,1
flux_00360,test,1,0.99061745,0
flux_00361,test,1,0.5823176,0
flux_00362,test,1,0.80148125,0
flux_00363,test,1,0.983942,0
flux_00364,test,1,0.3853117,1
flux_00365,test,1,0.3853117,1
flux_00366,test,1,0.3853117,1
flux_00367,test,1,0.7212216,0
flux_00368,test,1,0.3853117,1
flux_00369,test,1,0.99872977,0
flux_00370,test,1,0.3853117,1
flux_00371,test,1,0.99835014,0
flux_00372,test,1,0.9684862,0
flux_00373,test,1,0.986432,0
flux_00374,test,1,0.9367379,0
flux_00375,test,1,0.3853117,1
flux_00376,test,1,0.9792362,0
flux_00377,test,1,0.3853117,1
flux_00378,test,1,0.3853117,1
flux_00379,test,1,0.3853117,1
flux_00380,test,1,0.9984499,0
flux_00381,test,1,0.99884206,0
flux_00382,test,1,0.3853117,1
flux_00383,test,1,0.5945833,0
flux_00384,test,1,0.7557156,0
flux_00385,test,1,0.9883802,0
flux_00386,test,1,0.9959961,0
flux_00387,test,1,0.3853117,1
flux_00388,test,1,0.3853117,1
flux_00389,test,1,0.95316774,0
flux_00390,test,1,0.28375062,0
flux_00391,test,1,0.3853117,1
flux_00392,test,1,0.9961085,0
flux_00393,test,1,0.99661547,0
flux_00394,test,1,0.59842104,0
flux_00395,test,1,0.99979323,0
flux_00396,test,1,0.3853117,1
flux_00397,test,1,0.3853117,1
flux_00398,test,1,0.3853117,1
flux_00399,test,1,0.33193916,0
flux_00400,test,1,0.96601146,0
flux_00401,test,1,0.3853117,1
flux_00402,test,1,0.3853117,1
flux_00403,test,1,0.9989396,0
flux_00404,test,1,0.3853117,1
flux_00405,test,1,0.99726033,0
flux_00406,test,1,0.3853117,1
flux_00407,test,1,0.32203695,0
flux_00408,test,1,0.30974704,0
flux_00409,test,1,0.3853117,1
flux_00410,test,1,0.35090825,0
flux_00411,test,1,0.9997814,0
flux_00412,test,1,0.17202707,0
flux_00413,test,1,0.8605545,0
flux_00414,test,1,0.96734613,0
flux_00415,test,1,0.9925102,0
flux_00416,test,1,0.86880594,0
flux_00417,test,1,0.7843428,0
flux_00418,test,1,0.3853117,1
flux_00419,test,1,0.3853117,1
flux_00420,test,1,0.9712678,0
flux_00421,test,1,0.3853117,1
flux_00422,test,1,0.9575062,0
flux_00423,test,1,0.3853117,1
flux_00424,test,1,0.8705186,0
flux_00425,test,1,0.9890782,0
flux_00426,test,1,0.3853117,1
flux_00427,test,1,0.3853117,1
flux_00428,test,1,0.33715093,0
flux_00429,test,1,0.2192899,0
flux_00430,test,1,0.43748808,0
flux_00431,test,1,0.3853117,1
flux_00432,test,1,0.3853117,1
flux_00433,test,1,0.56515974,0
flux_00434,test,1,0.3853117,1
flux_00435,test,1,0.9687848,0
flux_00436,test,1,0.12469589,0
flux_00437,test,1,0.3853117,1
flux_00438,test,1,0.9818456,0
flux_00439,test,1,0.3853117,1
flux_00440,test,1,0.812311,0
flux_00441,test,1,0.3853117,1
flux_00442,test,1,0.31787235,0
flux_00443,test,1,0.0322142,0
flux_00444,test,1,0.3853117,1
flux_00445,test,1,0.20454738,0
flux_00446,test,1,0.41333508,1
flux_00447,test,1,0.49122903,0
flux_00448,test,1,0.3853117,1
flux_00449,test,1,0.92110616,0
flux_00450,test,1,0.9409547,0
flux_00451,test,1,0.3853117,1
flux_00452,test,1,0.3853117,1
flux_00453,test,1,0.3853117,1
flux_00454,test,1,0.9992249,0
flux_00455,test,1,0.25243387,0
flux_00456,test,1,0.9946872,0
flux_00457,test,1,0.3853117,1
flux_00458,test,1,0.3853117,1
flux_00459,test,1,0.95138294,0
flux_00460,test,1,0.396195,0
flux_00461,test,1,0.9700853,0
flux_00462,test,1,0.3853117,1
flux_00463,test,1,0.8441984,0
flux_00464,test,1,0.8286603,0
flux_00465,test,1,0.3853117,1
flux_00466,test,1,0.3853117,1
flux_00467,test,1,0.3853117,1
flux_00468,test,1,0.7880989,0
flux_00469,test,1,0.919545,0
flux_00470,test,1,0.99093807,0
flux_00471,test,1,0.3853117,1
flux_00472,test,1,0.3853117,1
flux_00473,test,1,0.27150244,0
flux_00474,test,1,0.3853117,1
flux_00475,test,1,0.9992199,0
flux_00476,test,1,0.851653,0
flux_00477,test,1,0.3853117,1
flux_00478,test,1,0.9999943,0
flux_00479,test,1,0.3853117,1
flux_00480,test,1,0.3539178,0
flux_00481,test,1,0.21624696,0
flux_00482,test,1,0.3853117,1
flux_00483,test,1,0.3853117,1
flux_00484,test,1,0.99856704,0
flux_00485,test,1,0.3853117,1
flux_00486,test,1,0.3853117,1
flux_00487,test,1,0.73493433,0
flux_00488,test,1,0.9911739,0
flux_00489,test,1,0.3853117,1
flux_00490,test,1,0.3853117,1
flux_00491,test,1,0.3853117,1
flux_00492,test,1,0.3853117,1
flux_00493,test,1,0.5198275,0
flux_00494,test,1,0.3853117,1
flux_00495,test,1,0.3853117,1
flux_00496,test,1,0.3853117,1
flux_00497,test,1,0.19024356,0
flux_00498,test,1,0.3853117,1
flux_00499,test,1,0.977192,0
flux_00500,test,1,0.9999,0
flux_00501,test,1,0.3853117,1
flux_00502,test,1,0.9996774,0
flux_00503,test,1,0.3853117,1
flux_00504,test,1,0.8791934,0
flux_00505,test,1,0.3853117,1
flux_00506,test,1,0.98377085,0
flux_00507,test,1,0.3853117,1
flux_00508,test,1,0.3853117,1
flux_00509,test,1,0.93750805,0
flux_00510,test,1,0.99559575,0
flux_00511,test,1,0.3853117,1
flux_00512,test,1,0.79414254,0
flux_00513,test,1,0.3853117,1
flux_00514,test,1,0.3853117,1
flux_00515,test,1,0.95270914,0
flux_00516,test,1,0.94341964,1
flux_00517,test,1,0.98965704,0
flux_00518,test,1,0.99555737,0
flux_00519,test,1,0.3853117,1
flux_00520,test,1,0.83899456,0
flux_00521,test,1,0.52823216,0
flux_00522,test,1,0.4357915,1
flux_00523,test,1,0.3853117,1
flux_00524,test,1,0.5133715,0
flux_00525,test,1,0.99679,0
flux_00526,test,1,0.3853117,1
flux_00527,test,1,0.328228,0
flux_00528,test,1,0.3853117,1
flux_00529,test,1,0.3853117,1
flux_00530,test,1,0.9995977,0
flux_00531,test,1,0.99994445,0
flux_00532,test,1,0.3853117,1
flux_00533,test,1,0.844419,0
flux_00534,test,1,0.9661773,0
flux_00535,test,1,0.3853117,1
flux_00536,test,1,0.3853117,1
flux_00537,test,1,0.3853117,1
flux_00538,test,1,0.73055387,0
flux_00539,test,1,0.26536477,0
flux_00540,test,1,0.95843136,0
flux_00541,test,1,0.5513436,0
flux_00542,test,1,0.3853117,1
flux_00543,test,1,0.8526627,0
flux_00544,test,1,0.3853117,1
flux_00545,test,1,0.3853117,1
flux_00546,test,1,0.3853117,1
flux_00547,test,1,0.3853117,1
flux_00548,test,1,0.3853117,1
flux_00549,test,1,0.75793815,0
flux_00550,test,1,0.3853117,1
flux_00551,test,1,0.3853117,1
flux_00552,test,1,0.9542657,0
flux_00553,test,1,0.578142,0
flux_00554,test,1,0.3853117,1
flux_00555,test,1,0.99921703,0
flux_00556,test,1,0.3853117,1
flux_00557,test,1,0.3853117,1
flux_00558,test,1,0.55880994,0
flux_00559,test,1,0.65551734,1
flux_00560,test,1,0.3812154,0
flux_00561,test,1,0.3853117,1
flux_00562,test,1,0.3853117,1
flux_00563,test,1,0.86023897,0
flux_00564,test,1,0.90615106,0
flux_00565,test,1,0.3853117,1
flux_00566,test,1,0.3853117,1
flux_00567,test,1,0.3853117,1
flux_00568,test,1,0.3853117,1
flux_00569,test,1,0.9981743,0
flux_00570,test,1,0.9730007,0
flux_00571,test,1,0.3853117,1
flux_00572,test,1,0.7029565,0
flux_00573,test,1,0.94667023,0
flux_00574,test,1,0.76736665,0
flux_00575,test,1,0.3853117,1
flux_00576,test,1,0.96359175,0
flux_00577,test,1,0.3853117,1
flux_00578,test,1,0.3853117,1
flux_00579,test,1,0.3853117,1
flux_00580,test,1,0.3853117,1
flux_00581,test,1,0.3853117,1
flux_00582,test,1,0.9747986,0
flux_00583,test,1,0.3853117,1
flux_00584,test,1,0.9981401,0
flux_00585,test,1,0.3853117,1
flux_00586,test,1,0.8863206,0
flux_00587,test,1,0.9983728,0
flux_00588,test,1,0.3853117,1
flux_00589,test,1,0.9373066,0
flux_00590,test,1,0.9840667,0
flux_00591,test,1,0.9409135,0
flux_00592,test,1,0.98936033,0
flux_00593,test,1,0.31027722,0
flux_00594,test,1,0.9299262,0
flux_00595,test,1,0.3853117,1
flux_00596,test,1,0.3853117,1
flux_00597,test,1,0.3853117,1
flux_00598,test,1,0.47323498,0
flux_00599,test,1,0.3853117,1
flux_00600,test,1,0.78959185,0
flux_00601,test,1,0.3853117,1
flux_00602,test,1,0.9999788,0
flux_00603,test,1,0.9988004,0
flux_00604,test,1,0.3853117,1
flux_00605,test,1,0.3853117,1
flux_00606,test,1,0.35620216,0
flux_00607,test,1,0.3853117,1
flux_00608,test,1,0.3853117,1
flux_00609,test,1,0.3853117,1
flux_00610,test,1,0.25601864,0
flux_00611,test,1,0.15305103,0
flux_00612,test,1,0.9472549,0
flux_00613,test,1,0.99987304,0
flux_00614,test,1,0.9863114,0
flux_00615,test,1,0.6682916,0
flux_00616,test,1,0.3853117,1
flux_00617,test,1,0.3853117,1
flux_00618,test,1,0.3853117,1
flux_00619,test,1,0.9812733,0
flux_00620,test,1,0.48376593,0
flux_00621,test,1,0.881046,0
flux_00622,test,1,0.3853117,1
flux_00623,test,1,0.3853117,1
flux_00624,test,1,0.3853117,1
flux_00625,test,1,0.3853117,1
flux_00626,test,1,0.7578716,0
flux_00627,test,1,0.4926874,0
flux_00628,test,1,0.80335647,0
flux_00629,test,1,0.3853117,1
flux_00630,test,1,0.3853117,1
flux_00631,test,1,0.7757457,0
flux_00632,test,1,0.3853117,1
flux_00633,test,1,0.8447476,0
flux_00634,test,1,0.99928564,0
flux_00635,test,1,0.5392411,0
flux_00636,test,1,0.3853117,1
flux_00637,test,1,0.99968123,0
flux_00638,test,1,0.3853117,1
flux_00639,test,1,0.77635324,0
flux_00640,test,1,0.9983424,0
flux_00641,test,1,0.3853117,1
flux_00642,test,1,0.35338005,0
flux_00643,test,1,0.8053496,0
flux_00644,test,1,0.9539066,0
flux_00645,test,1,0.3853117,1
flux_00646,test,1,0.3853117,1
flux_00647,test,1,0.9995808,0
flux_00648,test,1,0.98021287,0
flux_00649,test,1,0.3853117,1
flux_00650,test,1,0.9570405,0
flux_00651,test,1,0.9480189,0
flux_00652,test,1,0.97409195,0
flux_00653,test,1,0.99454665,0
flux_00654,test,1,0.3853117,1
flux_00655,test,1,0.98701376,0
flux_00656,test,1,0.13790558,0
flux_00657,test,1,0.3853117,1
flux_00658,test,1,0.8915528,0
flux_00659,test,1,0.5993374,0
flux_00660,test,1,0.3853117,1
flux_00661,test,1,0.9921909,0
flux_00662,test,1,0.44836044,0
flux_00663,test,1,0.3853117,1
flux_00664,test,1,0.036423422,0
flux_00665,test,1,0.85302216,0
flux_00666,test,1,0.3853117,1
flux_00667,test,1,0.3853117,1
flux_00668,test,1,0.9803587,0
flux_00669,test,1,0.34603122,0
flux_00670,test,1,0.9908675,0
flux_00671,test,1,0.8242787,0
flux_00672,test,1,0.3853117,1
flux_00673,test,1,0.3853117,1
flux_00674,test,1,0.9615416,0
flux_00675,test,1,0.3853117,1
flux_00676,test,1,0.3853117,1
flux_00677,test,1,0.955401,0
flux_00678,test,1,0.9998153,0
flux_00679,test,1,0.18569738,0
flux_00680,test,1,0.25867742,0
flux_00681,test,1,0.1505121,0
flux_00682,test,1,0.3853117,1
flux_00683,test,1,0.3853117,1
flux_00684,test,1,0.97933185,0
flux_00685,test,1,0.33139092,0
flux_00686,test,1,1.0,0
flux_00687,test,1,0.3853117,1
flux_00688,test,1,0.12744059,0
flux_00689,test,1,0.3853117,1
flux_00690,test,1,0.3853117,1
flux_00691,test,1,0.72331387,0
flux_00692,test,1,0.3853117,1
flux_00693,test,1,0.3853117,1
flux_00694,test,1,0.80174166,0
flux_00695,test,1,0.3853117,1
flux_00696,test,1,0.8310574,0
flux_00697,test,1,0.3853117,1
flux_00698,test,1,0.6807767,0
flux_00699,test,1,0.3853117,1
flux_00700,test,1,0.999064,0
flux_00701,test,1,0.3853117,1
flux_00702,test,1,0.9137543,0
flux_00703,test,1,0.93196785,0
flux_00704,test,1,0.3853117,1
flux_00705,test,1,0.3853117,1
flux_00706,test,1,0.9898525,0
flux_00707,test,1,0.3319759,0
flux_00708,test,1,0.4602498,0
flux_00709,test,1,0.81643355,0
flux_00710,test,1,0.3853117,1
flux_00711,test,1,0.9620686,0
flux_00712,test,1,0.05345011,0
flux_00713,test,1,0.3853117,1
flux_00714,test,1,0.96534693,0
flux_00715,test,1,0.3853117,1
flux_00716,test,1,0.5166,0
flux_00717,test,1,0.87913835,0
flux_00718,test,1,0.3853117,1
flux_00719,test,1,0.1797508,0
flux_00720,test,1,0.8762687,0
flux_00721,test,1,0.3853117,1
flux_00722,test,1,0.79448783,0
flux_00723,test,1,0.9872529,0
flux_00724,test,1,0.3853117,1
flux_00725,test,1,0.3853117,1
flux_00726,test,1,0.3853117,1
flux_00727,test,1,0.3853117,1
flux_00728,test,1,0.99923885,0
flux_00729,test,1,0.3853117,1
flux_00730,test,1,0.9320131,0
flux_00731,test,1,0.8532876,0
flux_00732,test,1,0.66734034,0
flux_00733,test,1,0.97627026,0
flux_00734,test,1,0.3853117,1
flux_00735,test,1,0.3853117,1
flux_00736,test,1,0.3853117,1
flux_00737,test,1,0.3853117,1
flux_00738,test,1,0.1461979,0
flux_00739,test,1,0.3579217,0
flux_00740,test,1,0.9987564,0
flux_00741,test,1,0.3853117,1
flux_00742,test,1,0.4659974,0
flux_00743,test,1,0.21589632,1
flux_00744,test,1,0.3853117,1
flux_00745,test,1,0.3662787,0
flux_00746,test,1,0.3853117,1
flux_00747,test,1,0.28818214,0
flux_00748,test,1,0.3853117,1
flux_00749,test,1,0.19035652,0
flux_00750,test,1,0.3853117,1
flux_00751,test,1,0.3853117,1
flux_00752,test,1,0.93275106,0
flux_00753,test,1,0.3853117,1
flux_00754,test,1,0.8202875,0
flux_00755,test,1,0.3853117,1
flux_00756,test,1,0.33952925,0
flux_00757,test,1,0.9861638,0
flux_00758,test,1,0.79577523,0
flux_00759,test,1,0.97937965,0
flux_00760,test,1,0.993141,0
flux_00761,test,1,0.971377,0
flux_00762,test,1,0.3853117,1
flux_00763,test,1,0.9966293,0
flux_00764,test,1,0.7737526,0
flux_00765,test,1,0.3853117,1
flux_00766,test,1,0.99727434,0
flux_00767,test,1,0.9650202,0
flux_00768,test,1,0.9822435,0
flux_00769,test,1,0.9698841,0
flux_00770,test,1,0.3853117,1
flux_00771,test,1,0.6199444,0
flux_00772,test,1,0.27114064,0
flux_00773,test,1,0.97356635,0
flux_00774,test,1,0.6908198,0
flux_00775,test,1,0.3853117,1
flux_00776,test,1,0.96880674,0
flux_00777,test,1,0.99738055,0
flux_00778,test,1,0.3853117,1
flux_00779,test,1,0.3853117,1
flux_00780,test,1,0.3853117,1
flux_00781,test,1,0.96608716,0
flux_00782,test,1,0.3853117,1
flux_00783,test,1,0.3853117,1
flux_00784,test,1,0.95362437,0
flux_00785,test,1,0.21930937,0
flux_00786,test,1,0.9999938,0
flux_00787,test,1,0.3853117,1
flux_00788,test,1,0.3853117,1
flux_00789,test,1,0.27663755,0
flux_00790,test,1,0.3853117,1
flux_00791,test,1,0.35811952,0
flux_00792,test,1,0.618077,0
flux_00793,test,1,0.943663,0
flux_00794,test,1,0.9949753,0
flux_00795,test,1,0.8234557,0
flux_00796,test,1,0.959925,0
flux_00797,test,1,0.3853117,1
flux_00798,test,1,0.8964136,0
flux_00799,test,1,0.9822448,0
flux_00800,test,1,0.3853117,1
flux_00801,test,1,0.997065,0
flux_00802,test,1,0.9999987,0
flux_00803,test,1,0.3853117,1
flux_00804,test,1,0.7511472,0
flux_00805,test,1,0.3853117,1
flux_00806,test,1,0.998718,0
flux_00807,test,1,0.3853117,1
flux_00808,test,1,0.68082553,0
flux_00809,test,1,0.35618082,0
flux_00810,test,1,0.9680026,0
flux_00811,test,1,0.3853117,1
flux_00812,test,1,0.8684584,0
flux_00813,test,1,0.99933904,0
flux_00814,test,1,0.3853117,1
flux_00815,test,1,0.99999857,0
flux_00816,test,1,0.635089,0
flux_00817,test,1,0.3853117,1
flux_00818,test,1,0.86544466,0
flux_00819,test,1,0.9993474,0
flux_00820,test,1,0.23280838,0
flux_00821,test,1,0.53573203,0
flux_00822,test,1,0.3853117,1
flux_00823,test,1,0.3853117,1
flux_00824,test,1,0.93302834,0
flux_00825,test,1,0.3853117,1
flux_00826,test,1,0.8729987,0
flux_00827,test,1,0.9976858,0
flux_00828,test,1,0.9955493,0
flux_00829,test,1,0.9690164,0
flux_00830,test,1,0.97637296,0
flux_00831,test,1,0.9998448,0
flux_00832,test,1,0.3853117,1
flux_00833,test,1,0.3853117,1
flux_00834,test,1,0.3853117,1
flux_00835,test,1,0.99912125,0
flux_00836,test,1,0.47330981,0
flux_00837,test,1,0.996433,0
flux_00838,test,1,0.98505175,0
flux_00839,test,1,0.9221532,0
flux_00840,test,1,0.45938942,0
flux_00841,test,1,0.96010125,0
flux_00842,test,1,0.06787021,0
flux_00843,test,1,0.3853117,1
flux_00844,test,1,0.3853117,1
flux_00845,test,1,0.95324117,0
flux_00846,test,1,0.3853117,1
flux_00847,test,1,0.3853117,1
flux_00848,test,1,0.3853117,1
flux_00849,test,1,0.044141736,0
flux_00850,test,1,0.3853117,1
flux_00851,test,1,0.92533237,0
flux_00852,test,1,0.3853117,1
flux_00853,test,1,0.93871236,0
flux_00854,test,1,0.3853117,1
flux_00855,test,1,0.82500446,0
flux_00856,test,1,0.91999173,0
flux_00857,test,1,0.3853117,1
flux_00858,test,1,0.99214524,0
flux_00859,test,1,0.9709128,0
flux_00860,test,1,0.3853117,1
flux_00861,test,1,0.3853117,1
flux_00862,test,1,0.83344555,0
flux_00863,test,1,0.9566659,0
flux_00864,test,1,0.9334365,0
flux_00865,test,1,0.89695144,0
flux_00866,test,1,0.5611165,0
flux_00867,test,1,0.37666216,0
flux_00868,test,1,0.3853117,1
flux_00869,test,1,0.9769586,0
flux_00870,test,1,0.45116103,0
flux_00871,test,1,0.3853117,1
flux_00872,test,1,0.3853117,1
flux_00873,test,1,0.8466361,0
flux_00874,test,1,0.3853117,1
flux_00875,test,1,0.999912,0
flux_00876,test,1,0.45204857,0
flux_00877,test,1,0.3853117,1
flux_00878,test,1,0.79417396,0
flux_00879,test,1,0.99699056,0
flux_00880,test,1,0.3853117,1
flux_00881,test,1,0.9919154,0
flux_00882,test,1,0.3853117,1
flux_00883,test,1,0.3853117,1
flux_00884,test,1,0.8718966,0
flux_00885,test,1,0.3853117,1
flux_00886,test,1,0.3853117,1
flux_00887,test,1,0.9682952,0
flux_00888,test,1,0.3853117,1
flux_00889,test,1,0.3853117,1
flux_00890,test,1,0.99820507,0
flux_00891,test,1,0.3853117,1
flux_00892,test,1,0.15726079,0
flux_00893,test,1,0.3853117,1
flux_00894,test,1,0.9154359,0
flux_00895,test,1,0.99948573,0
flux_00896,test,1,0.99385816,0
flux_00897,test,1,0.99075806,0
flux_00898,test,1,0.3853117,1
flux_00899,test,1,0.9999918,0
flux_00900,test,1,0.3853117,1
flux_00901,test,1,0.3853117,1
flux_00902,test,1,0.35865727,0
flux_00903,test,1,0.46601513,0
flux_00904,test,1,0.54705775,0
flux_00905,test,1,0.97976696,0
flux_00906,test,1,0.9942719,0
flux_00907,test,1,0.9830708,0
flux_00908,test,1,0.9524626,0
flux_00909,test,1,0.9789202,1
flux_00910,test,1,0.9578215,0
flux_00911,test,1,0.83972305,0
flux_00912,test,1,0.57828385,0
flux_00913,test,1,0.3853117,1
flux_00914,test,1,0.9725408,0
flux_00915,test,1,0.3853117,1
flux_00916,test,1,0.3853117,1
flux_00917,test,1,0.10925385,0
flux_00918,test,1,0.715691,0
flux_00919,test,1,0.3853117,1
flux_00920,test,1,0.3853117,1
flux_00921,test,1,0.34937397,0
flux_00922,test,1,0.9890615,0
flux_00923,test,1,0.9740452,0
flux_00924,test,1,0.98140335,0
flux_00925,test,1,0.3853117,1
flux_00926,test,1,0.99721366,0
flux_00927,test,1,0.99121267,0
flux_00928,test,1,0.3853117,1
flux_00929,test,1,0.96445644,0
flux_00930,test,1,0.8946627,0
flux_00931,test,1,0.89349926,0
flux_00932,test,1,0.6692719,0
flux_00933,test,1,0.3853117,1
flux_00934,test,1,0.3853117,1
flux_00935,test,1,0.3853117,1
flux_00936,test,1,0.3853117,1
flux_00937,test,1,0.3853117,1
flux_00938,test,1,0.9751322,0
flux_00939,test,1,0.3853117,1
flux_00940,test,1,0.3853117,1
flux_00941,test,1,0.3853117,1
flux_00942,test,1,0.3853117,1
flux_00943,test,1,0.3853117,1
flux_00944,test,1,0.3853117,1
flux_00945,test,1,0.8936126,0
flux_00946,test,1,0.3853117,1
flux_00947,test,1,0.3853117,1
flux_00948,test,1,0.92570907,0
flux_00949,test,1,0.3853117,1
flux_00950,test,1,0.9975674,0
flux_00951,test,1,0.99426126,0
flux_00952,test,1,0.12594599,0
flux_00953,test,1,0.11812103,0
flux_00954,test,1,0.36344793,0
flux_00955,test,1,0.3853117,1
flux_00956,test,1,0.49624488,0
flux_00957,test,1,0.9894147,0
flux_00958,test,1,0.3853117,1
flux_00959,test,1,0.3853117,1
flux_00960,test,1,0.3853117,1
flux_00961,test,1,0.3853117,1
flux_00962,test,1,0.3853117,1
flux_00963,test,1,0.9822757,0
flux_00964,test,1,0.3853117,1
flux_00965,test,1,0.9999006,0
flux_00966,test,1,0.3853117,1
flux_00967,test,1,0.6314156,0
flux_00968,test,1,0.60854095,0
flux_00969,test,1,0.3853117,1
flux_00970,test,1,0.80180424,0
flux_00971,test,1,0.09923535,0
flux_00972,test,1,0.61333185,0
flux_00973,test,1,0.9989436,0
flux_00974,test,1,0.3853117,1
flux_00975,test,1,0.99448293,0
flux_00976,test,1,0.9907951,0
flux_00977,test,1,0.7583271,0
flux_00978,test,1,0.3853117,1
flux_00979,test,1,0.3853117,1
flux_00980,test,1,0.93777287,0
flux_00981,test,1,0.44124883,0
flux_00982,test,1,0.92423475,0
flux_00983,test,1,0.3853117,1
flux_00984,test,1,0.9493623,0
flux_00985,test,1,0.8638303,0
flux_00986,test,1,0.9988175,0
flux_00987,test,1,0.9977471,0
flux_00988,test,1,0.23520538,1
flux_00989,test,1,0.99703205,0
flux_00990,test,1,0.9988858,0
flux_00991,test,1,0.9759671,0
flux_00992,test,1,0.3853117,1
flux_00993,test,1,0.3853117,1
flux_00994,test,1,0.9992078,0
flux_00995,test,1,0.89364207,0
flux_00996,test,1,0.3853117,1
flux_00997,test,1,0.3853117,1
flux_00998,test,1,0.19500092,0
flux_00999,test,1,0.9895001,0
gigagan_00000,test,1,0.9249297,0
gigagan_00001,test,1,0.7620477,0
gigagan_00002,test,1,0.3853117,1
gigagan_00003,test,1,0.3853117,1
gigagan_00004,test,1,0.3853117,1
gigagan_00005,test,1,0.9110473,0
gigagan_00006,test,1,0.8756705,0
gigagan_00007,test,1,0.7739502,0
gigagan_00008,test,1,0.7934744,0
gigagan_00009,test,1,0.12557127,0
gigagan_00010,test,1,0.3853117,1
gigagan_00011,test,1,0.3853117,1
gigagan_00012,test,1,0.22175802,0
gigagan_00013,test,1,0.3853117,1
gigagan_00014,test,1,0.89045537,0
gigagan_00015,test,1,0.30628282,0
gigagan_00016,test,1,0.60243165,0
gigagan_00017,test,1,0.9798804,0
gigagan_00018,test,1,0.3853117,1
gigagan_00019,test,1,0.57279366,0
gigagan_00020,test,1,0.3853117,1
gigagan_00021,test,1,0.22340311,0
gigagan_00022,test,1,0.99463093,0
gigagan_00023,test,1,0.48213306,0
gigagan_00024,test,1,0.3853117,1
gigagan_00025,test,1,0.3853117,1
gigagan_00026,test,1,0.3853117,1
gigagan_00027,test,1,0.3853117,1
gigagan_00028,test,1,0.057153795,0
gigagan_00029,test,1,0.9474429,0
gigagan_00030,test,1,0.3853117,1
gigagan_00031,test,1,0.3853117,1
gigagan_00032,test,1,0.3853117,1
gigagan_00033,test,1,0.3853117,1
gigagan_00034,test,1,0.9840847,0
gigagan_00035,test,1,0.3853117,1
gigagan_00036,test,1,0.3853117,1
gigagan_00037,test,1,0.11636395,0
gigagan_00038,test,1,0.3853117,1
gigagan_00039,test,1,0.3853117,1
gigagan_00040,test,1,0.040005166,0
gigagan_00041,test,1,0.9420955,0
gigagan_00042,test,1,0.9632094,0
gigagan_00043,test,1,0.65544116,0
gigagan_00044,test,1,0.3853117,1
gigagan_00045,test,1,0.3853117,1
gigagan_00046,test,1,0.8264409,0
gigagan_00047,test,1,0.5352203,0
gigagan_00048,test,1,0.9377885,0
gigagan_00049,test,1,0.3853117,1
gigagan_00050,test,1,0.8302962,0
gigagan_00051,test,1,0.3853117,1
gigagan_00052,test,1,0.9975038,0
gigagan_00053,test,1,0.3853117,1
gigagan_00054,test,1,0.3853117,1
gigagan_00055,test,1,0.3853117,1
gigagan_00056,test,1,0.3853117,1
gigagan_00057,test,1,0.07175446,0
gigagan_00058,test,1,0.3853117,1
gigagan_00059,test,1,0.3853117,1
gigagan_00060,test,1,0.9952813,0
gigagan_00061,test,1,0.033899188,0
gigagan_00062,test,1,0.3853117,1
gigagan_00063,test,1,0.3853117,1
gigagan_00064,test,1,0.89478827,0
gigagan_00065,test,1,0.9409096,0
gigagan_00066,test,1,0.030082563,0
gigagan_00067,test,1,0.9996866,0
gigagan_00068,test,1,0.28125754,0
gigagan_00069,test,1,0.3853117,1
gigagan_00070,test,1,0.98943734,0
gigagan_00071,test,1,0.3853117,1
gigagan_00072,test,1,0.9487359,0
gigagan_00073,test,1,0.9995658,0
gigagan_00074,test,1,0.28516576,0
gigagan_00075,test,1,0.3853117,1
gigagan_00076,test,1,0.3853117,1
gigagan_00077,test,1,0.3853117,1
gigagan_00078,test,1,0.6689316,0
gigagan_00079,test,1,0.66739017,0
gigagan_00080,test,1,0.3853117,1
gigagan_00081,test,1,0.9919682,0
gigagan_00082,test,1,0.3853117,1
gigagan_00083,test,1,0.7156486,0
gigagan_00084,test,1,0.9444432,0
gigagan_00085,test,1,0.99999475,0
gigagan_00086,test,1,0.3853117,1
gigagan_00087,test,1,0.18166776,0
gigagan_00088,test,1,0.15774317,0
gigagan_00089,test,1,0.989668,0
gigagan_00090,test,1,0.46027154,0
gigagan_00091,test,1,0.9977023,0
gigagan_00092,test,1,0.81984043,0
gigagan_00093,test,1,0.3853117,1
gigagan_00094,test,1,0.58582354,0
gigagan_00095,test,1,0.3853117,1
gigagan_00096,test,1,0.3853117,1
gigagan_00097,test,1,0.10792047,0
gigagan_00098,test,1,0.67269653,0
gigagan_00099,test,1,0.0659358,0
gigagan_00100,test,1,0.3853117,1
gigagan_00101,test,1,0.86798304,0
gigagan_00102,test,1,0.45049053,0
gigagan_00103,test,1,0.5515429,0
gigagan_00104,test,1,0.03796133,0
gigagan_00105,test,1,0.7133706,0
gigagan_00106,test,1,0.9999882,0
gigagan_00107,test,1,0.22182718,0
gigagan_00108,test,1,0.18046796,0
gigagan_00109,test,1,0.2295395,0
gigagan_00110,test,1,0.3853117,1
gigagan_00111,test,1,0.10383717,1
gigagan_00112,test,1,0.9497068,0
gigagan_00113,test,1,0.3853117,1
gigagan_00114,test,1,0.8800444,0
gigagan_00115,test,1,0.3853117,1
gigagan_00116,test,1,0.09940656,0
gigagan_00117,test,1,0.3853117,1
gigagan_00118,test,1,0.5576148,0
gigagan_00119,test,1,0.9335248,0
gigagan_00120,test,1,0.31348652,0
gigagan_00121,test,1,0.3853117,1
gigagan_00122,test,1,0.27310535,0
gigagan_00123,test,1,0.3853117,1
gigagan_00124,test,1,0.049261693,0
gigagan_00125,test,1,0.3853117,1
gigagan_00126,test,1,0.73541236,0
gigagan_00127,test,1,0.3853117,1
gigagan_00128,test,1,0.91147137,0
gigagan_00129,test,1,0.3853117,1
gigagan_00130,test,1,0.99872655,0
gigagan_00131,test,1,0.3853117,1
gigagan_00132,test,1,0.6183082,0
gigagan_00133,test,1,0.4262024,0
gigagan_00134,test,1,0.5778518,0
gigagan_00135,test,1,0.3853117,1
gigagan_00136,test,1,0.3853117,1
gigagan_00137,test,1,0.97611475,0
gigagan_00138,test,1,0.3853117,1
gigagan_00139,test,1,0.4280782,0
gigagan_00140,test,1,0.12403109,0
gigagan_00141,test,1,0.3853117,1
gigagan_00142,test,1,0.3853117,1
gigagan_00143,test,1,0.16051814,0
gigagan_00144,test,1,0.3853117,1
gigagan_00145,test,1,0.3853117,1
gigagan_00146,test,1,0.3853117,1
gigagan_00147,test,1,0.3853117,1
gigagan_00148,test,1,0.71829534,0
gigagan_00149,test,1,0.3853117,1
gigagan_00150,test,1,0.3853117,1
gigagan_00151,test,1,0.049543444,0
gigagan_00152,test,1,0.3853117,1
gigagan_00153,test,1,0.3853117,1
gigagan_00154,test,1,0.9986615,0
gigagan_00155,test,1,0.3853117,1
gigagan_00156,test,1,0.3853117,1
gigagan_00157,test,1,0.3853117,1
gigagan_00158,test,1,0.37389594,0
gigagan_00159,test,1,0.80859685,0
gigagan_00160,test,1,0.0022969937,0
gigagan_00161,test,1,0.3853117,1
gigagan_00162,test,1,0.84422094,0
gigagan_00163,test,1,0.3853117,1
gigagan_00164,test,1,0.758236,0
gigagan_00165,test,1,0.95458084,0
gigagan_00166,test,1,0.6306532,0
gigagan_00167,test,1,0.31135932,0
gigagan_00168,test,1,0.3853117,1
gigagan_00169,test,1,0.64638776,0
gigagan_00170,test,1,0.3853117,1
gigagan_00171,test,1,0.7227813,0
gigagan_00172,test,1,0.9956821,0
gigagan_00173,test,1,0.23993003,0
gigagan_00174,test,1,0.19233435,0
gigagan_00175,test,1,0.3853117,1
gigagan_00176,test,1,0.98247164,0
gigagan_00177,test,1,0.8618719,0
gigagan_00178,test,1,0.23372704,0
gigagan_00179,test,1,0.97206974,0
gigagan_00180,test,1,0.3853117,1
gigagan_00181,test,1,0.3853117,1
gigagan_00182,test,1,0.3853117,1
gigagan_00183,test,1,0.9272272,0
gigagan_00184,test,1,0.3853117,1
gigagan_00185,test,1,0.3853117,1
gigagan_00186,test,1,0.44390514,0
gigagan_00187,test,1,0.3853117,1
gigagan_00188,test,1,0.3853117,1
gigagan_00189,test,1,0.6316937,0
gigagan_00190,test,1,0.96347356,0
gigagan_00191,test,1,0.04695248,0
gigagan_00192,test,1,0.3853117,1
gigagan_00193,test,1,0.9949511,0
gigagan_00194,test,1,0.9984738,0
gigagan_00195,test,1,0.3853117,1
gigagan_00196,test,1,0.99945945,0
gigagan_00197,test,1,0.72836286,0
gigagan_00198,test,1,0.3853117,1
gigagan_00199,test,1,0.7423857,0
gigagan_00200,test,1,0.102362536,0
gigagan_00201,test,1,0.72453797,0
gigagan_00202,test,1,0.8010189,1
gigagan_00203,test,1,0.9883072,0
gigagan_00204,test,1,0.2824565,0
gigagan_00205,test,1,0.3853117,1
gigagan_00206,test,1,0.08157406,0
gigagan_00207,test,1,0.62558556,0
gigagan_00208,test,1,0.6218066,0
gigagan_00209,test,1,0.93975854,0
gigagan_00210,test,1,0.14905214,0
gigagan_00211,test,1,0.7778149,0
gigagan_00212,test,1,0.3853117,1
gigagan_00213,test,1,0.3853117,1
gigagan_00214,test,1,0.44208682,0
gigagan_00215,test,1,0.3853117,1
gigagan_00216,test,1,0.9991473,0
gigagan_00217,test,1,0.82310534,0
gigagan_00218,test,1,0.419747,0
gigagan_00219,test,1,0.3853117,1
gigagan_00220,test,1,0.9623802,0
gigagan_00221,test,1,0.7765602,0
gigagan_00222,test,1,0.5875759,0
gigagan_00223,test,1,0.7012198,0
gigagan_00224,test,1,0.3853117,1
gigagan_00225,test,1,0.3853117,1
gigagan_00226,test,1,0.4080371,0
gigagan_00227,test,1,0.3853117,1
gigagan_00228,test,1,0.97509253,0
gigagan_00229,test,1,0.8165821,0
gigagan_00230,test,1,0.7499444,0
gigagan_00231,test,1,0.9075909,0
gigagan_00232,test,1,0.8106009,0
gigagan_00233,test,1,0.89612097,0
gigagan_00234,test,1,0.93549633,0
gigagan_00235,test,1,0.3853117,1
gigagan_00236,test,1,0.3853117,1
gigagan_00237,test,1,0.3853117,1
gigagan_00238,test,1,0.3853117,1
gigagan_00239,test,1,0.3853117,1
gigagan_00240,test,1,0.9838314,0
gigagan_00241,test,1,0.52283716,0
gigagan_00242,test,1,0.3853117,1
gigagan_00243,test,1,0.3853117,1
gigagan_00244,test,1,0.35604894,0
gigagan_00245,test,1,0.95375943,0
gigagan_00246,test,1,0.3853117,1
gigagan_00247,test,1,0.6624218,0
gigagan_00248,test,1,0.69393575,0
gigagan_00249,test,1,0.3853117,1
gigagan_00250,test,1,0.3853117,1
gigagan_00251,test,1,0.3853117,1
gigagan_00252,test,1,0.9162887,0
gigagan_00253,test,1,0.3853117,1
gigagan_00254,test,1,0.98010135,0
gigagan_00255,test,1,0.3853117,1
gigagan_00256,test,1,0.3853117,1
gigagan_00257,test,1,0.3853117,1
gigagan_00258,test,1,0.58402866,0
gigagan_00259,test,1,0.3853117,1
gigagan_00260,test,1,0.9768282,0
gigagan_00261,test,1,0.5469606,0
gigagan_00262,test,1,0.16166236,1
gigagan_00263,test,1,0.998933,0
gigagan_00264,test,1,0.3853117,1
gigagan_00265,test,1,0.0952077,0
gigagan_00266,test,1,0.46257362,0
gigagan_00267,test,1,0.3853117,1
gigagan_00268,test,1,0.74854046,0
gigagan_00269,test,1,0.6182009,0
gigagan_00270,test,1,0.3853117,1
gigagan_00271,test,1,0.3853117,1
gigagan_00272,test,1,0.3853117,1
gigagan_00273,test,1,0.7348175,0
gigagan_00274,test,1,0.993258,0
gigagan_00275,test,1,0.09277539,0
gigagan_00276,test,1,0.32824644,0
gigagan_00277,test,1,0.74208647,0
gigagan_00278,test,1,0.9003079,0
gigagan_00279,test,1,0.3853117,1
gigagan_00280,test,1,0.9790757,0
gigagan_00281,test,1,0.9748821,0
gigagan_00282,test,1,0.3853117,1
gigagan_00283,test,1,0.3853117,1
gigagan_00284,test,1,0.9911781,0
gigagan_00285,test,1,0.34733278,0
gigagan_00286,test,1,0.3853117,1
gigagan_00287,test,1,0.9998758,0
gigagan_00288,test,1,0.55564886,0
gigagan_00289,test,1,0.3853117,1
gigagan_00290,test,1,0.02989172,0
gigagan_00291,test,1,0.05019181,0
gigagan_00292,test,1,0.3853117,1
gigagan_00293,test,1,0.41665524,0
gigagan_00294,test,1,0.9997092,0
gigagan_00295,test,1,0.8679657,0
gigagan_00296,test,1,0.49889836,0
gigagan_00297,test,1,0.99045336,0
gigagan_00298,test,1,0.24361666,0
gigagan_00299,test,1,0.79885274,0
gigagan_00300,test,1,0.3853117,1
gigagan_00301,test,1,0.3853117,1
gigagan_00302,test,1,0.862125,0
gigagan_00303,test,1,0.3853117,1
gigagan_00304,test,1,0.3853117,1
gigagan_00305,test,1,0.13184337,0
gigagan_00306,test,1,0.3853117,1
gigagan_00307,test,1,0.5456265,0
gigagan_00308,test,1,0.3853117,1
gigagan_00309,test,1,0.008919934,0
gigagan_00310,test,1,0.9648833,0
gigagan_00311,test,1,0.3853117,1
gigagan_00312,test,1,0.3853117,1
gigagan_00313,test,1,0.3853117,1
gigagan_00314,test,1,0.3853117,1
gigagan_00315,test,1,0.99709904,0
gigagan_00316,test,1,0.7877624,0
gigagan_00317,test,1,0.9759118,0
gigagan_00318,test,1,0.3853117,1
gigagan_00319,test,1,0.53452986,0
gigagan_00320,test,1,0.91688925,0
gigagan_00321,test,1,0.31021515,0
gigagan_00322,test,1,0.8202768,0
gigagan_00323,test,1,0.3853117,1
gigagan_00324,test,1,0.9889843,0
gigagan_00325,test,1,0.03775894,0
gigagan_00326,test,1,0.3853117,1
gigagan_00327,test,1,0.3853117,1
gigagan_00328,test,1,0.8583611,0
gigagan_00329,test,1,0.9547322,0
gigagan_00330,test,1,0.3853117,1
gigagan_00331,test,1,0.23771518,0
gigagan_00332,test,1,0.3853117,1
gigagan_00333,test,1,0.9978198,0
gigagan_00334,test,1,0.3853117,1
gigagan_00335,test,1,0.2085742,0
gigagan_00336,test,1,0.3853117,1
gigagan_00337,test,1,0.3853117,1
gigagan_00338,test,1,0.3853117,1
gigagan_00339,test,1,0.3853117,1
gigagan_00340,test,1,0.3853117,1
gigagan_00341,test,1,0.5895241,0
gigagan_00342,test,1,0.23277621,0
gigagan_00343,test,1,0.8217892,0
gigagan_00344,test,1,0.65973705,0
gigagan_00345,test,1,0.97144645,0
gigagan_00346,test,1,0.99125797,0
gigagan_00347,test,1,0.08487474,0
gigagan_00348,test,1,0.3853117,1
gigagan_00349,test,1,0.3853117,1
gigagan_00350,test,1,0.1830975,0
gigagan_00351,test,1,0.79818726,0
gigagan_00352,test,1,0.43729067,0
gigagan_00353,test,1,0.3853117,1
gigagan_00354,test,1,0.061557457,0
gigagan_00355,test,1,0.4005075,0
gigagan_00356,test,1,0.74047047,0
gigagan_00357,test,1,0.9991978,0
gigagan_00358,test,1,0.9921963,0
gigagan_00359,test,1,0.9921406,0
gigagan_00360,test,1,0.3227422,0
gigagan_00361,test,1,0.791283,0
gigagan_00362,test,1,0.3853117,1
gigagan_00363,test,1,0.3853117,1
gigagan_00364,test,1,0.99961436,0
gigagan_00365,test,1,0.3853117,1
gigagan_00366,test,1,0.3853117,1
gigagan_00367,test,1,0.3853117,1
gigagan_00368,test,1,0.3853117,1
gigagan_00369,test,1,0.34182635,0
gigagan_00370,test,1,0.3853117,1
gigagan_00371,test,1,0.9693177,0
gigagan_00372,test,1,0.3853117,1
gigagan_00373,test,1,0.3853117,1
gigagan_00374,test,1,0.3853117,1
gigagan_00375,test,1,0.31500825,0
gigagan_00376,test,1,0.8721574,0
gigagan_00377,test,1,0.3853117,1
gigagan_00378,test,1,0.3853117,1
gigagan_00379,test,1,0.3853117,1
gigagan_00380,test,1,0.3853117,1
gigagan_00381,test,1,0.25628954,0
gigagan_00382,test,1,0.5224852,0
gigagan_00383,test,1,0.79928577,0
gigagan_00384,test,1,0.5800829,0
gigagan_00385,test,1,0.9986192,0
gigagan_00386,test,1,0.3853117,1
gigagan_00387,test,1,0.3853117,1
gigagan_00388,test,1,0.3853117,1
gigagan_00389,test,1,0.6902265,0
gigagan_00390,test,1,0.5733204,0
gigagan_00391,test,1,0.98709816,0
gigagan_00392,test,1,0.7810195,0
gigagan_00393,test,1,0.98883665,0
gigagan_00394,test,1,0.3853117,1
gigagan_00395,test,1,0.3853117,1
gigagan_00396,test,1,0.017889569,0
gigagan_00397,test,1,0.9819772,0
gigagan_00398,test,1,0.28761378,0
gigagan_00399,test,1,0.39182997,0
gigagan_00400,test,1,0.8838453,1
gigagan_00401,test,1,0.14192723,0
gigagan_00402,test,1,0.9979607,0
gigagan_00403,test,1,0.3853117,1
gigagan_00404,test,1,0.3853117,1
gigagan_00405,test,1,0.074593246,0
gigagan_00406,test,1,0.29650244,0
gigagan_00407,test,1,0.97617245,0
gigagan_00408,test,1,0.3853117,1
gigagan_00409,test,1,0.3853117,1
gigagan_00410,test,1,0.9713027,0
gigagan_00411,test,1,0.6495083,0
gigagan_00412,test,1,0.3853117,1
gigagan_00413,test,1,0.98569274,0
gigagan_00414,test,1,0.5704758,0
gigagan_00415,test,1,0.9739006,0
gigagan_00416,test,1,0.3853117,1
gigagan_00417,test,1,0.3853117,1
gigagan_00418,test,1,0.9870194,0
gigagan_00419,test,1,0.52055603,0
gigagan_00420,test,1,0.3853117,1
gigagan_00421,test,1,0.3853117,1
gigagan_00422,test,1,0.3853117,1
gigagan_00423,test,1,0.9951326,0
gigagan_00424,test,1,0.99929607,0
gigagan_00425,test,1,0.3853117,1
gigagan_00426,test,1,0.3853117,1
gigagan_00427,test,1,0.3853117,1
gigagan_00428,test,1,0.7282769,0
gigagan_00429,test,1,0.7172169,0
gigagan_00430,test,1,0.3853117,1
gigagan_00431,test,1,0.069574736,0
gigagan_00432,test,1,0.026458906,0
gigagan_00433,test,1,0.8007537,0
gigagan_00434,test,1,0.3853117,1
gigagan_00435,test,1,0.3853117,1
gigagan_00436,test,1,0.3853117,1
gigagan_00437,test,1,0.987508,0
gigagan_00438,test,1,0.86741227,0
gigagan_00439,test,1,0.95726776,0
gigagan_00440,test,1,0.3853117,1
gigagan_00441,test,1,0.3853117,1
gigagan_00442,test,1,0.98431075,0
gigagan_00443,test,1,0.15256639,0
gigagan_00444,test,1,0.8672514,0
gigagan_00445,test,1,0.9557589,0
gigagan_00446,test,1,0.3853117,1
gigagan_00447,test,1,0.9871682,0
gigagan_00448,test,1,0.3853117,1
gigagan_00449,test,1,0.3853117,1
gigagan_00450,test,1,0.3853117,1
gigagan_00451,test,1,0.3853117,1
gigagan_00452,test,1,0.98661137,0
gigagan_00453,test,1,0.698988,0
gigagan_00454,test,1,0.3853117,1
gigagan_00455,test,1,0.96053517,0
gigagan_00456,test,1,0.3853117,1
gigagan_00457,test,1,0.3853117,1
gigagan_00458,test,1,0.3853117,1
gigagan_00459,test,1,0.98280036,0
gigagan_00460,test,1,0.3853117,1
gigagan_00461,test,1,0.3853117,1
gigagan_00462,test,1,0.99391574,0
gigagan_00463,test,1,0.49453464,0
gigagan_00464,test,1,0.3853117,1
gigagan_00465,test,1,0.3853117,1
gigagan_00466,test,1,0.28271294,0
gigagan_00467,test,1,0.4441096,0
gigagan_00468,test,1,0.3853117,1
gigagan_00469,test,1,0.22794104,0
gigagan_00470,test,1,0.3853117,1
gigagan_00471,test,1,0.3456165,0
gigagan_00472,test,1,0.3853117,1
gigagan_00473,test,1,0.99981457,0
gigagan_00474,test,1,0.3853117,1
gigagan_00475,test,1,0.6020145,0
gigagan_00476,test,1,0.9121285,0
gigagan_00477,test,1,0.95098764,0
gigagan_00478,test,1,0.9870411,0
gigagan_00479,test,1,0.3853117,1
gigagan_00480,test,1,0.3853117,1
gigagan_00481,test,1,0.99080276,0
gigagan_00482,test,1,0.3853117,1
gigagan_00483,test,1,0.3853117,1
gigagan_00484,test,1,0.3853117,1
gigagan_00485,test,1,0.3853117,1
gigagan_00486,test,1,0.20506452,0
gigagan_00487,test,1,0.3853117,1
gigagan_00488,test,1,0.9998387,0
gigagan_00489,test,1,0.3853117,1
gigagan_00490,test,1,0.702295,0
gigagan_00491,test,1,0.0025597624,0
gigagan_00492,test,1,0.038349587,0
gigagan_00493,test,1,0.95853364,0
gigagan_00494,test,1,0.3853117,1
gigagan_00495,test,1,0.8548742,0
gigagan_00496,test,1,0.3853117,1
gigagan_00497,test,1,0.9710145,0
gigagan_00498,test,1,0.43613976,0
gigagan_00499,test,1,0.3853117,1
gigagan_00500,test,1,0.014900903,0
gigagan_00501,test,1,0.9171497,0
gigagan_00502,test,1,0.3853117,1
gigagan_00503,test,1,0.9989749,0
gigagan_00504,test,1,0.3853117,1
gigagan_00505,test,1,0.08860753,0
gigagan_00506,test,1,0.9993414,0
gigagan_00507,test,1,0.99456996,0
gigagan_00508,test,1,0.94555134,0
gigagan_00509,test,1,0.94609475,0
gigagan_00510,test,1,0.3853117,1
gigagan_00511,test,1,0.44868085,0
gigagan_00512,test,1,0.3853117,1
gigagan_00513,test,1,0.3853117,1
gigagan_00514,test,1,0.95890254,0
gigagan_00515,test,1,0.18299064,0
gigagan_00516,test,1,0.8600612,0
gigagan_00517,test,1,0.0032587626,0
gigagan_00518,test,1,0.8242161,0
gigagan_00519,test,1,0.3853117,1
gigagan_00520,test,1,0.3853117,1
gigagan_00521,test,1,0.02094576,0
gigagan_00522,test,1,0.9951126,0
gigagan_00523,test,1,0.99586606,0
gigagan_00524,test,1,0.9025974,0
gigagan_00525,test,1,0.9985812,0
gigagan_00526,test,1,0.3853117,1
gigagan_00527,test,1,0.98566103,0
gigagan_00528,test,1,0.043648075,0
gigagan_00529,test,1,0.3853117,1
gigagan_00530,test,1,0.99677783,0
gigagan_00531,test,1,0.3853117,1
gigagan_00532,test,1,0.021896152,0
gigagan_00533,test,1,0.3853117,1
gigagan_00534,test,1,0.3853117,1
gigagan_00535,test,1,0.3853117,1
gigagan_00536,test,1,0.9002649,0
gigagan_00537,test,1,0.32047364,0
gigagan_00538,test,1,0.99939215,0
gigagan_00539,test,1,0.21958315,0
gigagan_00540,test,1,0.3853117,1
gigagan_00541,test,1,0.95529294,0
gigagan_00542,test,1,0.8560198,0
gigagan_00543,test,1,0.3853117,1
gigagan_00544,test,1,0.24665569,0
gigagan_00545,test,1,0.3853117,1
gigagan_00546,test,1,0.18275273,0
gigagan_00547,test,1,0.9940544,0
gigagan_00548,test,1,0.3853117,1
gigagan_00549,test,1,0.3853117,1
gigagan_00550,test,1,0.3853117,1
gigagan_00551,test,1,0.028861767,0
gigagan_00552,test,1,0.3853117,1
gigagan_00553,test,1,0.3853117,1
gigagan_00554,test,1,0.3853117,1
gigagan_00555,test,1,0.75562245,0
gigagan_00556,test,1,0.83812803,0
gigagan_00557,test,1,0.9797997,0
gigagan_00558,test,1,0.9609862,0
gigagan_00559,test,1,0.3853117,1
gigagan_00560,test,1,0.8928957,0
gigagan_00561,test,1,0.3853117,1
gigagan_00562,test,1,0.97427714,0
gigagan_00563,test,1,0.3853117,1
gigagan_00564,test,1,0.8425306,0
gigagan_00565,test,1,0.3853117,1
gigagan_00566,test,1,0.6438259,0
gigagan_00567,test,1,0.6610453,0
gigagan_00568,test,1,0.9984394,0
gigagan_00569,test,1,0.3853117,1
gigagan_00570,test,1,0.3853117,1
gigagan_00571,test,1,0.3853117,1
gigagan_00572,test,1,0.9600398,0
gigagan_00573,test,1,0.3853117,1
gigagan_00574,test,1,0.7986747,0
gigagan_00575,test,1,0.2633622,0
gigagan_00576,test,1,0.3853117,1
gigagan_00577,test,1,0.6699264,0
gigagan_00578,test,1,0.13369627,0
gigagan_00579,test,1,0.99934024,0
gigagan_00580,test,1,0.3853117,1
gigagan_00581,test,1,0.3853117,1
gigagan_00582,test,1,0.97428244,0
gigagan_00583,test,1,0.92705166,0
gigagan_00584,test,1,0.3853117,1
gigagan_00585,test,1,0.1347863,0
gigagan_00586,test,1,0.0500504,0
gigagan_00587,test,1,0.9707918,0
gigagan_00588,test,1,0.3853117,1
gigagan_00589,test,1,0.3853117,1
gigagan_00590,test,1,0.9480251,0
gigagan_00591,test,1,0.985148,0
gigagan_00592,test,1,0.3853117,1
gigagan_00593,test,1,0.3853117,1
gigagan_00594,test,1,0.7894319,0
gigagan_00595,test,1,0.399309,0
gigagan_00596,test,1,0.14994115,0
gigagan_00597,test,1,0.3853117,1
gigagan_00598,test,1,0.9394119,0
gigagan_00599,test,1,0.9926097,0
gigagan_00600,test,1,0.44538295,0
gigagan_00601,test,1,0.3853117,1
gigagan_00602,test,1,0.918257,0
gigagan_00603,test,1,0.9580734,0
gigagan_00604,test,1,0.073381566,0
gigagan_00605,test,1,0.9352797,0
gigagan_00606,test,1,0.8961279,0
gigagan_00607,test,1,0.3853117,1
gigagan_00608,test,1,0.47778362,0
gigagan_00609,test,1,0.3853117,1
gigagan_00610,test,1,0.3853117,1
gigagan_00611,test,1,0.95493346,0
gigagan_00612,test,1,0.15919617,0
gigagan_00613,test,1,0.9782679,0
gigagan_00614,test,1,0.5002594,0
gigagan_00615,test,1,0.3853117,1
gigagan_00616,test,1,0.3853117,1
gigagan_00617,test,1,0.3853117,1
gigagan_00618,test,1,0.3638968,0
gigagan_00619,test,1,0.3853117,1
gigagan_00620,test,1,0.3853117,1
gigagan_00621,test,1,0.3853117,1
gigagan_00622,test,1,0.3853117,1
gigagan_00623,test,1,0.3853117,1
gigagan_00624,test,1,0.91019654,0
gigagan_00625,test,1,0.85666007,0
gigagan_00626,test,1,0.905167,0
gigagan_00627,test,1,0.89456165,0
gigagan_00628,test,1,0.6748015,0
gigagan_00629,test,1,0.9708812,0
gigagan_00630,test,1,0.3853117,1
gigagan_00631,test,1,0.99896145,0
gigagan_00632,test,1,0.5924604,0
gigagan_00633,test,1,0.8241569,0
gigagan_00634,test,1,0.3853117,1
gigagan_00635,test,1,0.3853117,1
gigagan_00636,test,1,0.97335964,0
gigagan_00637,test,1,0.3853117,1
gigagan_00638,test,1,0.17671725,0
gigagan_00639,test,1,0.8770068,0
gigagan_00640,test,1,0.6350727,0
gigagan_00641,test,1,0.009103257,0
gigagan_00642,test,1,0.98083055,0
gigagan_00643,test,1,0.7543047,0
gigagan_00644,test,1,0.8959882,0
gigagan_00645,test,1,0.9995148,0
gigagan_00646,test,1,0.3853117,1
gigagan_00647,test,1,0.5933213,0
gigagan_00648,test,1,0.18109941,0
gigagan_00649,test,1,0.45074093,0
gigagan_00650,test,1,0.3853117,1
gigagan_00651,test,1,0.3853117,1
gigagan_00652,test,1,0.94436985,0
gigagan_00653,test,1,0.98245114,0
gigagan_00654,test,1,0.9995116,0
gigagan_00655,test,1,0.3853117,1
gigagan_00656,test,1,0.3853117,1
gigagan_00657,test,1,0.9958974,0
gigagan_00658,test,1,0.9979803,0
gigagan_00659,test,1,0.7454743,0
gigagan_00660,test,1,0.63328165,0
gigagan_00661,test,1,0.9977696,0
gigagan_00662,test,1,0.942313,0
gigagan_00663,test,1,0.3853117,1
gigagan_00664,test,1,0.3853117,1
gigagan_00665,test,1,0.3853117,1
gigagan_00666,test,1,0.3853117,1
gigagan_00667,test,1,0.9970722,0
gigagan_00668,test,1,0.3853117,1
gigagan_00669,test,1,0.9933001,0
gigagan_00670,test,1,0.3853117,1
gigagan_00671,test,1,0.3853117,1
gigagan_00672,test,1,0.3853117,1
gigagan_00673,test,1,0.3853117,1
gigagan_00674,test,1,0.8888425,0
gigagan_00675,test,1,0.3853117,1
gigagan_00676,test,1,0.95856255,0
gigagan_00677,test,1,0.4928465,0
gigagan_00678,test,1,0.657406,0
gigagan_00679,test,1,0.509156,0
gigagan_00680,test,1,0.9600829,0
gigagan_00681,test,1,0.93780905,0
gigagan_00682,test,1,0.9919498,0
gigagan_00683,test,1,0.48346877,0
gigagan_00684,test,1,0.3853117,1
gigagan_00685,test,1,0.3853117,1
gigagan_00686,test,1,0.4668189,0
gigagan_00687,test,1,0.3853117,1
gigagan_00688,test,1,0.3853117,1
gigagan_00689,test,1,0.3853117,1
gigagan_00690,test,1,0.3853117,1
gigagan_00691,test,1,0.9955051,0
gigagan_00692,test,1,0.3853117,1
gigagan_00693,test,1,0.8347523,0
gigagan_00694,test,1,0.3853117,1
gigagan_00695,test,1,0.91046536,0
gigagan_00696,test,1,0.3853117,1
gigagan_00697,test,1,0.3853117,1
gigagan_00698,test,1,0.3853117,1
gigagan_00699,test,1,0.12938197,0
gigagan_00700,test,1,0.8249838,0
gigagan_00701,test,1,0.3853117,1
gigagan_00702,test,1,0.3853117,1
gigagan_00703,test,1,0.07818855,0
gigagan_00704,test,1,0.9107583,0
gigagan_00705,test,1,0.3853117,1
gigagan_00706,test,1,0.3853117,1
gigagan_00707,test,1,0.7276367,0
gigagan_00708,test,1,0.3853117,1
gigagan_00709,test,1,0.3853117,1
gigagan_00710,test,1,0.3853117,1
gigagan_00711,test,1,0.3853117,1
gigagan_00712,test,1,0.97222203,0
gigagan_00713,test,1,0.3853117,1
gigagan_00714,test,1,0.53401333,0
gigagan_00715,test,1,0.03153765,0
gigagan_00716,test,1,0.32459044,0
gigagan_00717,test,1,0.3853117,1
gigagan_00718,test,1,0.79890865,0
gigagan_00719,test,1,0.9281327,0
gigagan_00720,test,1,0.3853117,1
gigagan_00721,test,1,0.61127174,0
gigagan_00722,test,1,0.5711529,0
gigagan_00723,test,1,0.99927276,0
gigagan_00724,test,1,0.89441586,0
gigagan_00725,test,1,0.3853117,1
gigagan_00726,test,1,0.3853117,1
gigagan_00727,test,1,0.8799439,0
gigagan_00728,test,1,0.24744833,0
gigagan_00729,test,1,0.6420022,0
gigagan_00730,test,1,0.3853117,1
gigagan_00731,test,1,0.6160949,0
gigagan_00732,test,1,0.9470264,0
gigagan_00733,test,1,0.3853117,1
gigagan_00734,test,1,0.3853117,1
gigagan_00735,test,1,0.57332337,0
gigagan_00736,test,1,0.3853117,1
gigagan_00737,test,1,0.3853117,1
gigagan_00738,test,1,0.3853117,1
gigagan_00739,test,1,0.6677615,0
gigagan_00740,test,1,0.3853117,1
gigagan_00741,test,1,0.3853117,1
gigagan_00742,test,1,0.3853117,1
gigagan_00743,test,1,0.7001944,0
gigagan_00744,test,1,0.99986506,0
gigagan_00745,test,1,0.3853117,1
gigagan_00746,test,1,0.3853117,1
gigagan_00747,test,1,0.3853117,1
gigagan_00748,test,1,0.3853117,1
gigagan_00749,test,1,0.3853117,1
gigagan_00750,test,1,0.3853117,1
gigagan_00751,test,1,0.6558845,0
gigagan_00752,test,1,0.3853117,1
gigagan_00753,test,1,0.7738744,0
gigagan_00754,test,1,0.8516617,0
gigagan_00755,test,1,0.9497809,0
gigagan_00756,test,1,0.30018228,0
gigagan_00757,test,1,0.06734278,0
gigagan_00758,test,1,0.4424147,0
gigagan_00759,test,1,0.3853117,1
gigagan_00760,test,1,0.3853117,1
gigagan_00761,test,1,0.9999988,0
gigagan_00762,test,1,0.3853117,1
gigagan_00763,test,1,0.97685665,0
gigagan_00764,test,1,0.3853117,1
gigagan_00765,test,1,0.05535817,0
gigagan_00766,test,1,0.3853117,1
gigagan_00767,test,1,0.6737787,0
gigagan_00768,test,1,0.99017555,0
gigagan_00769,test,1,0.3853117,1
gigagan_00770,test,1,0.49866328,0
gigagan_00771,test,1,0.9396971,0
gigagan_00772,test,1,0.3853117,1
gigagan_00773,test,1,0.66056675,0
gigagan_00774,test,1,0.9845132,0
gigagan_00775,test,1,0.3853117,1
gigagan_00776,test,1,0.3853117,1
gigagan_00777,test,1,0.3853117,1
gigagan_00778,test,1,0.3853117,1
gigagan_00779,test,1,0.9015912,0
gigagan_00780,test,1,0.3853117,1
gigagan_00781,test,1,0.040954445,0
gigagan_00782,test,1,0.3853117,1
gigagan_00783,test,1,0.89176637,0
gigagan_00784,test,1,0.5067491,0
gigagan_00785,test,1,0.8763901,0
gigagan_00786,test,1,0.9970499,0
gigagan_00787,test,1,0.03631406,0
gigagan_00788,test,1,0.3853117,1
gigagan_00789,test,1,0.9448724,0
gigagan_00790,test,1,0.3853117,1
gigagan_00791,test,1,0.99825114,0
gigagan_00792,test,1,0.3853117,1
gigagan_00793,test,1,0.3853117,1
gigagan_00794,test,1,0.3853117,1
gigagan_00795,test,1,0.74630255,0
gigagan_00796,test,1,0.3853117,1
gigagan_00797,test,1,0.3853117,1
gigagan_00798,test,1,0.102882765,0
gigagan_00799,test,1,0.54758656,0
gigagan_00800,test,1,0.26186895,0
gigagan_00801,test,1,0.3853117,1
gigagan_00802,test,1,0.75382733,0
gigagan_00803,test,1,0.9976992,0
gigagan_00804,test,1,0.99974245,0
gigagan_00805,test,1,0.3853117,1
gigagan_00806,test,1,0.3853117,1
gigagan_00807,test,1,0.3853117,1
gigagan_00808,test,1,0.6228914,0
gigagan_00809,test,1,0.6076484,0
gigagan_00810,test,1,0.3853117,1
gigagan_00811,test,1,0.97034967,0
gigagan_00812,test,1,0.3853117,1
gigagan_00813,test,1,0.3632379,0
gigagan_00814,test,1,0.9210448,0
gigagan_00815,test,1,0.7085714,0
gigagan_00816,test,1,0.3853117,1
gigagan_00817,test,1,0.9932609,0
gigagan_00818,test,1,0.91175073,0
gigagan_00819,test,1,0.55172265,0
gigagan_00820,test,1,0.3853117,1
gigagan_00821,test,1,0.9262518,0
gigagan_00822,test,1,0.16167128,0
gigagan_00823,test,1,0.3853117,1
gigagan_00824,test,1,0.937874,0
gigagan_00825,test,1,0.9797561,0
gigagan_00826,test,1,0.3853117,1
gigagan_00827,test,1,0.3853117,1
gigagan_00828,test,1,0.9996088,0
gigagan_00829,test,1,0.19157942,0
gigagan_00830,test,1,0.3853117,1
gigagan_00831,test,1,0.3853117,1
gigagan_00832,test,1,0.8722591,0
gigagan_00833,test,1,0.3853117,1
gigagan_00834,test,1,0.9722249,0
gigagan_00835,test,1,0.7547255,0
gigagan_00836,test,1,0.5820202,0
gigagan_00837,test,1,0.22775602,0
gigagan_00838,test,1,0.97433996,0
gigagan_00839,test,1,0.3853117,1
gigagan_00840,test,1,0.97594017,0
gigagan_00841,test,1,0.41990325,0
gigagan_00842,test,1,0.3853117,1
gigagan_00843,test,1,0.3853117,1
gigagan_00844,test,1,0.17335106,0
gigagan_00845,test,1,0.34510964,0
gigagan_00846,test,1,0.3853117,1
gigagan_00847,test,1,0.3853117,1
gigagan_00848,test,1,0.3853117,1
gigagan_00849,test,1,0.3853117,1
gigagan_00850,test,1,0.92863303,0
gigagan_00851,test,1,0.96036845,0
gigagan_00852,test,1,0.3853117,1
gigagan_00853,test,1,0.0906945,0
gigagan_00854,test,1,0.3853117,1
gigagan_00855,test,1,0.3853117,1
gigagan_00856,test,1,0.08294746,0
gigagan_00857,test,1,0.3853117,1
gigagan_00858,test,1,0.89196026,0
gigagan_00859,test,1,0.91887796,0
gigagan_00860,test,1,0.63140166,0
gigagan_00861,test,1,0.47818032,0
gigagan_00862,test,1,0.99705756,0
gigagan_00863,test,1,0.3853117,1
gigagan_00864,test,1,0.9991757,0
gigagan_00865,test,1,0.3853117,1
gigagan_00866,test,1,0.3853117,1
gigagan_00867,test,1,0.6402411,0
gigagan_00868,test,1,0.3853117,1
gigagan_00869,test,1,0.3853117,1
gigagan_00870,test,1,0.3853117,1
gigagan_00871,test,1,0.3853117,1
gigagan_00872,test,1,0.9984944,0
gigagan_00873,test,1,0.3853117,1
gigagan_00874,test,1,0.54331934,0
gigagan_00875,test,1,0.3853117,1
gigagan_00876,test,1,0.91141814,0
gigagan_00877,test,1,0.99139035,0
gigagan_00878,test,1,0.3853117,1
gigagan_00879,test,1,0.3853117,1
gigagan_00880,test,1,0.3074678,0
gigagan_00881,test,1,0.3853117,1
gigagan_00882,test,1,0.05982149,0
gigagan_00883,test,1,0.96492475,0
gigagan_00884,test,1,0.53635293,0
gigagan_00885,test,1,0.3853117,1
gigagan_00886,test,1,0.9474616,1
gigagan_00887,test,1,0.3853117,1
gigagan_00888,test,1,0.9371451,0
gigagan_00889,test,1,0.28543338,0
gigagan_00890,test,1,0.3853117,1
gigagan_00891,test,1,0.3853117,1
gigagan_00892,test,1,0.3853117,1
gigagan_00893,test,1,0.9996741,0
gigagan_00894,test,1,0.8817728,0
gigagan_00895,test,1,0.9013271,0
gigagan_00896,test,1,0.3853117,1
gigagan_00897,test,1,0.9994752,0
gigagan_00898,test,1,0.3853117,1
gigagan_00899,test,1,0.960367,0
gigagan_00900,test,1,0.3853117,1
gigagan_00901,test,1,0.6620358,0
gigagan_00902,test,1,0.3853117,1
gigagan_00903,test,1,0.28103283,0
gigagan_00904,test,1,0.9350415,0
gigagan_00905,test,1,0.3853117,1
gigagan_00906,test,1,0.3853117,1
gigagan_00907,test,1,0.81611264,0
gigagan_00908,test,1,0.3853117,1
gigagan_00909,test,1,0.3853117,1
gigagan_00910,test,1,0.9984669,0
gigagan_00911,test,1,0.99703324,0
gigagan_00912,test,1,0.3853117,1
gigagan_00913,test,1,0.3853117,1
gigagan_00914,test,1,0.3853117,1
gigagan_00915,test,1,0.9446492,0
gigagan_00916,test,1,0.15553838,0
gigagan_00917,test,1,0.20559934,0
gigagan_00918,test,1,0.3853117,1
gigagan_00919,test,1,0.3853117,1
gigagan_00920,test,1,0.4629844,0
gigagan_00921,test,1,0.9567021,0
gigagan_00922,test,1,0.9916626,0
gigagan_00923,test,1,0.3853117,1
gigagan_00924,test,1,0.9988362,0
gigagan_00925,test,1,0.9712842,0
gigagan_00926,test,1,0.3853117,1
gigagan_00927,test,1,0.99998426,0
gigagan_00928,test,1,0.3853117,1
gigagan_00929,test,1,0.6284638,0
gigagan_00930,test,1,0.3853117,1
gigagan_00931,test,1,0.3853117,1
gigagan_00932,test,1,0.9997385,0
gigagan_00933,test,1,0.3853117,1
gigagan_00934,test,1,0.50057226,0
gigagan_00935,test,1,0.9983669,0
gigagan_00936,test,1,0.20220561,0
gigagan_00937,test,1,0.3853117,1
gigagan_00938,test,1,0.3853117,1
gigagan_00939,test,1,0.9442009,0
gigagan_00940,test,1,0.38519806,0
gigagan_00941,test,1,0.3853117,1
gigagan_00942,test,1,0.5527004,0
gigagan_00943,test,1,0.3853117,1
gigagan_00944,test,1,0.3853117,1
gigagan_00945,test,1,0.9892118,0
gigagan_00946,test,1,0.7065945,0
gigagan_00947,test,1,0.975267,0
gigagan_00948,test,1,0.90708923,0
gigagan_00949,test,1,0.3853117,1
gigagan_00950,test,1,0.9852014,0
gigagan_00951,test,1,0.3853117,1
gigagan_00952,test,1,0.06706189,0
gigagan_00953,test,1,0.3853117,1
gigagan_00954,test,1,0.3853117,1
gigagan_00955,test,1,0.840727,0
gigagan_00956,test,1,0.8697034,0
gigagan_00957,test,1,0.3853117,1
gigagan_00958,test,1,0.43375307,0
gigagan_00959,test,1,0.32778662,0
gigagan_00960,test,1,0.77272886,0
gigagan_00961,test,1,0.3853117,1
gigagan_00962,test,1,0.09748353,0
gigagan_00963,test,1,0.016711637,0
gigagan_00964,test,1,0.98771966,0
gigagan_00965,test,1,0.3853117,1
gigagan_00966,test,1,0.89959913,0
gigagan_00967,test,1,0.23102437,0
gigagan_00968,test,1,0.3853117,1
gigagan_00969,test,1,0.83909374,0
gigagan_00970,test,1,0.90803015,0
gigagan_00971,test,1,0.3853117,1
gigagan_00972,test,1,0.9990522,0
gigagan_00973,test,1,0.31749856,0
gigagan_00974,test,1,0.3853117,1
gigagan_00975,test,1,0.05366947,0
gigagan_00976,test,1,0.227565,0
gigagan_00977,test,1,0.34292263,0
gigagan_00978,test,1,0.3853117,1
gigagan_00979,test,1,0.15218268,0
gigagan_00980,test,1,0.96342963,0
gigagan_00981,test,1,0.9201421,0
gigagan_00982,test,1,0.95082283,0
gigagan_00983,test,1,0.3853117,1
gigagan_00984,test,1,0.16064075,0
gigagan_00985,test,1,0.9995883,0
gigagan_00986,test,1,0.3853117,1
gigagan_00987,test,1,0.3503308,0
gigagan_00988,test,1,0.027347656,0
gigagan_00989,test,1,0.060149282,0
gigagan_00990,test,1,0.050578587,0
gigagan_00991,test,1,0.3853117,1
gigagan_00992,test,1,0.07538393,0
gigagan_00993,test,1,0.3853117,1
gigagan_00994,test,1,0.3853117,1
gigagan_00995,test,1,0.4712409,0
gigagan_00996,test,1,0.3853117,1
gigagan_00997,test,1,0.4332421,0
gigagan_00998,test,1,0.2587137,0
gigagan_00999,test,1,0.3853117,1
midjourney_v5_00000,test,1,0.9555256,0
midjourney_v5_00001,test,1,0.3853117,1
midjourney_v5_00002,test,1,0.65916854,0
midjourney_v5_00003,test,1,0.7958234,0
midjourney_v5_00004,test,1,0.99530184,0
midjourney_v5_00005,test,1,0.9650806,0
midjourney_v5_00006,test,1,0.3853117,1
midjourney_v5_00007,test,1,0.44781432,0
midjourney_v5_00008,test,1,0.77511656,0
midjourney_v5_00009,test,1,0.3853117,1
midjourney_v5_00010,test,1,0.734736,0
midjourney_v5_00011,test,1,0.7478931,0
midjourney_v5_00012,test,1,0.3853117,1
midjourney_v5_00013,test,1,0.87044245,0
midjourney_v5_00014,test,1,0.3853117,1
midjourney_v5_00015,test,1,0.3853117,1
midjourney_v5_00016,test,1,0.3853117,1
midjourney_v5_00017,test,1,0.3853117,1
midjourney_v5_00018,test,1,0.3853117,1
midjourney_v5_00019,test,1,0.3853117,1
midjourney_v5_00020,test,1,0.9381888,0
midjourney_v5_00021,test,1,0.3853117,1
midjourney_v5_00022,test,1,0.9099966,0
midjourney_v5_00023,test,1,0.9605002,0
midjourney_v5_00024,test,1,0.2988207,0
midjourney_v5_00025,test,1,0.3853117,1
midjourney_v5_00026,test,1,0.99685967,0
midjourney_v5_00027,test,1,0.3853117,1
midjourney_v5_00028,test,1,0.3853117,1
midjourney_v5_00029,test,1,0.868119,0
midjourney_v5_00030,test,1,0.96958286,0
midjourney_v5_00031,test,1,0.3853117,1
midjourney_v5_00032,test,1,0.3853117,1
midjourney_v5_00033,test,1,0.3853117,1
midjourney_v5_00034,test,1,0.09859832,0
midjourney_v5_00035,test,1,0.6098552,0
midjourney_v5_00036,test,1,0.3853117,1
midjourney_v5_00037,test,1,0.61385334,0
midjourney_v5_00038,test,1,0.3853117,1
midjourney_v5_00039,test,1,0.8158429,0
midjourney_v5_00040,test,1,0.08478649,0
midjourney_v5_00041,test,1,0.3853117,1
midjourney_v5_00042,test,1,0.37687793,0
midjourney_v5_00043,test,1,0.9991391,0
midjourney_v5_00044,test,1,0.9355929,0
midjourney_v5_00045,test,1,0.3853117,1
midjourney_v5_00046,test,1,0.3853117,1
midjourney_v5_00047,test,1,0.3853117,1
midjourney_v5_00048,test,1,0.3853117,1
midjourney_v5_00049,test,1,0.97953826,0
midjourney_v5_00050,test,1,0.6106182,0
midjourney_v5_00051,test,1,0.24396262,0
midjourney_v5_00052,test,1,0.3853117,1
midjourney_v5_00053,test,1,0.98588806,0
midjourney_v5_00054,test,1,0.3853117,1
midjourney_v5_00055,test,1,0.714009,0
midjourney_v5_00056,test,1,0.3853117,1
midjourney_v5_00057,test,1,0.9823078,0
midjourney_v5_00058,test,1,0.8542582,0
midjourney_v5_00059,test,1,0.8503135,0
midjourney_v5_00060,test,1,0.30739778,0
midjourney_v5_00061,test,1,0.9765471,0
midjourney_v5_00062,test,1,0.3853117,1
midjourney_v5_00063,test,1,0.045768794,0
midjourney_v5_00064,test,1,0.99937755,0
midjourney_v5_00065,test,1,0.3853117,1
midjourney_v5_00066,test,1,0.99994373,0
midjourney_v5_00067,test,1,0.3853117,1
midjourney_v5_00068,test,1,0.90550876,0
midjourney_v5_00069,test,1,0.3853117,1
midjourney_v5_00070,test,1,0.029573742,1
midjourney_v5_00071,test,1,0.3853117,1
midjourney_v5_00072,test,1,0.11420763,0
midjourney_v5_00073,test,1,0.15359277,0
midjourney_v5_00074,test,1,0.9996909,0
midjourney_v5_00075,test,1,0.3853117,1
midjourney_v5_00076,test,1,0.3853117,1
midjourney_v5_00077,test,1,0.3853117,1
midjourney_v5_00078,test,1,0.3853117,1
midjourney_v5_00079,test,1,0.3853117,1
midjourney_v5_00080,test,1,0.9959727,0
midjourney_v5_00081,test,1,0.45988226,0
midjourney_v5_00082,test,1,0.3853117,1
midjourney_v5_00083,test,1,0.8822197,0
midjourney_v5_00084,test,1,0.7714722,0
midjourney_v5_00085,test,1,0.47034004,0
midjourney_v5_00086,test,1,0.3853117,1
midjourney_v5_00087,test,1,0.68613577,0
midjourney_v5_00088,test,1,0.5760249,0
midjourney_v5_00089,test,1,0.8168681,0
midjourney_v5_00090,test,1,0.15626758,0
midjourney_v5_00091,test,1,0.3853117,1
midjourney_v5_00092,test,1,0.3853117,1
midjourney_v5_00093,test,1,0.46918505,0
midjourney_v5_00094,test,1,0.16783585,0
midjourney_v5_00095,test,1,0.7357389,0
midjourney_v5_00096,test,1,0.3853117,1
midjourney_v5_00097,test,1,0.29737586,0
midjourney_v5_00098,test,1,0.9987759,0
midjourney_v5_00099,test,1,0.57914704,0
midjourney_v5_00100,test,1,0.9847648,0
midjourney_v5_00101,test,1,0.3853117,1
midjourney_v5_00102,test,1,0.3302663,0
midjourney_v5_00103,test,1,0.9832229,0
midjourney_v5_00104,test,1,0.3853117,1
midjourney_v5_00105,test,1,0.3853117,1
midjourney_v5_00106,test,1,0.60514045,0
midjourney_v5_00107,test,1,0.3853117,1
midjourney_v5_00108,test,1,0.3853117,1
midjourney_v5_00109,test,1,0.55120665,0
midjourney_v5_00110,test,1,0.66779333,0
midjourney_v5_00111,test,1,0.3853117,1
midjourney_v5_00112,test,1,0.3853117,1
midjourney_v5_00113,test,1,0.7841619,0
midjourney_v5_00114,test,1,0.69549114,0
midjourney_v5_00115,test,1,0.82151324,0
midjourney_v5_00116,test,1,0.3853117,1
midjourney_v5_00117,test,1,0.9812692,0
midjourney_v5_00118,test,1,0.87060744,0
midjourney_v5_00119,test,1,0.9526413,0
midjourney_v5_00120,test,1,0.25734186,0
midjourney_v5_00121,test,1,0.3853117,1
midjourney_v5_00122,test,1,0.92101914,0
midjourney_v5_00123,test,1,0.119518355,0
midjourney_v5_00124,test,1,0.3853117,1
midjourney_v5_00125,test,1,0.3853117,1
midjourney_v5_00126,test,1,0.36342007,0
midjourney_v5_00127,test,1,0.3853117,1
midjourney_v5_00128,test,1,0.3853117,1
midjourney_v5_00129,test,1,0.14674859,0
midjourney_v5_00130,test,1,0.42222413,0
midjourney_v5_00131,test,1,0.2417481,0
midjourney_v5_00132,test,1,0.3853117,1
midjourney_v5_00133,test,1,0.3853117,1
midjourney_v5_00134,test,1,0.92708343,0
midjourney_v5_00135,test,1,0.3853117,1
midjourney_v5_00136,test,1,0.3853117,1
midjourney_v5_00137,test,1,0.17858037,0
midjourney_v5_00138,test,1,0.3853117,1
midjourney_v5_00139,test,1,0.12234754,0
midjourney_v5_00140,test,1,0.99897087,0
midjourney_v5_00141,test,1,0.98359054,0
midjourney_v5_00142,test,1,0.4372687,0
midjourney_v5_00143,test,1,0.3853117,1
midjourney_v5_00144,test,1,0.3853117,1
midjourney_v5_00145,test,1,0.3853117,1
midjourney_v5_00146,test,1,0.8101685,0
midjourney_v5_00147,test,1,0.3853117,1
midjourney_v5_00148,test,1,0.3853117,1
midjourney_v5_00149,test,1,0.3853117,1
midjourney_v5_00150,test,1,0.3853117,1
midjourney_v5_00151,test,1,0.3853117,1
midjourney_v5_00152,test,1,0.92962533,0
midjourney_v5_00153,test,1,0.9685952,0
midjourney_v5_00154,test,1,0.3853117,1
midjourney_v5_00155,test,1,0.10338928,0
midjourney_v5_00156,test,1,0.3853117,1
midjourney_v5_00157,test,1,0.3853117,1
midjourney_v5_00158,test,1,0.30402225,0
midjourney_v5_00159,test,1,0.6613576,0
midjourney_v5_00160,test,1,0.8820531,0
midjourney_v5_00161,test,1,0.9946772,0
midjourney_v5_00162,test,1,0.39018023,0
midjourney_v5_00163,test,1,0.3853117,1
midjourney_v5_00164,test,1,0.9776715,0
midjourney_v5_00165,test,1,0.3853117,1
midjourney_v5_00166,test,1,0.3853117,1
midjourney_v5_00167,test,1,0.6233992,0
midjourney_v5_00168,test,1,0.3853117,1
midjourney_v5_00169,test,1,0.5256356,0
midjourney_v5_00170,test,1,0.3853117,1
midjourney_v5_00171,test,1,0.38092327,0
midjourney_v5_00172,test,1,0.3853117,1
midjourney_v5_00173,test,1,0.04942592,0
midjourney_v5_00174,test,1,0.3853117,1
midjourney_v5_00175,test,1,0.3853117,1
midjourney_v5_00176,test,1,0.3853117,1
midjourney_v5_00177,test,1,0.8342243,0
midjourney_v5_00178,test,1,0.3853117,1
midjourney_v5_00179,test,1,0.3853117,1
midjourney_v5_00180,test,1,0.43343416,0
midjourney_v5_00181,test,1,0.3853117,1
midjourney_v5_00182,test,1,0.3853117,1
midjourney_v5_00183,test,1,0.3853117,1
midjourney_v5_00184,test,1,0.3853117,1
midjourney_v5_00185,test,1,0.43392915,0
midjourney_v5_00186,test,1,0.8281912,0
midjourney_v5_00187,test,1,0.9694728,0
midjourney_v5_00188,test,1,0.9596731,0
midjourney_v5_00189,test,1,0.3853117,1
midjourney_v5_00190,test,1,0.11559461,0
midjourney_v5_00191,test,1,0.118379004,0
midjourney_v5_00192,test,1,0.3853117,1
midjourney_v5_00193,test,1,0.6298773,0
midjourney_v5_00194,test,1,0.6445481,0
midjourney_v5_00195,test,1,0.9680292,0
midjourney_v5_00196,test,1,0.90514475,0
midjourney_v5_00197,test,1,0.3853117,1
midjourney_v5_00198,test,1,0.3853117,1
midjourney_v5_00199,test,1,0.76220804,0
midjourney_v5_00200,test,1,0.917637,0
midjourney_v5_00201,test,1,0.38390738,0
midjourney_v5_00202,test,1,0.3853117,1
midjourney_v5_00203,test,1,0.46176827,0
midjourney_v5_00204,test,1,0.3853117,1
midjourney_v5_00205,test,1,0.3853117,1
midjourney_v5_00206,test,1,0.3853117,1
midjourney_v5_00207,test,1,0.85038364,0
midjourney_v5_00208,test,1,0.3853117,1
midjourney_v5_00209,test,1,0.3853117,1
midjourney_v5_00210,test,1,0.023632225,0
midjourney_v5_00211,test,1,0.3853117,1
midjourney_v5_00212,test,1,0.3853117,1
midjourney_v5_00213,test,1,0.3853117,1
midjourney_v5_00214,test,1,0.3853117,1
midjourney_v5_00215,test,1,0.3853117,1
midjourney_v5_00216,test,1,0.3853117,1
midjourney_v5_00217,test,1,0.3853117,1
midjourney_v5_00218,test,1,0.3853117,1
midjourney_v5_00219,test,1,0.45223352,0
midjourney_v5_00220,test,1,0.3853117,1
midjourney_v5_00221,test,1,0.99412185,0
midjourney_v5_00222,test,1,0.3853117,1
midjourney_v5_00223,test,1,0.7204383,0
midjourney_v5_00224,test,1,0.3853117,1
midjourney_v5_00225,test,1,0.3853117,1
midjourney_v5_00226,test,1,0.3853117,1
midjourney_v5_00227,test,1,0.29123458,0
midjourney_v5_00228,test,1,0.3853117,1
midjourney_v5_00229,test,1,0.19123805,0
midjourney_v5_00230,test,1,0.15906915,0
midjourney_v5_00231,test,1,0.3853117,1
midjourney_v5_00232,test,1,0.99457115,0
midjourney_v5_00233,test,1,0.3853117,1
midjourney_v5_00234,test,1,0.9990336,0
midjourney_v5_00235,test,1,0.9955237,0
midjourney_v5_00236,test,1,0.99331033,0
midjourney_v5_00237,test,1,0.7647492,0
midjourney_v5_00238,test,1,0.091035314,0
midjourney_v5_00239,test,1,0.9479083,0
midjourney_v5_00240,test,1,0.3853117,1
midjourney_v5_00241,test,1,0.07091805,0
midjourney_v5_00242,test,1,0.9777033,0
midjourney_v5_00243,test,1,0.3853117,1
midjourney_v5_00244,test,1,0.69258,0
midjourney_v5_00245,test,1,0.3853117,1
midjourney_v5_00246,test,1,0.3853117,1
midjourney_v5_00247,test,1,0.960338,0
midjourney_v5_00248,test,1,0.99390125,0
midjourney_v5_00249,test,1,0.99756384,0
midjourney_v5_00250,test,1,0.3853117,1
midjourney_v5_00251,test,1,0.7264258,0
midjourney_v5_00252,test,1,0.3853117,1
midjourney_v5_00253,test,1,0.8642642,0
midjourney_v5_00254,test,1,0.5172052,0
midjourney_v5_00255,test,1,0.3853117,1
midjourney_v5_00256,test,1,0.93600744,0
midjourney_v5_00257,test,1,0.3853117,1
midjourney_v5_00258,test,1,0.13340092,0
midjourney_v5_00259,test,1,0.3853117,1
midjourney_v5_00260,test,1,0.9714343,0
midjourney_v5_00261,test,1,0.021376375,0
midjourney_v5_00262,test,1,0.6431917,0
midjourney_v5_00263,test,1,0.3853117,1
midjourney_v5_00264,test,1,0.6364728,0
midjourney_v5_00265,test,1,0.3853117,1
midjourney_v5_00266,test,1,0.3853117,1
midjourney_v5_00267,test,1,0.3853117,1
midjourney_v5_00268,test,1,0.3853117,1
midjourney_v5_00269,test,1,0.33893922,0
midjourney_v5_00270,test,1,0.3853117,1
midjourney_v5_00271,test,1,0.3853117,1
midjourney_v5_00272,test,1,0.3853117,1
midjourney_v5_00273,test,1,0.3853117,1
midjourney_v5_00274,test,1,0.3853117,1
midjourney_v5_00275,test,1,0.3853117,1
midjourney_v5_00276,test,1,0.3853117,1
midjourney_v5_00277,test,1,0.3853117,1
midjourney_v5_00278,test,1,0.3853117,1
midjourney_v5_00279,test,1,0.13348344,0
midjourney_v5_00280,test,1,0.9513175,0
midjourney_v5_00281,test,1,0.34439522,0
midjourney_v5_00282,test,1,0.3853117,1
midjourney_v5_00283,test,1,0.9931585,0
midjourney_v5_00284,test,1,0.47225666,0
midjourney_v5_00285,test,1,0.3853117,1
midjourney_v5_00286,test,1,0.3853117,1
midjourney_v5_00287,test,1,0.8059301,0
midjourney_v5_00288,test,1,0.3853117,1
midjourney_v5_00289,test,1,0.3853117,1
midjourney_v5_00290,test,1,0.3853117,1
midjourney_v5_00291,test,1,0.3853117,1
midjourney_v5_00292,test,1,0.7574968,0
midjourney_v5_00293,test,1,0.22985594,0
midjourney_v5_00294,test,1,0.2826748,0
midjourney_v5_00295,test,1,0.3853117,1
midjourney_v5_00296,test,1,0.6873521,0
midjourney_v5_00297,test,1,0.5888024,0
midjourney_v5_00298,test,1,0.3853117,1
midjourney_v5_00299,test,1,0.3853117,1
midjourney_v5_00300,test,1,0.9794478,0
midjourney_v5_00301,test,1,0.3853117,1
midjourney_v5_00302,test,1,0.3853117,1
midjourney_v5_00303,test,1,0.3853117,1
midjourney_v5_00304,test,1,0.3853117,1
midjourney_v5_00305,test,1,0.3853117,1
midjourney_v5_00306,test,1,0.93254375,0
midjourney_v5_00307,test,1,0.3853117,1
midjourney_v5_00308,test,1,0.3853117,1
midjourney_v5_00309,test,1,0.62121016,0
midjourney_v5_00310,test,1,0.3853117,1
midjourney_v5_00311,test,1,0.51669025,0
midjourney_v5_00312,test,1,0.3853117,1
midjourney_v5_00313,test,1,0.55737036,0
midjourney_v5_00314,test,1,0.3853117,1
midjourney_v5_00315,test,1,0.3853117,1
midjourney_v5_00316,test,1,0.3853117,1
midjourney_v5_00317,test,1,0.3853117,1
midjourney_v5_00318,test,1,0.85762566,0
midjourney_v5_00319,test,1,0.99098444,0
midjourney_v5_00320,test,1,0.87167,0
midjourney_v5_00321,test,1,0.9385017,0
midjourney_v5_00322,test,1,0.3598588,0
midjourney_v5_00323,test,1,0.6600949,0
midjourney_v5_00324,test,1,0.68156016,0
midjourney_v5_00325,test,1,0.568052,0
midjourney_v5_00326,test,1,0.13386464,0
midjourney_v5_00327,test,1,0.3853117,1
midjourney_v5_00328,test,1,0.62727004,0
midjourney_v5_00329,test,1,0.3853117,1
midjourney_v5_00330,test,1,0.8629139,0
midjourney_v5_00331,test,1,0.3853117,1
midjourney_v5_00332,test,1,0.3853117,1
midjourney_v5_00333,test,1,0.30329296,0
midjourney_v5_00334,test,1,0.3853117,1
midjourney_v5_00335,test,1,0.19223188,0
midjourney_v5_00336,test,1,0.3853117,1
midjourney_v5_00337,test,1,0.3853117,1
midjourney_v5_00338,test,1,0.88862514,0
midjourney_v5_00339,test,1,0.3853117,1
midjourney_v5_00340,test,1,0.3853117,1
midjourney_v5_00341,test,1,0.7820578,0
midjourney_v5_00342,test,1,0.2645692,0
midjourney_v5_00343,test,1,0.985194,0
midjourney_v5_00344,test,1,0.3853117,1
midjourney_v5_00345,test,1,0.3853117,1
midjourney_v5_00346,test,1,0.9864196,0
midjourney_v5_00347,test,1,0.4819193,0
midjourney_v5_00348,test,1,0.3853117,1
midjourney_v5_00349,test,1,0.3853117,1
midjourney_v5_00350,test,1,0.57366616,0
midjourney_v5_00351,test,1,0.975086,0
midjourney_v5_00352,test,1,0.9976178,0
midjourney_v5_00353,test,1,0.60703903,0
midjourney_v5_00354,test,1,0.99452055,0
midjourney_v5_00355,test,1,0.3853117,1
midjourney_v5_00356,test,1,0.8163959,0
midjourney_v5_00357,test,1,0.3853117,1
midjourney_v5_00358,test,1,0.3853117,1
midjourney_v5_00359,test,1,0.9999459,0
midjourney_v5_00360,test,1,0.3853117,1
midjourney_v5_00361,test,1,0.3853117,1
midjourney_v5_00362,test,1,0.3853117,1
midjourney_v5_00363,test,1,0.8756818,0
midjourney_v5_00364,test,1,0.9416494,0
midjourney_v5_00365,test,1,0.3853117,1
midjourney_v5_00366,test,1,0.3853117,1
midjourney_v5_00367,test,1,0.3853117,1
midjourney_v5_00368,test,1,0.046708573,0
midjourney_v5_00369,test,1,0.60363597,0
midjourney_v5_00370,test,1,0.99449253,0
midjourney_v5_00371,test,1,0.3853117,1
midjourney_v5_00372,test,1,0.91045624,0
midjourney_v5_00373,test,1,0.3853117,1
midjourney_v5_00374,test,1,0.0033922473,0
midjourney_v5_00375,test,1,0.050295293,0
midjourney_v5_00376,test,1,0.33575684,0
midjourney_v5_00377,test,1,0.3853117,1
midjourney_v5_00378,test,1,0.3853117,1
midjourney_v5_00379,test,1,0.3853117,1
midjourney_v5_00380,test,1,0.3853117,1
midjourney_v5_00381,test,1,0.9874352,0
midjourney_v5_00382,test,1,0.3853117,1
midjourney_v5_00383,test,1,0.9783548,0
midjourney_v5_00384,test,1,0.95445246,0
midjourney_v5_00385,test,1,0.3853117,1
midjourney_v5_00386,test,1,0.46232754,0
midjourney_v5_00387,test,1,0.3853117,1
midjourney_v5_00388,test,1,0.17437713,0
midjourney_v5_00389,test,1,0.07292956,0
midjourney_v5_00390,test,1,0.7467123,0
midjourney_v5_00391,test,1,0.03893943,0
midjourney_v5_00392,test,1,0.3853117,1
midjourney_v5_00393,test,1,0.3853117,1
midjourney_v5_00394,test,1,0.3853117,1
midjourney_v5_00395,test,1,0.3853117,1
midjourney_v5_00396,test,1,0.9858348,0
midjourney_v5_00397,test,1,0.9550227,0
midjourney_v5_00398,test,1,0.3853117,1
midjourney_v5_00399,test,1,0.4563768,0
midjourney_v5_00400,test,1,0.3853117,1
midjourney_v5_00401,test,1,0.3853117,1
midjourney_v5_00402,test,1,0.3853117,1
midjourney_v5_00403,test,1,0.83931905,0
midjourney_v5_00404,test,1,0.3853117,1
midjourney_v5_00405,test,1,0.3853117,1
midjourney_v5_00406,test,1,0.9002729,0
midjourney_v5_00407,test,1,0.3853117,1
midjourney_v5_00408,test,1,0.3853117,1
midjourney_v5_00409,test,1,0.11307488,0
midjourney_v5_00410,test,1,0.3853117,1
midjourney_v5_00411,test,1,0.3853117,1
midjourney_v5_00412,test,1,0.3853117,1
midjourney_v5_00413,test,1,0.4369684,0
midjourney_v5_00414,test,1,0.12189431,0
midjourney_v5_00415,test,1,0.3853117,1
midjourney_v5_00416,test,1,0.3853117,1
midjourney_v5_00417,test,1,0.3853117,1
midjourney_v5_00418,test,1,0.07954907,0
midjourney_v5_00419,test,1,0.9437931,0
midjourney_v5_00420,test,1,0.3853117,1
midjourney_v5_00421,test,1,0.3853117,1
midjourney_v5_00422,test,1,0.3853117,1
midjourney_v5_00423,test,1,0.3853117,1
midjourney_v5_00424,test,1,0.60239834,0
midjourney_v5_00425,test,1,0.45784742,0
midjourney_v5_00426,test,1,0.15134929,0
midjourney_v5_00427,test,1,0.44924647,0
midjourney_v5_00428,test,1,0.91242564,0
midjourney_v5_00429,test,1,0.3853117,1
midjourney_v5_00430,test,1,0.3853117,1
midjourney_v5_00431,test,1,0.3853117,1
midjourney_v5_00432,test,1,0.97117853,0
midjourney_v5_00433,test,1,0.608413,0
midjourney_v5_00434,test,1,0.8980759,0
midjourney_v5_00435,test,1,0.3853117,1
midjourney_v5_00436,test,1,0.3853117,1
midjourney_v5_00437,test,1,0.6673284,0
midjourney_v5_00438,test,1,0.3853117,1
midjourney_v5_00439,test,1,0.43101585,0
midjourney_v5_00440,test,1,0.2704936,1
midjourney_v5_00441,test,1,0.3853117,1
midjourney_v5_00442,test,1,0.3853117,1
midjourney_v5_00443,test,1,0.8065138,0
midjourney_v5_00444,test,1,0.3853117,1
midjourney_v5_00445,test,1,0.3652099,0
midjourney_v5_00446,test,1,0.9638102,0
midjourney_v5_00447,test,1,0.9456045,0
midjourney_v5_00448,test,1,0.3853117,1
midjourney_v5_00449,test,1,0.3853117,1
midjourney_v5_00450,test,1,0.3853117,1
midjourney_v5_00451,test,1,0.3853117,1
midjourney_v5_00452,test,1,0.3853117,1
midjourney_v5_00453,test,1,0.99953914,0
midjourney_v5_00454,test,1,0.2551853,0
midjourney_v5_00455,test,1,0.3853117,1
midjourney_v5_00456,test,1,0.3853117,1
midjourney_v5_00457,test,1,0.40950945,0
midjourney_v5_00458,test,1,0.96743816,0
midjourney_v5_00459,test,1,0.2633443,0
midjourney_v5_00460,test,1,0.3853117,1
midjourney_v5_00461,test,1,0.9701628,0
midjourney_v5_00462,test,1,0.3853117,1
midjourney_v5_00463,test,1,0.44379246,0
midjourney_v5_00464,test,1,0.6093065,0
midjourney_v5_00465,test,1,0.9882202,0
midjourney_v5_00466,test,1,0.80960804,0
midjourney_v5_00467,test,1,0.3853117,1
midjourney_v5_00468,test,1,0.3853117,1
midjourney_v5_00469,test,1,0.84658456,0
midjourney_v5_00470,test,1,0.3853117,1
midjourney_v5_00471,test,1,0.3853117,1
midjourney_v5_00472,test,1,0.931007,0
midjourney_v5_00473,test,1,0.226446,0
midjourney_v5_00474,test,1,0.9535386,0
midjourney_v5_00475,test,1,0.3853117,1
midjourney_v5_00476,test,1,0.92527217,0
midjourney_v5_00477,test,1,0.3853117,1
midjourney_v5_00478,test,1,0.3853117,1
midjourney_v5_00479,test,1,0.3853117,1
midjourney_v5_00480,test,1,0.3853117,1
midjourney_v5_00481,test,1,0.99189514,0
midjourney_v5_00482,test,1,0.3853117,1
midjourney_v5_00483,test,1,0.97179383,0
midjourney_v5_00484,test,1,0.21586473,0
midjourney_v5_00485,test,1,0.9141773,0
midjourney_v5_00486,test,1,0.8030699,0
midjourney_v5_00487,test,1,0.3853117,1
midjourney_v5_00488,test,1,0.3853117,1
midjourney_v5_00489,test,1,0.9991115,0
midjourney_v5_00490,test,1,0.12500429,0
midjourney_v5_00491,test,1,0.3853117,1
midjourney_v5_00492,test,1,0.3853117,1
midjourney_v5_00493,test,1,0.3853117,1
midjourney_v5_00494,test,1,0.3853117,1
midjourney_v5_00495,test,1,0.23571622,0
midjourney_v5_00496,test,1,0.99055815,0
midjourney_v5_00497,test,1,0.11963034,0
midjourney_v5_00498,test,1,0.3853117,1
midjourney_v5_00499,test,1,0.3853117,1
midjourney_v5_00500,test,1,0.3853117,1
midjourney_v5_00501,test,1,0.8758385,0
midjourney_v5_00502,test,1,0.3853117,1
midjourney_v5_00503,test,1,0.52527934,0
midjourney_v5_00504,test,1,0.7555657,0
midjourney_v5_00505,test,1,0.3853117,1
midjourney_v5_00506,test,1,0.3853117,1
midjourney_v5_00507,test,1,0.9997249,0
midjourney_v5_00508,test,1,0.3853117,1
midjourney_v5_00509,test,1,0.3853117,1
midjourney_v5_00510,test,1,0.3853117,1
midjourney_v5_00511,test,1,0.971676,0
midjourney_v5_00512,test,1,0.3853117,1
midjourney_v5_00513,test,1,0.83199906,0
midjourney_v5_00514,test,1,0.3853117,1
midjourney_v5_00515,test,1,1.0,0
midjourney_v5_00516,test,1,0.3853117,1
midjourney_v5_00517,test,1,0.94760686,0
midjourney_v5_00518,test,1,0.9994547,0
midjourney_v5_00519,test,1,0.9831761,0
midjourney_v5_00520,test,1,0.3853117,1
midjourney_v5_00521,test,1,0.3853117,1
midjourney_v5_00522,test,1,0.5135104,0
midjourney_v5_00523,test,1,0.87115306,0
midjourney_v5_00524,test,1,0.3853117,1
midjourney_v5_00525,test,1,0.3853117,1
midjourney_v5_00526,test,1,0.03519894,0
midjourney_v5_00527,test,1,0.3853117,1
midjourney_v5_00528,test,1,0.7320762,0
midjourney_v5_00529,test,1,0.3853117,1
midjourney_v5_00530,test,1,0.3853117,1
midjourney_v5_00531,test,1,0.3853117,1
midjourney_v5_00532,test,1,0.90575284,0
midjourney_v5_00533,test,1,0.1855624,0
midjourney_v5_00534,test,1,0.3853117,1
midjourney_v5_00535,test,1,0.7698411,0
midjourney_v5_00536,test,1,0.3853117,1
midjourney_v5_00537,test,1,0.34182838,0
midjourney_v5_00538,test,1,0.3853117,1
midjourney_v5_00539,test,1,0.3853117,1
midjourney_v5_00540,test,1,0.3853117,1
midjourney_v5_00541,test,1,0.8784799,0
midjourney_v5_00542,test,1,0.19780646,0
midjourney_v5_00543,test,1,0.6320577,0
midjourney_v5_00544,test,1,0.8795218,0
midjourney_v5_00545,test,1,0.3853117,1
midjourney_v5_00546,test,1,0.99999976,0
midjourney_v5_00547,test,1,0.5133775,0
midjourney_v5_00548,test,1,0.9765321,0
midjourney_v5_00549,test,1,0.619829,0
midjourney_v5_00550,test,1,0.6416603,0
midjourney_v5_00551,test,1,0.3853117,1
midjourney_v5_00552,test,1,0.012045089,0
midjourney_v5_00553,test,1,0.3853117,1
midjourney_v5_00554,test,1,0.6091421,0
midjourney_v5_00555,test,1,0.96854156,0
midjourney_v5_00556,test,1,0.17241336,0
midjourney_v5_00557,test,1,0.42748526,0
midjourney_v5_00558,test,1,0.4737141,1
midjourney_v5_00559,test,1,0.3853117,1
midjourney_v5_00560,test,1,0.3853117,1
midjourney_v5_00561,test,1,0.9993961,0
midjourney_v5_00562,test,1,0.35375485,1
midjourney_v5_00563,test,1,0.14487515,0
midjourney_v5_00564,test,1,0.61399055,0
midjourney_v5_00565,test,1,0.3853117,1
midjourney_v5_00566,test,1,0.3853117,1
midjourney_v5_00567,test,1,0.2815641,0
midjourney_v5_00568,test,1,0.3853117,1
midjourney_v5_00569,test,1,0.4090455,0
midjourney_v5_00570,test,1,0.3648242,0
midjourney_v5_00571,test,1,0.5042423,0
midjourney_v5_00572,test,1,0.06813942,0
midjourney_v5_00573,test,1,0.3853117,1
midjourney_v5_00574,test,1,0.3853117,1
midjourney_v5_00575,test,1,0.91118866,0
midjourney_v5_00576,test,1,0.6910392,0
midjourney_v5_00577,test,1,0.3853117,1
midjourney_v5_00578,test,1,0.3853117,1
midjourney_v5_00579,test,1,0.3853117,1
midjourney_v5_00580,test,1,0.3853117,1
midjourney_v5_00581,test,1,0.81010264,0
midjourney_v5_00582,test,1,0.3853117,1
midjourney_v5_00583,test,1,0.9752643,0
midjourney_v5_00584,test,1,0.3853117,1
midjourney_v5_00585,test,1,0.18234307,0
midjourney_v5_00586,test,1,0.3853117,1
midjourney_v5_00587,test,1,0.33185834,0
midjourney_v5_00588,test,1,0.75092155,0
midjourney_v5_00589,test,1,0.9925062,0
midjourney_v5_00590,test,1,0.3853117,1
midjourney_v5_00591,test,1,0.64772487,0
midjourney_v5_00592,test,1,0.8829247,0
midjourney_v5_00593,test,1,0.7576267,0
midjourney_v5_00594,test,1,0.48141712,0
midjourney_v5_00595,test,1,0.5046021,0
midjourney_v5_00596,test,1,0.3853117,1
midjourney_v5_00597,test,1,0.3853117,1
midjourney_v5_00598,test,1,0.3853117,1
midjourney_v5_00599,test,1,0.3853117,1
midjourney_v5_00600,test,1,0.3853117,1
midjourney_v5_00601,test,1,0.3853117,1
midjourney_v5_00602,test,1,0.8186884,0
midjourney_v5_00603,test,1,0.3853117,1
midjourney_v5_00604,test,1,0.3853117,1
midjourney_v5_00605,test,1,0.78727466,0
midjourney_v5_00606,test,1,0.61338925,0
midjourney_v5_00607,test,1,0.08665789,0
midjourney_v5_00608,test,1,0.8096047,0
midjourney_v5_00609,test,1,0.84883046,0
midjourney_v5_00610,test,1,0.07638585,0
midjourney_v5_00611,test,1,0.3853117,1
midjourney_v5_00612,test,1,0.3853117,1
midjourney_v5_00613,test,1,0.3853117,1
midjourney_v5_00614,test,1,0.3853117,1
midjourney_v5_00615,test,1,0.1141377,0
midjourney_v5_00616,test,1,0.3853117,1
midjourney_v5_00617,test,1,0.9998572,0
midjourney_v5_00618,test,1,0.47202438,0
midjourney_v5_00619,test,1,0.9882172,0
midjourney_v5_00620,test,1,0.7386336,0
midjourney_v5_00621,test,1,0.3853117,1
midjourney_v5_00622,test,1,0.3853117,1
midjourney_v5_00623,test,1,0.969145,0
midjourney_v5_00624,test,1,0.8503691,0
midjourney_v5_00625,test,1,0.3853117,1
midjourney_v5_00626,test,1,0.51509994,0
midjourney_v5_00627,test,1,0.3853117,1
midjourney_v5_00628,test,1,0.94678265,0
midjourney_v5_00629,test,1,0.3853117,1
midjourney_v5_00630,test,1,0.55322844,0
midjourney_v5_00631,test,1,0.9589247,0
midjourney_v5_00632,test,1,0.3853117,1
midjourney_v5_00633,test,1,0.82572955,0
midjourney_v5_00634,test,1,0.3853117,1
midjourney_v5_00635,test,1,0.18445142,0
midjourney_v5_00636,test,1,0.17230743,0
midjourney_v5_00637,test,1,0.7584136,0
midjourney_v5_00638,test,1,0.3853117,1
midjourney_v5_00639,test,1,0.09543933,0
midjourney_v5_00640,test,1,0.9282552,0
midjourney_v5_00641,test,1,0.93345404,0
midjourney_v5_00642,test,1,0.3853117,1
midjourney_v5_00643,test,1,0.07587784,0
midjourney_v5_00644,test,1,0.13483045,0
midjourney_v5_00645,test,1,0.5556464,0
midjourney_v5_00646,test,1,0.3853117,1
midjourney_v5_00647,test,1,0.7078482,0
midjourney_v5_00648,test,1,0.02438929,0
midjourney_v5_00649,test,1,0.6743413,0
midjourney_v5_00650,test,1,0.84841806,0
midjourney_v5_00651,test,1,0.99049944,0
midjourney_v5_00652,test,1,0.5790395,0
midjourney_v5_00653,test,1,0.17788787,0
midjourney_v5_00654,test,1,0.3853117,1
midjourney_v5_00655,test,1,0.3419074,0
midjourney_v5_00656,test,1,0.3853117,1
midjourney_v5_00657,test,1,0.33987415,0
midjourney_v5_00658,test,1,0.3853117,1
midjourney_v5_00659,test,1,0.03017658,0
midjourney_v5_00660,test,1,0.29577303,0
midjourney_v5_00661,test,1,0.94875705,0
midjourney_v5_00662,test,1,0.5787883,0
midjourney_v5_00663,test,1,0.3853117,1
midjourney_v5_00664,test,1,0.3853117,1
midjourney_v5_00665,test,1,0.9491405,0
midjourney_v5_00666,test,1,0.3853117,1
midjourney_v5_00667,test,1,0.93508047,0
midjourney_v5_00668,test,1,0.34174734,0
midjourney_v5_00669,test,1,0.3853117,1
midjourney_v5_00670,test,1,0.3853117,1
midjourney_v5_00671,test,1,0.3853117,1
midjourney_v5_00672,test,1,0.3853117,1
midjourney_v5_00673,test,1,0.6409079,0
midjourney_v5_00674,test,1,0.45075914,0
midjourney_v5_00675,test,1,0.9632077,0
midjourney_v5_00676,test,1,0.9836585,0
midjourney_v5_00677,test,1,0.3853117,1
midjourney_v5_00678,test,1,0.44206166,0
midjourney_v5_00679,test,1,0.48943412,0
midjourney_v5_00680,test,1,0.9148068,0
midjourney_v5_00681,test,1,0.18368553,0
midjourney_v5_00682,test,1,0.62911546,0
midjourney_v5_00683,test,1,0.3853117,1
midjourney_v5_00684,test,1,0.3853117,1
midjourney_v5_00685,test,1,0.3853117,1
midjourney_v5_00686,test,1,0.3853117,1
midjourney_v5_00687,test,1,0.3853117,1
midjourney_v5_00688,test,1,0.3853117,1
midjourney_v5_00689,test,1,0.3853117,1
midjourney_v5_00690,test,1,0.34010223,0
midjourney_v5_00691,test,1,0.111172386,0
midjourney_v5_00692,test,1,0.3853117,1
midjourney_v5_00693,test,1,0.020196771,0
midjourney_v5_00694,test,1,0.3853117,1
midjourney_v5_00695,test,1,0.3853117,1
midjourney_v5_00696,test,1,0.3853117,1
midjourney_v5_00697,test,1,0.99612695,0
midjourney_v5_00698,test,1,0.3853117,1
midjourney_v5_00699,test,1,0.370218,0
midjourney_v5_00700,test,1,0.3853117,1
midjourney_v5_00701,test,1,0.305261,0
midjourney_v5_00702,test,1,0.6651005,0
midjourney_v5_00703,test,1,0.78415376,0
midjourney_v5_00704,test,1,0.82312554,0
midjourney_v5_00705,test,1,0.3853117,1
midjourney_v5_00706,test,1,0.18446779,0
midjourney_v5_00707,test,1,0.3853117,1
midjourney_v5_00708,test,1,0.34725496,0
midjourney_v5_00709,test,1,0.4478972,0
midjourney_v5_00710,test,1,0.3853117,1
midjourney_v5_00711,test,1,0.4604536,0
midjourney_v5_00712,test,1,0.17168158,0
midjourney_v5_00713,test,1,0.3853117,1
midjourney_v5_00714,test,1,0.3853117,1
midjourney_v5_00715,test,1,0.3853117,1
midjourney_v5_00716,test,1,0.5267187,0
midjourney_v5_00717,test,1,0.3853117,1
midjourney_v5_00718,test,1,0.3853117,1
midjourney_v5_00719,test,1,0.3853117,1
midjourney_v5_00720,test,1,0.3853117,1
midjourney_v5_00721,test,1,0.3853117,1
midjourney_v5_00722,test,1,0.9905866,0
midjourney_v5_00723,test,1,0.53280026,0
midjourney_v5_00724,test,1,0.52849776,0
midjourney_v5_00725,test,1,0.3853117,1
midjourney_v5_00726,test,1,0.07801776,0
midjourney_v5_00727,test,1,0.10572915,0
midjourney_v5_00728,test,1,0.70228744,0
midjourney_v5_00729,test,1,0.46436548,0
midjourney_v5_00730,test,1,0.43358293,0
midjourney_v5_00731,test,1,0.3853117,1
midjourney_v5_00732,test,1,0.9434421,0
midjourney_v5_00733,test,1,0.3853117,1
midjourney_v5_00734,test,1,0.99354446,0
midjourney_v5_00735,test,1,0.5255441,0
midjourney_v5_00736,test,1,0.3853117,1
midjourney_v5_00737,test,1,0.37948287,0
midjourney_v5_00738,test,1,0.79433596,0
midjourney_v5_00739,test,1,0.3853117,1
midjourney_v5_00740,test,1,0.3881616,0
midjourney_v5_00741,test,1,0.73441315,0
midjourney_v5_00742,test,1,0.36951125,0
midjourney_v5_00743,test,1,0.3853117,1
midjourney_v5_00744,test,1,0.73441315,0
midjourney_v5_00745,test,1,0.84697294,0
midjourney_v5_00746,test,1,0.906291,0
midjourney_v5_00747,test,1,0.3853117,1
midjourney_v5_00748,test,1,0.3853117,1
midjourney_v5_00749,test,1,0.8444652,0
midjourney_v5_00750,test,1,0.9374464,0
midjourney_v5_00751,test,1,0.75954264,0
midjourney_v5_00752,test,1,0.6655448,0
midjourney_v5_00753,test,1,0.3853117,1
midjourney_v5_00754,test,1,0.9405618,0
midjourney_v5_00755,test,1,0.07078643,0
midjourney_v5_00756,test,1,0.3853117,1
midjourney_v5_00757,test,1,0.44616058,0
midjourney_v5_00758,test,1,0.3853117,1
midjourney_v5_00759,test,1,0.25143483,0
midjourney_v5_00760,test,1,0.31438962,0
midjourney_v5_00761,test,1,0.9685975,0
midjourney_v5_00762,test,1,0.3853117,1
midjourney_v5_00763,test,1,0.3853117,1
midjourney_v5_00764,test,1,0.3853117,1
midjourney_v5_00765,test,1,0.86063486,0
midjourney_v5_00766,test,1,0.3853117,1
midjourney_v5_00767,test,1,0.3853117,1
midjourney_v5_00768,test,1,0.3853117,1
midjourney_v5_00769,test,1,0.8654844,0
midjourney_v5_00770,test,1,0.3853117,1
midjourney_v5_00771,test,1,0.3853117,1
midjourney_v5_00772,test,1,0.3853117,1
midjourney_v5_00773,test,1,0.9647646,0
midjourney_v5_00774,test,1,0.3853117,1
midjourney_v5_00775,test,1,0.3853117,1
midjourney_v5_00776,test,1,0.10295887,0
midjourney_v5_00777,test,1,0.84768075,0
midjourney_v5_00778,test,1,0.3853117,1
midjourney_v5_00779,test,1,0.3853117,1
midjourney_v5_00780,test,1,0.9778485,0
midjourney_v5_00781,test,1,0.8262187,0
midjourney_v5_00782,test,1,0.561554,0
midjourney_v5_00783,test,1,0.33954504,0
midjourney_v5_00784,test,1,0.3853117,1
midjourney_v5_00785,test,1,0.9446595,0
midjourney_v5_00786,test,1,0.99002457,0
midjourney_v5_00787,test,1,0.3853117,1
midjourney_v5_00788,test,1,0.6998352,0
midjourney_v5_00789,test,1,0.3853117,1
midjourney_v5_00790,test,1,0.3853117,1
midjourney_v5_00791,test,1,0.99492246,0
midjourney_v5_00792,test,1,0.3853117,1
midjourney_v5_00793,test,1,0.3853117,1
midjourney_v5_00794,test,1,0.3853117,1
midjourney_v5_00795,test,1,0.8883959,0
midjourney_v5_00796,test,1,0.021795802,0
midjourney_v5_00797,test,1,0.9609684,0
midjourney_v5_00798,test,1,0.3853117,1
midjourney_v5_00799,test,1,0.88210243,0
midjourney_v5_00800,test,1,0.11331763,0
midjourney_v5_00801,test,1,0.3853117,1
midjourney_v5_00802,test,1,0.3853117,1
midjourney_v5_00803,test,1,0.3853117,1
midjourney_v5_00804,test,1,0.33246043,1
midjourney_v5_00805,test,1,0.4475396,0
midjourney_v5_00806,test,1,0.8340437,0
midjourney_v5_00807,test,1,0.6804234,0
midjourney_v5_00808,test,1,0.3853117,1
midjourney_v5_00809,test,1,0.3853117,1
midjourney_v5_00810,test,1,0.18931825,0
midjourney_v5_00811,test,1,0.673761,0
midjourney_v5_00812,test,1,0.3853117,1
midjourney_v5_00813,test,1,0.98217803,0
midjourney_v5_00814,test,1,0.3853117,1
midjourney_v5_00815,test,1,0.14683387,0
midjourney_v5_00816,test,1,0.7909859,0
midjourney_v5_00817,test,1,0.40180182,0
midjourney_v5_00818,test,1,0.3853117,1
midjourney_v5_00819,test,1,0.4568028,0
midjourney_v5_00820,test,1,0.79267466,0
midjourney_v5_00821,test,1,0.3853117,1
midjourney_v5_00822,test,1,0.3853117,1
midjourney_v5_00823,test,1,0.3853117,1
midjourney_v5_00824,test,1,0.30538097,0
midjourney_v5_00825,test,1,0.94767505,0
midjourney_v5_00826,test,1,0.3853117,1
midjourney_v5_00827,test,1,0.030058686,0
midjourney_v5_00828,test,1,0.3853117,1
midjourney_v5_00829,test,1,0.6974288,0
midjourney_v5_00830,test,1,0.63063383,0
midjourney_v5_00831,test,1,0.9819879,0
midjourney_v5_00832,test,1,0.3853117,1
midjourney_v5_00833,test,1,0.40431845,0
midjourney_v5_00834,test,1,0.3853117,1
midjourney_v5_00835,test,1,0.3853117,1
midjourney_v5_00836,test,1,0.27681005,0
midjourney_v5_00837,test,1,0.3853117,1
midjourney_v5_00838,test,1,0.3853117,1
midjourney_v5_00839,test,1,0.3853117,1
midjourney_v5_00840,test,1,0.7090352,0
midjourney_v5_00841,test,1,0.058661934,0
midjourney_v5_00842,test,1,0.8017772,0
midjourney_v5_00843,test,1,0.3853117,1
midjourney_v5_00844,test,1,0.9996897,0
midjourney_v5_00845,test,1,0.03235109,0
midjourney_v5_00846,test,1,0.9597022,0
midjourney_v5_00847,test,1,0.3853117,1
midjourney_v5_00848,test,1,0.7036508,0
midjourney_v5_00849,test,1,0.032576516,0
midjourney_v5_00850,test,1,0.75354934,0
midjourney_v5_00851,test,1,0.9038332,0
midjourney_v5_00852,test,1,0.3853117,1
midjourney_v5_00853,test,1,0.3853117,1
midjourney_v5_00854,test,1,0.27354386,0
midjourney_v5_00855,test,1,0.4702722,0
midjourney_v5_00856,test,1,0.83569163,0
midjourney_v5_00857,test,1,0.77601206,0
midjourney_v5_00858,test,1,0.3853117,1
midjourney_v5_00859,test,1,0.3853117,1
midjourney_v5_00860,test,1,0.3853117,1
midjourney_v5_00861,test,1,0.99977905,0
midjourney_v5_00862,test,1,0.9925337,0
midjourney_v5_00863,test,1,0.3853117,1
midjourney_v5_00864,test,1,0.14072858,0
midjourney_v5_00865,test,1,0.041412964,0
midjourney_v5_00866,test,1,0.999627,0
midjourney_v5_00867,test,1,0.3853117,1
midjourney_v5_00868,test,1,0.93939704,0
midjourney_v5_00869,test,1,0.9466795,0
midjourney_v5_00870,test,1,0.3853117,1
midjourney_v5_00871,test,1,0.3853117,1
midjourney_v5_00872,test,1,0.3853117,1
midjourney_v5_00873,test,1,0.99856573,0
midjourney_v5_00874,test,1,0.9194678,0
midjourney_v5_00875,test,1,0.3853117,1
midjourney_v5_00876,test,1,0.18647157,0
midjourney_v5_00877,test,1,0.9882931,0
midjourney_v5_00878,test,1,0.3853117,1
midjourney_v5_00879,test,1,0.3853117,1
midjourney_v5_00880,test,1,0.75679994,0
midjourney_v5_00881,test,1,0.3853117,1
midjourney_v5_00882,test,1,0.3853117,1
midjourney_v5_00883,test,1,0.3853117,1
midjourney_v5_00884,test,1,0.3853117,1
midjourney_v5_00885,test,1,0.9918168,0
midjourney_v5_00886,test,1,0.51345515,0
midjourney_v5_00887,test,1,0.3853117,1
midjourney_v5_00888,test,1,0.3853117,1
midjourney_v5_00889,test,1,0.3853117,1
midjourney_v5_00890,test,1,0.3853117,1
midjourney_v5_00891,test,1,0.3853117,1
midjourney_v5_00892,test,1,0.99572504,0
midjourney_v5_00893,test,1,0.3853117,1
midjourney_v5_00894,test,1,0.92434555,0
midjourney_v5_00895,test,1,0.3853117,1
midjourney_v5_00896,test,1,0.3853117,1
midjourney_v5_00897,test,1,0.3853117,1
midjourney_v5_00898,test,1,0.3853117,1
midjourney_v5_00899,test,1,0.16401218,0
midjourney_v5_00900,test,1,0.82805336,0
midjourney_v5_00901,test,1,0.7852182,0
midjourney_v5_00902,test,1,0.15893616,0
midjourney_v5_00903,test,1,0.51379496,1
midjourney_v5_00904,test,1,0.3853117,1
midjourney_v5_00905,test,1,0.3853117,1
midjourney_v5_00906,test,1,0.16735187,0
midjourney_v5_00907,test,1,0.968953,0
midjourney_v5_00908,test,1,0.7423176,0
midjourney_v5_00909,test,1,0.3853117,1
midjourney_v5_00910,test,1,0.9952873,0
midjourney_v5_00911,test,1,0.9892925,0
midjourney_v5_00912,test,1,0.47936565,0
midjourney_v5_00913,test,1,0.7901197,0
midjourney_v5_00914,test,1,0.9246691,0
midjourney_v5_00915,test,1,0.1750407,0
midjourney_v5_00916,test,1,0.3853117,1
midjourney_v5_00917,test,1,0.66731447,0
midjourney_v5_00918,test,1,0.0782299,0
midjourney_v5_00919,test,1,0.3853117,1
midjourney_v5_00920,test,1,0.9611728,0
midjourney_v5_00921,test,1,0.8893433,0
midjourney_v5_00922,test,1,0.87540025,0
midjourney_v5_00923,test,1,0.3853117,1
midjourney_v5_00924,test,1,0.3413822,0
midjourney_v5_00925,test,1,0.4298577,0
midjourney_v5_00926,test,1,0.7631147,0
midjourney_v5_00927,test,1,0.57637817,0
midjourney_v5_00928,test,1,0.0812108,0
midjourney_v5_00929,test,1,0.99602866,0
midjourney_v5_00930,test,1,0.3853117,1
midjourney_v5_00931,test,1,0.8345963,0
midjourney_v5_00932,test,1,0.3853117,1
midjourney_v5_00933,test,1,0.9883299,0
midjourney_v5_00934,test,1,0.4405192,0
midjourney_v5_00935,test,1,0.99353033,0
midjourney_v5_00936,test,1,0.3853117,1
midjourney_v5_00937,test,1,0.3853117,1
midjourney_v5_00938,test,1,0.95462525,0
midjourney_v5_00939,test,1,0.3853117,1
midjourney_v5_00940,test,1,0.3853117,1
midjourney_v5_00941,test,1,0.008003759,0
midjourney_v5_00942,test,1,0.22491157,0
midjourney_v5_00943,test,1,0.52408373,0
midjourney_v5_00944,test,1,0.75631,0
midjourney_v5_00945,test,1,0.3853117,1
midjourney_v5_00946,test,1,0.60450673,0
midjourney_v5_00947,test,1,0.3853117,1
midjourney_v5_00948,test,1,0.3853117,1
midjourney_v5_00949,test,1,0.9385607,0
midjourney_v5_00950,test,1,0.3853117,1
midjourney_v5_00951,test,1,0.3853117,1
midjourney_v5_00952,test,1,0.022646511,0
midjourney_v5_00953,test,1,0.9887555,0
midjourney_v5_00954,test,1,0.45310548,0
midjourney_v5_00955,test,1,0.64414096,1
midjourney_v5_00956,test,1,0.3853117,1
midjourney_v5_00957,test,1,0.3853117,1
midjourney_v5_00958,test,1,0.3853117,1
midjourney_v5_00959,test,1,0.8940917,0
midjourney_v5_00960,test,1,0.99756765,0
midjourney_v5_00961,test,1,0.38979405,0
midjourney_v5_00962,test,1,0.3853117,1
midjourney_v5_00963,test,1,0.5096938,0
midjourney_v5_00964,test,1,0.3853117,1
midjourney_v5_00965,test,1,0.08293993,0
midjourney_v5_00966,test,1,0.1437737,0
midjourney_v5_00967,test,1,0.9202607,0
midjourney_v5_00968,test,1,0.79433995,0
midjourney_v5_00969,test,1,0.5787798,0
midjourney_v5_00970,test,1,0.57018495,0
midjourney_v5_00971,test,1,0.3853117,1
midjourney_v5_00972,test,1,0.3853117,1
midjourney_v5_00973,test,1,0.3853117,1
midjourney_v5_00974,test,1,0.1575449,0
midjourney_v5_00975,test,1,0.3853117,1
midjourney_v5_00976,test,1,0.3853117,1
midjourney_v5_00977,test,1,0.3853117,1
midjourney_v5_00978,test,1,0.3853117,1
midjourney_v5_00979,test,1,0.7069899,0
midjourney_v5_00980,test,1,0.72454906,0
midjourney_v5_00981,test,1,0.3853117,1
midjourney_v5_00982,test,1,0.99116313,0
midjourney_v5_00983,test,1,0.3853117,1
midjourney_v5_00984,test,1,0.9931879,0
midjourney_v5_00985,test,1,0.15556026,0
midjourney_v5_00986,test,1,0.7770665,0
midjourney_v5_00987,test,1,0.6333144,0
midjourney_v5_00988,test,1,0.3853117,1
midjourney_v5_00989,test,1,0.3853117,1
midjourney_v5_00990,test,1,0.5074679,0
midjourney_v5_00991,test,1,0.3853117,1
midjourney_v5_00992,test,1,0.46995655,0
midjourney_v5_00993,test,1,0.3853117,1
midjourney_v5_00994,test,1,0.3853117,1
midjourney_v5_00995,test,1,0.3853117,1
midjourney_v5_00996,test,1,0.45248452,1
midjourney_v5_00997,test,1,0.21931896,0
midjourney_v5_00998,test,1,0.996876,0
midjourney_v5_00999,test,1,0.011215578,0
midjourney_v6_1_00000,test,1,0.99647325,0
midjourney_v6_1_00001,test,1,0.3853117,1
midjourney_v6_1_00002,test,1,0.96687126,0
midjourney_v6_1_00003,test,1,0.3853117,1
midjourney_v6_1_00004,test,1,0.7527593,0
midjourney_v6_1_00005,test,1,0.3853117,1
midjourney_v6_1_00006,test,1,0.9216205,0
midjourney_v6_1_00007,test,1,0.26837358,0
midjourney_v6_1_00008,test,1,0.9783901,0
midjourney_v6_1_00009,test,1,0.9977296,0
midjourney_v6_1_00010,test,1,0.8697076,0
midjourney_v6_1_00011,test,1,0.3853117,1
midjourney_v6_1_00012,test,1,0.9945602,0
midjourney_v6_1_00013,test,1,0.3853117,1
midjourney_v6_1_00014,test,1,0.3853117,1
midjourney_v6_1_00015,test,1,0.9553912,0
midjourney_v6_1_00016,test,1,0.6022028,0
midjourney_v6_1_00017,test,1,0.9961165,0
midjourney_v6_1_00018,test,1,0.3853117,1
midjourney_v6_1_00019,test,1,0.3853117,1
midjourney_v6_1_00020,test,1,0.3853117,1
midjourney_v6_1_00021,test,1,0.71106774,0
midjourney_v6_1_00022,test,1,0.13668077,0
midjourney_v6_1_00023,test,1,0.3853117,1
midjourney_v6_1_00024,test,1,0.8173394,0
midjourney_v6_1_00025,test,1,0.3853117,1
midjourney_v6_1_00026,test,1,0.28675303,0
midjourney_v6_1_00027,test,1,0.3853117,1
midjourney_v6_1_00028,test,1,0.98056453,0
midjourney_v6_1_00029,test,1,0.3853117,1
midjourney_v6_1_00030,test,1,0.3853117,1
midjourney_v6_1_00031,test,1,0.3853117,1
midjourney_v6_1_00032,test,1,0.3853117,1
midjourney_v6_1_00033,test,1,0.9623886,0
midjourney_v6_1_00034,test,1,0.16224939,0
midjourney_v6_1_00035,test,1,0.63667303,0
midjourney_v6_1_00036,test,1,0.3853117,1
midjourney_v6_1_00037,test,1,0.55249906,0
midjourney_v6_1_00038,test,1,0.913882,0
midjourney_v6_1_00039,test,1,0.3853117,1
midjourney_v6_1_00040,test,1,0.9855054,0
midjourney_v6_1_00041,test,1,0.3853117,1
midjourney_v6_1_00042,test,1,0.3853117,1
midjourney_v6_1_00043,test,1,0.3853117,1
midjourney_v6_1_00044,test,1,0.3853117,1
midjourney_v6_1_00045,test,1,0.5203349,0
midjourney_v6_1_00046,test,1,0.99939513,0
midjourney_v6_1_00047,test,1,0.41224608,0
midjourney_v6_1_00048,test,1,0.6013053,0
midjourney_v6_1_00049,test,1,0.3853117,1
midjourney_v6_1_00050,test,1,0.99856734,0
midjourney_v6_1_00051,test,1,0.9403816,0
midjourney_v6_1_00052,test,1,0.91268516,0
midjourney_v6_1_00053,test,1,0.8243579,0
midjourney_v6_1_00054,test,1,0.25684476,0
midjourney_v6_1_00055,test,1,0.3853117,1
midjourney_v6_1_00056,test,1,0.3853117,1
midjourney_v6_1_00057,test,1,0.7054066,0
midjourney_v6_1_00058,test,1,0.77910864,0
midjourney_v6_1_00059,test,1,0.9971329,0
midjourney_v6_1_00060,test,1,0.3853117,1
midjourney_v6_1_00061,test,1,0.998662,0
midjourney_v6_1_00062,test,1,0.999335,0
midjourney_v6_1_00063,test,1,0.3494877,0
midjourney_v6_1_00064,test,1,0.3853117,1
midjourney_v6_1_00065,test,1,0.9331087,0
midjourney_v6_1_00066,test,1,0.9997657,0
midjourney_v6_1_00067,test,1,0.6961804,0
midjourney_v6_1_00068,test,1,0.8515401,0
midjourney_v6_1_00069,test,1,0.99818665,0
midjourney_v6_1_00070,test,1,0.98560727,0
midjourney_v6_1_00071,test,1,0.9395942,0
midjourney_v6_1_00072,test,1,0.3853117,1
midjourney_v6_1_00073,test,1,0.98472273,0
midjourney_v6_1_00074,test,1,0.5196454,0
midjourney_v6_1_00075,test,1,0.7186855,0
midjourney_v6_1_00076,test,1,0.7762155,0
midjourney_v6_1_00077,test,1,0.3853117,1
midjourney_v6_1_00078,test,1,0.99021894,0
midjourney_v6_1_00079,test,1,0.9079834,0
midjourney_v6_1_00080,test,1,0.297714,0
midjourney_v6_1_00081,test,1,0.99784493,0
midjourney_v6_1_00082,test,1,0.3853117,1
midjourney_v6_1_00083,test,1,0.5952161,0
midjourney_v6_1_00084,test,1,0.97076553,0
midjourney_v6_1_00085,test,1,0.3853117,1
midjourney_v6_1_00086,test,1,0.3853117,1
midjourney_v6_1_00087,test,1,0.3853117,1
midjourney_v6_1_00088,test,1,0.76161444,0
midjourney_v6_1_00089,test,1,0.37438464,0
midjourney_v6_1_00090,test,1,0.9691254,0
midjourney_v6_1_00091,test,1,0.77865475,0
midjourney_v6_1_00092,test,1,0.9056388,0
midjourney_v6_1_00093,test,1,0.98607093,0
midjourney_v6_1_00094,test,1,0.7834621,0
midjourney_v6_1_00095,test,1,0.99871933,0
midjourney_v6_1_00096,test,1,0.18386938,0
midjourney_v6_1_00097,test,1,0.3853117,1
midjourney_v6_1_00098,test,1,0.2408292,0
midjourney_v6_1_00099,test,1,0.3853117,1
midjourney_v6_1_00100,test,1,0.5646357,0
midjourney_v6_1_00101,test,1,0.37543577,0
midjourney_v6_1_00102,test,1,0.89315194,0
midjourney_v6_1_00103,test,1,0.3853117,1
midjourney_v6_1_00104,test,1,0.5159516,0
midjourney_v6_1_00105,test,1,0.4329802,0
midjourney_v6_1_00106,test,1,0.3853117,1
midjourney_v6_1_00107,test,1,0.3853117,1
midjourney_v6_1_00108,test,1,0.37334937,0
midjourney_v6_1_00109,test,1,0.3853117,1
midjourney_v6_1_00110,test,1,0.99928516,0
midjourney_v6_1_00111,test,1,0.3853117,1
midjourney_v6_1_00112,test,1,0.3853117,1
midjourney_v6_1_00113,test,1,0.3853117,1
midjourney_v6_1_00114,test,1,0.3853117,1
midjourney_v6_1_00115,test,1,0.3853117,1
midjourney_v6_1_00116,test,1,0.8302811,0
midjourney_v6_1_00117,test,1,0.3853117,1
midjourney_v6_1_00118,test,1,0.3853117,1
midjourney_v6_1_00119,test,1,0.6173295,0
midjourney_v6_1_00120,test,1,0.3853117,1
midjourney_v6_1_00121,test,1,0.202819,0
midjourney_v6_1_00122,test,1,0.3853117,1
midjourney_v6_1_00123,test,1,0.9252655,0
midjourney_v6_1_00124,test,1,0.034911424,0
midjourney_v6_1_00125,test,1,0.7675156,0
midjourney_v6_1_00126,test,1,0.9072357,0
midjourney_v6_1_00127,test,1,0.3853117,1
midjourney_v6_1_00128,test,1,0.08121795,0
midjourney_v6_1_00129,test,1,0.3853117,1
midjourney_v6_1_00130,test,1,0.9977615,0
midjourney_v6_1_00131,test,1,0.9753626,0
midjourney_v6_1_00132,test,1,0.95494235,0
midjourney_v6_1_00133,test,1,0.3853117,1
midjourney_v6_1_00134,test,1,0.99526167,0
midjourney_v6_1_00135,test,1,0.3853117,1
midjourney_v6_1_00136,test,1,0.3853117,1
midjourney_v6_1_00137,test,1,0.3853117,1
midjourney_v6_1_00138,test,1,0.43674543,0
midjourney_v6_1_00139,test,1,0.3853117,1
midjourney_v6_1_00140,test,1,0.84901625,0
midjourney_v6_1_00141,test,1,0.75563174,0
midjourney_v6_1_00142,test,1,0.54716486,0
midjourney_v6_1_00143,test,1,0.12536363,0
midjourney_v6_1_00144,test,1,0.92641306,0
midjourney_v6_1_00145,test,1,0.3853117,1
midjourney_v6_1_00146,test,1,0.586185,0
midjourney_v6_1_00147,test,1,0.97848696,0
midjourney_v6_1_00148,test,1,0.589534,0
midjourney_v6_1_00149,test,1,0.49224487,0
midjourney_v6_1_00150,test,1,0.3853117,1
midjourney_v6_1_00151,test,1,0.6241319,0
midjourney_v6_1_00152,test,1,0.2958563,0
midjourney_v6_1_00153,test,1,0.65335566,0
midjourney_v6_1_00154,test,1,0.98025674,0
midjourney_v6_1_00155,test,1,0.8985279,0
midjourney_v6_1_00156,test,1,0.3853117,1
midjourney_v6_1_00157,test,1,0.51527315,0
midjourney_v6_1_00158,test,1,0.87403566,0
midjourney_v6_1_00159,test,1,0.7641333,0
midjourney_v6_1_00160,test,1,0.3853117,1
midjourney_v6_1_00161,test,1,0.9697748,0
midjourney_v6_1_00162,test,1,0.9903474,0
midjourney_v6_1_00163,test,1,0.3853117,1
midjourney_v6_1_00164,test,1,0.72934735,0
midjourney_v6_1_00165,test,1,0.3853117,1
midjourney_v6_1_00166,test,1,0.89736265,0
midjourney_v6_1_00167,test,1,0.8425959,0
midjourney_v6_1_00168,test,1,0.3853117,1
midjourney_v6_1_00169,test,1,0.3853117,1
midjourney_v6_1_00170,test,1,0.91615033,0
midjourney_v6_1_00171,test,1,0.3853117,1
midjourney_v6_1_00172,test,1,0.3853117,1
midjourney_v6_1_00173,test,1,0.3853117,1
midjourney_v6_1_00174,test,1,0.9948309,0
midjourney_v6_1_00175,test,1,0.3853117,1
midjourney_v6_1_00176,test,1,0.3853117,1
midjourney_v6_1_00177,test,1,0.3853117,1
midjourney_v6_1_00178,test,1,0.3853117,1
midjourney_v6_1_00179,test,1,0.8023775,0
midjourney_v6_1_00180,test,1,0.5950335,0
midjourney_v6_1_00181,test,1,0.83371335,0
midjourney_v6_1_00182,test,1,0.89666367,0
midjourney_v6_1_00183,test,1,0.13398862,0
midjourney_v6_1_00184,test,1,0.3853117,1
midjourney_v6_1_00185,test,1,0.9768834,0
midjourney_v6_1_00186,test,1,0.3853117,1
midjourney_v6_1_00187,test,1,1.0,0
midjourney_v6_1_00188,test,1,0.3853117,1
midjourney_v6_1_00189,test,1,0.97717756,0
midjourney_v6_1_00190,test,1,0.9982845,0
midjourney_v6_1_00191,test,1,0.27250707,0
midjourney_v6_1_00192,test,1,0.52812845,0
midjourney_v6_1_00193,test,1,0.3320337,0
midjourney_v6_1_00194,test,1,0.9710571,0
midjourney_v6_1_00195,test,1,0.3853117,1
midjourney_v6_1_00196,test,1,0.98974305,0
midjourney_v6_1_00197,test,1,0.8869919,0
midjourney_v6_1_00198,test,1,0.99837446,0
midjourney_v6_1_00199,test,1,0.3853117,1
midjourney_v6_1_00200,test,1,0.9976949,0
midjourney_v6_1_00201,test,1,0.94266224,0
midjourney_v6_1_00202,test,1,0.3853117,1
midjourney_v6_1_00203,test,1,0.89411074,0
midjourney_v6_1_00204,test,1,0.3853117,1
midjourney_v6_1_00205,test,1,0.67000884,0
midjourney_v6_1_00206,test,1,0.3853117,1
midjourney_v6_1_00207,test,1,0.3853117,1
midjourney_v6_1_00208,test,1,0.9235931,0
midjourney_v6_1_00209,test,1,0.3853117,1
midjourney_v6_1_00210,test,1,0.9980046,0
midjourney_v6_1_00211,test,1,0.823853,0
midjourney_v6_1_00212,test,1,0.3853117,1
midjourney_v6_1_00213,test,1,0.3853117,1
midjourney_v6_1_00214,test,1,0.3853117,1
midjourney_v6_1_00215,test,1,0.1815852,0
midjourney_v6_1_00216,test,1,0.05780073,0
midjourney_v6_1_00217,test,1,0.98553294,0
midjourney_v6_1_00218,test,1,0.3853117,1
midjourney_v6_1_00219,test,1,0.9381929,0
midjourney_v6_1_00220,test,1,0.622079,0
midjourney_v6_1_00221,test,1,0.29470098,0
midjourney_v6_1_00222,test,1,0.3853117,1
midjourney_v6_1_00223,test,1,0.3853117,1
midjourney_v6_1_00224,test,1,0.97822636,0
midjourney_v6_1_00225,test,1,0.7922318,0
midjourney_v6_1_00226,test,1,0.701527,0
midjourney_v6_1_00227,test,1,0.3853117,1
midjourney_v6_1_00228,test,1,0.3853117,1
midjourney_v6_1_00229,test,1,0.3853117,1
midjourney_v6_1_00230,test,1,0.3853117,1
midjourney_v6_1_00231,test,1,0.18017699,0
midjourney_v6_1_00232,test,1,0.3853117,1
midjourney_v6_1_00233,test,1,0.3853117,1
midjourney_v6_1_00234,test,1,0.3853117,1
midjourney_v6_1_00235,test,1,0.3853117,1
midjourney_v6_1_00236,test,1,0.9374272,0
midjourney_v6_1_00237,test,1,0.3853117,1
midjourney_v6_1_00238,test,1,0.54828656,0
midjourney_v6_1_00239,test,1,0.3853117,1
midjourney_v6_1_00240,test,1,0.3853117,1
midjourney_v6_1_00241,test,1,0.9985032,0
midjourney_v6_1_00242,test,1,0.3853117,1
midjourney_v6_1_00243,test,1,0.3853117,1
midjourney_v6_1_00244,test,1,0.22371607,0
midjourney_v6_1_00245,test,1,0.9649817,0
midjourney_v6_1_00246,test,1,0.986485,0
midjourney_v6_1_00247,test,1,0.75683063,0
midjourney_v6_1_00248,test,1,0.3853117,1
midjourney_v6_1_00249,test,1,0.3853117,1
midjourney_v6_1_00250,test,1,0.08495571,0
midjourney_v6_1_00251,test,1,0.79919726,0
midjourney_v6_1_00252,test,1,0.29965967,0
midjourney_v6_1_00253,test,1,0.3853117,1
midjourney_v6_1_00254,test,1,0.3853117,1
midjourney_v6_1_00255,test,1,0.3853117,1
midjourney_v6_1_00256,test,1,0.9688612,0
midjourney_v6_1_00257,test,1,0.9903128,0
midjourney_v6_1_00258,test,1,0.8203436,0
midjourney_v6_1_00259,test,1,0.6377979,0
midjourney_v6_1_00260,test,1,0.27640715,0
midjourney_v6_1_00261,test,1,0.99969614,0
midjourney_v6_1_00262,test,1,0.94631493,0
midjourney_v6_1_00263,test,1,0.13856074,0
midjourney_v6_1_00264,test,1,0.962544,0
midjourney_v6_1_00265,test,1,0.3853117,1
midjourney_v6_1_00266,test,1,0.3853117,1
midjourney_v6_1_00267,test,1,0.9802484,0
midjourney_v6_1_00268,test,1,0.3853117,1
midjourney_v6_1_00269,test,1,0.27578688,1
midjourney_v6_1_00270,test,1,0.89589626,0
midjourney_v6_1_00271,test,1,0.3853117,1
midjourney_v6_1_00272,test,1,0.06354803,0
midjourney_v6_1_00273,test,1,0.3853117,1
midjourney_v6_1_00274,test,1,0.8585756,0
midjourney_v6_1_00275,test,1,0.3853117,1
midjourney_v6_1_00276,test,1,0.3853117,1
midjourney_v6_1_00277,test,1,0.3853117,1
midjourney_v6_1_00278,test,1,0.999948,0
midjourney_v6_1_00279,test,1,0.9625189,0
midjourney_v6_1_00280,test,1,0.3853117,1
midjourney_v6_1_00281,test,1,0.9896374,0
midjourney_v6_1_00282,test,1,0.3853117,1
midjourney_v6_1_00283,test,1,0.9994691,0
midjourney_v6_1_00284,test,1,0.3853117,1
midjourney_v6_1_00285,test,1,0.3853117,1
midjourney_v6_1_00286,test,1,0.3853117,1
midjourney_v6_1_00287,test,1,0.3853117,1
midjourney_v6_1_00288,test,1,0.96929944,0
midjourney_v6_1_00289,test,1,0.9983308,0
midjourney_v6_1_00290,test,1,0.3853117,1
midjourney_v6_1_00291,test,1,0.3853117,1
midjourney_v6_1_00292,test,1,0.54256153,0
midjourney_v6_1_00293,test,1,0.9992933,0
midjourney_v6_1_00294,test,1,0.3853117,1
midjourney_v6_1_00295,test,1,0.9975089,0
midjourney_v6_1_00296,test,1,0.3853117,1
midjourney_v6_1_00297,test,1,0.22809534,0
midjourney_v6_1_00298,test,1,0.85496247,0
midjourney_v6_1_00299,test,1,0.3853117,1
midjourney_v6_1_00300,test,1,0.9560734,0
midjourney_v6_1_00301,test,1,0.8559674,0
midjourney_v6_1_00302,test,1,0.3853117,1
midjourney_v6_1_00303,test,1,0.3853117,1
midjourney_v6_1_00304,test,1,0.2514253,0
midjourney_v6_1_00305,test,1,0.76153535,0
midjourney_v6_1_00306,test,1,0.3853117,1
midjourney_v6_1_00307,test,1,0.3853117,1
midjourney_v6_1_00308,test,1,0.3853117,1
midjourney_v6_1_00309,test,1,0.3853117,1
midjourney_v6_1_00310,test,1,0.3853117,1
midjourney_v6_1_00311,test,1,0.94399315,0
midjourney_v6_1_00312,test,1,0.3853117,1
midjourney_v6_1_00313,test,1,0.3853117,1
midjourney_v6_1_00314,test,1,0.68861413,0
midjourney_v6_1_00315,test,1,0.99927527,0
midjourney_v6_1_00316,test,1,0.3853117,1
midjourney_v6_1_00317,test,1,0.8786784,0
midjourney_v6_1_00318,test,1,0.3853117,1
midjourney_v6_1_00319,test,1,0.8904706,0
midjourney_v6_1_00320,test,1,0.3853117,1
midjourney_v6_1_00321,test,1,0.3853117,1
midjourney_v6_1_00322,test,1,0.7770041,0
midjourney_v6_1_00323,test,1,0.8876072,0
midjourney_v6_1_00324,test,1,0.9665417,0
midjourney_v6_1_00325,test,1,0.77284336,0
midjourney_v6_1_00326,test,1,0.3853117,1
midjourney_v6_1_00327,test,1,0.3853117,1
midjourney_v6_1_00328,test,1,0.8554015,0
midjourney_v6_1_00329,test,1,0.48794222,0
midjourney_v6_1_00330,test,1,0.3853117,1
midjourney_v6_1_00331,test,1,0.3853117,1
midjourney_v6_1_00332,test,1,0.3853117,1
midjourney_v6_1_00333,test,1,0.25930855,0
midjourney_v6_1_00334,test,1,0.3853117,1
midjourney_v6_1_00335,test,1,0.3853117,1
midjourney_v6_1_00336,test,1,0.3853117,1
midjourney_v6_1_00337,test,1,0.3853117,1
midjourney_v6_1_00338,test,1,0.9942836,0
midjourney_v6_1_00339,test,1,0.3853117,1
midjourney_v6_1_00340,test,1,0.3853117,1
midjourney_v6_1_00341,test,1,0.96121293,0
midjourney_v6_1_00342,test,1,0.3853117,1
midjourney_v6_1_00343,test,1,0.3853117,1
midjourney_v6_1_00344,test,1,0.3853117,1
midjourney_v6_1_00345,test,1,0.3853117,1
midjourney_v6_1_00346,test,1,0.3853117,1
midjourney_v6_1_00347,test,1,0.3853117,1
midjourney_v6_1_00348,test,1,0.19952875,0
midjourney_v6_1_00349,test,1,0.3853117,1
midjourney_v6_1_00350,test,1,0.3853117,1
midjourney_v6_1_00351,test,1,0.3853117,1
midjourney_v6_1_00352,test,1,0.3853117,1
midjourney_v6_1_00353,test,1,0.9736408,0
midjourney_v6_1_00354,test,1,0.9993969,0
midjourney_v6_1_00355,test,1,0.9145335,0
midjourney_v6_1_00356,test,1,0.9127505,0
midjourney_v6_1_00357,test,1,0.46530437,0
midjourney_v6_1_00358,test,1,0.3853117,1
midjourney_v6_1_00359,test,1,0.3853117,1
midjourney_v6_1_00360,test,1,0.97552013,0
midjourney_v6_1_00361,test,1,0.99327,0
midjourney_v6_1_00362,test,1,0.3853117,1
midjourney_v6_1_00363,test,1,0.3853117,1
midjourney_v6_1_00364,test,1,0.26143447,0
midjourney_v6_1_00365,test,1,0.5723757,0
midjourney_v6_1_00366,test,1,0.3853117,1
midjourney_v6_1_00367,test,1,0.3783564,1
midjourney_v6_1_00368,test,1,0.3853117,1
midjourney_v6_1_00369,test,1,0.3853117,1
midjourney_v6_1_00370,test,1,0.9983014,0
midjourney_v6_1_00371,test,1,0.89862597,0
midjourney_v6_1_00372,test,1,0.3853117,1
midjourney_v6_1_00373,test,1,0.75209075,0
midjourney_v6_1_00374,test,1,0.18503338,0
midjourney_v6_1_00375,test,1,0.9808745,0
midjourney_v6_1_00376,test,1,0.5633157,0
midjourney_v6_1_00377,test,1,0.9949248,0
midjourney_v6_1_00378,test,1,0.59139234,0
midjourney_v6_1_00379,test,1,0.9829201,0
midjourney_v6_1_00380,test,1,0.3853117,1
midjourney_v6_1_00381,test,1,0.3853117,1
midjourney_v6_1_00382,test,1,0.3853117,1
midjourney_v6_1_00383,test,1,0.3853117,1
midjourney_v6_1_00384,test,1,0.3853117,1
midjourney_v6_1_00385,test,1,0.3853117,1
midjourney_v6_1_00386,test,1,0.3853117,1
midjourney_v6_1_00387,test,1,0.3853117,1
midjourney_v6_1_00388,test,1,0.19466199,0
midjourney_v6_1_00389,test,1,0.3853117,1
midjourney_v6_1_00390,test,1,0.3853117,1
midjourney_v6_1_00391,test,1,0.3853117,1
midjourney_v6_1_00392,test,1,0.3853117,1
midjourney_v6_1_00393,test,1,0.3853117,1
midjourney_v6_1_00394,test,1,0.3853117,1
midjourney_v6_1_00395,test,1,0.3853117,1
midjourney_v6_1_00396,test,1,0.8943094,0
midjourney_v6_1_00397,test,1,0.9982994,0
midjourney_v6_1_00398,test,1,0.9396555,0
midjourney_v6_1_00399,test,1,0.3853117,1
midjourney_v6_1_00400,test,1,0.3853117,1
midjourney_v6_1_00401,test,1,0.9991659,0
midjourney_v6_1_00402,test,1,0.3853117,1
midjourney_v6_1_00403,test,1,0.3853117,1
midjourney_v6_1_00404,test,1,0.78278893,0
midjourney_v6_1_00405,test,1,0.98241985,0
midjourney_v6_1_00406,test,1,0.3853117,1
midjourney_v6_1_00407,test,1,0.9698888,0
midjourney_v6_1_00408,test,1,0.9986267,0
midjourney_v6_1_00409,test,1,0.3853117,1
midjourney_v6_1_00410,test,1,0.3853117,1
midjourney_v6_1_00411,test,1,0.3853117,1
midjourney_v6_1_00412,test,1,0.3853117,1
midjourney_v6_1_00413,test,1,0.9129934,0
midjourney_v6_1_00414,test,1,0.80262625,0
midjourney_v6_1_00415,test,1,0.99007165,0
midjourney_v6_1_00416,test,1,0.3853117,1
midjourney_v6_1_00417,test,1,0.449729,0
midjourney_v6_1_00418,test,1,0.3853117,1
midjourney_v6_1_00419,test,1,0.10924757,0
midjourney_v6_1_00420,test,1,0.3853117,1
midjourney_v6_1_00421,test,1,0.3853117,1
midjourney_v6_1_00422,test,1,0.3853117,1
midjourney_v6_1_00423,test,1,0.3853117,1
midjourney_v6_1_00424,test,1,0.3853117,1
midjourney_v6_1_00425,test,1,0.99077225,0
midjourney_v6_1_00426,test,1,0.9938472,0
midjourney_v6_1_00427,test,1,0.25991485,0
midjourney_v6_1_00428,test,1,0.9877088,0
midjourney_v6_1_00429,test,1,0.3853117,1
midjourney_v6_1_00430,test,1,0.99271303,0
midjourney_v6_1_00431,test,1,0.3853117,1
midjourney_v6_1_00432,test,1,0.99072146,0
midjourney_v6_1_00433,test,1,0.3853117,1
midjourney_v6_1_00434,test,1,0.3853117,1
midjourney_v6_1_00435,test,1,0.3853117,1
midjourney_v6_1_00436,test,1,0.88762105,0
midjourney_v6_1_00437,test,1,0.6555575,0
midjourney_v6_1_00438,test,1,0.6618178,0
midjourney_v6_1_00439,test,1,0.98539376,0
midjourney_v6_1_00440,test,1,0.3853117,1
midjourney_v6_1_00441,test,1,0.3853117,1
midjourney_v6_1_00442,test,1,0.3853117,1
midjourney_v6_1_00443,test,1,0.3853117,1
midjourney_v6_1_00444,test,1,0.3853117,1
midjourney_v6_1_00445,test,1,0.3853117,1
midjourney_v6_1_00446,test,1,0.3853117,1
midjourney_v6_1_00447,test,1,0.9981962,0
midjourney_v6_1_00448,test,1,0.3853117,1
midjourney_v6_1_00449,test,1,0.84352547,0
midjourney_v6_1_00450,test,1,0.99918383,0
midjourney_v6_1_00451,test,1,0.7501455,0
midjourney_v6_1_00452,test,1,0.3853117,1
midjourney_v6_1_00453,test,1,0.9697595,0
midjourney_v6_1_00454,test,1,0.3853117,1
midjourney_v6_1_00455,test,1,0.9945549,0
midjourney_v6_1_00456,test,1,0.48429522,0
midjourney_v6_1_00457,test,1,0.3853117,1
midjourney_v6_1_00458,test,1,0.9952852,0
midjourney_v6_1_00459,test,1,0.94386417,0
midjourney_v6_1_00460,test,1,0.9940142,0
midjourney_v6_1_00461,test,1,0.960935,0
midjourney_v6_1_00462,test,1,0.3853117,1
midjourney_v6_1_00463,test,1,0.9723263,0
midjourney_v6_1_00464,test,1,0.3853117,1
midjourney_v6_1_00465,test,1,0.4435395,0
midjourney_v6_1_00466,test,1,0.3853117,1
midjourney_v6_1_00467,test,1,0.3853117,1
midjourney_v6_1_00468,test,1,0.88729376,0
midjourney_v6_1_00469,test,1,0.9936196,0
midjourney_v6_1_00470,test,1,0.3853117,1
midjourney_v6_1_00471,test,1,0.9702213,0
midjourney_v6_1_00472,test,1,0.6018303,0
midjourney_v6_1_00473,test,1,0.57659113,0
midjourney_v6_1_00474,test,1,0.98331946,0
midjourney_v6_1_00475,test,1,0.60975164,0
midjourney_v6_1_00476,test,1,0.3853117,1
midjourney_v6_1_00477,test,1,0.3853117,1
midjourney_v6_1_00478,test,1,0.84314734,0
midjourney_v6_1_00479,test,1,0.72846144,0
midjourney_v6_1_00480,test,1,0.8053568,0
midjourney_v6_1_00481,test,1,0.3853117,1
midjourney_v6_1_00482,test,1,0.9910039,0
midjourney_v6_1_00483,test,1,0.3853117,1
midjourney_v6_1_00484,test,1,0.3853117,1
midjourney_v6_1_00485,test,1,0.9869942,0
midjourney_v6_1_00486,test,1,0.9774739,0
midjourney_v6_1_00487,test,1,0.9729487,0
midjourney_v6_1_00488,test,1,0.99346715,0
midjourney_v6_1_00489,test,1,0.99621755,0
midjourney_v6_1_00490,test,1,0.3853117,1
midjourney_v6_1_00491,test,1,0.89954764,0
midjourney_v6_1_00492,test,1,0.9179095,0
midjourney_v6_1_00493,test,1,0.99953604,0
midjourney_v6_1_00494,test,1,0.3853117,1
midjourney_v6_1_00495,test,1,0.3853117,1
midjourney_v6_1_00496,test,1,0.6367291,0
midjourney_v6_1_00497,test,1,0.3853117,1
midjourney_v6_1_00498,test,1,0.99745756,0
midjourney_v6_1_00499,test,1,0.8789262,0
midjourney_v6_1_00500,test,1,0.3853117,1
midjourney_v6_1_00501,test,1,0.3853117,1
midjourney_v6_1_00502,test,1,0.9828408,0
midjourney_v6_1_00503,test,1,0.869064,0
midjourney_v6_1_00504,test,1,0.9068136,0
midjourney_v6_1_00505,test,1,0.3853117,1
midjourney_v6_1_00506,test,1,0.73912495,0
midjourney_v6_1_00507,test,1,0.1211544,0
midjourney_v6_1_00508,test,1,0.97928804,0
midjourney_v6_1_00509,test,1,0.99129266,0
midjourney_v6_1_00510,test,1,0.8936061,0
midjourney_v6_1_00511,test,1,0.3853117,1
midjourney_v6_1_00512,test,1,0.96661204,0
midjourney_v6_1_00513,test,1,0.24242863,0
midjourney_v6_1_00514,test,1,0.68245584,0
midjourney_v6_1_00515,test,1,0.99578226,0
midjourney_v6_1_00516,test,1,0.9088748,0
midjourney_v6_1_00517,test,1,0.2616248,1
midjourney_v6_1_00518,test,1,0.8930094,0
midjourney_v6_1_00519,test,1,0.87209386,0
midjourney_v6_1_00520,test,1,0.3853117,1
midjourney_v6_1_00521,test,1,0.09774483,0
midjourney_v6_1_00522,test,1,0.3853117,1
midjourney_v6_1_00523,test,1,0.96224517,0
midjourney_v6_1_00524,test,1,0.3853117,1
midjourney_v6_1_00525,test,1,0.3853117,1
midjourney_v6_1_00526,test,1,0.3853117,1
midjourney_v6_1_00527,test,1,0.3853117,1
midjourney_v6_1_00528,test,1,0.82675034,0
midjourney_v6_1_00529,test,1,0.9625168,0
midjourney_v6_1_00530,test,1,0.28416,0
midjourney_v6_1_00531,test,1,0.3853117,1
midjourney_v6_1_00532,test,1,0.57068676,0
midjourney_v6_1_00533,test,1,0.88580275,0
midjourney_v6_1_00534,test,1,0.94340307,0
midjourney_v6_1_00535,test,1,0.96521384,0
midjourney_v6_1_00536,test,1,0.9451916,0
midjourney_v6_1_00537,test,1,0.33637986,0
midjourney_v6_1_00538,test,1,0.3853117,1
midjourney_v6_1_00539,test,1,0.963281,0
midjourney_v6_1_00540,test,1,0.13447182,0
midjourney_v6_1_00541,test,1,0.94838893,0
midjourney_v6_1_00542,test,1,0.98158276,0
midjourney_v6_1_00543,test,1,0.3853117,1
midjourney_v6_1_00544,test,1,0.9917285,0
midjourney_v6_1_00545,test,1,0.7000152,0
midjourney_v6_1_00546,test,1,0.3853117,1
midjourney_v6_1_00547,test,1,0.63540107,0
midjourney_v6_1_00548,test,1,0.3853117,1
midjourney_v6_1_00549,test,1,0.3853117,1
midjourney_v6_1_00550,test,1,0.3853117,1
midjourney_v6_1_00551,test,1,0.3853117,1
midjourney_v6_1_00552,test,1,0.3853117,1
midjourney_v6_1_00553,test,1,0.24069253,1
midjourney_v6_1_00554,test,1,0.3853117,1
midjourney_v6_1_00555,test,1,0.3853117,1
midjourney_v6_1_00556,test,1,0.71872026,0
midjourney_v6_1_00557,test,1,0.99626416,0
midjourney_v6_1_00558,test,1,0.3853117,1
midjourney_v6_1_00559,test,1,0.3853117,1
midjourney_v6_1_00560,test,1,0.87364554,0
midjourney_v6_1_00561,test,1,0.53813213,0
midjourney_v6_1_00562,test,1,0.92952687,0
midjourney_v6_1_00563,test,1,0.3853117,1
midjourney_v6_1_00564,test,1,0.98513526,0
midjourney_v6_1_00565,test,1,0.66119134,0
midjourney_v6_1_00566,test,1,0.3853117,1
midjourney_v6_1_00567,test,1,0.92695224,0
midjourney_v6_1_00568,test,1,0.3853117,1
midjourney_v6_1_00569,test,1,0.3853117,1
midjourney_v6_1_00570,test,1,0.3853117,1
midjourney_v6_1_00571,test,1,0.5929865,0
midjourney_v6_1_00572,test,1,0.9131452,0
midjourney_v6_1_00573,test,1,0.99645066,0
midjourney_v6_1_00574,test,1,0.3853117,1
midjourney_v6_1_00575,test,1,0.3853117,1
midjourney_v6_1_00576,test,1,0.3853117,1
midjourney_v6_1_00577,test,1,0.9058202,0
midjourney_v6_1_00578,test,1,0.8645758,0
midjourney_v6_1_00579,test,1,0.9971028,0
midjourney_v6_1_00580,test,1,0.9998148,0
midjourney_v6_1_00581,test,1,0.98250854,0
midjourney_v6_1_00582,test,1,0.6594931,0
midjourney_v6_1_00583,test,1,0.3853117,1
midjourney_v6_1_00584,test,1,0.98974144,0
midjourney_v6_1_00585,test,1,0.99533045,0
midjourney_v6_1_00586,test,1,0.93821275,0
midjourney_v6_1_00587,test,1,0.7980135,0
midjourney_v6_1_00588,test,1,0.43251646,0
midjourney_v6_1_00589,test,1,0.99236614,0
midjourney_v6_1_00590,test,1,0.5055977,0
midjourney_v6_1_00591,test,1,0.16564392,0
midjourney_v6_1_00592,test,1,0.0730244,0
midjourney_v6_1_00593,test,1,0.97445595,0
midjourney_v6_1_00594,test,1,0.3853117,1
midjourney_v6_1_00595,test,1,0.9213585,0
midjourney_v6_1_00596,test,1,0.9743215,0
midjourney_v6_1_00597,test,1,0.3853117,1
midjourney_v6_1_00598,test,1,0.3853117,1
midjourney_v6_1_00599,test,1,0.3853117,1
midjourney_v6_1_00600,test,1,0.3853117,1
midjourney_v6_1_00601,test,1,0.9096319,0
midjourney_v6_1_00602,test,1,0.17470513,0
midjourney_v6_1_00603,test,1,0.97424656,0
midjourney_v6_1_00604,test,1,0.3853117,1
midjourney_v6_1_00605,test,1,0.3853117,1
midjourney_v6_1_00606,test,1,0.145014,0
midjourney_v6_1_00607,test,1,0.9990264,0
midjourney_v6_1_00608,test,1,0.3853117,1
midjourney_v6_1_00609,test,1,0.9578034,0
midjourney_v6_1_00610,test,1,0.3853117,1
midjourney_v6_1_00611,test,1,0.3853117,1
midjourney_v6_1_00612,test,1,0.3853117,1
midjourney_v6_1_00613,test,1,0.3853117,1
midjourney_v6_1_00614,test,1,0.3853117,1
midjourney_v6_1_00615,test,1,0.99965036,0
midjourney_v6_1_00616,test,1,0.3853117,1
midjourney_v6_1_00617,test,1,0.99913305,0
midjourney_v6_1_00618,test,1,0.91945803,0
midjourney_v6_1_00619,test,1,0.99881965,0
midjourney_v6_1_00620,test,1,0.3853117,1
midjourney_v6_1_00621,test,1,0.61955106,0
midjourney_v6_1_00622,test,1,0.3853117,1
midjourney_v6_1_00623,test,1,0.3853117,1
midjourney_v6_1_00624,test,1,0.3853117,1
midjourney_v6_1_00625,test,1,0.9978619,0
midjourney_v6_1_00626,test,1,0.3853117,1
midjourney_v6_1_00627,test,1,0.3853117,1
midjourney_v6_1_00628,test,1,0.3853117,1
midjourney_v6_1_00629,test,1,0.3853117,1
midjourney_v6_1_00630,test,1,0.3853117,1
midjourney_v6_1_00631,test,1,0.3853117,1
midjourney_v6_1_00632,test,1,0.3853117,1
midjourney_v6_1_00633,test,1,0.9903196,0
midjourney_v6_1_00634,test,1,0.3853117,1
midjourney_v6_1_00635,test,1,0.99970657,0
midjourney_v6_1_00636,test,1,0.3853117,1
midjourney_v6_1_00637,test,1,0.49663624,0
stable_diffusion_1_3_00000,test,1,0.5966526,0
stable_diffusion_1_3_00001,test,1,0.9314976,0
stable_diffusion_1_3_00002,test,1,0.3853117,1
stable_diffusion_1_3_00003,test,1,0.3853117,1
stable_diffusion_1_3_00004,test,1,0.45135325,0
stable_diffusion_1_3_00005,test,1,0.03765946,0
stable_diffusion_1_3_00006,test,1,0.8607576,0
stable_diffusion_1_3_00007,test,1,0.8122018,0
stable_diffusion_1_3_00008,test,1,0.3853117,1
stable_diffusion_1_3_00009,test,1,0.7486744,0
stable_diffusion_1_3_00010,test,1,0.33770832,0
stable_diffusion_1_3_00011,test,1,0.3853117,1
stable_diffusion_1_3_00012,test,1,0.9692574,0
stable_diffusion_1_3_00013,test,1,0.719925,0
stable_diffusion_1_3_00014,test,1,0.3853117,1
stable_diffusion_1_3_00015,test,1,0.30329612,0
stable_diffusion_1_3_00016,test,1,0.3853117,1
stable_diffusion_1_3_00017,test,1,0.98605055,0
stable_diffusion_1_3_00018,test,1,0.3853117,1
stable_diffusion_1_3_00019,test,1,0.88840866,0
stable_diffusion_1_3_00020,test,1,0.9165381,0
stable_diffusion_1_3_00021,test,1,0.3853117,1
stable_diffusion_1_3_00022,test,1,0.50670415,0
stable_diffusion_1_3_00023,test,1,0.43018952,0
stable_diffusion_1_3_00024,test,1,0.3853117,1
stable_diffusion_1_3_00025,test,1,0.23025134,0
stable_diffusion_1_3_00026,test,1,0.8690428,0
stable_diffusion_1_3_00027,test,1,0.3853117,1
stable_diffusion_1_3_00028,test,1,0.3853117,1
stable_diffusion_1_3_00029,test,1,0.3853117,1
stable_diffusion_1_3_00030,test,1,0.4372844,0
stable_diffusion_1_3_00031,test,1,0.3853117,1
stable_diffusion_1_3_00032,test,1,0.3853117,1
stable_diffusion_1_3_00033,test,1,0.3853117,1
stable_diffusion_1_3_00034,test,1,0.3853117,1
stable_diffusion_1_3_00035,test,1,0.9150851,0
stable_diffusion_1_3_00036,test,1,0.71879756,0
stable_diffusion_1_3_00037,test,1,0.15533657,0
stable_diffusion_1_3_00038,test,1,0.7185938,0
stable_diffusion_1_3_00039,test,1,0.7770738,0
stable_diffusion_1_3_00040,test,1,0.8046234,0
stable_diffusion_1_3_00041,test,1,0.3853117,1
stable_diffusion_1_3_00042,test,1,0.3853117,1
stable_diffusion_1_3_00043,test,1,0.29667246,0
stable_diffusion_1_3_00044,test,1,0.9961265,0
stable_diffusion_1_3_00045,test,1,0.76486206,0
stable_diffusion_1_3_00046,test,1,0.3853117,1
stable_diffusion_1_3_00047,test,1,0.3853117,1
stable_diffusion_1_3_00048,test,1,0.3853117,1
stable_diffusion_1_3_00049,test,1,0.95314837,0
stable_diffusion_1_3_00050,test,1,0.3853117,1
stable_diffusion_1_3_00051,test,1,0.9999875,0
stable_diffusion_1_3_00052,test,1,0.7635498,0
stable_diffusion_1_3_00053,test,1,0.3853117,1
stable_diffusion_1_3_00054,test,1,0.99966383,0
stable_diffusion_1_3_00055,test,1,0.7546997,0
stable_diffusion_1_3_00056,test,1,0.3853117,1
stable_diffusion_1_3_00057,test,1,0.3853117,1
stable_diffusion_1_3_00058,test,1,0.99195224,0
stable_diffusion_1_3_00059,test,1,0.3853117,1
stable_diffusion_1_3_00060,test,1,0.3853117,1
stable_diffusion_1_3_00061,test,1,0.3853117,1
stable_diffusion_1_3_00062,test,1,0.3853117,1
stable_diffusion_1_3_00063,test,1,0.3853117,1
stable_diffusion_1_3_00064,test,1,0.3192169,0
stable_diffusion_1_3_00065,test,1,0.12523803,0
stable_diffusion_1_3_00066,test,1,0.99535143,0
stable_diffusion_1_3_00067,test,1,0.3853117,1
stable_diffusion_1_3_00068,test,1,0.3853117,1
stable_diffusion_1_3_00069,test,1,0.3853117,1
stable_diffusion_1_3_00070,test,1,0.08637031,0
stable_diffusion_1_3_00071,test,1,0.3853117,1
stable_diffusion_1_3_00072,test,1,0.27899095,0
stable_diffusion_1_3_00073,test,1,0.99897754,0
stable_diffusion_1_3_00074,test,1,0.3853117,1
stable_diffusion_1_3_00075,test,1,0.3853117,1
stable_diffusion_1_3_00076,test,1,0.443283,0
stable_diffusion_1_3_00077,test,1,0.93968076,0
stable_diffusion_1_3_00078,test,1,0.3853117,1
stable_diffusion_1_3_00079,test,1,0.9955011,0
stable_diffusion_1_3_00080,test,1,0.8558029,0
stable_diffusion_1_3_00081,test,1,0.24953072,0
stable_diffusion_1_3_00082,test,1,0.022685913,0
stable_diffusion_1_3_00083,test,1,0.31099266,0
stable_diffusion_1_3_00084,test,1,0.87511665,0
stable_diffusion_1_3_00085,test,1,0.3853117,1
stable_diffusion_1_3_00086,test,1,0.3853117,1
stable_diffusion_1_3_00087,test,1,0.68199974,0
stable_diffusion_1_3_00088,test,1,0.9287802,0
stable_diffusion_1_3_00089,test,1,0.3853117,1
stable_diffusion_1_3_00090,test,1,0.3853117,1
stable_diffusion_1_3_00091,test,1,0.3853117,1
stable_diffusion_1_3_00092,test,1,0.3853117,1
stable_diffusion_1_3_00093,test,1,0.3853117,1
stable_diffusion_1_3_00094,test,1,0.07665737,0
stable_diffusion_1_3_00095,test,1,0.4535838,0
stable_diffusion_1_3_00096,test,1,0.3853117,1
stable_diffusion_1_3_00097,test,1,0.069314055,0
stable_diffusion_1_3_00098,test,1,0.3853117,1
stable_diffusion_1_3_00099,test,1,0.3853117,1
stable_diffusion_1_3_00100,test,1,0.3853117,1
stable_diffusion_1_3_00101,test,1,0.7965173,0
stable_diffusion_1_3_00102,test,1,0.3853117,1
stable_diffusion_1_3_00103,test,1,0.8525367,0
stable_diffusion_1_3_00104,test,1,0.9977094,0
stable_diffusion_1_3_00105,test,1,0.8524306,0
stable_diffusion_1_3_00106,test,1,0.99762374,0
stable_diffusion_1_3_00107,test,1,0.90530425,0
stable_diffusion_1_3_00108,test,1,0.3853117,1
stable_diffusion_1_3_00109,test,1,0.80289394,0
stable_diffusion_1_3_00110,test,1,0.3853117,1
stable_diffusion_1_3_00111,test,1,0.497324,0
stable_diffusion_1_3_00112,test,1,0.35986605,0
stable_diffusion_1_3_00113,test,1,0.7946318,0
stable_diffusion_1_3_00114,test,1,0.15376614,0
stable_diffusion_1_3_00115,test,1,0.67463064,0
stable_diffusion_1_3_00116,test,1,0.97699624,0
stable_diffusion_1_3_00117,test,1,0.3853117,1
stable_diffusion_1_3_00118,test,1,0.04969461,0
stable_diffusion_1_3_00119,test,1,0.41785282,0
stable_diffusion_1_3_00120,test,1,0.9038472,0
stable_diffusion_1_3_00121,test,1,0.08522989,1
stable_diffusion_1_3_00122,test,1,0.913118,0
stable_diffusion_1_3_00123,test,1,0.3853117,1
stable_diffusion_1_3_00124,test,1,0.4263814,0
stable_diffusion_1_3_00125,test,1,0.78216255,0
stable_diffusion_1_3_00126,test,1,0.3853117,1
stable_diffusion_1_3_00127,test,1,0.3853117,1
stable_diffusion_1_3_00128,test,1,0.36246833,0
stable_diffusion_1_3_00129,test,1,0.73424447,0
stable_diffusion_1_3_00130,test,1,0.37815377,0
stable_diffusion_1_3_00131,test,1,0.61743504,0
stable_diffusion_1_3_00132,test,1,0.3853117,1
stable_diffusion_1_3_00133,test,1,0.23073007,0
stable_diffusion_1_3_00134,test,1,0.6725503,0
stable_diffusion_1_3_00135,test,1,0.44400385,0
stable_diffusion_1_3_00136,test,1,0.3853117,1
stable_diffusion_1_3_00137,test,1,0.3853117,1
stable_diffusion_1_3_00138,test,1,0.3853117,1
stable_diffusion_1_3_00139,test,1,0.062411353,0
stable_diffusion_1_3_00140,test,1,0.4545983,0
stable_diffusion_1_3_00141,test,1,0.3853117,1
stable_diffusion_1_3_00142,test,1,0.3853117,1
stable_diffusion_1_3_00143,test,1,0.3853117,1
stable_diffusion_1_3_00144,test,1,0.18011594,0
stable_diffusion_1_3_00145,test,1,0.3853117,1
stable_diffusion_1_3_00146,test,1,0.3853117,1
stable_diffusion_1_3_00147,test,1,0.3853117,1
stable_diffusion_1_3_00148,test,1,0.98391473,0
stable_diffusion_1_3_00149,test,1,0.3853117,1
stable_diffusion_1_3_00150,test,1,0.3853117,1
stable_diffusion_1_3_00151,test,1,0.3853117,1
stable_diffusion_1_3_00152,test,1,0.3853117,1
stable_diffusion_1_3_00153,test,1,0.72038114,0
stable_diffusion_1_3_00154,test,1,0.3853117,1
stable_diffusion_1_3_00155,test,1,0.3853117,1
stable_diffusion_1_3_00156,test,1,0.3853117,1
stable_diffusion_1_3_00157,test,1,0.3853117,1
stable_diffusion_1_3_00158,test,1,0.30627063,1
stable_diffusion_1_3_00159,test,1,0.3853117,1
stable_diffusion_1_3_00160,test,1,0.3853117,1
stable_diffusion_1_3_00161,test,1,0.3647148,0
stable_diffusion_1_3_00162,test,1,0.3853117,1
stable_diffusion_1_3_00163,test,1,0.3853117,1
stable_diffusion_1_3_00164,test,1,0.5982292,0
stable_diffusion_1_3_00165,test,1,0.3853117,1
stable_diffusion_1_3_00166,test,1,0.07152388,0
stable_diffusion_1_3_00167,test,1,0.3853117,1
stable_diffusion_1_3_00168,test,1,0.95930314,0
stable_diffusion_1_3_00169,test,1,0.031566676,0
stable_diffusion_1_3_00170,test,1,0.3853117,1
stable_diffusion_1_3_00171,test,1,0.3853117,1
stable_diffusion_1_3_00172,test,1,0.34089863,0
stable_diffusion_1_3_00173,test,1,0.3853117,1
stable_diffusion_1_3_00174,test,1,0.3853117,1
stable_diffusion_1_3_00175,test,1,0.3853117,1
stable_diffusion_1_3_00176,test,1,0.3853117,1
stable_diffusion_1_3_00177,test,1,0.5042687,0
stable_diffusion_1_3_00178,test,1,0.3853117,1
stable_diffusion_1_3_00179,test,1,0.6629971,0
stable_diffusion_1_3_00180,test,1,0.3853117,1
stable_diffusion_1_3_00181,test,1,0.8989396,0
stable_diffusion_1_3_00182,test,1,0.3853117,1
stable_diffusion_1_3_00183,test,1,0.109713696,0
stable_diffusion_1_3_00184,test,1,0.90281165,0
stable_diffusion_1_3_00185,test,1,0.97852284,0
stable_diffusion_1_3_00186,test,1,0.8264695,0
stable_diffusion_1_3_00187,test,1,0.3853117,1
stable_diffusion_1_3_00188,test,1,0.6321639,0
stable_diffusion_1_3_00189,test,1,0.3853117,1
stable_diffusion_1_3_00190,test,1,0.87800616,0
stable_diffusion_1_3_00191,test,1,0.5006288,0
stable_diffusion_1_3_00192,test,1,0.3853117,1
stable_diffusion_1_3_00193,test,1,0.47357363,0
stable_diffusion_1_3_00194,test,1,0.980604,0
stable_diffusion_1_3_00195,test,1,0.3853117,1
stable_diffusion_1_3_00196,test,1,0.3853117,1
stable_diffusion_1_3_00197,test,1,0.3853117,1
stable_diffusion_1_3_00198,test,1,0.9995141,0
stable_diffusion_1_3_00199,test,1,0.3853117,1
stable_diffusion_1_3_00200,test,1,0.75914454,0
stable_diffusion_1_3_00201,test,1,0.3853117,1
stable_diffusion_1_3_00202,test,1,0.17315765,0
stable_diffusion_1_3_00203,test,1,0.19565755,0
stable_diffusion_1_3_00204,test,1,0.47624162,0
stable_diffusion_1_3_00205,test,1,0.9026874,0
stable_diffusion_1_3_00206,test,1,0.3853117,1
stable_diffusion_1_3_00207,test,1,0.3853117,1
stable_diffusion_1_3_00208,test,1,0.3853117,1
stable_diffusion_1_3_00209,test,1,0.3853117,1
stable_diffusion_1_3_00210,test,1,0.9991394,0
stable_diffusion_1_3_00211,test,1,0.9963955,0
stable_diffusion_1_3_00212,test,1,0.3853117,1
stable_diffusion_1_3_00213,test,1,0.92957926,0
stable_diffusion_1_3_00214,test,1,0.3853117,1
stable_diffusion_1_3_00215,test,1,0.3853117,1
stable_diffusion_1_3_00216,test,1,0.3853117,1
stable_diffusion_1_3_00217,test,1,0.3853117,1
stable_diffusion_1_3_00218,test,1,0.96554106,0
stable_diffusion_1_3_00219,test,1,0.997408,0
stable_diffusion_1_3_00220,test,1,0.3853117,1
stable_diffusion_1_3_00221,test,1,0.3853117,1
stable_diffusion_1_3_00222,test,1,0.99746275,0
stable_diffusion_1_3_00223,test,1,0.3853117,1
stable_diffusion_1_3_00224,test,1,0.3853117,1
stable_diffusion_1_3_00225,test,1,0.8486011,0
stable_diffusion_1_3_00226,test,1,0.3853117,1
stable_diffusion_1_3_00227,test,1,0.3853117,1
stable_diffusion_1_3_00228,test,1,0.3853117,1
stable_diffusion_1_3_00229,test,1,0.045006804,0
stable_diffusion_1_3_00230,test,1,0.3853117,1
stable_diffusion_1_3_00231,test,1,0.4773527,0
stable_diffusion_1_3_00232,test,1,0.3853117,1
stable_diffusion_1_3_00233,test,1,0.9855542,0
stable_diffusion_1_3_00234,test,1,0.9032842,0
stable_diffusion_1_3_00235,test,1,0.3853117,1
stable_diffusion_1_3_00236,test,1,0.8541293,0
stable_diffusion_1_3_00237,test,1,0.5419143,0
stable_diffusion_1_3_00238,test,1,0.10919215,0
stable_diffusion_1_3_00239,test,1,0.83229613,0
stable_diffusion_1_3_00240,test,1,0.3853117,1
stable_diffusion_1_3_00241,test,1,0.94697654,0
stable_diffusion_1_3_00242,test,1,0.3853117,1
stable_diffusion_1_3_00243,test,1,0.3853117,1
stable_diffusion_1_3_00244,test,1,0.3853117,1
stable_diffusion_1_3_00245,test,1,0.3853117,1
stable_diffusion_1_3_00246,test,1,0.9356487,0
stable_diffusion_1_3_00247,test,1,0.3853117,1
stable_diffusion_1_3_00248,test,1,0.81992245,0
stable_diffusion_1_3_00249,test,1,0.76229805,1
stable_diffusion_1_3_00250,test,1,0.3853117,1
stable_diffusion_1_3_00251,test,1,0.3853117,1
stable_diffusion_1_3_00252,test,1,0.3853117,1
stable_diffusion_1_3_00253,test,1,0.99980193,0
stable_diffusion_1_3_00254,test,1,0.49671087,0
stable_diffusion_1_3_00255,test,1,0.3853117,1
stable_diffusion_1_3_00256,test,1,0.2951186,0
stable_diffusion_1_3_00257,test,1,0.3853117,1
stable_diffusion_1_3_00258,test,1,0.25613463,0
stable_diffusion_1_3_00259,test,1,0.3853117,1
stable_diffusion_1_3_00260,test,1,0.3853117,1
stable_diffusion_1_3_00261,test,1,0.3853117,1
stable_diffusion_1_3_00262,test,1,0.3853117,1
stable_diffusion_1_3_00263,test,1,0.3853117,1
stable_diffusion_1_3_00264,test,1,0.9220332,0
stable_diffusion_1_3_00265,test,1,0.3853117,1
stable_diffusion_1_3_00266,test,1,0.9158159,0
stable_diffusion_1_3_00267,test,1,0.9274563,0
stable_diffusion_1_3_00268,test,1,0.98347247,0
stable_diffusion_1_3_00269,test,1,0.3853117,1
stable_diffusion_1_3_00270,test,1,0.3853117,1
stable_diffusion_1_3_00271,test,1,0.3853117,1
stable_diffusion_1_3_00272,test,1,0.31857663,1
stable_diffusion_1_3_00273,test,1,0.3222705,0
stable_diffusion_1_3_00274,test,1,0.3853117,1
stable_diffusion_1_3_00275,test,1,0.3853117,1
stable_diffusion_1_3_00276,test,1,0.3853117,1
stable_diffusion_1_3_00277,test,1,0.97979593,0
stable_diffusion_1_3_00278,test,1,0.3853117,1
stable_diffusion_1_3_00279,test,1,0.3853117,1
stable_diffusion_1_3_00280,test,1,0.3853117,1
stable_diffusion_1_3_00281,test,1,0.9551245,0
stable_diffusion_1_3_00282,test,1,0.4987068,0
stable_diffusion_1_3_00283,test,1,0.9982528,0
stable_diffusion_1_3_00284,test,1,0.3853117,1
stable_diffusion_1_3_00285,test,1,0.3853117,1
stable_diffusion_1_3_00286,test,1,0.3853117,1
stable_diffusion_1_3_00287,test,1,0.96791136,0
stable_diffusion_1_3_00288,test,1,0.3853117,1
stable_diffusion_1_3_00289,test,1,0.052349173,0
stable_diffusion_1_3_00290,test,1,0.3853117,1
stable_diffusion_1_3_00291,test,1,0.069921866,0
stable_diffusion_1_3_00292,test,1,0.3853117,1
stable_diffusion_1_3_00293,test,1,0.91506386,0
stable_diffusion_1_3_00294,test,1,0.976174,0
stable_diffusion_1_3_00295,test,1,0.89091426,0
stable_diffusion_1_3_00296,test,1,0.24072619,0
stable_diffusion_1_3_00297,test,1,0.5459268,0
stable_diffusion_1_3_00298,test,1,0.3853117,1
stable_diffusion_1_3_00299,test,1,0.3853117,1
stable_diffusion_1_3_00300,test,1,0.3853117,1
stable_diffusion_1_3_00301,test,1,0.11687874,0
stable_diffusion_1_3_00302,test,1,0.3853117,1
stable_diffusion_1_3_00303,test,1,0.3853117,1
stable_diffusion_1_3_00304,test,1,0.3853117,1
stable_diffusion_1_3_00305,test,1,0.56158376,0
stable_diffusion_1_3_00306,test,1,0.3853117,1
stable_diffusion_1_3_00307,test,1,0.3853117,1
stable_diffusion_1_3_00308,test,1,0.3853117,1
stable_diffusion_1_3_00309,test,1,0.3853117,1
stable_diffusion_1_3_00310,test,1,0.3853117,1
stable_diffusion_1_3_00311,test,1,0.3853117,1
stable_diffusion_1_3_00312,test,1,0.3422756,0
stable_diffusion_1_3_00313,test,1,0.7582336,0
stable_diffusion_1_3_00314,test,1,0.3853117,1
stable_diffusion_1_3_00315,test,1,0.3853117,1
stable_diffusion_1_3_00316,test,1,0.3853117,1
stable_diffusion_1_3_00317,test,1,0.3853117,1
stable_diffusion_1_3_00318,test,1,0.3853117,1
stable_diffusion_1_3_00319,test,1,0.96869445,0
stable_diffusion_1_3_00320,test,1,0.7792209,0
stable_diffusion_1_3_00321,test,1,0.3853117,1
stable_diffusion_1_3_00322,test,1,0.3853117,1
stable_diffusion_1_3_00323,test,1,0.3673272,0
stable_diffusion_1_3_00324,test,1,0.7512073,0
stable_diffusion_1_3_00325,test,1,0.3853117,1
stable_diffusion_1_3_00326,test,1,0.9898984,0
stable_diffusion_1_3_00327,test,1,0.95520204,0
stable_diffusion_1_3_00328,test,1,0.4383622,0
stable_diffusion_1_3_00329,test,1,0.3853117,1
stable_diffusion_1_3_00330,test,1,0.41195804,0
stable_diffusion_1_3_00331,test,1,0.46716684,0
stable_diffusion_1_3_00332,test,1,0.3853117,1
stable_diffusion_1_3_00333,test,1,0.27173495,0
stable_diffusion_1_3_00334,test,1,0.3853117,1
stable_diffusion_1_3_00335,test,1,0.21723793,0
stable_diffusion_1_3_00336,test,1,0.3853117,1
stable_diffusion_1_3_00337,test,1,0.3853117,1
stable_diffusion_1_3_00338,test,1,0.96954334,0
stable_diffusion_1_3_00339,test,1,0.3853117,1
stable_diffusion_1_3_00340,test,1,0.3853117,1
stable_diffusion_1_3_00341,test,1,0.6501848,0
stable_diffusion_1_3_00342,test,1,0.3853117,1
stable_diffusion_1_3_00343,test,1,0.22329952,0
stable_diffusion_1_3_00344,test,1,0.3853117,1
stable_diffusion_1_3_00345,test,1,0.20549007,0
stable_diffusion_1_3_00346,test,1,0.3853117,1
stable_diffusion_1_3_00347,test,1,0.9826383,0
stable_diffusion_1_3_00348,test,1,0.3853117,1
stable_diffusion_1_3_00349,test,1,0.3853117,1
stable_diffusion_1_3_00350,test,1,0.3853117,1
stable_diffusion_1_3_00351,test,1,0.3853117,1
stable_diffusion_1_3_00352,test,1,0.4499203,0
stable_diffusion_1_3_00353,test,1,0.3853117,1
stable_diffusion_1_3_00354,test,1,0.3853117,1
stable_diffusion_1_3_00355,test,1,0.3853117,1
stable_diffusion_1_3_00356,test,1,0.08513874,0
stable_diffusion_1_3_00357,test,1,0.3853117,1
stable_diffusion_1_3_00358,test,1,0.3853117,1
stable_diffusion_1_3_00359,test,1,0.2669305,0
stable_diffusion_1_3_00360,test,1,0.3853117,1
stable_diffusion_1_3_00361,test,1,0.7713042,0
stable_diffusion_1_3_00362,test,1,0.3853117,1
stable_diffusion_1_3_00363,test,1,0.13575669,0
stable_diffusion_1_3_00364,test,1,0.9580353,0
stable_diffusion_1_3_00365,test,1,0.3853117,1
stable_diffusion_1_3_00366,test,1,0.6071248,0
stable_diffusion_1_3_00367,test,1,0.3853117,1
stable_diffusion_1_3_00368,test,1,0.30681437,0
stable_diffusion_1_3_00369,test,1,0.21540102,1
stable_diffusion_1_3_00370,test,1,0.3853117,1
stable_diffusion_1_3_00371,test,1,0.3853117,1
stable_diffusion_1_3_00372,test,1,0.3853117,1
stable_diffusion_1_3_00373,test,1,0.9873223,0
stable_diffusion_1_3_00374,test,1,0.3853117,1
stable_diffusion_1_3_00375,test,1,0.3853117,1
stable_diffusion_1_3_00376,test,1,0.3853117,1
stable_diffusion_1_3_00377,test,1,0.3853117,1
stable_diffusion_1_3_00378,test,1,0.67260367,0
stable_diffusion_1_3_00379,test,1,0.3853117,1
stable_diffusion_1_3_00380,test,1,0.3853117,1
stable_diffusion_1_3_00381,test,1,0.3853117,1
stable_diffusion_1_3_00382,test,1,0.3853117,1
stable_diffusion_1_3_00383,test,1,0.3853117,1
stable_diffusion_1_3_00384,test,1,0.748287,0
stable_diffusion_1_3_00385,test,1,0.3853117,1
stable_diffusion_1_3_00386,test,1,0.82922506,0
stable_diffusion_1_3_00387,test,1,0.3853117,1
stable_diffusion_1_3_00388,test,1,0.9218903,0
stable_diffusion_1_3_00389,test,1,0.9436716,0
stable_diffusion_1_3_00390,test,1,0.3853117,1
stable_diffusion_1_3_00391,test,1,0.06331458,0
stable_diffusion_1_3_00392,test,1,0.3853117,1
stable_diffusion_1_3_00393,test,1,0.3853117,1
stable_diffusion_1_3_00394,test,1,0.46537945,0
stable_diffusion_1_3_00395,test,1,0.3853117,1
stable_diffusion_1_3_00396,test,1,0.3853117,1
stable_diffusion_1_3_00397,test,1,0.1911766,0
stable_diffusion_1_3_00398,test,1,0.3853117,1
stable_diffusion_1_3_00399,test,1,0.33308923,0
stable_diffusion_1_3_00400,test,1,0.8888399,0
stable_diffusion_1_3_00401,test,1,0.3853117,1
stable_diffusion_1_3_00402,test,1,0.5569401,0
stable_diffusion_1_3_00403,test,1,0.82930136,0
stable_diffusion_1_3_00404,test,1,0.3853117,1
stable_diffusion_1_3_00405,test,1,0.99939156,0
stable_diffusion_1_3_00406,test,1,0.24275078,0
stable_diffusion_1_3_00407,test,1,0.3853117,1
stable_diffusion_1_3_00408,test,1,0.2363695,0
stable_diffusion_1_3_00409,test,1,0.3853117,1
stable_diffusion_1_3_00410,test,1,0.27780724,0
stable_diffusion_1_3_00411,test,1,0.66160464,0
stable_diffusion_1_3_00412,test,1,0.3853117,1
stable_diffusion_1_3_00413,test,1,0.3098176,0
stable_diffusion_1_3_00414,test,1,0.24132827,0
stable_diffusion_1_3_00415,test,1,0.9343127,0
stable_diffusion_1_3_00416,test,1,0.3853117,1
stable_diffusion_1_3_00417,test,1,0.963164,0
stable_diffusion_1_3_00418,test,1,0.3853117,1
stable_diffusion_1_3_00419,test,1,0.3107766,0
stable_diffusion_1_3_00420,test,1,0.3853117,1
stable_diffusion_1_3_00421,test,1,0.3853117,1
stable_diffusion_1_3_00422,test,1,0.3853117,1
stable_diffusion_1_3_00423,test,1,0.3853117,1
stable_diffusion_1_3_00424,test,1,0.3853117,1
stable_diffusion_1_3_00425,test,1,0.3683647,0
stable_diffusion_1_3_00426,test,1,0.3853117,1
stable_diffusion_1_3_00427,test,1,0.35602683,0
stable_diffusion_1_3_00428,test,1,0.45744327,0
stable_diffusion_1_3_00429,test,1,0.40664533,0
stable_diffusion_1_3_00430,test,1,0.3853117,1
stable_diffusion_1_3_00431,test,1,0.3853117,1
stable_diffusion_1_3_00432,test,1,0.3853117,1
stable_diffusion_1_3_00433,test,1,0.3853117,1
stable_diffusion_1_3_00434,test,1,0.3853117,1
stable_diffusion_1_3_00435,test,1,0.3853117,1
stable_diffusion_1_3_00436,test,1,0.3853117,1
stable_diffusion_1_3_00437,test,1,0.9781627,0
stable_diffusion_1_3_00438,test,1,0.3853117,1
stable_diffusion_1_3_00439,test,1,0.8937876,0
stable_diffusion_1_3_00440,test,1,0.3853117,1
stable_diffusion_1_3_00441,test,1,0.3853117,1
stable_diffusion_1_3_00442,test,1,0.19393685,0
stable_diffusion_1_3_00443,test,1,0.22122851,0
stable_diffusion_1_3_00444,test,1,0.3853117,1
stable_diffusion_1_3_00445,test,1,0.9235337,0
stable_diffusion_1_3_00446,test,1,0.9999728,0
stable_diffusion_1_3_00447,test,1,0.3853117,1
stable_diffusion_1_3_00448,test,1,0.9929766,0
stable_diffusion_1_3_00449,test,1,0.3853117,1
stable_diffusion_1_3_00450,test,1,0.3853117,1
stable_diffusion_1_3_00451,test,1,0.3853117,1
stable_diffusion_1_3_00452,test,1,0.99907565,0
stable_diffusion_1_3_00453,test,1,0.8703683,0
stable_diffusion_1_3_00454,test,1,0.3853117,1
stable_diffusion_1_3_00455,test,1,0.3853117,1
stable_diffusion_1_3_00456,test,1,0.23629007,0
stable_diffusion_1_3_00457,test,1,0.3853117,1
stable_diffusion_1_3_00458,test,1,0.3853117,1
stable_diffusion_1_3_00459,test,1,0.99504316,0
stable_diffusion_1_3_00460,test,1,0.3853117,1
stable_diffusion_1_3_00461,test,1,0.99449,0
stable_diffusion_1_3_00462,test,1,0.3853117,1
stable_diffusion_1_3_00463,test,1,0.7348746,0
stable_diffusion_1_3_00464,test,1,0.3853117,1
stable_diffusion_1_3_00465,test,1,0.3853117,1
stable_diffusion_1_3_00466,test,1,0.16351953,0
stable_diffusion_1_3_00467,test,1,0.3853117,1
stable_diffusion_1_3_00468,test,1,0.3853117,1
stable_diffusion_1_3_00469,test,1,0.40268183,0
stable_diffusion_1_3_00470,test,1,0.3853117,1
stable_diffusion_1_3_00471,test,1,0.06919461,0
stable_diffusion_1_3_00472,test,1,0.3853117,1
stable_diffusion_1_3_00473,test,1,0.2861905,0
stable_diffusion_1_3_00474,test,1,0.3853117,1
stable_diffusion_1_3_00475,test,1,0.3853117,1
stable_diffusion_1_3_00476,test,1,0.0978976,0
stable_diffusion_1_3_00477,test,1,0.3853117,1
stable_diffusion_1_3_00478,test,1,0.3853117,1
stable_diffusion_1_3_00479,test,1,0.87212586,0
stable_diffusion_1_3_00480,test,1,0.97543645,0
stable_diffusion_1_3_00481,test,1,0.2348062,0
stable_diffusion_1_3_00482,test,1,0.3853117,1
stable_diffusion_1_3_00483,test,1,0.58021444,0
stable_diffusion_1_3_00484,test,1,0.3853117,1
stable_diffusion_1_3_00485,test,1,0.3853117,1
stable_diffusion_1_3_00486,test,1,0.080173224,0
stable_diffusion_1_3_00487,test,1,0.3853117,1
stable_diffusion_1_3_00488,test,1,0.7739498,0
stable_diffusion_1_3_00489,test,1,0.3853117,1
stable_diffusion_1_3_00490,test,1,0.58567756,0
stable_diffusion_1_3_00491,test,1,0.3853117,1
stable_diffusion_1_3_00492,test,1,0.3853117,1
stable_diffusion_1_3_00493,test,1,0.005866968,0
stable_diffusion_1_3_00494,test,1,0.3853117,1
stable_diffusion_1_3_00495,test,1,0.99966013,0
stable_diffusion_1_3_00496,test,1,0.9113811,0
stable_diffusion_1_3_00497,test,1,0.014702044,0
stable_diffusion_1_3_00498,test,1,0.3853117,1
stable_diffusion_1_3_00499,test,1,0.3853117,1
stable_diffusion_1_3_00500,test,1,0.3853117,1
stable_diffusion_1_3_00501,test,1,0.16800316,0
stable_diffusion_1_3_00502,test,1,0.61396533,0
stable_diffusion_1_3_00503,test,1,0.76642686,0
stable_diffusion_1_3_00504,test,1,0.36588937,0
stable_diffusion_1_3_00505,test,1,0.99143136,0
stable_diffusion_1_3_00506,test,1,0.9992435,0
stable_diffusion_1_3_00507,test,1,0.3853117,1
stable_diffusion_1_3_00508,test,1,0.8968702,0
stable_diffusion_1_3_00509,test,1,0.3853117,1
stable_diffusion_1_3_00510,test,1,0.3853117,1
stable_diffusion_1_3_00511,test,1,0.15965672,1
stable_diffusion_1_3_00512,test,1,0.6202577,0
stable_diffusion_1_3_00513,test,1,0.3853117,1
stable_diffusion_1_3_00514,test,1,0.3853117,1
stable_diffusion_1_3_00515,test,1,0.3853117,1
stable_diffusion_1_3_00516,test,1,0.3853117,1
stable_diffusion_1_3_00517,test,1,0.3853117,1
stable_diffusion_1_3_00518,test,1,0.7103963,0
stable_diffusion_1_3_00519,test,1,0.3090568,0
stable_diffusion_1_3_00520,test,1,0.3853117,1
stable_diffusion_1_3_00521,test,1,0.48426858,0
stable_diffusion_1_3_00522,test,1,0.3853117,1
stable_diffusion_1_3_00523,test,1,0.9800755,0
stable_diffusion_1_3_00524,test,1,0.3853117,1
stable_diffusion_1_3_00525,test,1,0.16350259,1
stable_diffusion_1_3_00526,test,1,0.3853117,1
stable_diffusion_1_3_00527,test,1,0.9989184,0
stable_diffusion_1_3_00528,test,1,0.9509463,0
stable_diffusion_1_3_00529,test,1,0.3853117,1
stable_diffusion_1_3_00530,test,1,0.3853117,1
stable_diffusion_1_3_00531,test,1,0.3853117,1
stable_diffusion_1_3_00532,test,1,0.37374598,0
stable_diffusion_1_3_00533,test,1,0.8469123,0
stable_diffusion_1_3_00534,test,1,0.3853117,1
stable_diffusion_1_3_00535,test,1,0.3853117,1
stable_diffusion_1_3_00536,test,1,0.3853117,1
stable_diffusion_1_3_00537,test,1,0.3271282,0
stable_diffusion_1_3_00538,test,1,0.455445,0
stable_diffusion_1_3_00539,test,1,0.3853117,1
stable_diffusion_1_3_00540,test,1,0.3853117,1
stable_diffusion_1_3_00541,test,1,0.98017335,0
stable_diffusion_1_3_00542,test,1,0.99975973,0
stable_diffusion_1_3_00543,test,1,0.05644094,0
stable_diffusion_1_3_00544,test,1,0.22089985,0
stable_diffusion_1_3_00545,test,1,0.53818136,0
stable_diffusion_1_3_00546,test,1,0.3853117,1
stable_diffusion_1_3_00547,test,1,0.64524436,0
stable_diffusion_1_3_00548,test,1,0.3853117,1
stable_diffusion_1_3_00549,test,1,0.8419961,0
stable_diffusion_1_3_00550,test,1,0.3853117,1
stable_diffusion_1_3_00551,test,1,0.26470876,0
stable_diffusion_1_3_00552,test,1,0.88208747,0
stable_diffusion_1_3_00553,test,1,0.3853117,1
stable_diffusion_1_3_00554,test,1,0.4667379,0
stable_diffusion_1_3_00555,test,1,0.3853117,1
stable_diffusion_1_3_00556,test,1,0.3853117,1
stable_diffusion_1_3_00557,test,1,0.51601285,0
stable_diffusion_1_3_00558,test,1,0.33783224,0
stable_diffusion_1_3_00559,test,1,0.3853117,1
stable_diffusion_1_3_00560,test,1,0.3853117,1
stable_diffusion_1_3_00561,test,1,0.24660195,0
stable_diffusion_1_3_00562,test,1,0.31257692,0
stable_diffusion_1_3_00563,test,1,0.14088483,1
stable_diffusion_1_3_00564,test,1,0.3853117,1
stable_diffusion_1_3_00565,test,1,0.44057542,1
stable_diffusion_1_3_00566,test,1,0.3853117,1
stable_diffusion_1_3_00567,test,1,0.07096403,0
stable_diffusion_1_3_00568,test,1,0.3853117,1
stable_diffusion_1_3_00569,test,1,0.81993234,0
stable_diffusion_1_3_00570,test,1,0.3853117,1
stable_diffusion_1_3_00571,test,1,0.4219942,0
stable_diffusion_1_3_00572,test,1,0.9856236,0
stable_diffusion_1_3_00573,test,1,0.020470854,0
stable_diffusion_1_3_00574,test,1,0.9744298,0
stable_diffusion_1_3_00575,test,1,0.9976392,0
stable_diffusion_1_3_00576,test,1,0.32869744,0
stable_diffusion_1_3_00577,test,1,0.3853117,1
stable_diffusion_1_3_00578,test,1,0.46382448,0
stable_diffusion_1_3_00579,test,1,0.96498346,0
stable_diffusion_1_3_00580,test,1,0.3853117,1
stable_diffusion_1_3_00581,test,1,0.088629514,0
stable_diffusion_1_3_00582,test,1,0.3853117,1
stable_diffusion_1_3_00583,test,1,0.939168,0
stable_diffusion_1_3_00584,test,1,0.3853117,1
stable_diffusion_1_3_00585,test,1,0.3853117,1
stable_diffusion_1_3_00586,test,1,0.25469616,0
stable_diffusion_1_3_00587,test,1,0.85572904,0
stable_diffusion_1_3_00588,test,1,0.51941115,0
stable_diffusion_1_3_00589,test,1,0.98925775,0
stable_diffusion_1_3_00590,test,1,0.3853117,1
stable_diffusion_1_3_00591,test,1,0.94084376,0
stable_diffusion_1_3_00592,test,1,0.9823338,0
stable_diffusion_1_3_00593,test,1,0.3853117,1
stable_diffusion_1_3_00594,test,1,0.062109947,0
stable_diffusion_1_3_00595,test,1,0.3853117,1
stable_diffusion_1_3_00596,test,1,0.3853117,1
stable_diffusion_1_3_00597,test,1,0.8065826,0
stable_diffusion_1_3_00598,test,1,0.7848911,0
stable_diffusion_1_3_00599,test,1,0.3853117,1
stable_diffusion_1_3_00600,test,1,0.3853117,1
stable_diffusion_1_3_00601,test,1,0.44959968,0
stable_diffusion_1_3_00602,test,1,0.9806768,0
stable_diffusion_1_3_00603,test,1,0.3853117,1
stable_diffusion_1_3_00604,test,1,0.78799117,0
stable_diffusion_1_3_00605,test,1,0.3853117,1
stable_diffusion_1_3_00606,test,1,0.3853117,1
stable_diffusion_1_3_00607,test,1,0.0034203336,0
stable_diffusion_1_3_00608,test,1,0.3853117,1
stable_diffusion_1_3_00609,test,1,0.81356627,0
stable_diffusion_1_3_00610,test,1,0.78581375,0
stable_diffusion_1_3_00611,test,1,0.3853117,1
stable_diffusion_1_3_00612,test,1,0.97337556,0
stable_diffusion_1_3_00613,test,1,0.3853117,1
stable_diffusion_1_3_00614,test,1,0.3853117,1
stable_diffusion_1_3_00615,test,1,0.56855685,0
stable_diffusion_1_3_00616,test,1,0.99101114,0
stable_diffusion_1_3_00617,test,1,0.3853117,1
stable_diffusion_1_3_00618,test,1,0.48371944,0
stable_diffusion_1_3_00619,test,1,0.3853117,1
stable_diffusion_1_3_00620,test,1,0.3853117,1
stable_diffusion_1_3_00621,test,1,0.3853117,1
stable_diffusion_1_3_00622,test,1,0.74541175,0
stable_diffusion_1_3_00623,test,1,0.25589162,0
stable_diffusion_1_3_00624,test,1,0.3853117,1
stable_diffusion_1_3_00625,test,1,0.47427213,0
stable_diffusion_1_3_00626,test,1,0.4945786,0
stable_diffusion_1_3_00627,test,1,0.3853117,1
stable_diffusion_1_3_00628,test,1,0.3853117,1
stable_diffusion_1_3_00629,test,1,0.070409335,0
stable_diffusion_1_3_00630,test,1,0.2768409,0
stable_diffusion_1_3_00631,test,1,0.83351403,0
stable_diffusion_1_3_00632,test,1,0.3853117,1
stable_diffusion_1_3_00633,test,1,0.3853117,1
stable_diffusion_1_3_00634,test,1,0.408386,0
stable_diffusion_1_3_00635,test,1,0.3853117,1
stable_diffusion_1_3_00636,test,1,0.7236897,0
stable_diffusion_1_3_00637,test,1,0.3853117,1
stable_diffusion_1_3_00638,test,1,0.3853117,1
stable_diffusion_1_3_00639,test,1,0.3853117,1
stable_diffusion_1_3_00640,test,1,0.75611967,0
stable_diffusion_1_3_00641,test,1,0.3853117,1
stable_diffusion_1_3_00642,test,1,0.2549311,0
stable_diffusion_1_3_00643,test,1,0.9969797,0
stable_diffusion_1_3_00644,test,1,0.21381962,0
stable_diffusion_1_3_00645,test,1,0.34096915,0
stable_diffusion_1_3_00646,test,1,0.3853117,1
stable_diffusion_1_3_00647,test,1,0.3853117,1
stable_diffusion_1_3_00648,test,1,0.3853117,1
stable_diffusion_1_3_00649,test,1,0.3853117,1
stable_diffusion_1_3_00650,test,1,0.3853117,1
stable_diffusion_1_3_00651,test,1,0.3853117,1
stable_diffusion_1_3_00652,test,1,0.8617841,0
stable_diffusion_1_3_00653,test,1,0.54442537,0
stable_diffusion_1_3_00654,test,1,0.3853117,1
stable_diffusion_1_3_00655,test,1,0.3853117,1
stable_diffusion_1_3_00656,test,1,0.45656565,0
stable_diffusion_1_3_00657,test,1,0.37004945,0
stable_diffusion_1_3_00658,test,1,0.3853117,1
stable_diffusion_1_3_00659,test,1,0.9837548,0
stable_diffusion_1_3_00660,test,1,0.31678885,1
stable_diffusion_1_3_00661,test,1,0.3853117,1
stable_diffusion_1_3_00662,test,1,0.051366255,0
stable_diffusion_1_3_00663,test,1,0.3853117,1
stable_diffusion_1_3_00664,test,1,0.11349103,0
stable_diffusion_1_3_00665,test,1,0.78202605,0
stable_diffusion_1_3_00666,test,1,0.3853117,1
stable_diffusion_1_3_00667,test,1,0.9195336,0
stable_diffusion_1_3_00668,test,1,0.31939664,0
stable_diffusion_1_3_00669,test,1,0.3853117,1
stable_diffusion_1_3_00670,test,1,0.013795975,0
stable_diffusion_1_3_00671,test,1,0.5562243,0
stable_diffusion_1_3_00672,test,1,0.3853117,1
stable_diffusion_1_3_00673,test,1,0.3853117,1
stable_diffusion_1_3_00674,test,1,0.61903584,0
stable_diffusion_1_3_00675,test,1,0.6320518,0
stable_diffusion_1_3_00676,test,1,0.3853117,1
stable_diffusion_1_3_00677,test,1,0.3853117,1
stable_diffusion_1_3_00678,test,1,0.7024379,0
stable_diffusion_1_3_00679,test,1,0.21092938,0
stable_diffusion_1_3_00680,test,1,0.85991603,0
stable_diffusion_1_3_00681,test,1,0.1433587,0
stable_diffusion_1_3_00682,test,1,0.99632215,0
stable_diffusion_1_3_00683,test,1,0.3853117,1
stable_diffusion_1_3_00684,test,1,0.3853117,1
stable_diffusion_1_3_00685,test,1,0.3853117,1
stable_diffusion_1_3_00686,test,1,0.3853117,1
stable_diffusion_1_3_00687,test,1,0.3853117,1
stable_diffusion_1_3_00688,test,1,0.3853117,1
stable_diffusion_1_3_00689,test,1,0.3853117,1
stable_diffusion_1_3_00690,test,1,0.5650804,0
stable_diffusion_1_3_00691,test,1,0.24221675,0
stable_diffusion_1_3_00692,test,1,0.26088762,0
stable_diffusion_1_3_00693,test,1,0.3853117,1
stable_diffusion_1_3_00694,test,1,0.70105195,0
stable_diffusion_1_3_00695,test,1,0.9147039,0
stable_diffusion_1_3_00696,test,1,0.3853117,1
stable_diffusion_1_3_00697,test,1,0.83119756,0
stable_diffusion_1_3_00698,test,1,0.3853117,1
stable_diffusion_1_3_00699,test,1,0.3853117,1
stable_diffusion_1_3_00700,test,1,0.3853117,1
stable_diffusion_1_3_00701,test,1,0.3853117,1
stable_diffusion_1_3_00702,test,1,0.3853117,1
stable_diffusion_1_3_00703,test,1,0.9624809,0
stable_diffusion_1_3_00704,test,1,0.8621615,0
stable_diffusion_1_3_00705,test,1,0.50394154,0
stable_diffusion_1_3_00706,test,1,0.959332,0
stable_diffusion_1_3_00707,test,1,0.3853117,1
stable_diffusion_1_3_00708,test,1,0.79110825,0
stable_diffusion_1_3_00709,test,1,0.3853117,1
stable_diffusion_1_3_00710,test,1,0.8073524,0
stable_diffusion_1_3_00711,test,1,0.44887754,0
stable_diffusion_1_3_00712,test,1,0.9595178,0
stable_diffusion_1_3_00713,test,1,0.3853117,1
stable_diffusion_1_3_00714,test,1,0.9991247,0
stable_diffusion_1_3_00715,test,1,0.9333695,0
stable_diffusion_1_3_00716,test,1,0.3853117,1
stable_diffusion_1_3_00717,test,1,0.63064533,0
stable_diffusion_1_3_00718,test,1,0.3853117,1
stable_diffusion_1_3_00719,test,1,0.41129375,0
stable_diffusion_1_3_00720,test,1,0.9040109,0
stable_diffusion_1_3_00721,test,1,0.3853117,1
stable_diffusion_1_3_00722,test,1,0.3853117,1
stable_diffusion_1_3_00723,test,1,0.3853117,1
stable_diffusion_1_3_00724,test,1,0.3853117,1
stable_diffusion_1_3_00725,test,1,0.9999672,0
stable_diffusion_1_3_00726,test,1,0.1065996,0
stable_diffusion_1_3_00727,test,1,0.3853117,1
stable_diffusion_1_3_00728,test,1,0.3853117,1
stable_diffusion_1_3_00729,test,1,0.89229506,1
stable_diffusion_1_3_00730,test,1,0.7749685,0
stable_diffusion_1_3_00731,test,1,0.3853117,1
stable_diffusion_1_3_00732,test,1,0.99968255,0
stable_diffusion_1_3_00733,test,1,0.3853117,1
stable_diffusion_1_3_00734,test,1,0.3853117,1
stable_diffusion_1_3_00735,test,1,0.9976737,0
stable_diffusion_1_3_00736,test,1,0.3853117,1
stable_diffusion_1_3_00737,test,1,0.9843816,0
stable_diffusion_1_3_00738,test,1,0.3853117,1
stable_diffusion_1_3_00739,test,1,0.3853117,1
stable_diffusion_1_3_00740,test,1,0.8140731,0
stable_diffusion_1_3_00741,test,1,0.3853117,1
stable_diffusion_1_3_00742,test,1,0.9530681,0
stable_diffusion_1_3_00743,test,1,0.3853117,1
stable_diffusion_1_3_00744,test,1,0.3853117,1
stable_diffusion_1_3_00745,test,1,0.94898856,0
stable_diffusion_1_3_00746,test,1,0.3853117,1
stable_diffusion_1_3_00747,test,1,0.3853117,1
stable_diffusion_1_3_00748,test,1,0.93223286,0
stable_diffusion_1_3_00749,test,1,0.9840635,0
stable_diffusion_1_3_00750,test,1,0.3853117,1
stable_diffusion_1_3_00751,test,1,0.48165396,0
stable_diffusion_1_3_00752,test,1,0.9706243,0
stable_diffusion_1_3_00753,test,1,0.3853117,1
stable_diffusion_1_3_00754,test,1,0.3853117,1
stable_diffusion_1_3_00755,test,1,0.31132403,0
stable_diffusion_1_3_00756,test,1,0.3853117,1
stable_diffusion_1_3_00757,test,1,0.65963644,0
stable_diffusion_1_3_00758,test,1,0.99458635,0
stable_diffusion_1_3_00759,test,1,0.88862187,0
stable_diffusion_1_3_00760,test,1,0.08335602,0
stable_diffusion_1_3_00761,test,1,0.3853117,1
stable_diffusion_1_3_00762,test,1,0.0051888367,0
stable_diffusion_1_3_00763,test,1,0.3853117,1
stable_diffusion_1_3_00764,test,1,0.3853117,1
stable_diffusion_1_3_00765,test,1,0.32843313,0
stable_diffusion_1_3_00766,test,1,0.3853117,1
stable_diffusion_1_3_00767,test,1,0.3853117,1
stable_diffusion_1_3_00768,test,1,0.3853117,1
stable_diffusion_1_3_00769,test,1,0.3853117,1
stable_diffusion_1_3_00770,test,1,0.2976372,0
stable_diffusion_1_3_00771,test,1,0.3853117,1
stable_diffusion_1_3_00772,test,1,0.3853117,1
stable_diffusion_1_3_00773,test,1,0.3853117,1
stable_diffusion_1_3_00774,test,1,0.3853117,1
stable_diffusion_1_3_00775,test,1,0.9195823,0
stable_diffusion_1_3_00776,test,1,0.95910394,0
stable_diffusion_1_3_00777,test,1,0.1669932,0
stable_diffusion_1_3_00778,test,1,0.41844153,0
stable_diffusion_1_3_00779,test,1,0.3853117,1
stable_diffusion_1_3_00780,test,1,0.3853117,1
stable_diffusion_1_3_00781,test,1,0.060829464,0
stable_diffusion_1_3_00782,test,1,0.3853117,1
stable_diffusion_1_3_00783,test,1,0.3853117,1
stable_diffusion_1_3_00784,test,1,0.3853117,1
stable_diffusion_1_3_00785,test,1,0.9342704,0
stable_diffusion_1_3_00786,test,1,0.99936146,0
stable_diffusion_1_3_00787,test,1,0.3853117,1
stable_diffusion_1_3_00788,test,1,0.9873158,0
stable_diffusion_1_3_00789,test,1,0.9977958,0
stable_diffusion_1_3_00790,test,1,0.045827374,0
stable_diffusion_1_3_00791,test,1,0.6871526,0
stable_diffusion_1_3_00792,test,1,0.13109425,0
stable_diffusion_1_3_00793,test,1,0.3853117,1
stable_diffusion_1_3_00794,test,1,0.3853117,1
stable_diffusion_1_3_00795,test,1,0.7681824,0
stable_diffusion_1_3_00796,test,1,0.13837174,0
stable_diffusion_1_3_00797,test,1,0.9998272,0
stable_diffusion_1_3_00798,test,1,0.3853117,1
stable_diffusion_1_3_00799,test,1,0.3853117,1
stable_diffusion_1_3_00800,test,1,0.41277814,0
stable_diffusion_1_3_00801,test,1,0.3853117,1
stable_diffusion_1_3_00802,test,1,0.3853117,1
stable_diffusion_1_3_00803,test,1,0.3853117,1
stable_diffusion_1_3_00804,test,1,0.3853117,1
stable_diffusion_1_3_00805,test,1,0.3853117,1
stable_diffusion_1_3_00806,test,1,0.3853117,1
stable_diffusion_1_3_00807,test,1,0.5046667,0
stable_diffusion_1_3_00808,test,1,0.32957846,0
stable_diffusion_1_3_00809,test,1,0.3853117,1
stable_diffusion_1_3_00810,test,1,0.3853117,1
stable_diffusion_1_3_00811,test,1,0.3853117,1
stable_diffusion_1_3_00812,test,1,0.3853117,1
stable_diffusion_1_3_00813,test,1,0.9160581,0
stable_diffusion_1_3_00814,test,1,0.3853117,1
stable_diffusion_1_3_00815,test,1,0.24209324,0
stable_diffusion_1_3_00816,test,1,0.25435057,0
stable_diffusion_1_3_00817,test,1,0.3853117,1
stable_diffusion_1_3_00818,test,1,0.3853117,1
stable_diffusion_1_3_00819,test,1,0.3853117,1
stable_diffusion_1_3_00820,test,1,0.3853117,1
stable_diffusion_1_3_00821,test,1,0.33220232,0
stable_diffusion_1_3_00822,test,1,0.3853117,1
stable_diffusion_1_3_00823,test,1,0.3853117,1
stable_diffusion_1_3_00824,test,1,0.32724103,0
stable_diffusion_1_3_00825,test,1,0.3853117,1
stable_diffusion_1_3_00826,test,1,0.18337063,0
stable_diffusion_1_3_00827,test,1,0.3853117,1
stable_diffusion_1_3_00828,test,1,0.91368073,0
stable_diffusion_1_3_00829,test,1,0.3853117,1
stable_diffusion_1_3_00830,test,1,0.789842,0
stable_diffusion_1_3_00831,test,1,0.3853117,1
stable_diffusion_1_3_00832,test,1,0.3853117,1
stable_diffusion_1_3_00833,test,1,0.3853117,1
stable_diffusion_1_3_00834,test,1,0.3853117,1
stable_diffusion_1_3_00835,test,1,0.3853117,1
stable_diffusion_1_3_00836,test,1,0.854218,0
stable_diffusion_1_3_00837,test,1,0.3853117,1
stable_diffusion_1_3_00838,test,1,0.3853117,1
stable_diffusion_1_3_00839,test,1,0.3853117,1
stable_diffusion_1_3_00840,test,1,0.3853117,1
stable_diffusion_1_3_00841,test,1,0.3853117,1
stable_diffusion_1_3_00842,test,1,0.6475396,0
stable_diffusion_1_3_00843,test,1,0.9395568,0
stable_diffusion_1_3_00844,test,1,0.890621,0
stable_diffusion_1_3_00845,test,1,0.3853117,1
stable_diffusion_1_3_00846,test,1,0.17603153,0
stable_diffusion_1_3_00847,test,1,0.3853117,1
stable_diffusion_1_3_00848,test,1,0.9983595,0
stable_diffusion_1_3_00849,test,1,0.3853117,1
stable_diffusion_1_3_00850,test,1,0.3853117,1
stable_diffusion_1_3_00851,test,1,0.5544626,0
stable_diffusion_1_3_00852,test,1,0.8809979,0
stable_diffusion_1_3_00853,test,1,0.99739325,0
stable_diffusion_1_3_00854,test,1,0.08609857,0
stable_diffusion_1_3_00855,test,1,0.9006879,0
stable_diffusion_1_3_00856,test,1,0.9934875,0
stable_diffusion_1_3_00857,test,1,0.3853117,1
stable_diffusion_1_3_00858,test,1,0.06375528,0
stable_diffusion_1_3_00859,test,1,0.3853117,1
stable_diffusion_1_3_00860,test,1,0.3853117,1
stable_diffusion_1_3_00861,test,1,0.99930596,0
stable_diffusion_1_3_00862,test,1,0.9512497,0
stable_diffusion_1_3_00863,test,1,0.49958226,0
stable_diffusion_1_3_00864,test,1,0.1634457,0
stable_diffusion_1_3_00865,test,1,0.3853117,1
stable_diffusion_1_3_00866,test,1,0.3853117,1
stable_diffusion_1_3_00867,test,1,0.39895445,0
stable_diffusion_1_3_00868,test,1,0.9753539,0
stable_diffusion_1_3_00869,test,1,0.3853117,1
stable_diffusion_1_3_00870,test,1,0.16469058,0
stable_diffusion_1_3_00871,test,1,0.5038186,0
stable_diffusion_1_3_00872,test,1,0.3853117,1
stable_diffusion_1_3_00873,test,1,0.12633483,0
stable_diffusion_1_3_00874,test,1,0.3853117,1
stable_diffusion_1_3_00875,test,1,0.3853117,1
stable_diffusion_1_3_00876,test,1,0.9999852,0
stable_diffusion_1_3_00877,test,1,0.9999696,0
stable_diffusion_1_3_00878,test,1,0.48725167,0
stable_diffusion_1_3_00879,test,1,0.3853117,1
stable_diffusion_1_3_00880,test,1,0.011543732,0
stable_diffusion_1_3_00881,test,1,0.97493964,0
stable_diffusion_1_3_00882,test,1,0.9993222,0
stable_diffusion_1_3_00883,test,1,0.12728955,0
stable_diffusion_1_3_00884,test,1,0.3853117,1
stable_diffusion_1_3_00885,test,1,0.3853117,1
stable_diffusion_1_3_00886,test,1,0.3853117,1
stable_diffusion_1_3_00887,test,1,0.3853117,1
stable_diffusion_1_3_00888,test,1,0.54630214,0
stable_diffusion_1_3_00889,test,1,0.76634985,0
stable_diffusion_1_3_00890,test,1,0.48957822,0
stable_diffusion_1_3_00891,test,1,0.3853117,1
stable_diffusion_1_3_00892,test,1,0.9972391,0
stable_diffusion_1_3_00893,test,1,0.3853117,1
stable_diffusion_1_3_00894,test,1,0.3853117,1
stable_diffusion_1_3_00895,test,1,0.3853117,1
stable_diffusion_1_3_00896,test,1,0.99145186,0
stable_diffusion_1_3_00897,test,1,0.3853117,1
stable_diffusion_1_3_00898,test,1,0.6466542,0
stable_diffusion_1_3_00899,test,1,0.5360908,0
stable_diffusion_1_3_00900,test,1,0.3853117,1
stable_diffusion_1_3_00901,test,1,0.99751914,0
stable_diffusion_1_3_00902,test,1,0.1065423,0
stable_diffusion_1_3_00903,test,1,0.3853117,1
stable_diffusion_1_3_00904,test,1,0.06256337,0
stable_diffusion_1_3_00905,test,1,0.772,0
stable_diffusion_1_3_00906,test,1,0.9866174,0
stable_diffusion_1_3_00907,test,1,0.18607552,0
stable_diffusion_1_3_00908,test,1,0.56432766,0
stable_diffusion_1_3_00909,test,1,0.3853117,1
stable_diffusion_1_3_00910,test,1,0.9989661,0
stable_diffusion_1_3_00911,test,1,0.3853117,1
stable_diffusion_1_3_00912,test,1,0.9108944,0
stable_diffusion_1_3_00913,test,1,0.94174683,0
stable_diffusion_1_3_00914,test,1,0.3853117,1
stable_diffusion_1_3_00915,test,1,0.3853117,1
stable_diffusion_1_3_00916,test,1,0.3853117,1
stable_diffusion_1_3_00917,test,1,0.3853117,1
stable_diffusion_1_3_00918,test,1,0.96884537,0
stable_diffusion_1_3_00919,test,1,0.3853117,1
stable_diffusion_1_3_00920,test,1,0.3853117,1
stable_diffusion_1_3_00921,test,1,0.3853117,1
stable_diffusion_1_3_00922,test,1,0.24349396,0
stable_diffusion_1_3_00923,test,1,0.3853117,1
stable_diffusion_1_3_00924,test,1,0.9985347,0
stable_diffusion_1_3_00925,test,1,0.74522865,0
stable_diffusion_1_3_00926,test,1,0.5335665,0
stable_diffusion_1_3_00927,test,1,0.3853117,1
stable_diffusion_1_3_00928,test,1,0.3853117,1
stable_diffusion_1_3_00929,test,1,0.3853117,1
stable_diffusion_1_3_00930,test,1,0.5396872,0
stable_diffusion_1_3_00931,test,1,0.69358987,0
stable_diffusion_1_3_00932,test,1,0.3853117,1
stable_diffusion_1_3_00933,test,1,0.3853117,1
stable_diffusion_1_3_00934,test,1,0.3853117,1
stable_diffusion_1_3_00935,test,1,0.13622653,0
stable_diffusion_1_3_00936,test,1,0.3853117,1
stable_diffusion_1_3_00937,test,1,0.8298352,0
stable_diffusion_1_3_00938,test,1,0.6550371,0
stable_diffusion_1_3_00939,test,1,0.94585776,0
stable_diffusion_1_3_00940,test,1,0.3853117,1
stable_diffusion_1_3_00941,test,1,0.3853117,1
stable_diffusion_1_3_00942,test,1,0.3853117,1
stable_diffusion_1_3_00943,test,1,0.3853117,1
stable_diffusion_1_3_00944,test,1,0.7543187,0
stable_diffusion_1_3_00945,test,1,0.6297885,0
stable_diffusion_1_3_00946,test,1,0.30424348,0
stable_diffusion_1_3_00947,test,1,0.3853117,1
stable_diffusion_1_3_00948,test,1,0.3853117,1
stable_diffusion_1_3_00949,test,1,0.843076,0
stable_diffusion_1_3_00950,test,1,0.3885578,0
stable_diffusion_1_3_00951,test,1,0.3853117,1
stable_diffusion_1_3_00952,test,1,0.3853117,1
stable_diffusion_1_3_00953,test,1,0.3853117,1
stable_diffusion_1_3_00954,test,1,0.7097772,0
stable_diffusion_1_3_00955,test,1,0.3853117,1
stable_diffusion_1_3_00956,test,1,0.95363873,0
stable_diffusion_1_3_00957,test,1,0.6805051,0
stable_diffusion_1_3_00958,test,1,0.3853117,1
stable_diffusion_1_3_00959,test,1,0.3042168,1
stable_diffusion_1_3_00960,test,1,0.85286456,0
stable_diffusion_1_3_00961,test,1,0.9828303,0
stable_diffusion_1_3_00962,test,1,0.3853117,1
stable_diffusion_1_3_00963,test,1,0.3853117,1
stable_diffusion_1_3_00964,test,1,0.3853117,1
stable_diffusion_1_3_00965,test,1,0.3853117,1
stable_diffusion_1_3_00966,test,1,0.3853117,1
stable_diffusion_1_3_00967,test,1,0.13153836,0
stable_diffusion_1_3_00968,test,1,0.5828583,0
stable_diffusion_1_3_00969,test,1,0.70704293,0
stable_diffusion_1_3_00970,test,1,0.90598065,0
stable_diffusion_1_3_00971,test,1,0.3853117,1
stable_diffusion_1_3_00972,test,1,0.9999976,0
stable_diffusion_1_3_00973,test,1,0.74591434,0
stable_diffusion_1_3_00974,test,1,0.19923936,0
stable_diffusion_1_3_00975,test,1,0.36057302,0
stable_diffusion_1_3_00976,test,1,0.3853117,1
stable_diffusion_1_3_00977,test,1,0.84486127,0
stable_diffusion_1_3_00978,test,1,0.3853117,1
stable_diffusion_1_3_00979,test,1,0.040695205,0
stable_diffusion_1_3_00980,test,1,0.5481526,0
stable_diffusion_1_3_00981,test,1,0.3853117,1
stable_diffusion_1_3_00982,test,1,0.3853117,1
stable_diffusion_1_3_00983,test,1,0.3853117,1
stable_diffusion_1_3_00984,test,1,0.3853117,1
stable_diffusion_1_3_00985,test,1,0.7397324,0
stable_diffusion_1_3_00986,test,1,0.3853117,1
stable_diffusion_1_3_00987,test,1,0.3853117,1
stable_diffusion_1_3_00988,test,1,0.95386183,0
stable_diffusion_1_3_00989,test,1,0.3853117,1
stable_diffusion_1_3_00990,test,1,0.26552054,0
stable_diffusion_1_3_00991,test,1,0.99180144,1
stable_diffusion_1_3_00992,test,1,0.29416478,0
stable_diffusion_1_3_00993,test,1,0.3853117,1
stable_diffusion_1_3_00994,test,1,0.98373336,0
stable_diffusion_1_3_00995,test,1,0.010099846,0
stable_diffusion_1_3_00996,test,1,0.3853117,1
stable_diffusion_1_3_00997,test,1,0.22226334,0
stable_diffusion_1_3_00998,test,1,0.9913961,0
stable_diffusion_1_3_00999,test,1,0.3853117,1
stable_diffusion_1_4_00000,test,1,0.6399481,0
stable_diffusion_1_4_00001,test,1,0.3853117,1
stable_diffusion_1_4_00002,test,1,0.60743743,0
stable_diffusion_1_4_00003,test,1,0.3853117,1
stable_diffusion_1_4_00004,test,1,0.13424526,0
stable_diffusion_1_4_00005,test,1,0.6295307,0
stable_diffusion_1_4_00006,test,1,0.3853117,1
stable_diffusion_1_4_00007,test,1,0.9739248,0
stable_diffusion_1_4_00008,test,1,0.03831579,0
stable_diffusion_1_4_00009,test,1,0.3853117,1
stable_diffusion_1_4_00010,test,1,0.12412184,0
stable_diffusion_1_4_00011,test,1,0.3853117,1
stable_diffusion_1_4_00012,test,1,0.3853117,1
stable_diffusion_1_4_00013,test,1,0.17980608,0
stable_diffusion_1_4_00014,test,1,0.3853117,1
stable_diffusion_1_4_00015,test,1,0.3853117,1
stable_diffusion_1_4_00016,test,1,0.3853117,1
stable_diffusion_1_4_00017,test,1,0.98580486,0
stable_diffusion_1_4_00018,test,1,0.3853117,1
stable_diffusion_1_4_00019,test,1,0.9130149,0
stable_diffusion_1_4_00020,test,1,0.76197034,0
stable_diffusion_1_4_00021,test,1,0.3853117,1
stable_diffusion_1_4_00022,test,1,0.3853117,1
stable_diffusion_1_4_00023,test,1,0.38814571,0
stable_diffusion_1_4_00024,test,1,0.6008212,0
stable_diffusion_1_4_00025,test,1,0.3853117,1
stable_diffusion_1_4_00026,test,1,0.9915633,0
stable_diffusion_1_4_00027,test,1,0.31839183,0
stable_diffusion_1_4_00028,test,1,0.3853117,1
stable_diffusion_1_4_00029,test,1,0.6927125,0
stable_diffusion_1_4_00030,test,1,0.9839078,0
stable_diffusion_1_4_00031,test,1,0.3853117,1
stable_diffusion_1_4_00032,test,1,0.3853117,1
stable_diffusion_1_4_00033,test,1,0.83238715,0
stable_diffusion_1_4_00034,test,1,0.39491147,0
stable_diffusion_1_4_00035,test,1,0.9464643,0
stable_diffusion_1_4_00036,test,1,0.35981905,0
stable_diffusion_1_4_00037,test,1,0.3195525,0
stable_diffusion_1_4_00038,test,1,0.3853117,1
stable_diffusion_1_4_00039,test,1,0.6358384,0
stable_diffusion_1_4_00040,test,1,0.3853117,1
stable_diffusion_1_4_00041,test,1,0.3853117,1
stable_diffusion_1_4_00042,test,1,0.3853117,1
stable_diffusion_1_4_00043,test,1,0.44186857,0
stable_diffusion_1_4_00044,test,1,0.3853117,1
stable_diffusion_1_4_00045,test,1,0.83969325,0
stable_diffusion_1_4_00046,test,1,0.3853117,1
stable_diffusion_1_4_00047,test,1,0.3853117,1
stable_diffusion_1_4_00048,test,1,0.3853117,1
stable_diffusion_1_4_00049,test,1,0.3853117,1
stable_diffusion_1_4_00050,test,1,0.99100727,0
stable_diffusion_1_4_00051,test,1,1.0,0
stable_diffusion_1_4_00052,test,1,0.002459399,0
stable_diffusion_1_4_00053,test,1,0.3853117,1
stable_diffusion_1_4_00054,test,1,0.8148573,0
stable_diffusion_1_4_00055,test,1,0.8203733,0
stable_diffusion_1_4_00056,test,1,0.3853117,1
stable_diffusion_1_4_00057,test,1,0.3853117,1
stable_diffusion_1_4_00058,test,1,0.97209495,0
stable_diffusion_1_4_00059,test,1,0.48164526,0
stable_diffusion_1_4_00060,test,1,0.3853117,1
stable_diffusion_1_4_00061,test,1,0.45870915,0
stable_diffusion_1_4_00062,test,1,0.3853117,1
stable_diffusion_1_4_00063,test,1,0.21076484,0
stable_diffusion_1_4_00064,test,1,0.9997844,0
stable_diffusion_1_4_00065,test,1,0.3853117,1
stable_diffusion_1_4_00066,test,1,0.3853117,1
stable_diffusion_1_4_00067,test,1,0.3853117,1
stable_diffusion_1_4_00068,test,1,0.3853117,1
stable_diffusion_1_4_00069,test,1,0.3853117,1
stable_diffusion_1_4_00070,test,1,0.3853117,1
stable_diffusion_1_4_00071,test,1,0.3853117,1
stable_diffusion_1_4_00072,test,1,0.3853117,1
stable_diffusion_1_4_00073,test,1,0.8761456,0
stable_diffusion_1_4_00074,test,1,0.99438274,0
stable_diffusion_1_4_00075,test,1,0.8759953,0
stable_diffusion_1_4_00076,test,1,0.7789798,0
stable_diffusion_1_4_00077,test,1,0.97814685,0
stable_diffusion_1_4_00078,test,1,0.11757199,0
stable_diffusion_1_4_00079,test,1,0.3853117,1
stable_diffusion_1_4_00080,test,1,0.6450376,0
stable_diffusion_1_4_00081,test,1,0.36272082,0
stable_diffusion_1_4_00082,test,1,0.3853117,1
stable_diffusion_1_4_00083,test,1,0.3853117,1
stable_diffusion_1_4_00084,test,1,0.09753956,0
stable_diffusion_1_4_00085,test,1,0.3853117,1
stable_diffusion_1_4_00086,test,1,0.1724254,0
stable_diffusion_1_4_00087,test,1,0.2734351,0
stable_diffusion_1_4_00088,test,1,0.99971884,0
stable_diffusion_1_4_00089,test,1,0.3853117,1
stable_diffusion_1_4_00090,test,1,0.3853117,1
stable_diffusion_1_4_00091,test,1,0.031654794,0
stable_diffusion_1_4_00092,test,1,0.3853117,1
stable_diffusion_1_4_00093,test,1,0.3853117,1
stable_diffusion_1_4_00094,test,1,0.3853117,1
stable_diffusion_1_4_00095,test,1,0.3853117,1
stable_diffusion_1_4_00096,test,1,0.3853117,1
stable_diffusion_1_4_00097,test,1,0.3853117,1
stable_diffusion_1_4_00098,test,1,0.3853117,1
stable_diffusion_1_4_00099,test,1,0.3853117,1
stable_diffusion_1_4_00100,test,1,0.99871457,0
stable_diffusion_1_4_00101,test,1,0.86625427,0
stable_diffusion_1_4_00102,test,1,0.3853117,1
stable_diffusion_1_4_00103,test,1,0.814468,0
stable_diffusion_1_4_00104,test,1,0.9993062,0
stable_diffusion_1_4_00105,test,1,0.44489235,0
stable_diffusion_1_4_00106,test,1,0.05927083,0
stable_diffusion_1_4_00107,test,1,0.3853117,1
stable_diffusion_1_4_00108,test,1,0.3853117,1
stable_diffusion_1_4_00109,test,1,0.32035223,0
stable_diffusion_1_4_00110,test,1,0.5212183,0
stable_diffusion_1_4_00111,test,1,0.41987365,0
stable_diffusion_1_4_00112,test,1,0.6453368,0
stable_diffusion_1_4_00113,test,1,0.3853117,1
stable_diffusion_1_4_00114,test,1,0.6637493,0
stable_diffusion_1_4_00115,test,1,0.3853117,1
stable_diffusion_1_4_00116,test,1,0.16257916,0
stable_diffusion_1_4_00117,test,1,0.3853117,1
stable_diffusion_1_4_00118,test,1,0.3853117,1
stable_diffusion_1_4_00119,test,1,0.15773867,0
stable_diffusion_1_4_00120,test,1,0.69914556,0
stable_diffusion_1_4_00121,test,1,0.3853117,1
stable_diffusion_1_4_00122,test,1,0.6424033,0
stable_diffusion_1_4_00123,test,1,0.02087518,0
stable_diffusion_1_4_00124,test,1,0.3853117,1
stable_diffusion_1_4_00125,test,1,0.1995701,1
stable_diffusion_1_4_00126,test,1,0.5903341,0
stable_diffusion_1_4_00127,test,1,0.8562525,0
stable_diffusion_1_4_00128,test,1,0.3853117,1
stable_diffusion_1_4_00129,test,1,0.615814,0
stable_diffusion_1_4_00130,test,1,0.80636275,0
stable_diffusion_1_4_00131,test,1,0.3853117,1
stable_diffusion_1_4_00132,test,1,0.3853117,1
stable_diffusion_1_4_00133,test,1,0.3853117,1
stable_diffusion_1_4_00134,test,1,0.5813316,0
stable_diffusion_1_4_00135,test,1,0.3853117,1
stable_diffusion_1_4_00136,test,1,0.93747836,0
stable_diffusion_1_4_00137,test,1,0.3853117,1
stable_diffusion_1_4_00138,test,1,0.3853117,1
stable_diffusion_1_4_00139,test,1,0.665669,0
stable_diffusion_1_4_00140,test,1,0.5989859,0
stable_diffusion_1_4_00141,test,1,0.6504676,0
stable_diffusion_1_4_00142,test,1,0.3853117,1
stable_diffusion_1_4_00143,test,1,0.7654975,0
stable_diffusion_1_4_00144,test,1,0.3853117,1
stable_diffusion_1_4_00145,test,1,0.9786064,0
stable_diffusion_1_4_00146,test,1,0.3853117,1
stable_diffusion_1_4_00147,test,1,0.3853117,1
stable_diffusion_1_4_00148,test,1,0.19778445,0
stable_diffusion_1_4_00149,test,1,0.3853117,1
stable_diffusion_1_4_00150,test,1,0.3853117,1
stable_diffusion_1_4_00151,test,1,0.3853117,1
stable_diffusion_1_4_00152,test,1,0.3853117,1
stable_diffusion_1_4_00153,test,1,0.49983814,0
stable_diffusion_1_4_00154,test,1,0.3853117,1
stable_diffusion_1_4_00155,test,1,0.3853117,1
stable_diffusion_1_4_00156,test,1,0.58356327,0
stable_diffusion_1_4_00157,test,1,0.3853117,1
stable_diffusion_1_4_00158,test,1,0.3853117,1
stable_diffusion_1_4_00159,test,1,0.8599772,0
stable_diffusion_1_4_00160,test,1,0.2823405,0
stable_diffusion_1_4_00161,test,1,0.3853117,1
stable_diffusion_1_4_00162,test,1,0.40395674,0
stable_diffusion_1_4_00163,test,1,0.26417086,0
stable_diffusion_1_4_00164,test,1,0.3853117,1
stable_diffusion_1_4_00165,test,1,0.3853117,1
stable_diffusion_1_4_00166,test,1,0.09506439,0
stable_diffusion_1_4_00167,test,1,0.3853117,1
stable_diffusion_1_4_00168,test,1,0.7655767,0
stable_diffusion_1_4_00169,test,1,0.36730206,0
stable_diffusion_1_4_00170,test,1,0.3853117,1
stable_diffusion_1_4_00171,test,1,0.4937879,0
stable_diffusion_1_4_00172,test,1,0.3853117,1
stable_diffusion_1_4_00173,test,1,0.3853117,1
stable_diffusion_1_4_00174,test,1,0.3853117,1
stable_diffusion_1_4_00175,test,1,0.6552043,0
stable_diffusion_1_4_00176,test,1,0.3853117,1
stable_diffusion_1_4_00177,test,1,0.3853117,1
stable_diffusion_1_4_00178,test,1,0.97997206,0
stable_diffusion_1_4_00179,test,1,0.3853117,1
stable_diffusion_1_4_00180,test,1,0.3853117,1
stable_diffusion_1_4_00181,test,1,0.15134576,0
stable_diffusion_1_4_00182,test,1,0.960336,0
stable_diffusion_1_4_00183,test,1,0.3853117,1
stable_diffusion_1_4_00184,test,1,0.9849894,0
stable_diffusion_1_4_00185,test,1,0.3176196,0
stable_diffusion_1_4_00186,test,1,0.3853117,1
stable_diffusion_1_4_00187,test,1,0.90497804,0
stable_diffusion_1_4_00188,test,1,0.3853117,1
stable_diffusion_1_4_00189,test,1,0.3853117,1
stable_diffusion_1_4_00190,test,1,0.3853117,1
stable_diffusion_1_4_00191,test,1,0.9499155,0
stable_diffusion_1_4_00192,test,1,0.5796593,0
stable_diffusion_1_4_00193,test,1,0.37503862,0
stable_diffusion_1_4_00194,test,1,0.3853117,1
stable_diffusion_1_4_00195,test,1,0.43034738,1
stable_diffusion_1_4_00196,test,1,0.3853117,1
stable_diffusion_1_4_00197,test,1,0.3853117,1
stable_diffusion_1_4_00198,test,1,0.5623176,0
stable_diffusion_1_4_00199,test,1,0.3853117,1
stable_diffusion_1_4_00200,test,1,0.3853117,1
stable_diffusion_1_4_00201,test,1,0.3853117,1
stable_diffusion_1_4_00202,test,1,0.9325613,0
stable_diffusion_1_4_00203,test,1,0.3853117,1
stable_diffusion_1_4_00204,test,1,0.3853117,1
stable_diffusion_1_4_00205,test,1,0.9956149,0
stable_diffusion_1_4_00206,test,1,0.3853117,1
stable_diffusion_1_4_00207,test,1,0.9160758,0
stable_diffusion_1_4_00208,test,1,0.3853117,1
stable_diffusion_1_4_00209,test,1,0.3605323,0
stable_diffusion_1_4_00210,test,1,0.6306016,0
stable_diffusion_1_4_00211,test,1,0.3853117,1
stable_diffusion_1_4_00212,test,1,0.3853117,1
stable_diffusion_1_4_00213,test,1,0.9722502,0
stable_diffusion_1_4_00214,test,1,0.3853117,1
stable_diffusion_1_4_00215,test,1,0.3853117,1
stable_diffusion_1_4_00216,test,1,0.46649575,0
stable_diffusion_1_4_00217,test,1,0.3853117,1
stable_diffusion_1_4_00218,test,1,0.38697004,0
stable_diffusion_1_4_00219,test,1,0.9110056,0
stable_diffusion_1_4_00220,test,1,0.91319436,0
stable_diffusion_1_4_00221,test,1,0.3853117,1
stable_diffusion_1_4_00222,test,1,0.3853117,1
stable_diffusion_1_4_00223,test,1,0.3853117,1
stable_diffusion_1_4_00224,test,1,0.3853117,1
stable_diffusion_1_4_00225,test,1,0.45909223,0
stable_diffusion_1_4_00226,test,1,0.68361855,0
stable_diffusion_1_4_00227,test,1,0.8943894,0
stable_diffusion_1_4_00228,test,1,0.3853117,1
stable_diffusion_1_4_00229,test,1,0.1345368,0
stable_diffusion_1_4_00230,test,1,0.3853117,1
stable_diffusion_1_4_00231,test,1,0.3853117,1
stable_diffusion_1_4_00232,test,1,0.3853117,1
stable_diffusion_1_4_00233,test,1,0.108573526,0
stable_diffusion_1_4_00234,test,1,0.3853117,1
stable_diffusion_1_4_00235,test,1,0.3853117,1
stable_diffusion_1_4_00236,test,1,0.76293164,0
stable_diffusion_1_4_00237,test,1,0.3853117,1
stable_diffusion_1_4_00238,test,1,0.66951966,0
stable_diffusion_1_4_00239,test,1,0.1529864,0
stable_diffusion_1_4_00240,test,1,0.3853117,1
stable_diffusion_1_4_00241,test,1,0.22300756,0
stable_diffusion_1_4_00242,test,1,0.5453929,0
stable_diffusion_1_4_00243,test,1,0.9818907,0
stable_diffusion_1_4_00244,test,1,0.3853117,1
stable_diffusion_1_4_00245,test,1,0.3853117,1
stable_diffusion_1_4_00246,test,1,0.6591965,0
stable_diffusion_1_4_00247,test,1,0.3853117,1
stable_diffusion_1_4_00248,test,1,0.3853117,1
stable_diffusion_1_4_00249,test,1,0.9304146,0
stable_diffusion_1_4_00250,test,1,0.6498496,0
stable_diffusion_1_4_00251,test,1,0.3853117,1
stable_diffusion_1_4_00252,test,1,0.3853117,1
stable_diffusion_1_4_00253,test,1,0.9979304,0
stable_diffusion_1_4_00254,test,1,0.3853117,1
stable_diffusion_1_4_00255,test,1,0.3853117,1
stable_diffusion_1_4_00256,test,1,0.3853117,1
stable_diffusion_1_4_00257,test,1,0.3853117,1
stable_diffusion_1_4_00258,test,1,0.41195688,0
stable_diffusion_1_4_00259,test,1,0.3853117,1
stable_diffusion_1_4_00260,test,1,0.14552467,0
stable_diffusion_1_4_00261,test,1,0.22085305,0
stable_diffusion_1_4_00262,test,1,0.3853117,1
stable_diffusion_1_4_00263,test,1,0.3853117,1
stable_diffusion_1_4_00264,test,1,0.3853117,1
stable_diffusion_1_4_00265,test,1,0.3853117,1
stable_diffusion_1_4_00266,test,1,0.2887559,0
stable_diffusion_1_4_00267,test,1,0.022556389,0
stable_diffusion_1_4_00268,test,1,0.3853117,1
stable_diffusion_1_4_00269,test,1,0.971383,0
stable_diffusion_1_4_00270,test,1,0.3853117,1
stable_diffusion_1_4_00271,test,1,0.3853117,1
stable_diffusion_1_4_00272,test,1,0.854348,0
stable_diffusion_1_4_00273,test,1,0.99115366,0
stable_diffusion_1_4_00274,test,1,0.3853117,1
stable_diffusion_1_4_00275,test,1,0.16219856,0
stable_diffusion_1_4_00276,test,1,0.20794494,0
stable_diffusion_1_4_00277,test,1,0.21452485,0
stable_diffusion_1_4_00278,test,1,0.98251665,0
stable_diffusion_1_4_00279,test,1,0.15564212,0
stable_diffusion_1_4_00280,test,1,0.3853117,1
stable_diffusion_1_4_00281,test,1,0.3853117,1
stable_diffusion_1_4_00282,test,1,0.910472,0
stable_diffusion_1_4_00283,test,1,0.8215675,0
stable_diffusion_1_4_00284,test,1,0.3853117,1
stable_diffusion_1_4_00285,test,1,0.3853117,1
stable_diffusion_1_4_00286,test,1,0.3853117,1
stable_diffusion_1_4_00287,test,1,0.9584321,0
stable_diffusion_1_4_00288,test,1,0.9226068,0
stable_diffusion_1_4_00289,test,1,0.067541614,0
stable_diffusion_1_4_00290,test,1,0.3853117,1
stable_diffusion_1_4_00291,test,1,0.5426595,0
stable_diffusion_1_4_00292,test,1,0.3853117,1
stable_diffusion_1_4_00293,test,1,0.06312992,0
stable_diffusion_1_4_00294,test,1,0.8762514,0
stable_diffusion_1_4_00295,test,1,0.39722613,0
stable_diffusion_1_4_00296,test,1,0.86965746,0
stable_diffusion_1_4_00297,test,1,0.9036022,0
stable_diffusion_1_4_00298,test,1,0.3853117,1
stable_diffusion_1_4_00299,test,1,0.3853117,1
stable_diffusion_1_4_00300,test,1,0.9663224,0
stable_diffusion_1_4_00301,test,1,0.3853117,1
stable_diffusion_1_4_00302,test,1,0.91749054,0
stable_diffusion_1_4_00303,test,1,0.3853117,1
stable_diffusion_1_4_00304,test,1,0.3853117,1
stable_diffusion_1_4_00305,test,1,0.3853117,1
stable_diffusion_1_4_00306,test,1,0.3853117,1
stable_diffusion_1_4_00307,test,1,0.23113383,0
stable_diffusion_1_4_00308,test,1,0.3853117,1
stable_diffusion_1_4_00309,test,1,0.33843324,0
stable_diffusion_1_4_00310,test,1,0.3853117,1
stable_diffusion_1_4_00311,test,1,0.19070287,0
stable_diffusion_1_4_00312,test,1,0.457042,0
stable_diffusion_1_4_00313,test,1,0.3853117,1
stable_diffusion_1_4_00314,test,1,0.3853117,1
stable_diffusion_1_4_00315,test,1,0.3853117,1
stable_diffusion_1_4_00316,test,1,0.3853117,1
stable_diffusion_1_4_00317,test,1,0.3853117,1
stable_diffusion_1_4_00318,test,1,0.3853117,1
stable_diffusion_1_4_00319,test,1,0.3853117,1
stable_diffusion_1_4_00320,test,1,0.3853117,1
stable_diffusion_1_4_00321,test,1,0.3853117,1
stable_diffusion_1_4_00322,test,1,0.3853117,1
stable_diffusion_1_4_00323,test,1,0.15477727,0
stable_diffusion_1_4_00324,test,1,0.5889902,0
stable_diffusion_1_4_00325,test,1,0.8131398,0
stable_diffusion_1_4_00326,test,1,0.3853117,1
stable_diffusion_1_4_00327,test,1,0.9402985,0
stable_diffusion_1_4_00328,test,1,0.3853117,1
stable_diffusion_1_4_00329,test,1,0.59309447,0
stable_diffusion_1_4_00330,test,1,0.23445405,0
stable_diffusion_1_4_00331,test,1,0.3853117,1
stable_diffusion_1_4_00332,test,1,0.3853117,1
stable_diffusion_1_4_00333,test,1,0.38908017,0
stable_diffusion_1_4_00334,test,1,0.3853117,1
stable_diffusion_1_4_00335,test,1,0.13946633,0
stable_diffusion_1_4_00336,test,1,0.3853117,1
stable_diffusion_1_4_00337,test,1,0.3853117,1
stable_diffusion_1_4_00338,test,1,0.99331903,0
stable_diffusion_1_4_00339,test,1,0.3853117,1
stable_diffusion_1_4_00340,test,1,0.3853117,1
stable_diffusion_1_4_00341,test,1,0.9503066,0
stable_diffusion_1_4_00342,test,1,0.7105422,0
stable_diffusion_1_4_00343,test,1,0.3853117,1
stable_diffusion_1_4_00344,test,1,0.6636351,0
stable_diffusion_1_4_00345,test,1,0.3853117,1
stable_diffusion_1_4_00346,test,1,0.9704113,0
stable_diffusion_1_4_00347,test,1,0.97765017,0
stable_diffusion_1_4_00348,test,1,0.858306,0
stable_diffusion_1_4_00349,test,1,0.49452755,0
stable_diffusion_1_4_00350,test,1,0.29162478,1
stable_diffusion_1_4_00351,test,1,0.9441818,0
stable_diffusion_1_4_00352,test,1,0.49110562,0
stable_diffusion_1_4_00353,test,1,0.3853117,1
stable_diffusion_1_4_00354,test,1,0.9909746,0
stable_diffusion_1_4_00355,test,1,0.3853117,1
stable_diffusion_1_4_00356,test,1,0.07572701,0
stable_diffusion_1_4_00357,test,1,0.3853117,1
stable_diffusion_1_4_00358,test,1,0.3853117,1
stable_diffusion_1_4_00359,test,1,0.9282231,0
stable_diffusion_1_4_00360,test,1,0.99646604,0
stable_diffusion_1_4_00361,test,1,0.3853117,1
stable_diffusion_1_4_00362,test,1,0.3853117,1
stable_diffusion_1_4_00363,test,1,0.8636225,0
stable_diffusion_1_4_00364,test,1,0.06913241,0
stable_diffusion_1_4_00365,test,1,0.3853117,1
stable_diffusion_1_4_00366,test,1,0.9985109,0
stable_diffusion_1_4_00367,test,1,0.5421836,0
stable_diffusion_1_4_00368,test,1,0.8803125,0
stable_diffusion_1_4_00369,test,1,0.54548,0
stable_diffusion_1_4_00370,test,1,0.3853117,1
stable_diffusion_1_4_00371,test,1,0.3853117,1
stable_diffusion_1_4_00372,test,1,0.3853117,1
stable_diffusion_1_4_00373,test,1,0.918663,0
stable_diffusion_1_4_00374,test,1,0.3853117,1
stable_diffusion_1_4_00375,test,1,0.3853117,1
stable_diffusion_1_4_00376,test,1,0.3853117,1
stable_diffusion_1_4_00377,test,1,0.3853117,1
stable_diffusion_1_4_00378,test,1,0.3853117,1
stable_diffusion_1_4_00379,test,1,0.15012546,1
stable_diffusion_1_4_00380,test,1,0.3853117,1
stable_diffusion_1_4_00381,test,1,0.3853117,1
stable_diffusion_1_4_00382,test,1,0.3853117,1
stable_diffusion_1_4_00383,test,1,0.3853117,1
stable_diffusion_1_4_00384,test,1,0.9830846,0
stable_diffusion_1_4_00385,test,1,0.3853117,1
stable_diffusion_1_4_00386,test,1,0.53107154,0
stable_diffusion_1_4_00387,test,1,0.3853117,1
stable_diffusion_1_4_00388,test,1,0.63232577,0
stable_diffusion_1_4_00389,test,1,0.30932438,0
stable_diffusion_1_4_00390,test,1,0.3853117,1
stable_diffusion_1_4_00391,test,1,0.9821592,0
stable_diffusion_1_4_00392,test,1,0.95394534,0
stable_diffusion_1_4_00393,test,1,0.28908616,0
stable_diffusion_1_4_00394,test,1,0.3853117,1
stable_diffusion_1_4_00395,test,1,0.3853117,1
stable_diffusion_1_4_00396,test,1,0.3853117,1
stable_diffusion_1_4_00397,test,1,0.0073565957,0
stable_diffusion_1_4_00398,test,1,0.12300502,1
stable_diffusion_1_4_00399,test,1,0.09326422,0
stable_diffusion_1_4_00400,test,1,0.3853117,1
stable_diffusion_1_4_00401,test,1,0.3853117,1
stable_diffusion_1_4_00402,test,1,0.77577215,0
stable_diffusion_1_4_00403,test,1,0.3853117,1
stable_diffusion_1_4_00404,test,1,0.3853117,1
stable_diffusion_1_4_00405,test,1,0.98392594,0
stable_diffusion_1_4_00406,test,1,0.3853117,1
stable_diffusion_1_4_00407,test,1,0.3853117,1
stable_diffusion_1_4_00408,test,1,0.85988563,0
stable_diffusion_1_4_00409,test,1,0.3853117,1
stable_diffusion_1_4_00410,test,1,0.3853117,1
stable_diffusion_1_4_00411,test,1,0.3853117,1
stable_diffusion_1_4_00412,test,1,0.69074553,0
stable_diffusion_1_4_00413,test,1,0.20177758,0
stable_diffusion_1_4_00414,test,1,0.3853117,1
stable_diffusion_1_4_00415,test,1,0.3853117,1
stable_diffusion_1_4_00416,test,1,0.3853117,1
stable_diffusion_1_4_00417,test,1,0.98349196,0
stable_diffusion_1_4_00418,test,1,0.3853117,1
stable_diffusion_1_4_00419,test,1,0.8800205,0
stable_diffusion_1_4_00420,test,1,0.3853117,1
stable_diffusion_1_4_00421,test,1,0.3853117,1
stable_diffusion_1_4_00422,test,1,0.3853117,1
stable_diffusion_1_4_00423,test,1,0.3853117,1
stable_diffusion_1_4_00424,test,1,0.13401346,0
stable_diffusion_1_4_00425,test,1,0.9832434,0
stable_diffusion_1_4_00426,test,1,0.3853117,1
stable_diffusion_1_4_00427,test,1,0.085664816,1
stable_diffusion_1_4_00428,test,1,0.7677806,0
stable_diffusion_1_4_00429,test,1,0.38986,0
stable_diffusion_1_4_00430,test,1,0.9140571,0
stable_diffusion_1_4_00431,test,1,0.3853117,1
stable_diffusion_1_4_00432,test,1,0.068022236,0
stable_diffusion_1_4_00433,test,1,0.3853117,1
stable_diffusion_1_4_00434,test,1,0.9947226,0
stable_diffusion_1_4_00435,test,1,0.37040213,0
stable_diffusion_1_4_00436,test,1,0.3853117,1
stable_diffusion_1_4_00437,test,1,0.3853117,1
stable_diffusion_1_4_00438,test,1,0.3853117,1
stable_diffusion_1_4_00439,test,1,0.937152,0
stable_diffusion_1_4_00440,test,1,0.3853117,1
stable_diffusion_1_4_00441,test,1,0.57711023,0
stable_diffusion_1_4_00442,test,1,0.024710031,0
stable_diffusion_1_4_00443,test,1,0.3853117,1
stable_diffusion_1_4_00444,test,1,0.3853117,1
stable_diffusion_1_4_00445,test,1,0.9982002,0
stable_diffusion_1_4_00446,test,1,0.8973586,0
stable_diffusion_1_4_00447,test,1,0.99882287,0
stable_diffusion_1_4_00448,test,1,0.3853117,1
stable_diffusion_1_4_00449,test,1,0.5182681,0
stable_diffusion_1_4_00450,test,1,0.3853117,1
stable_diffusion_1_4_00451,test,1,0.3853117,1
stable_diffusion_1_4_00452,test,1,0.3853117,1
stable_diffusion_1_4_00453,test,1,0.86101514,0
stable_diffusion_1_4_00454,test,1,0.3853117,1
stable_diffusion_1_4_00455,test,1,0.3853117,1
stable_diffusion_1_4_00456,test,1,0.3853117,1
stable_diffusion_1_4_00457,test,1,0.7764436,0
stable_diffusion_1_4_00458,test,1,0.3853117,1
stable_diffusion_1_4_00459,test,1,0.3853117,1
stable_diffusion_1_4_00460,test,1,0.87040156,1
stable_diffusion_1_4_00461,test,1,0.44598672,0
stable_diffusion_1_4_00462,test,1,0.47072962,0
stable_diffusion_1_4_00463,test,1,0.9284582,0
stable_diffusion_1_4_00464,test,1,0.3853117,1
stable_diffusion_1_4_00465,test,1,0.9521035,0
stable_diffusion_1_4_00466,test,1,0.11343777,0
stable_diffusion_1_4_00467,test,1,0.3853117,1
stable_diffusion_1_4_00468,test,1,0.5604443,0
stable_diffusion_1_4_00469,test,1,0.9991992,0
stable_diffusion_1_4_00470,test,1,0.3853117,1
stable_diffusion_1_4_00471,test,1,0.902508,0
stable_diffusion_1_4_00472,test,1,0.3853117,1
stable_diffusion_1_4_00473,test,1,0.15687013,0
stable_diffusion_1_4_00474,test,1,0.3853117,1
stable_diffusion_1_4_00475,test,1,0.3853117,1
stable_diffusion_1_4_00476,test,1,0.41366285,0
stable_diffusion_1_4_00477,test,1,0.3853117,1
stable_diffusion_1_4_00478,test,1,0.024268767,0
stable_diffusion_1_4_00479,test,1,0.96595186,0
stable_diffusion_1_4_00480,test,1,0.7117237,0
stable_diffusion_1_4_00481,test,1,0.07219861,0
stable_diffusion_1_4_00482,test,1,0.3853117,1
stable_diffusion_1_4_00483,test,1,0.92293453,0
stable_diffusion_1_4_00484,test,1,0.3853117,1
stable_diffusion_1_4_00485,test,1,0.3853117,1
stable_diffusion_1_4_00486,test,1,0.65010583,0
stable_diffusion_1_4_00487,test,1,0.60533077,0
stable_diffusion_1_4_00488,test,1,0.3853117,1
stable_diffusion_1_4_00489,test,1,0.88084614,0
stable_diffusion_1_4_00490,test,1,0.3853117,1
stable_diffusion_1_4_00491,test,1,0.9416635,0
stable_diffusion_1_4_00492,test,1,0.3853117,1
stable_diffusion_1_4_00493,test,1,0.3853117,1
stable_diffusion_1_4_00494,test,1,0.3853117,1
stable_diffusion_1_4_00495,test,1,0.98699003,0
stable_diffusion_1_4_00496,test,1,0.3853117,1
stable_diffusion_1_4_00497,test,1,0.3853117,1
stable_diffusion_1_4_00498,test,1,0.3853117,1
stable_diffusion_1_4_00499,test,1,0.30842894,0
stable_diffusion_1_4_00500,test,1,0.3853117,1
stable_diffusion_1_4_00501,test,1,0.3853117,1
stable_diffusion_1_4_00502,test,1,0.3853117,1
stable_diffusion_1_4_00503,test,1,0.3853117,1
stable_diffusion_1_4_00504,test,1,0.026267983,0
stable_diffusion_1_4_00505,test,1,0.3853117,1
stable_diffusion_1_4_00506,test,1,0.3853117,1
stable_diffusion_1_4_00507,test,1,0.3853117,1
stable_diffusion_1_4_00508,test,1,0.27282807,0
stable_diffusion_1_4_00509,test,1,0.3853117,1
stable_diffusion_1_4_00510,test,1,0.3853117,1
stable_diffusion_1_4_00511,test,1,0.3853117,1
stable_diffusion_1_4_00512,test,1,0.68732727,0
stable_diffusion_1_4_00513,test,1,0.3853117,1
stable_diffusion_1_4_00514,test,1,0.69097626,0
stable_diffusion_1_4_00515,test,1,0.7644533,0
stable_diffusion_1_4_00516,test,1,0.3853117,1
stable_diffusion_1_4_00517,test,1,0.96476537,0
stable_diffusion_1_4_00518,test,1,0.38260892,1
stable_diffusion_1_4_00519,test,1,0.9988085,0
stable_diffusion_1_4_00520,test,1,0.7953993,0
stable_diffusion_1_4_00521,test,1,0.3853117,1
stable_diffusion_1_4_00522,test,1,0.3853117,1
stable_diffusion_1_4_00523,test,1,0.98942214,0
stable_diffusion_1_4_00524,test,1,0.10261335,0
stable_diffusion_1_4_00525,test,1,0.90696555,0
stable_diffusion_1_4_00526,test,1,0.3853117,1
stable_diffusion_1_4_00527,test,1,0.8623185,0
stable_diffusion_1_4_00528,test,1,0.3853117,1
stable_diffusion_1_4_00529,test,1,0.61182004,0
stable_diffusion_1_4_00530,test,1,0.3853117,1
stable_diffusion_1_4_00531,test,1,0.3853117,1
stable_diffusion_1_4_00532,test,1,0.3853117,1
stable_diffusion_1_4_00533,test,1,0.65715414,0
stable_diffusion_1_4_00534,test,1,0.641108,0
stable_diffusion_1_4_00535,test,1,0.3853117,1
stable_diffusion_1_4_00536,test,1,0.6234214,0
stable_diffusion_1_4_00537,test,1,0.3853117,1
stable_diffusion_1_4_00538,test,1,0.3853117,1
stable_diffusion_1_4_00539,test,1,0.3853117,1
stable_diffusion_1_4_00540,test,1,0.3853117,1
stable_diffusion_1_4_00541,test,1,0.3853117,1
stable_diffusion_1_4_00542,test,1,0.30300656,0
stable_diffusion_1_4_00543,test,1,0.17223811,0
stable_diffusion_1_4_00544,test,1,0.3853117,1
stable_diffusion_1_4_00545,test,1,0.3853117,1
stable_diffusion_1_4_00546,test,1,0.900279,0
stable_diffusion_1_4_00547,test,1,0.5407664,0
stable_diffusion_1_4_00548,test,1,0.3853117,1
stable_diffusion_1_4_00549,test,1,0.4824581,0
stable_diffusion_1_4_00550,test,1,0.3853117,1
stable_diffusion_1_4_00551,test,1,0.51446205,0
stable_diffusion_1_4_00552,test,1,0.8943018,0
stable_diffusion_1_4_00553,test,1,0.3853117,1
stable_diffusion_1_4_00554,test,1,0.10463578,0
stable_diffusion_1_4_00555,test,1,0.3853117,1
stable_diffusion_1_4_00556,test,1,0.3853117,1
stable_diffusion_1_4_00557,test,1,0.6767426,0
stable_diffusion_1_4_00558,test,1,0.9916112,0
stable_diffusion_1_4_00559,test,1,0.3853117,1
stable_diffusion_1_4_00560,test,1,0.3853117,1
stable_diffusion_1_4_00561,test,1,0.9515814,0
stable_diffusion_1_4_00562,test,1,0.3853117,1
stable_diffusion_1_4_00563,test,1,0.26234126,0
stable_diffusion_1_4_00564,test,1,0.3853117,1
stable_diffusion_1_4_00565,test,1,0.9286022,0
stable_diffusion_1_4_00566,test,1,0.822948,0
stable_diffusion_1_4_00567,test,1,0.0031783336,0
stable_diffusion_1_4_00568,test,1,0.77746177,0
stable_diffusion_1_4_00569,test,1,0.28410414,1
stable_diffusion_1_4_00570,test,1,0.3853117,1
stable_diffusion_1_4_00571,test,1,0.3853117,1
stable_diffusion_1_4_00572,test,1,0.81283164,0
stable_diffusion_1_4_00573,test,1,0.3853117,1
stable_diffusion_1_4_00574,test,1,0.9991035,0
stable_diffusion_1_4_00575,test,1,0.9751422,0
stable_diffusion_1_4_00576,test,1,0.20088667,0
stable_diffusion_1_4_00577,test,1,0.9658731,0
stable_diffusion_1_4_00578,test,1,0.10325282,0
stable_diffusion_1_4_00579,test,1,0.15341033,0
stable_diffusion_1_4_00580,test,1,0.3853117,1
stable_diffusion_1_4_00581,test,1,0.0017066085,0
stable_diffusion_1_4_00582,test,1,0.3853117,1
stable_diffusion_1_4_00583,test,1,0.9588574,0
stable_diffusion_1_4_00584,test,1,0.3853117,1
stable_diffusion_1_4_00585,test,1,0.999987,0
stable_diffusion_1_4_00586,test,1,0.3853117,1
stable_diffusion_1_4_00587,test,1,0.3853117,1
stable_diffusion_1_4_00588,test,1,0.3853117,1
stable_diffusion_1_4_00589,test,1,0.3853117,1
stable_diffusion_1_4_00590,test,1,0.076337986,0
stable_diffusion_1_4_00591,test,1,0.8934576,0
stable_diffusion_1_4_00592,test,1,0.3853117,1
stable_diffusion_1_4_00593,test,1,0.3853117,1
stable_diffusion_1_4_00594,test,1,0.030789567,0
stable_diffusion_1_4_00595,test,1,0.3853117,1
stable_diffusion_1_4_00596,test,1,0.95094866,0
stable_diffusion_1_4_00597,test,1,0.80178666,0
stable_diffusion_1_4_00598,test,1,0.0342595,0
stable_diffusion_1_4_00599,test,1,0.3853117,1
stable_diffusion_1_4_00600,test,1,0.65410924,0
stable_diffusion_1_4_00601,test,1,0.35436472,0
stable_diffusion_1_4_00602,test,1,0.3853117,1
stable_diffusion_1_4_00603,test,1,0.9523825,0
stable_diffusion_1_4_00604,test,1,0.7328726,0
stable_diffusion_1_4_00605,test,1,0.5180401,0
stable_diffusion_1_4_00606,test,1,0.3853117,1
stable_diffusion_1_4_00607,test,1,0.4050502,0
stable_diffusion_1_4_00608,test,1,0.3853117,1
stable_diffusion_1_4_00609,test,1,0.3853117,1
stable_diffusion_1_4_00610,test,1,0.2767516,0
stable_diffusion_1_4_00611,test,1,0.3853117,1
stable_diffusion_1_4_00612,test,1,0.974624,0
stable_diffusion_1_4_00613,test,1,0.3853117,1
stable_diffusion_1_4_00614,test,1,0.3853117,1
stable_diffusion_1_4_00615,test,1,0.38958022,0
stable_diffusion_1_4_00616,test,1,0.3853117,1
stable_diffusion_1_4_00617,test,1,0.99679595,0
stable_diffusion_1_4_00618,test,1,0.3853117,1
stable_diffusion_1_4_00619,test,1,0.3853117,1
stable_diffusion_1_4_00620,test,1,0.81844324,0
stable_diffusion_1_4_00621,test,1,0.8745079,0
stable_diffusion_1_4_00622,test,1,0.7546473,0
stable_diffusion_1_4_00623,test,1,0.3853117,1
stable_diffusion_1_4_00624,test,1,0.3853117,1
stable_diffusion_1_4_00625,test,1,0.3853117,1
stable_diffusion_1_4_00626,test,1,0.3853117,1
stable_diffusion_1_4_00627,test,1,0.8562678,0
stable_diffusion_1_4_00628,test,1,0.99244225,0
stable_diffusion_1_4_00629,test,1,0.5637405,0
stable_diffusion_1_4_00630,test,1,0.7038959,0
stable_diffusion_1_4_00631,test,1,0.3853117,1
stable_diffusion_1_4_00632,test,1,0.3853117,1
stable_diffusion_1_4_00633,test,1,0.3853117,1
stable_diffusion_1_4_00634,test,1,0.3853117,1
stable_diffusion_1_4_00635,test,1,0.3853117,1
stable_diffusion_1_4_00636,test,1,0.29801884,0
stable_diffusion_1_4_00637,test,1,0.3853117,1
stable_diffusion_1_4_00638,test,1,0.8796662,0
stable_diffusion_1_4_00639,test,1,0.6704686,0
stable_diffusion_1_4_00640,test,1,0.599989,0
stable_diffusion_1_4_00641,test,1,0.3853117,1
stable_diffusion_1_4_00642,test,1,0.3853117,1
stable_diffusion_1_4_00643,test,1,0.576043,0
stable_diffusion_1_4_00644,test,1,0.11776285,0
stable_diffusion_1_4_00645,test,1,0.3853117,1
stable_diffusion_1_4_00646,test,1,0.3853117,1
stable_diffusion_1_4_00647,test,1,0.9915793,0
stable_diffusion_1_4_00648,test,1,0.6678371,0
stable_diffusion_1_4_00649,test,1,0.3853117,1
stable_diffusion_1_4_00650,test,1,0.3853117,1
stable_diffusion_1_4_00651,test,1,0.92531514,0
stable_diffusion_1_4_00652,test,1,0.96004784,0
stable_diffusion_1_4_00653,test,1,0.33355585,0
stable_diffusion_1_4_00654,test,1,0.3853117,1
stable_diffusion_1_4_00655,test,1,0.3853117,1
stable_diffusion_1_4_00656,test,1,0.3853117,1
stable_diffusion_1_4_00657,test,1,0.009050127,0
stable_diffusion_1_4_00658,test,1,0.3853117,1
stable_diffusion_1_4_00659,test,1,0.8873761,0
stable_diffusion_1_4_00660,test,1,0.3853117,1
stable_diffusion_1_4_00661,test,1,0.3853117,1
stable_diffusion_1_4_00662,test,1,0.4834602,0
stable_diffusion_1_4_00663,test,1,0.3853117,1
stable_diffusion_1_4_00664,test,1,0.3853117,1
stable_diffusion_1_4_00665,test,1,0.21182247,0
stable_diffusion_1_4_00666,test,1,0.3853117,1
stable_diffusion_1_4_00667,test,1,0.3853117,1
stable_diffusion_1_4_00668,test,1,0.3853117,1
stable_diffusion_1_4_00669,test,1,0.3853117,1
stable_diffusion_1_4_00670,test,1,0.3853117,1
stable_diffusion_1_4_00671,test,1,0.36897814,0
stable_diffusion_1_4_00672,test,1,0.3853117,1
stable_diffusion_1_4_00673,test,1,0.3853117,1
stable_diffusion_1_4_00674,test,1,0.7822535,0
stable_diffusion_1_4_00675,test,1,0.7789858,0
stable_diffusion_1_4_00676,test,1,0.8372732,0
stable_diffusion_1_4_00677,test,1,0.3853117,1
stable_diffusion_1_4_00678,test,1,0.07300195,0
stable_diffusion_1_4_00679,test,1,0.3853117,1
stable_diffusion_1_4_00680,test,1,0.3853117,1
stable_diffusion_1_4_00681,test,1,0.13232271,0
stable_diffusion_1_4_00682,test,1,0.2704506,0
stable_diffusion_1_4_00683,test,1,0.3853117,1
stable_diffusion_1_4_00684,test,1,0.3853117,1
stable_diffusion_1_4_00685,test,1,0.12459786,0
stable_diffusion_1_4_00686,test,1,0.3853117,1
stable_diffusion_1_4_00687,test,1,0.3853117,1
stable_diffusion_1_4_00688,test,1,0.3853117,1
stable_diffusion_1_4_00689,test,1,0.3853117,1
stable_diffusion_1_4_00690,test,1,0.6754441,0
stable_diffusion_1_4_00691,test,1,0.091136776,0
stable_diffusion_1_4_00692,test,1,0.24017258,0
stable_diffusion_1_4_00693,test,1,0.3853117,1
stable_diffusion_1_4_00694,test,1,0.049722027,0
stable_diffusion_1_4_00695,test,1,0.9783053,0
stable_diffusion_1_4_00696,test,1,0.3853117,1
stable_diffusion_1_4_00697,test,1,0.9100189,0
stable_diffusion_1_4_00698,test,1,0.3853117,1
stable_diffusion_1_4_00699,test,1,0.3853117,1
stable_diffusion_1_4_00700,test,1,0.8869801,0
stable_diffusion_1_4_00701,test,1,0.3853117,1
stable_diffusion_1_4_00702,test,1,0.5129763,0
stable_diffusion_1_4_00703,test,1,0.96691227,0
stable_diffusion_1_4_00704,test,1,0.07567204,0
stable_diffusion_1_4_00705,test,1,0.5414894,0
stable_diffusion_1_4_00706,test,1,0.3853117,1
stable_diffusion_1_4_00707,test,1,0.3853117,1
stable_diffusion_1_4_00708,test,1,0.29489964,0
stable_diffusion_1_4_00709,test,1,0.3853117,1
stable_diffusion_1_4_00710,test,1,0.46451443,0
stable_diffusion_1_4_00711,test,1,0.999869,0
stable_diffusion_1_4_00712,test,1,0.3853117,1
stable_diffusion_1_4_00713,test,1,0.3853117,1
stable_diffusion_1_4_00714,test,1,0.99784935,0
stable_diffusion_1_4_00715,test,1,0.8303645,0
stable_diffusion_1_4_00716,test,1,0.3853117,1
stable_diffusion_1_4_00717,test,1,0.9927821,0
stable_diffusion_1_4_00718,test,1,0.3853117,1
stable_diffusion_1_4_00719,test,1,0.30197203,0
stable_diffusion_1_4_00720,test,1,0.11867686,0
stable_diffusion_1_4_00721,test,1,0.03520126,0
stable_diffusion_1_4_00722,test,1,0.3853117,1
stable_diffusion_1_4_00723,test,1,0.90308183,0
stable_diffusion_1_4_00724,test,1,0.96416736,0
stable_diffusion_1_4_00725,test,1,0.9661896,0
stable_diffusion_1_4_00726,test,1,0.3853117,1
stable_diffusion_1_4_00727,test,1,0.3853117,1
stable_diffusion_1_4_00728,test,1,0.5719019,0
stable_diffusion_1_4_00729,test,1,0.3853117,1
stable_diffusion_1_4_00730,test,1,0.8626819,0
stable_diffusion_1_4_00731,test,1,0.20916378,1
stable_diffusion_1_4_00732,test,1,0.084018275,0
stable_diffusion_1_4_00733,test,1,0.9954875,0
stable_diffusion_1_4_00734,test,1,0.3853117,1
stable_diffusion_1_4_00735,test,1,0.9963193,0
stable_diffusion_1_4_00736,test,1,0.3853117,1
stable_diffusion_1_4_00737,test,1,0.3853117,1
stable_diffusion_1_4_00738,test,1,0.3853117,1
stable_diffusion_1_4_00739,test,1,0.3853117,1
stable_diffusion_1_4_00740,test,1,0.3853117,1
stable_diffusion_1_4_00741,test,1,0.973892,0
stable_diffusion_1_4_00742,test,1,0.9821232,0
stable_diffusion_1_4_00743,test,1,0.41488233,0
stable_diffusion_1_4_00744,test,1,0.13118266,0
stable_diffusion_1_4_00745,test,1,0.3853117,1
stable_diffusion_1_4_00746,test,1,0.71014637,0
stable_diffusion_1_4_00747,test,1,0.3853117,1
stable_diffusion_1_4_00748,test,1,0.3853117,1
stable_diffusion_1_4_00749,test,1,0.3853117,1
stable_diffusion_1_4_00750,test,1,0.6447102,0
stable_diffusion_1_4_00751,test,1,0.54494154,0
stable_diffusion_1_4_00752,test,1,0.3853117,1
stable_diffusion_1_4_00753,test,1,0.3853117,1
stable_diffusion_1_4_00754,test,1,0.3853117,1
stable_diffusion_1_4_00755,test,1,0.86314785,0
stable_diffusion_1_4_00756,test,1,0.289431,1
stable_diffusion_1_4_00757,test,1,0.8075986,0
stable_diffusion_1_4_00758,test,1,0.3853117,1
stable_diffusion_1_4_00759,test,1,0.38592634,0
stable_diffusion_1_4_00760,test,1,0.92734677,0
stable_diffusion_1_4_00761,test,1,0.3853117,1
stable_diffusion_1_4_00762,test,1,0.3853117,1
stable_diffusion_1_4_00763,test,1,0.3853117,1
stable_diffusion_1_4_00764,test,1,0.3853117,1
stable_diffusion_1_4_00765,test,1,0.3853117,1
stable_diffusion_1_4_00766,test,1,0.3853117,1
stable_diffusion_1_4_00767,test,1,0.3853117,1
stable_diffusion_1_4_00768,test,1,0.3853117,1
stable_diffusion_1_4_00769,test,1,0.3853117,1
stable_diffusion_1_4_00770,test,1,0.3853117,1
stable_diffusion_1_4_00771,test,1,0.3853117,1
stable_diffusion_1_4_00772,test,1,0.3853117,1
stable_diffusion_1_4_00773,test,1,0.3853117,1
stable_diffusion_1_4_00774,test,1,0.3853117,1
stable_diffusion_1_4_00775,test,1,0.94035184,0
stable_diffusion_1_4_00776,test,1,0.33056423,0
stable_diffusion_1_4_00777,test,1,0.7612979,0
stable_diffusion_1_4_00778,test,1,0.3853117,1
stable_diffusion_1_4_00779,test,1,0.3853117,1
stable_diffusion_1_4_00780,test,1,0.3853117,1
stable_diffusion_1_4_00781,test,1,0.3853117,1
stable_diffusion_1_4_00782,test,1,0.3853117,1
stable_diffusion_1_4_00783,test,1,0.37119305,0
stable_diffusion_1_4_00784,test,1,0.3853117,1
stable_diffusion_1_4_00785,test,1,0.8786528,0
stable_diffusion_1_4_00786,test,1,0.70959187,0
stable_diffusion_1_4_00787,test,1,0.21253091,0
stable_diffusion_1_4_00788,test,1,0.3853117,1
stable_diffusion_1_4_00789,test,1,0.3853117,1
stable_diffusion_1_4_00790,test,1,0.3853117,1
stable_diffusion_1_4_00791,test,1,0.56643194,0
stable_diffusion_1_4_00792,test,1,0.21669495,1
stable_diffusion_1_4_00793,test,1,0.3853117,1
stable_diffusion_1_4_00794,test,1,0.3853117,1
stable_diffusion_1_4_00795,test,1,0.83588624,0
stable_diffusion_1_4_00796,test,1,0.750193,0
stable_diffusion_1_4_00797,test,1,0.7478622,0
stable_diffusion_1_4_00798,test,1,0.3853117,1
stable_diffusion_1_4_00799,test,1,0.97339576,0
stable_diffusion_1_4_00800,test,1,0.8063982,0
stable_diffusion_1_4_00801,test,1,0.3853117,1
stable_diffusion_1_4_00802,test,1,0.3853117,1
stable_diffusion_1_4_00803,test,1,0.9354027,0
stable_diffusion_1_4_00804,test,1,0.19570231,0
stable_diffusion_1_4_00805,test,1,0.3853117,1
stable_diffusion_1_4_00806,test,1,0.3853117,1
stable_diffusion_1_4_00807,test,1,0.95642,0
stable_diffusion_1_4_00808,test,1,0.3853117,1
stable_diffusion_1_4_00809,test,1,0.65719616,0
stable_diffusion_1_4_00810,test,1,0.3853117,1
stable_diffusion_1_4_00811,test,1,0.3853117,1
stable_diffusion_1_4_00812,test,1,0.8840909,0
stable_diffusion_1_4_00813,test,1,0.8930818,0
stable_diffusion_1_4_00814,test,1,0.104392186,0
stable_diffusion_1_4_00815,test,1,0.2188384,0
stable_diffusion_1_4_00816,test,1,0.04368859,0
stable_diffusion_1_4_00817,test,1,0.3853117,1
stable_diffusion_1_4_00818,test,1,0.3853117,1
stable_diffusion_1_4_00819,test,1,0.25471857,0
stable_diffusion_1_4_00820,test,1,0.23622361,0
stable_diffusion_1_4_00821,test,1,0.3853117,1
stable_diffusion_1_4_00822,test,1,0.3853117,1
stable_diffusion_1_4_00823,test,1,0.59568435,0
stable_diffusion_1_4_00824,test,1,0.8166672,0
stable_diffusion_1_4_00825,test,1,0.3853117,1
stable_diffusion_1_4_00826,test,1,0.89302146,0
stable_diffusion_1_4_00827,test,1,0.3853117,1
stable_diffusion_1_4_00828,test,1,0.9755432,0
stable_diffusion_1_4_00829,test,1,0.97951496,0
stable_diffusion_1_4_00830,test,1,0.22535838,0
stable_diffusion_1_4_00831,test,1,0.6294351,0
stable_diffusion_1_4_00832,test,1,0.9838653,0
stable_diffusion_1_4_00833,test,1,0.3853117,1
stable_diffusion_1_4_00834,test,1,0.045925718,0
stable_diffusion_1_4_00835,test,1,0.3853117,1
stable_diffusion_1_4_00836,test,1,0.7646033,0
stable_diffusion_1_4_00837,test,1,0.56676996,0
stable_diffusion_1_4_00838,test,1,0.3853117,1
stable_diffusion_1_4_00839,test,1,0.7943844,0
stable_diffusion_1_4_00840,test,1,0.3853117,1
stable_diffusion_1_4_00841,test,1,0.3853117,1
stable_diffusion_1_4_00842,test,1,0.083459154,0
stable_diffusion_1_4_00843,test,1,0.3853117,1
stable_diffusion_1_4_00844,test,1,0.3853117,1
stable_diffusion_1_4_00845,test,1,0.3853117,1
stable_diffusion_1_4_00846,test,1,0.3853117,1
stable_diffusion_1_4_00847,test,1,0.6873509,0
stable_diffusion_1_4_00848,test,1,0.43188635,0
stable_diffusion_1_4_00849,test,1,0.40272844,0
stable_diffusion_1_4_00850,test,1,0.3853117,1
stable_diffusion_1_4_00851,test,1,0.3853117,1
stable_diffusion_1_4_00852,test,1,0.047887396,0
stable_diffusion_1_4_00853,test,1,0.89379275,0
stable_diffusion_1_4_00854,test,1,0.8580713,0
stable_diffusion_1_4_00855,test,1,0.8668923,0
stable_diffusion_1_4_00856,test,1,0.13102084,0
stable_diffusion_1_4_00857,test,1,0.3853117,1
stable_diffusion_1_4_00858,test,1,0.3853117,1
stable_diffusion_1_4_00859,test,1,0.3853117,1
stable_diffusion_1_4_00860,test,1,0.3853117,1
stable_diffusion_1_4_00861,test,1,0.998027,0
stable_diffusion_1_4_00862,test,1,0.863729,0
stable_diffusion_1_4_00863,test,1,0.76289064,0
stable_diffusion_1_4_00864,test,1,0.3853117,1
stable_diffusion_1_4_00865,test,1,0.3853117,1
stable_diffusion_1_4_00866,test,1,0.8159835,0
stable_diffusion_1_4_00867,test,1,0.6561776,0
stable_diffusion_1_4_00868,test,1,0.7293812,0
stable_diffusion_1_4_00869,test,1,0.9461236,0
stable_diffusion_1_4_00870,test,1,0.1331187,0
stable_diffusion_1_4_00871,test,1,0.8239551,0
stable_diffusion_1_4_00872,test,1,0.3853117,1
stable_diffusion_1_4_00873,test,1,0.13846725,0
stable_diffusion_1_4_00874,test,1,0.9413248,1
stable_diffusion_1_4_00875,test,1,0.3853117,1
stable_diffusion_1_4_00876,test,1,0.036802296,0
stable_diffusion_1_4_00877,test,1,0.9997162,0
stable_diffusion_1_4_00878,test,1,0.93349946,0
stable_diffusion_1_4_00879,test,1,0.3395158,1
stable_diffusion_1_4_00880,test,1,0.3853117,1
stable_diffusion_1_4_00881,test,1,0.4347099,0
stable_diffusion_1_4_00882,test,1,0.3853117,1
stable_diffusion_1_4_00883,test,1,0.3853117,1
stable_diffusion_1_4_00884,test,1,0.9248529,0
stable_diffusion_1_4_00885,test,1,0.73227507,0
stable_diffusion_1_4_00886,test,1,0.3853117,1
stable_diffusion_1_4_00887,test,1,0.3853117,1
stable_diffusion_1_4_00888,test,1,0.3853117,1
stable_diffusion_1_4_00889,test,1,0.097956136,1
stable_diffusion_1_4_00890,test,1,0.3853117,1
stable_diffusion_1_4_00891,test,1,0.69997203,0
stable_diffusion_1_4_00892,test,1,0.91872835,0
stable_diffusion_1_4_00893,test,1,0.3853117,1
stable_diffusion_1_4_00894,test,1,0.3853117,1
stable_diffusion_1_4_00895,test,1,0.3853117,1
stable_diffusion_1_4_00896,test,1,0.3853117,1
stable_diffusion_1_4_00897,test,1,0.3853117,1
stable_diffusion_1_4_00898,test,1,0.3853117,1
stable_diffusion_1_4_00899,test,1,0.8373526,0
stable_diffusion_1_4_00900,test,1,0.3853117,1
stable_diffusion_1_4_00901,test,1,0.9978732,0
stable_diffusion_1_4_00902,test,1,0.3232121,0
stable_diffusion_1_4_00903,test,1,0.3853117,1
stable_diffusion_1_4_00904,test,1,0.3853117,1
stable_diffusion_1_4_00905,test,1,0.3853117,1
stable_diffusion_1_4_00906,test,1,0.3853117,1
stable_diffusion_1_4_00907,test,1,0.50637543,0
stable_diffusion_1_4_00908,test,1,0.06047846,0
stable_diffusion_1_4_00909,test,1,0.3853117,1
stable_diffusion_1_4_00910,test,1,0.9995425,0
stable_diffusion_1_4_00911,test,1,0.3853117,1
stable_diffusion_1_4_00912,test,1,0.65741897,0
stable_diffusion_1_4_00913,test,1,0.091413744,0
stable_diffusion_1_4_00914,test,1,0.8906091,0
stable_diffusion_1_4_00915,test,1,0.3853117,1
stable_diffusion_1_4_00916,test,1,0.9851399,0
stable_diffusion_1_4_00917,test,1,0.3853117,1
stable_diffusion_1_4_00918,test,1,0.3853117,1
stable_diffusion_1_4_00919,test,1,0.5122083,0
stable_diffusion_1_4_00920,test,1,0.3853117,1
stable_diffusion_1_4_00921,test,1,0.3853117,1
stable_diffusion_1_4_00922,test,1,0.3853117,1
stable_diffusion_1_4_00923,test,1,0.3853117,1
stable_diffusion_1_4_00924,test,1,0.91166043,0
stable_diffusion_1_4_00925,test,1,0.3853117,1
stable_diffusion_1_4_00926,test,1,0.3853117,1
stable_diffusion_1_4_00927,test,1,0.046134308,0
stable_diffusion_1_4_00928,test,1,0.97744274,0
stable_diffusion_1_4_00929,test,1,0.3853117,1
stable_diffusion_1_4_00930,test,1,0.835004,0
stable_diffusion_1_4_00931,test,1,0.2663364,0
stable_diffusion_1_4_00932,test,1,0.3853117,1
stable_diffusion_1_4_00933,test,1,0.3853117,1
stable_diffusion_1_4_00934,test,1,0.3853117,1
stable_diffusion_1_4_00935,test,1,0.88644445,0
stable_diffusion_1_4_00936,test,1,0.34576288,0
stable_diffusion_1_4_00937,test,1,0.3853117,1
stable_diffusion_1_4_00938,test,1,0.3853117,1
stable_diffusion_1_4_00939,test,1,0.09290221,0
stable_diffusion_1_4_00940,test,1,0.3351431,0
stable_diffusion_1_4_00941,test,1,0.9881925,0
stable_diffusion_1_4_00942,test,1,0.3853117,1
stable_diffusion_1_4_00943,test,1,0.3853117,1
stable_diffusion_1_4_00944,test,1,0.024134481,0
stable_diffusion_1_4_00945,test,1,0.3853117,1
stable_diffusion_1_4_00946,test,1,0.24221258,0
stable_diffusion_1_4_00947,test,1,0.3853117,1
stable_diffusion_1_4_00948,test,1,0.3853117,1
stable_diffusion_1_4_00949,test,1,0.9625638,0
stable_diffusion_1_4_00950,test,1,0.3853117,1
stable_diffusion_1_4_00951,test,1,0.22074693,0
stable_diffusion_1_4_00952,test,1,0.3853117,1
stable_diffusion_1_4_00953,test,1,0.38242882,0
stable_diffusion_1_4_00954,test,1,0.3853117,1
stable_diffusion_1_4_00955,test,1,0.17945102,0
stable_diffusion_1_4_00956,test,1,0.9914568,0
stable_diffusion_1_4_00957,test,1,0.3853117,1
stable_diffusion_1_4_00958,test,1,0.3853117,1
stable_diffusion_1_4_00959,test,1,0.3147135,0
stable_diffusion_1_4_00960,test,1,0.38813,0
stable_diffusion_1_4_00961,test,1,0.99113727,0
stable_diffusion_1_4_00962,test,1,0.12952225,0
stable_diffusion_1_4_00963,test,1,0.3853117,1
stable_diffusion_1_4_00964,test,1,0.3853117,1
stable_diffusion_1_4_00965,test,1,0.3853117,1
stable_diffusion_1_4_00966,test,1,0.3853117,1
stable_diffusion_1_4_00967,test,1,0.3853117,1
stable_diffusion_1_4_00968,test,1,0.5231607,0
stable_diffusion_1_4_00969,test,1,0.72761023,0
stable_diffusion_1_4_00970,test,1,0.42590207,0
stable_diffusion_1_4_00971,test,1,0.3853117,1
stable_diffusion_1_4_00972,test,1,0.3853117,1
stable_diffusion_1_4_00973,test,1,0.9994367,0
stable_diffusion_1_4_00974,test,1,0.7090122,0
stable_diffusion_1_4_00975,test,1,0.3853117,1
stable_diffusion_1_4_00976,test,1,0.3853117,1
stable_diffusion_1_4_00977,test,1,0.3853117,1
stable_diffusion_1_4_00978,test,1,0.9854848,0
stable_diffusion_1_4_00979,test,1,0.7291105,0
stable_diffusion_1_4_00980,test,1,0.9044635,0
stable_diffusion_1_4_00981,test,1,0.9958781,0
stable_diffusion_1_4_00982,test,1,0.9957099,0
stable_diffusion_1_4_00983,test,1,0.3853117,1
stable_diffusion_1_4_00984,test,1,0.3853117,1
stable_diffusion_1_4_00985,test,1,0.86006993,0
stable_diffusion_1_4_00986,test,1,0.9756821,0
stable_diffusion_1_4_00987,test,1,0.9131245,0
stable_diffusion_1_4_00988,test,1,0.19549422,0
stable_diffusion_1_4_00989,test,1,0.3853117,1
stable_diffusion_1_4_00990,test,1,0.3853117,1
stable_diffusion_1_4_00991,test,1,0.99494827,0
stable_diffusion_1_4_00992,test,1,0.3853117,1
stable_diffusion_1_4_00993,test,1,0.73458403,0
stable_diffusion_1_4_00994,test,1,0.3853117,1
stable_diffusion_1_4_00995,test,1,0.3853117,1
stable_diffusion_1_4_00996,test,1,0.3853117,1
stable_diffusion_1_4_00997,test,1,0.5148762,0
stable_diffusion_1_4_00998,test,1,0.3853117,1
stable_diffusion_1_4_00999,test,1,0.3853117,1
stable_diffusion_2_00000,test,1,0.23876373,1
stable_diffusion_2_00001,test,1,0.12545697,0
stable_diffusion_2_00002,test,1,0.3853117,1
stable_diffusion_2_00003,test,1,0.3853117,1
stable_diffusion_2_00004,test,1,0.3853117,1
stable_diffusion_2_00005,test,1,0.17843835,1
stable_diffusion_2_00006,test,1,0.3853117,1
stable_diffusion_2_00007,test,1,0.926007,0
stable_diffusion_2_00008,test,1,0.3853117,1
stable_diffusion_2_00009,test,1,0.3853117,1
stable_diffusion_2_00010,test,1,0.3853117,1
stable_diffusion_2_00011,test,1,0.41151518,1
stable_diffusion_2_00012,test,1,0.3853117,1
stable_diffusion_2_00013,test,1,0.3853117,1
stable_diffusion_2_00014,test,1,0.3853117,1
stable_diffusion_2_00015,test,1,0.3853117,1
stable_diffusion_2_00016,test,1,0.3853117,1
stable_diffusion_2_00017,test,1,0.3853117,1
stable_diffusion_2_00018,test,1,0.3853117,1
stable_diffusion_2_00019,test,1,0.3853117,1
stable_diffusion_2_00020,test,1,0.3853117,1
stable_diffusion_2_00021,test,1,0.3853117,1
stable_diffusion_2_00022,test,1,0.3853117,1
stable_diffusion_2_00023,test,1,0.3853117,1
stable_diffusion_2_00024,test,1,0.3853117,1
stable_diffusion_2_00025,test,1,0.3853117,1
stable_diffusion_2_00026,test,1,0.96532124,0
stable_diffusion_2_00027,test,1,0.3853117,1
stable_diffusion_2_00028,test,1,0.3853117,1
stable_diffusion_2_00029,test,1,0.3853117,1
stable_diffusion_2_00030,test,1,0.3853117,1
stable_diffusion_2_00031,test,1,0.6272419,0
stable_diffusion_2_00032,test,1,0.3853117,1
stable_diffusion_2_00033,test,1,0.3853117,1
stable_diffusion_2_00034,test,1,0.3853117,1
stable_diffusion_2_00035,test,1,0.3853117,1
stable_diffusion_2_00036,test,1,0.3853117,1
stable_diffusion_2_00037,test,1,0.3853117,1
stable_diffusion_2_00038,test,1,0.61981285,0
stable_diffusion_2_00039,test,1,0.44039595,1
stable_diffusion_2_00040,test,1,0.3853117,1
stable_diffusion_2_00041,test,1,0.3853117,1
stable_diffusion_2_00042,test,1,0.62085485,1
stable_diffusion_2_00043,test,1,0.3853117,1
stable_diffusion_2_00044,test,1,0.98604333,0
stable_diffusion_2_00045,test,1,0.3853117,1
stable_diffusion_2_00046,test,1,0.3853117,1
stable_diffusion_2_00047,test,1,0.3853117,1
stable_diffusion_2_00048,test,1,0.6442284,0
stable_diffusion_2_00049,test,1,0.9360255,0
stable_diffusion_2_00050,test,1,0.3853117,1
stable_diffusion_2_00051,test,1,0.6408858,0
stable_diffusion_2_00052,test,1,0.3853117,1
stable_diffusion_2_00053,test,1,0.3853117,1
stable_diffusion_2_00054,test,1,0.3853117,1
stable_diffusion_2_00055,test,1,0.3853117,1
stable_diffusion_2_00056,test,1,0.3853117,1
stable_diffusion_2_00057,test,1,0.86138296,0
stable_diffusion_2_00058,test,1,0.3853117,1
stable_diffusion_2_00059,test,1,0.3853117,1
stable_diffusion_2_00060,test,1,0.3853117,1
stable_diffusion_2_00061,test,1,0.5767397,0
stable_diffusion_2_00062,test,1,0.3853117,1
stable_diffusion_2_00063,test,1,0.8542677,0
stable_diffusion_2_00064,test,1,0.71083564,0
stable_diffusion_2_00065,test,1,0.3853117,1
stable_diffusion_2_00066,test,1,0.3853117,1
stable_diffusion_2_00067,test,1,0.24737479,0
stable_diffusion_2_00068,test,1,0.3853117,1
stable_diffusion_2_00069,test,1,0.3853117,1
stable_diffusion_2_00070,test,1,0.3853117,1
stable_diffusion_2_00071,test,1,0.26587534,0
stable_diffusion_2_00072,test,1,0.3853117,1
stable_diffusion_2_00073,test,1,0.12530449,0
stable_diffusion_2_00074,test,1,0.3853117,1
stable_diffusion_2_00075,test,1,0.4244607,0
stable_diffusion_2_00076,test,1,0.3853117,1
stable_diffusion_2_00077,test,1,0.3853117,1
stable_diffusion_2_00078,test,1,0.3853117,1
stable_diffusion_2_00079,test,1,0.3853117,1
stable_diffusion_2_00080,test,1,0.7264013,0
stable_diffusion_2_00081,test,1,0.23544528,0
stable_diffusion_2_00082,test,1,0.3853117,1
stable_diffusion_2_00083,test,1,0.3853117,1
stable_diffusion_2_00084,test,1,0.3853117,1
stable_diffusion_2_00085,test,1,0.3853117,1
stable_diffusion_2_00086,test,1,0.3853117,1
stable_diffusion_2_00087,test,1,0.12943047,0
stable_diffusion_2_00088,test,1,0.5485657,0
stable_diffusion_2_00089,test,1,0.23151763,1
stable_diffusion_2_00090,test,1,0.3853117,1
stable_diffusion_2_00091,test,1,0.73624784,0
stable_diffusion_2_00092,test,1,0.39663422,1
stable_diffusion_2_00093,test,1,0.5199747,0
stable_diffusion_2_00094,test,1,0.3853117,1
stable_diffusion_2_00095,test,1,0.2435951,1
stable_diffusion_2_00096,test,1,0.3853117,1
stable_diffusion_2_00097,test,1,0.3853117,1
stable_diffusion_2_00098,test,1,0.7464544,0
stable_diffusion_2_00099,test,1,0.3853117,1
stable_diffusion_2_00100,test,1,0.071222275,0
stable_diffusion_2_00101,test,1,0.91091055,0
stable_diffusion_2_00102,test,1,0.3853117,1
stable_diffusion_2_00103,test,1,0.3853117,1
stable_diffusion_2_00104,test,1,0.3853117,1
stable_diffusion_2_00105,test,1,0.8991259,0
stable_diffusion_2_00106,test,1,0.3853117,1
stable_diffusion_2_00107,test,1,0.052710168,0
stable_diffusion_2_00108,test,1,0.3853117,1
stable_diffusion_2_00109,test,1,0.3853117,1
stable_diffusion_2_00110,test,1,0.3853117,1
stable_diffusion_2_00111,test,1,0.3853117,1
stable_diffusion_2_00112,test,1,0.3853117,1
stable_diffusion_2_00113,test,1,0.3853117,1
stable_diffusion_2_00114,test,1,0.3853117,1
stable_diffusion_2_00115,test,1,0.3853117,1
stable_diffusion_2_00116,test,1,0.96635354,0
stable_diffusion_2_00117,test,1,0.3853117,1
stable_diffusion_2_00118,test,1,0.7764298,0
stable_diffusion_2_00119,test,1,0.92911243,0
stable_diffusion_2_00120,test,1,0.5857438,0
stable_diffusion_2_00121,test,1,0.3853117,1
stable_diffusion_2_00122,test,1,0.37493724,0
stable_diffusion_2_00123,test,1,0.3853117,1
stable_diffusion_2_00124,test,1,0.3853117,1
stable_diffusion_2_00125,test,1,0.4938262,1
stable_diffusion_2_00126,test,1,0.3853117,1
stable_diffusion_2_00127,test,1,0.37329477,0
stable_diffusion_2_00128,test,1,0.4419294,1
stable_diffusion_2_00129,test,1,0.3853117,1
stable_diffusion_2_00130,test,1,0.3853117,1
stable_diffusion_2_00131,test,1,0.17134479,0
stable_diffusion_2_00132,test,1,0.3853117,1
stable_diffusion_2_00133,test,1,0.33020115,0
stable_diffusion_2_00134,test,1,0.3853117,1
stable_diffusion_2_00135,test,1,0.3853117,1
stable_diffusion_2_00136,test,1,0.3853117,1
stable_diffusion_2_00137,test,1,0.3853117,1
stable_diffusion_2_00138,test,1,0.3853117,1
stable_diffusion_2_00139,test,1,0.3853117,1
stable_diffusion_2_00140,test,1,0.44127607,0
stable_diffusion_2_00141,test,1,0.2639305,0
stable_diffusion_2_00142,test,1,0.3853117,1
stable_diffusion_2_00143,test,1,0.3853117,1
stable_diffusion_2_00144,test,1,0.1576134,1
stable_diffusion_2_00145,test,1,0.3853117,1
stable_diffusion_2_00146,test,1,0.99915135,0
stable_diffusion_2_00147,test,1,0.5061368,1
stable_diffusion_2_00148,test,1,0.3853117,1
stable_diffusion_2_00149,test,1,0.3853117,1
stable_diffusion_2_00150,test,1,0.3853117,1
stable_diffusion_2_00151,test,1,0.9629973,0
stable_diffusion_2_00152,test,1,0.3853117,1
stable_diffusion_2_00153,test,1,0.3853117,1
stable_diffusion_2_00154,test,1,0.3853117,1
stable_diffusion_2_00155,test,1,0.3853117,1
stable_diffusion_2_00156,test,1,0.3853117,1
stable_diffusion_2_00157,test,1,0.07787607,0
stable_diffusion_2_00158,test,1,0.3853117,1
stable_diffusion_2_00159,test,1,0.3853117,1
stable_diffusion_2_00160,test,1,0.46688905,1
stable_diffusion_2_00161,test,1,0.3853117,1
stable_diffusion_2_00162,test,1,0.3396242,0
stable_diffusion_2_00163,test,1,0.3853117,1
stable_diffusion_2_00164,test,1,0.3853117,1
stable_diffusion_2_00165,test,1,0.3853117,1
stable_diffusion_2_00166,test,1,0.3853117,1
stable_diffusion_2_00167,test,1,0.35613683,1
stable_diffusion_2_00168,test,1,0.3853117,1
stable_diffusion_2_00169,test,1,0.14101298,0
stable_diffusion_2_00170,test,1,0.43810526,0
stable_diffusion_2_00171,test,1,0.3853117,1
stable_diffusion_2_00172,test,1,0.3853117,1
stable_diffusion_2_00173,test,1,0.3853117,1
stable_diffusion_2_00174,test,1,0.3853117,1
stable_diffusion_2_00175,test,1,0.3853117,1
stable_diffusion_2_00176,test,1,0.3853117,1
stable_diffusion_2_00177,test,1,0.3853117,1
stable_diffusion_2_00178,test,1,0.3853117,1
stable_diffusion_2_00179,test,1,0.3853117,1
stable_diffusion_2_00180,test,1,0.3853117,1
stable_diffusion_2_00181,test,1,0.2695875,1
stable_diffusion_2_00182,test,1,0.7040454,0
stable_diffusion_2_00183,test,1,0.3853117,1
stable_diffusion_2_00184,test,1,0.5528523,0
stable_diffusion_2_00185,test,1,0.35754535,0
stable_diffusion_2_00186,test,1,0.45348603,0
stable_diffusion_2_00187,test,1,0.6044396,0
stable_diffusion_2_00188,test,1,0.3853117,1
stable_diffusion_2_00189,test,1,0.3853117,1
stable_diffusion_2_00190,test,1,0.3853117,1
stable_diffusion_2_00191,test,1,0.32112437,1
stable_diffusion_2_00192,test,1,0.3853117,1
stable_diffusion_2_00193,test,1,0.3853117,1
stable_diffusion_2_00194,test,1,0.3853117,1
stable_diffusion_2_00195,test,1,0.3853117,1
stable_diffusion_2_00196,test,1,0.3853117,1
stable_diffusion_2_00197,test,1,0.3853117,1
stable_diffusion_2_00198,test,1,0.3853117,1
stable_diffusion_2_00199,test,1,0.3853117,1
stable_diffusion_2_00200,test,1,0.3853117,1
stable_diffusion_2_00201,test,1,0.3853117,1
stable_diffusion_2_00202,test,1,0.8783914,0
stable_diffusion_2_00203,test,1,0.3853117,1
stable_diffusion_2_00204,test,1,0.014342436,0
stable_diffusion_2_00205,test,1,0.98751974,0
stable_diffusion_2_00206,test,1,0.3853117,1
stable_diffusion_2_00207,test,1,0.3853117,1
stable_diffusion_2_00208,test,1,0.3853117,1
stable_diffusion_2_00209,test,1,0.3853117,1
stable_diffusion_2_00210,test,1,0.3853117,1
stable_diffusion_2_00211,test,1,0.8832676,0
stable_diffusion_2_00212,test,1,0.3853117,1
stable_diffusion_2_00213,test,1,0.3853117,1
stable_diffusion_2_00214,test,1,0.3853117,1
stable_diffusion_2_00215,test,1,0.3853117,1
stable_diffusion_2_00216,test,1,0.3853117,1
stable_diffusion_2_00217,test,1,0.3853117,1
stable_diffusion_2_00218,test,1,0.8497881,0
stable_diffusion_2_00219,test,1,0.9917704,0
stable_diffusion_2_00220,test,1,0.36317688,1
stable_diffusion_2_00221,test,1,0.20828485,0
stable_diffusion_2_00222,test,1,0.3853117,1
stable_diffusion_2_00223,test,1,0.3853117,1
stable_diffusion_2_00224,test,1,0.39723158,0
stable_diffusion_2_00225,test,1,0.3853117,1
stable_diffusion_2_00226,test,1,0.4103975,1
stable_diffusion_2_00227,test,1,0.3853117,1
stable_diffusion_2_00228,test,1,0.21922344,0
stable_diffusion_2_00229,test,1,0.44868875,0
stable_diffusion_2_00230,test,1,0.4449679,0
stable_diffusion_2_00231,test,1,0.3853117,1
stable_diffusion_2_00232,test,1,0.3853117,1
stable_diffusion_2_00233,test,1,0.43042538,0
stable_diffusion_2_00234,test,1,0.3853117,1
stable_diffusion_2_00235,test,1,0.3853117,1
stable_diffusion_2_00236,test,1,0.9927939,0
stable_diffusion_2_00237,test,1,0.34592122,0
stable_diffusion_2_00238,test,1,0.17139341,0
stable_diffusion_2_00239,test,1,0.9763267,0
stable_diffusion_2_00240,test,1,0.3853117,1
stable_diffusion_2_00241,test,1,0.91378397,0
stable_diffusion_2_00242,test,1,0.3853117,1
stable_diffusion_2_00243,test,1,0.3853117,1
stable_diffusion_2_00244,test,1,0.3853117,1
stable_diffusion_2_00245,test,1,0.9971192,0
stable_diffusion_2_00246,test,1,0.9973373,0
stable_diffusion_2_00247,test,1,0.3853117,1
stable_diffusion_2_00248,test,1,0.3853117,1
stable_diffusion_2_00249,test,1,0.3853117,1
stable_diffusion_2_00250,test,1,0.3853117,1
stable_diffusion_2_00251,test,1,0.3853117,1
stable_diffusion_2_00252,test,1,0.3853117,1
stable_diffusion_2_00253,test,1,0.978587,0
stable_diffusion_2_00254,test,1,0.3853117,1
stable_diffusion_2_00255,test,1,0.3853117,1
stable_diffusion_2_00256,test,1,0.25914225,0
stable_diffusion_2_00257,test,1,0.3853117,1
stable_diffusion_2_00258,test,1,0.3853117,1
stable_diffusion_2_00259,test,1,0.4365158,0
stable_diffusion_2_00260,test,1,0.4074859,1
stable_diffusion_2_00261,test,1,0.9338707,0
stable_diffusion_2_00262,test,1,0.3853117,1
stable_diffusion_2_00263,test,1,0.7037097,0
stable_diffusion_2_00264,test,1,0.3853117,1
stable_diffusion_2_00265,test,1,0.33631366,1
stable_diffusion_2_00266,test,1,0.3853117,1
stable_diffusion_2_00267,test,1,0.3853117,1
stable_diffusion_2_00268,test,1,0.3853117,1
stable_diffusion_2_00269,test,1,0.3853117,1
stable_diffusion_2_00270,test,1,0.3853117,1
stable_diffusion_2_00271,test,1,0.3853117,1
stable_diffusion_2_00272,test,1,0.99944454,0
stable_diffusion_2_00273,test,1,0.19663736,0
stable_diffusion_2_00274,test,1,0.3853117,1
stable_diffusion_2_00275,test,1,0.37892348,1
stable_diffusion_2_00276,test,1,0.3853117,1
stable_diffusion_2_00277,test,1,0.17140344,1
stable_diffusion_2_00278,test,1,0.3853117,1
stable_diffusion_2_00279,test,1,0.3853117,1
stable_diffusion_2_00280,test,1,0.3853117,1
stable_diffusion_2_00281,test,1,0.3853117,1
stable_diffusion_2_00282,test,1,0.052375916,0
stable_diffusion_2_00283,test,1,0.74743915,0
stable_diffusion_2_00284,test,1,0.3853117,1
stable_diffusion_2_00285,test,1,0.3853117,1
stable_diffusion_2_00286,test,1,0.3853117,1
stable_diffusion_2_00287,test,1,0.3853117,1
stable_diffusion_2_00288,test,1,0.9194055,0
stable_diffusion_2_00289,test,1,0.3853117,1
stable_diffusion_2_00290,test,1,0.3853117,1
stable_diffusion_2_00291,test,1,0.3853117,1
stable_diffusion_2_00292,test,1,0.3853117,1
stable_diffusion_2_00293,test,1,0.3853117,1
stable_diffusion_2_00294,test,1,0.3853117,1
stable_diffusion_2_00295,test,1,0.3853117,1
stable_diffusion_2_00296,test,1,0.99891186,0
stable_diffusion_2_00297,test,1,0.9020868,0
stable_diffusion_2_00298,test,1,0.3853117,1
stable_diffusion_2_00299,test,1,0.3853117,1
stable_diffusion_2_00300,test,1,0.3853117,1
stable_diffusion_2_00301,test,1,0.3853117,1
stable_diffusion_2_00302,test,1,0.3853117,1
stable_diffusion_2_00303,test,1,0.3853117,1
stable_diffusion_2_00304,test,1,0.3853117,1
stable_diffusion_2_00305,test,1,0.3853117,1
stable_diffusion_2_00306,test,1,0.3853117,1
stable_diffusion_2_00307,test,1,0.9999875,0
stable_diffusion_2_00308,test,1,0.3853117,1
stable_diffusion_2_00309,test,1,0.84079254,0
stable_diffusion_2_00310,test,1,0.3853117,1
stable_diffusion_2_00311,test,1,0.6361877,0
stable_diffusion_2_00312,test,1,0.3853117,1
stable_diffusion_2_00313,test,1,0.34713754,1
stable_diffusion_2_00314,test,1,0.3853117,1
stable_diffusion_2_00315,test,1,0.3853117,1
stable_diffusion_2_00316,test,1,0.3853117,1
stable_diffusion_2_00317,test,1,0.64078486,0
stable_diffusion_2_00318,test,1,0.3853117,1
stable_diffusion_2_00319,test,1,0.3853117,1
stable_diffusion_2_00320,test,1,0.3853117,1
stable_diffusion_2_00321,test,1,0.3853117,1
stable_diffusion_2_00322,test,1,0.41517913,0
stable_diffusion_2_00323,test,1,0.3853117,1
stable_diffusion_2_00324,test,1,0.64901406,0
stable_diffusion_2_00325,test,1,0.3853117,1
stable_diffusion_2_00326,test,1,0.3853117,1
stable_diffusion_2_00327,test,1,0.3853117,1
stable_diffusion_2_00328,test,1,0.34888068,1
stable_diffusion_2_00329,test,1,0.3853117,1
stable_diffusion_2_00330,test,1,0.30686137,0
stable_diffusion_2_00331,test,1,0.073692106,0
stable_diffusion_2_00332,test,1,0.3853117,1
stable_diffusion_2_00333,test,1,0.3853117,1
stable_diffusion_2_00334,test,1,0.3853117,1
stable_diffusion_2_00335,test,1,0.3853117,1
stable_diffusion_2_00336,test,1,0.3853117,1
stable_diffusion_2_00337,test,1,0.3853117,1
stable_diffusion_2_00338,test,1,0.3853117,1
stable_diffusion_2_00339,test,1,0.3853117,1
stable_diffusion_2_00340,test,1,0.3853117,1
stable_diffusion_2_00341,test,1,0.9999852,0
stable_diffusion_2_00342,test,1,0.3853117,1
stable_diffusion_2_00343,test,1,0.3853117,1
stable_diffusion_2_00344,test,1,0.42270112,0
stable_diffusion_2_00345,test,1,0.7951655,0
stable_diffusion_2_00346,test,1,0.98832184,0
stable_diffusion_2_00347,test,1,0.3853117,1
stable_diffusion_2_00348,test,1,0.3853117,1
stable_diffusion_2_00349,test,1,0.3853117,1
stable_diffusion_2_00350,test,1,0.3853117,1
stable_diffusion_2_00351,test,1,0.9873991,0
stable_diffusion_2_00352,test,1,0.3853117,1
stable_diffusion_2_00353,test,1,0.3853117,1
stable_diffusion_2_00354,test,1,0.025007077,0
stable_diffusion_2_00355,test,1,0.3853117,1
stable_diffusion_2_00356,test,1,0.3853117,1
stable_diffusion_2_00357,test,1,0.3853117,1
stable_diffusion_2_00358,test,1,0.3853117,1
stable_diffusion_2_00359,test,1,0.3853117,1
stable_diffusion_2_00360,test,1,0.3853117,1
stable_diffusion_2_00361,test,1,0.8054753,0
stable_diffusion_2_00362,test,1,0.3853117,1
stable_diffusion_2_00363,test,1,0.6582548,0
stable_diffusion_2_00364,test,1,0.25563794,0
stable_diffusion_2_00365,test,1,0.3853117,1
stable_diffusion_2_00366,test,1,0.7181484,0
stable_diffusion_2_00367,test,1,0.3853117,1
stable_diffusion_2_00368,test,1,0.36915064,0
stable_diffusion_2_00369,test,1,0.3853117,1
stable_diffusion_2_00370,test,1,0.3853117,1
stable_diffusion_2_00371,test,1,0.3853117,1
stable_diffusion_2_00372,test,1,0.3853117,1
stable_diffusion_2_00373,test,1,0.3853117,1
stable_diffusion_2_00374,test,1,0.3853117,1
stable_diffusion_2_00375,test,1,0.3853117,1
stable_diffusion_2_00376,test,1,0.3853117,1
stable_diffusion_2_00377,test,1,0.3853117,1
stable_diffusion_2_00378,test,1,0.3853117,1
stable_diffusion_2_00379,test,1,0.3853117,1
stable_diffusion_2_00380,test,1,0.3853117,1
stable_diffusion_2_00381,test,1,0.3853117,1
stable_diffusion_2_00382,test,1,0.3853117,1
stable_diffusion_2_00383,test,1,0.3853117,1
stable_diffusion_2_00384,test,1,0.3853117,1
stable_diffusion_2_00385,test,1,0.26707286,1
stable_diffusion_2_00386,test,1,0.3853117,1
stable_diffusion_2_00387,test,1,0.3853117,1
stable_diffusion_2_00388,test,1,0.3853117,1
stable_diffusion_2_00389,test,1,0.6206514,0
stable_diffusion_2_00390,test,1,0.3853117,1
stable_diffusion_2_00391,test,1,0.3853117,1
stable_diffusion_2_00392,test,1,0.30022877,0
stable_diffusion_2_00393,test,1,0.3853117,1
stable_diffusion_2_00394,test,1,0.3853117,1
stable_diffusion_2_00395,test,1,0.3853117,1
stable_diffusion_2_00396,test,1,0.965692,0
stable_diffusion_2_00397,test,1,0.8660065,0
stable_diffusion_2_00398,test,1,0.4076039,1
stable_diffusion_2_00399,test,1,0.6133145,0
stable_diffusion_2_00400,test,1,0.3853117,1
stable_diffusion_2_00401,test,1,0.3853117,1
stable_diffusion_2_00402,test,1,0.6663218,1
stable_diffusion_2_00403,test,1,0.3853117,1
stable_diffusion_2_00404,test,1,0.3853117,1
stable_diffusion_2_00405,test,1,0.3853117,1
stable_diffusion_2_00406,test,1,0.59502715,0
stable_diffusion_2_00407,test,1,0.3853117,1
stable_diffusion_2_00408,test,1,0.3853117,1
stable_diffusion_2_00409,test,1,0.3853117,1
stable_diffusion_2_00410,test,1,0.3853117,1
stable_diffusion_2_00411,test,1,0.3853117,1
stable_diffusion_2_00412,test,1,0.99661344,0
stable_diffusion_2_00413,test,1,0.9438883,0
stable_diffusion_2_00414,test,1,0.3853117,1
stable_diffusion_2_00415,test,1,0.3853117,1
stable_diffusion_2_00416,test,1,0.3853117,1
stable_diffusion_2_00417,test,1,0.9997633,0
stable_diffusion_2_00418,test,1,0.3853117,1
stable_diffusion_2_00419,test,1,0.6450239,0
stable_diffusion_2_00420,test,1,0.488786,0
stable_diffusion_2_00421,test,1,0.3853117,1
stable_diffusion_2_00422,test,1,0.3853117,1
stable_diffusion_2_00423,test,1,0.3853117,1
stable_diffusion_2_00424,test,1,0.3853117,1
stable_diffusion_2_00425,test,1,0.3853117,1
stable_diffusion_2_00426,test,1,0.3853117,1
stable_diffusion_2_00427,test,1,0.3448762,0
stable_diffusion_2_00428,test,1,0.68535376,0
stable_diffusion_2_00429,test,1,0.3853117,1
stable_diffusion_2_00430,test,1,0.3853117,1
stable_diffusion_2_00431,test,1,0.3853117,1
stable_diffusion_2_00432,test,1,0.10354084,0
stable_diffusion_2_00433,test,1,0.3853117,1
stable_diffusion_2_00434,test,1,0.3853117,1
stable_diffusion_2_00435,test,1,0.3853117,1
stable_diffusion_2_00436,test,1,0.3853117,1
stable_diffusion_2_00437,test,1,0.82441837,0
stable_diffusion_2_00438,test,1,0.3853117,1
stable_diffusion_2_00439,test,1,0.3853117,1
stable_diffusion_2_00440,test,1,0.3853117,1
stable_diffusion_2_00441,test,1,0.3853117,1
stable_diffusion_2_00442,test,1,0.3853117,1
stable_diffusion_2_00443,test,1,0.3853117,1
stable_diffusion_2_00444,test,1,0.3853117,1
stable_diffusion_2_00445,test,1,0.3853117,1
stable_diffusion_2_00446,test,1,0.3853117,1
stable_diffusion_2_00447,test,1,0.3853117,1
stable_diffusion_2_00448,test,1,0.3853117,1
stable_diffusion_2_00449,test,1,0.6803291,0
stable_diffusion_2_00450,test,1,0.3853117,1
stable_diffusion_2_00451,test,1,0.3853117,1
stable_diffusion_2_00452,test,1,0.8267385,0
stable_diffusion_2_00453,test,1,0.3853117,1
stable_diffusion_2_00454,test,1,0.11269876,0
stable_diffusion_2_00455,test,1,0.3853117,1
stable_diffusion_2_00456,test,1,0.98117834,0
stable_diffusion_2_00457,test,1,0.3853117,1
stable_diffusion_2_00458,test,1,0.5260152,0
stable_diffusion_2_00459,test,1,0.3853117,1
stable_diffusion_2_00460,test,1,0.3853117,1
stable_diffusion_2_00461,test,1,0.3853117,1
stable_diffusion_2_00462,test,1,0.68678534,0
stable_diffusion_2_00463,test,1,0.3853117,1
stable_diffusion_2_00464,test,1,0.99973816,0
stable_diffusion_2_00465,test,1,0.3853117,1
stable_diffusion_2_00466,test,1,0.9982463,0
stable_diffusion_2_00467,test,1,0.3853117,1
stable_diffusion_2_00468,test,1,0.6785655,0
stable_diffusion_2_00469,test,1,0.9798866,0
stable_diffusion_2_00470,test,1,0.6166314,0
stable_diffusion_2_00471,test,1,0.23236606,0
stable_diffusion_2_00472,test,1,0.3853117,1
stable_diffusion_2_00473,test,1,0.3853117,1
stable_diffusion_2_00474,test,1,0.07267521,0
stable_diffusion_2_00475,test,1,0.3853117,1
stable_diffusion_2_00476,test,1,0.3853117,1
stable_diffusion_2_00477,test,1,0.3853117,1
stable_diffusion_2_00478,test,1,0.3853117,1
stable_diffusion_2_00479,test,1,0.93927616,0
stable_diffusion_2_00480,test,1,0.24418113,0
stable_diffusion_2_00481,test,1,0.3853117,1
stable_diffusion_2_00482,test,1,0.3853117,1
stable_diffusion_2_00483,test,1,0.3853117,1
stable_diffusion_2_00484,test,1,0.3853117,1
stable_diffusion_2_00485,test,1,0.33558017,1
stable_diffusion_2_00486,test,1,0.3853117,1
stable_diffusion_2_00487,test,1,0.3853117,1
stable_diffusion_2_00488,test,1,0.3853117,1
stable_diffusion_2_00489,test,1,0.91807187,0
stable_diffusion_2_00490,test,1,0.47105962,1
stable_diffusion_2_00491,test,1,0.3853117,1
stable_diffusion_2_00492,test,1,0.3853117,1
stable_diffusion_2_00493,test,1,0.4088587,1
stable_diffusion_2_00494,test,1,0.3853117,1
stable_diffusion_2_00495,test,1,0.18807659,0
stable_diffusion_2_00496,test,1,0.3853117,1
stable_diffusion_2_00497,test,1,0.3853117,1
stable_diffusion_2_00498,test,1,0.3853117,1
stable_diffusion_2_00499,test,1,0.18006283,1
stable_diffusion_2_00500,test,1,0.3853117,1
stable_diffusion_2_00501,test,1,0.3853117,1
stable_diffusion_2_00502,test,1,0.3853117,1
stable_diffusion_2_00503,test,1,0.96181875,0
stable_diffusion_2_00504,test,1,0.6124456,0
stable_diffusion_2_00505,test,1,0.3853117,1
stable_diffusion_2_00506,test,1,0.99915636,0
stable_diffusion_2_00507,test,1,0.3853117,1
stable_diffusion_2_00508,test,1,0.539938,0
stable_diffusion_2_00509,test,1,0.3853117,1
stable_diffusion_2_00510,test,1,0.3853117,1
stable_diffusion_2_00511,test,1,0.3853117,1
stable_diffusion_2_00512,test,1,0.3853117,1
stable_diffusion_2_00513,test,1,0.3853117,1
stable_diffusion_2_00514,test,1,0.3853117,1
stable_diffusion_2_00515,test,1,0.11180185,0
stable_diffusion_2_00516,test,1,0.84874445,0
stable_diffusion_2_00517,test,1,0.8204408,0
stable_diffusion_2_00518,test,1,0.9972174,0
stable_diffusion_2_00519,test,1,0.6601195,0
stable_diffusion_2_00520,test,1,0.99952435,0
stable_diffusion_2_00521,test,1,0.29308018,0
stable_diffusion_2_00522,test,1,0.3853117,1
stable_diffusion_2_00523,test,1,0.27456853,0
stable_diffusion_2_00524,test,1,0.3853117,1
stable_diffusion_2_00525,test,1,0.99418205,0
stable_diffusion_2_00526,test,1,0.3853117,1
stable_diffusion_2_00527,test,1,0.3853117,1
stable_diffusion_2_00528,test,1,0.99520963,0
stable_diffusion_2_00529,test,1,0.3853117,1
stable_diffusion_2_00530,test,1,0.3853117,1
stable_diffusion_2_00531,test,1,0.3853117,1
stable_diffusion_2_00532,test,1,0.3853117,1
stable_diffusion_2_00533,test,1,0.9897697,0
stable_diffusion_2_00534,test,1,0.36602476,1
stable_diffusion_2_00535,test,1,0.10412789,0
stable_diffusion_2_00536,test,1,0.3853117,1
stable_diffusion_2_00537,test,1,0.3853117,1
stable_diffusion_2_00538,test,1,0.3853117,1
stable_diffusion_2_00539,test,1,0.30917698,1
stable_diffusion_2_00540,test,1,0.3853117,1
stable_diffusion_2_00541,test,1,0.3853117,1
stable_diffusion_2_00542,test,1,0.29510513,1
stable_diffusion_2_00543,test,1,0.3853117,1
stable_diffusion_2_00544,test,1,0.3864457,1
stable_diffusion_2_00545,test,1,0.44924662,0
stable_diffusion_2_00546,test,1,0.92566586,0
stable_diffusion_2_00547,test,1,0.3853117,1
stable_diffusion_2_00548,test,1,0.3853117,1
stable_diffusion_2_00549,test,1,0.6689747,0
stable_diffusion_2_00550,test,1,0.3963905,0
stable_diffusion_2_00551,test,1,0.82442296,0
stable_diffusion_2_00552,test,1,0.3853117,1
stable_diffusion_2_00553,test,1,0.3853117,1
stable_diffusion_2_00554,test,1,0.3853117,1
stable_diffusion_2_00555,test,1,0.3853117,1
stable_diffusion_2_00556,test,1,0.3853117,1
stable_diffusion_2_00557,test,1,0.281893,0
stable_diffusion_2_00558,test,1,0.10590217,0
stable_diffusion_2_00559,test,1,0.3853117,1
stable_diffusion_2_00560,test,1,0.3853117,1
stable_diffusion_2_00561,test,1,0.01662409,0
stable_diffusion_2_00562,test,1,0.3853117,1
stable_diffusion_2_00563,test,1,0.3853117,1
stable_diffusion_2_00564,test,1,0.3853117,1
stable_diffusion_2_00565,test,1,0.3841568,0
stable_diffusion_2_00566,test,1,0.12513533,0
stable_diffusion_2_00567,test,1,0.18224816,1
stable_diffusion_2_00568,test,1,0.3853117,1
stable_diffusion_2_00569,test,1,0.3853117,1
stable_diffusion_2_00570,test,1,0.3853117,1
stable_diffusion_2_00571,test,1,0.3853117,1
stable_diffusion_2_00572,test,1,0.9294482,0
stable_diffusion_2_00573,test,1,0.3853117,1
stable_diffusion_2_00574,test,1,0.3853117,1
stable_diffusion_2_00575,test,1,0.9457222,0
stable_diffusion_2_00576,test,1,0.07593148,0
stable_diffusion_2_00577,test,1,0.31508818,0
stable_diffusion_2_00578,test,1,0.86597365,0
stable_diffusion_2_00579,test,1,0.3853117,1
stable_diffusion_2_00580,test,1,0.3853117,1
stable_diffusion_2_00581,test,1,0.040554114,0
stable_diffusion_2_00582,test,1,0.3572229,1
stable_diffusion_2_00583,test,1,0.3853117,1
stable_diffusion_2_00584,test,1,0.3853117,1
stable_diffusion_2_00585,test,1,0.3853117,1
stable_diffusion_2_00586,test,1,0.3853117,1
stable_diffusion_2_00587,test,1,0.3853117,1
stable_diffusion_2_00588,test,1,0.3853117,1
stable_diffusion_2_00589,test,1,0.16177109,0
stable_diffusion_2_00590,test,1,0.38942105,0
stable_diffusion_2_00591,test,1,0.3853117,1
stable_diffusion_2_00592,test,1,0.3853117,1
stable_diffusion_2_00593,test,1,0.3853117,1
stable_diffusion_2_00594,test,1,0.3853117,1
stable_diffusion_2_00595,test,1,0.3853117,1
stable_diffusion_2_00596,test,1,0.33316183,1
stable_diffusion_2_00597,test,1,0.3853117,1
stable_diffusion_2_00598,test,1,0.3853117,1
stable_diffusion_2_00599,test,1,0.3853117,1
stable_diffusion_2_00600,test,1,0.5167862,0
stable_diffusion_2_00601,test,1,0.3853117,1
stable_diffusion_2_00602,test,1,0.6662943,0
stable_diffusion_2_00603,test,1,0.3853117,1
stable_diffusion_2_00604,test,1,0.8799772,0
stable_diffusion_2_00605,test,1,0.3853117,1
stable_diffusion_2_00606,test,1,0.3853117,1
stable_diffusion_2_00607,test,1,0.3853117,1
stable_diffusion_2_00608,test,1,0.3853117,1
stable_diffusion_2_00609,test,1,0.3853117,1
stable_diffusion_2_00610,test,1,0.3853117,1
stable_diffusion_2_00611,test,1,0.3853117,1
stable_diffusion_2_00612,test,1,0.3853117,1
stable_diffusion_2_00613,test,1,0.3853117,1
stable_diffusion_2_00614,test,1,0.3853117,1
stable_diffusion_2_00615,test,1,0.3853117,1
stable_diffusion_2_00616,test,1,0.3853117,1
stable_diffusion_2_00617,test,1,0.3697931,0
stable_diffusion_2_00618,test,1,0.3553398,0
stable_diffusion_2_00619,test,1,0.3853117,1
stable_diffusion_2_00620,test,1,0.3853117,1
stable_diffusion_2_00621,test,1,0.9992217,0
stable_diffusion_2_00622,test,1,0.3853117,1
stable_diffusion_2_00623,test,1,0.09984021,0
stable_diffusion_2_00624,test,1,0.3853117,1
stable_diffusion_2_00625,test,1,0.49305183,0
stable_diffusion_2_00626,test,1,0.3853117,1
stable_diffusion_2_00627,test,1,0.3853117,1
stable_diffusion_2_00628,test,1,0.3853117,1
stable_diffusion_2_00629,test,1,0.3853117,1
stable_diffusion_2_00630,test,1,0.96154755,0
stable_diffusion_2_00631,test,1,0.98636836,0
stable_diffusion_2_00632,test,1,0.3853117,1
stable_diffusion_2_00633,test,1,0.3853117,1
stable_diffusion_2_00634,test,1,0.151404,0
stable_diffusion_2_00635,test,1,0.3853117,1
stable_diffusion_2_00636,test,1,0.3853117,1
stable_diffusion_2_00637,test,1,0.3853117,1
stable_diffusion_2_00638,test,1,0.3853117,1
stable_diffusion_2_00639,test,1,0.3853117,1
stable_diffusion_2_00640,test,1,0.3853117,1
stable_diffusion_2_00641,test,1,0.3853117,1
stable_diffusion_2_00642,test,1,0.3853117,1
stable_diffusion_2_00643,test,1,0.21601371,0
stable_diffusion_2_00644,test,1,0.11683241,0
stable_diffusion_2_00645,test,1,0.3853117,1
stable_diffusion_2_00646,test,1,0.3853117,1
stable_diffusion_2_00647,test,1,0.3853117,1
stable_diffusion_2_00648,test,1,0.3853117,1
stable_diffusion_2_00649,test,1,0.3853117,1
stable_diffusion_2_00650,test,1,0.56769264,0
stable_diffusion_2_00651,test,1,0.3853117,1
stable_diffusion_2_00652,test,1,0.3853117,1
stable_diffusion_2_00653,test,1,0.16012262,0
stable_diffusion_2_00654,test,1,0.3853117,1
stable_diffusion_2_00655,test,1,0.3853117,1
stable_diffusion_2_00656,test,1,0.3853117,1
stable_diffusion_2_00657,test,1,0.3853117,1
stable_diffusion_2_00658,test,1,0.3853117,1
stable_diffusion_2_00659,test,1,0.3853117,1
stable_diffusion_2_00660,test,1,0.3853117,1
stable_diffusion_2_00661,test,1,0.3853117,1
stable_diffusion_2_00662,test,1,0.17638488,0
stable_diffusion_2_00663,test,1,0.3853117,1
stable_diffusion_2_00664,test,1,0.3853117,1
stable_diffusion_2_00665,test,1,0.3853117,1
stable_diffusion_2_00666,test,1,0.3853117,1
stable_diffusion_2_00667,test,1,0.3853117,1
stable_diffusion_2_00668,test,1,0.3853117,1
stable_diffusion_2_00669,test,1,0.41769883,1
stable_diffusion_2_00670,test,1,0.49440277,0
stable_diffusion_2_00671,test,1,0.50257635,1
stable_diffusion_2_00672,test,1,0.98593056,0
stable_diffusion_2_00673,test,1,0.3853117,1
stable_diffusion_2_00674,test,1,0.3853117,1
stable_diffusion_2_00675,test,1,0.3853117,1
stable_diffusion_2_00676,test,1,0.3853117,1
stable_diffusion_2_00677,test,1,0.53792185,0
stable_diffusion_2_00678,test,1,0.3853117,1
stable_diffusion_2_00679,test,1,0.9883025,0
stable_diffusion_2_00680,test,1,0.3853117,1
stable_diffusion_2_00681,test,1,0.3853117,1
stable_diffusion_2_00682,test,1,0.3853117,1
stable_diffusion_2_00683,test,1,0.3853117,1
stable_diffusion_2_00684,test,1,0.3853117,1
stable_diffusion_2_00685,test,1,0.3853117,1
stable_diffusion_2_00686,test,1,0.3853117,1
stable_diffusion_2_00687,test,1,0.04191315,0
stable_diffusion_2_00688,test,1,0.96373194,0
stable_diffusion_2_00689,test,1,0.9642853,0
stable_diffusion_2_00690,test,1,0.07557692,0
stable_diffusion_2_00691,test,1,0.3853117,1
stable_diffusion_2_00692,test,1,0.29296726,1
stable_diffusion_2_00693,test,1,0.3853117,1
stable_diffusion_2_00694,test,1,0.3853117,1
stable_diffusion_2_00695,test,1,0.3737828,0
stable_diffusion_2_00696,test,1,0.3853117,1
stable_diffusion_2_00697,test,1,0.2812452,0
stable_diffusion_2_00698,test,1,0.3853117,1
stable_diffusion_2_00699,test,1,0.1682708,0
stable_diffusion_2_00700,test,1,0.3376876,1
stable_diffusion_2_00701,test,1,0.3853117,1
stable_diffusion_2_00702,test,1,0.44855615,0
stable_diffusion_2_00703,test,1,0.3853117,1
stable_diffusion_2_00704,test,1,0.28000775,0
stable_diffusion_2_00705,test,1,0.3853117,1
stable_diffusion_2_00706,test,1,0.3853117,1
stable_diffusion_2_00707,test,1,0.3853117,1
stable_diffusion_2_00708,test,1,0.34938088,0
stable_diffusion_2_00709,test,1,0.3853117,1
stable_diffusion_2_00710,test,1,0.3853117,1
stable_diffusion_2_00711,test,1,0.7821577,0
stable_diffusion_2_00712,test,1,0.3853117,1
stable_diffusion_2_00713,test,1,0.5966854,1
stable_diffusion_2_00714,test,1,0.3853117,1
stable_diffusion_2_00715,test,1,0.93772286,0
stable_diffusion_2_00716,test,1,0.3853117,1
stable_diffusion_2_00717,test,1,0.3853117,1
stable_diffusion_2_00718,test,1,0.43567136,1
stable_diffusion_2_00719,test,1,0.3853117,1
stable_diffusion_2_00720,test,1,0.3853117,1
stable_diffusion_2_00721,test,1,0.3853117,1
stable_diffusion_2_00722,test,1,0.3853117,1
stable_diffusion_2_00723,test,1,0.3853117,1
stable_diffusion_2_00724,test,1,0.3853117,1
stable_diffusion_2_00725,test,1,0.56981254,0
stable_diffusion_2_00726,test,1,0.14960612,0
stable_diffusion_2_00727,test,1,0.6354845,0
stable_diffusion_2_00728,test,1,0.3853117,1
stable_diffusion_2_00729,test,1,0.34084174,1
stable_diffusion_2_00730,test,1,0.90667343,0
stable_diffusion_2_00731,test,1,0.3853117,1
stable_diffusion_2_00732,test,1,0.9995326,0
stable_diffusion_2_00733,test,1,0.9569187,0
stable_diffusion_2_00734,test,1,0.3853117,1
stable_diffusion_2_00735,test,1,0.99875045,0
stable_diffusion_2_00736,test,1,0.3853117,1
stable_diffusion_2_00737,test,1,0.3853117,1
stable_diffusion_2_00738,test,1,0.3853117,1
stable_diffusion_2_00739,test,1,0.5809069,0
stable_diffusion_2_00740,test,1,0.3853117,1
stable_diffusion_2_00741,test,1,0.3853117,1
stable_diffusion_2_00742,test,1,0.3853117,1
stable_diffusion_2_00743,test,1,0.3853117,1
stable_diffusion_2_00744,test,1,0.3853117,1
stable_diffusion_2_00745,test,1,0.3853117,1
stable_diffusion_2_00746,test,1,0.3853117,1
stable_diffusion_2_00747,test,1,0.3853117,1
stable_diffusion_2_00748,test,1,0.3853117,1
stable_diffusion_2_00749,test,1,0.9998958,0
stable_diffusion_2_00750,test,1,0.3853117,1
stable_diffusion_2_00751,test,1,0.92881054,0
stable_diffusion_2_00752,test,1,0.3853117,1
stable_diffusion_2_00753,test,1,0.3853117,1
stable_diffusion_2_00754,test,1,0.3853117,1
stable_diffusion_2_00755,test,1,0.7517454,0
stable_diffusion_2_00756,test,1,0.23672555,1
stable_diffusion_2_00757,test,1,0.3853117,1
stable_diffusion_2_00758,test,1,0.41119015,0
stable_diffusion_2_00759,test,1,0.039843764,0
stable_diffusion_2_00760,test,1,0.8485905,0
stable_diffusion_2_00761,test,1,0.3853117,1
stable_diffusion_2_00762,test,1,0.080599114,0
stable_diffusion_2_00763,test,1,0.3853117,1
stable_diffusion_2_00764,test,1,0.3853117,1
stable_diffusion_2_00765,test,1,0.3853117,1
stable_diffusion_2_00766,test,1,0.3853117,1
stable_diffusion_2_00767,test,1,0.7759354,0
stable_diffusion_2_00768,test,1,0.9120409,0
stable_diffusion_2_00769,test,1,0.3853117,1
stable_diffusion_2_00770,test,1,0.3853117,1
stable_diffusion_2_00771,test,1,0.3853117,1
stable_diffusion_2_00772,test,1,0.3853117,1
stable_diffusion_2_00773,test,1,0.9193076,0
stable_diffusion_2_00774,test,1,0.3853117,1
stable_diffusion_2_00775,test,1,0.3853117,1
stable_diffusion_2_00776,test,1,0.23559105,0
stable_diffusion_2_00777,test,1,0.44386673,0
stable_diffusion_2_00778,test,1,0.44018072,0
stable_diffusion_2_00779,test,1,0.3853117,1
stable_diffusion_2_00780,test,1,0.3853117,1
stable_diffusion_2_00781,test,1,0.3853117,1
stable_diffusion_2_00782,test,1,0.3853117,1
stable_diffusion_2_00783,test,1,0.5006986,1
stable_diffusion_2_00784,test,1,0.3853117,1
stable_diffusion_2_00785,test,1,0.6914318,0
stable_diffusion_2_00786,test,1,0.91301256,0
stable_diffusion_2_00787,test,1,0.39247373,1
stable_diffusion_2_00788,test,1,0.3853117,1
stable_diffusion_2_00789,test,1,0.3853117,1
stable_diffusion_2_00790,test,1,0.2525549,1
stable_diffusion_2_00791,test,1,0.99958175,0
stable_diffusion_2_00792,test,1,0.3853117,1
stable_diffusion_2_00793,test,1,0.3853117,1
stable_diffusion_2_00794,test,1,0.3853117,1
stable_diffusion_2_00795,test,1,0.93064696,1
stable_diffusion_2_00796,test,1,0.3853117,1
stable_diffusion_2_00797,test,1,0.3853117,1
stable_diffusion_2_00798,test,1,0.3853117,1
stable_diffusion_2_00799,test,1,0.3853117,1
stable_diffusion_2_00800,test,1,0.22887573,0
stable_diffusion_2_00801,test,1,0.8581762,0
stable_diffusion_2_00802,test,1,0.3853117,1
stable_diffusion_2_00803,test,1,0.3853117,1
stable_diffusion_2_00804,test,1,0.3853117,1
stable_diffusion_2_00805,test,1,0.38317448,1
stable_diffusion_2_00806,test,1,0.3853117,1
stable_diffusion_2_00807,test,1,0.3853117,1
stable_diffusion_2_00808,test,1,0.3853117,1
stable_diffusion_2_00809,test,1,0.3853117,1
stable_diffusion_2_00810,test,1,0.3853117,1
stable_diffusion_2_00811,test,1,0.3853117,1
stable_diffusion_2_00812,test,1,0.3853117,1
stable_diffusion_2_00813,test,1,0.3853117,1
stable_diffusion_2_00814,test,1,0.3853117,1
stable_diffusion_2_00815,test,1,0.3853117,1
stable_diffusion_2_00816,test,1,0.3853117,1
stable_diffusion_2_00817,test,1,0.642524,0
stable_diffusion_2_00818,test,1,0.3853117,1
stable_diffusion_2_00819,test,1,0.53763837,0
stable_diffusion_2_00820,test,1,0.34325868,0
stable_diffusion_2_00821,test,1,0.3853117,1
stable_diffusion_2_00822,test,1,0.3853117,1
stable_diffusion_2_00823,test,1,0.3853117,1
stable_diffusion_2_00824,test,1,0.29919618,0
stable_diffusion_2_00825,test,1,0.3853117,1
stable_diffusion_2_00826,test,1,0.3853117,1
stable_diffusion_2_00827,test,1,0.24367887,0
stable_diffusion_2_00828,test,1,0.3853117,1
stable_diffusion_2_00829,test,1,0.3853117,1
stable_diffusion_2_00830,test,1,0.46069896,0
stable_diffusion_2_00831,test,1,0.3853117,1
stable_diffusion_2_00832,test,1,0.3853117,1
stable_diffusion_2_00833,test,1,0.3853117,1
stable_diffusion_2_00834,test,1,0.25504583,1
stable_diffusion_2_00835,test,1,0.3853117,1
stable_diffusion_2_00836,test,1,0.33288446,1
stable_diffusion_2_00837,test,1,0.3853117,1
stable_diffusion_2_00838,test,1,0.3853117,1
stable_diffusion_2_00839,test,1,0.88897115,0
stable_diffusion_2_00840,test,1,0.3853117,1
stable_diffusion_2_00841,test,1,0.3853117,1
stable_diffusion_2_00842,test,1,0.3853117,1
stable_diffusion_2_00843,test,1,0.215154,0
stable_diffusion_2_00844,test,1,0.6247605,0
stable_diffusion_2_00845,test,1,0.99999404,0
stable_diffusion_2_00846,test,1,0.9932708,0
stable_diffusion_2_00847,test,1,0.8607634,0
stable_diffusion_2_00848,test,1,0.3853117,1
stable_diffusion_2_00849,test,1,0.3853117,1
stable_diffusion_2_00850,test,1,0.3853117,1
stable_diffusion_2_00851,test,1,0.3853117,1
stable_diffusion_2_00852,test,1,0.5722501,0
stable_diffusion_2_00853,test,1,0.3853117,1
stable_diffusion_2_00854,test,1,0.6594373,0
stable_diffusion_2_00855,test,1,0.3853117,1
stable_diffusion_2_00856,test,1,0.14787029,0
stable_diffusion_2_00857,test,1,0.78655374,0
stable_diffusion_2_00858,test,1,0.3853117,1
stable_diffusion_2_00859,test,1,0.3853117,1
stable_diffusion_2_00860,test,1,0.3853117,1
stable_diffusion_2_00861,test,1,0.7971663,0
stable_diffusion_2_00862,test,1,0.8224253,0
stable_diffusion_2_00863,test,1,0.21632999,0
stable_diffusion_2_00864,test,1,0.4335517,0
stable_diffusion_2_00865,test,1,0.3853117,1
stable_diffusion_2_00866,test,1,0.3853117,1
stable_diffusion_2_00867,test,1,0.3853117,1
stable_diffusion_2_00868,test,1,0.3853117,1
stable_diffusion_2_00869,test,1,0.3853117,1
stable_diffusion_2_00870,test,1,0.3853117,1
stable_diffusion_2_00871,test,1,0.3853117,1
stable_diffusion_2_00872,test,1,0.5609453,0
stable_diffusion_2_00873,test,1,0.0765309,0
stable_diffusion_2_00874,test,1,0.3853117,1
stable_diffusion_2_00875,test,1,0.3853117,1
stable_diffusion_2_00876,test,1,0.3853117,1
stable_diffusion_2_00877,test,1,0.9446138,0
stable_diffusion_2_00878,test,1,0.1933496,0
stable_diffusion_2_00879,test,1,0.3853117,1
stable_diffusion_2_00880,test,1,0.3853117,1
stable_diffusion_2_00881,test,1,0.093530744,0
stable_diffusion_2_00882,test,1,0.45834047,0
stable_diffusion_2_00883,test,1,0.1057526,0
stable_diffusion_2_00884,test,1,0.3853117,1
stable_diffusion_2_00885,test,1,0.031730834,0
stable_diffusion_2_00886,test,1,0.3853117,1
stable_diffusion_2_00887,test,1,0.059655152,0
stable_diffusion_2_00888,test,1,0.3853117,1
stable_diffusion_2_00889,test,1,0.7118358,1
stable_diffusion_2_00890,test,1,0.3853117,1
stable_diffusion_2_00891,test,1,0.2660696,0
stable_diffusion_2_00892,test,1,0.3853117,1
stable_diffusion_2_00893,test,1,0.3853117,1
stable_diffusion_2_00894,test,1,0.3853117,1
stable_diffusion_2_00895,test,1,0.3853117,1
stable_diffusion_2_00896,test,1,0.3853117,1
stable_diffusion_2_00897,test,1,0.16627853,1
stable_diffusion_2_00898,test,1,0.23923966,0
stable_diffusion_2_00899,test,1,0.3853117,1
stable_diffusion_2_00900,test,1,0.3853117,1
stable_diffusion_2_00901,test,1,0.77722937,0
stable_diffusion_2_00902,test,1,0.3853117,1
stable_diffusion_2_00903,test,1,0.7223799,0
stable_diffusion_2_00904,test,1,0.33373898,0
stable_diffusion_2_00905,test,1,0.3853117,1
stable_diffusion_2_00906,test,1,0.3853117,1
stable_diffusion_2_00907,test,1,0.3853117,1
stable_diffusion_2_00908,test,1,0.75658894,1
stable_diffusion_2_00909,test,1,0.3853117,1
stable_diffusion_2_00910,test,1,0.3853117,1
stable_diffusion_2_00911,test,1,0.3853117,1
stable_diffusion_2_00912,test,1,0.3853117,1
stable_diffusion_2_00913,test,1,0.9885838,0
stable_diffusion_2_00914,test,1,0.3853117,1
stable_diffusion_2_00915,test,1,0.5641098,0
stable_diffusion_2_00916,test,1,0.3853117,1
stable_diffusion_2_00917,test,1,0.3853117,1
stable_diffusion_2_00918,test,1,0.3853117,1
stable_diffusion_2_00919,test,1,0.7799617,0
stable_diffusion_2_00920,test,1,0.81579155,0
stable_diffusion_2_00921,test,1,0.3853117,1
stable_diffusion_2_00922,test,1,0.3853117,1
stable_diffusion_2_00923,test,1,0.3853117,1
stable_diffusion_2_00924,test,1,0.11687473,1
stable_diffusion_2_00925,test,1,0.3853117,1
stable_diffusion_2_00926,test,1,0.3853117,1
stable_diffusion_2_00927,test,1,0.3853117,1
stable_diffusion_2_00928,test,1,0.26403782,1
stable_diffusion_2_00929,test,1,0.9828992,0
stable_diffusion_2_00930,test,1,0.053419076,0
stable_diffusion_2_00931,test,1,0.3853117,1
stable_diffusion_2_00932,test,1,0.3853117,1
stable_diffusion_2_00933,test,1,0.3853117,1
stable_diffusion_2_00934,test,1,0.3853117,1
stable_diffusion_2_00935,test,1,0.8567732,0
stable_diffusion_2_00936,test,1,0.9839776,0
stable_diffusion_2_00937,test,1,0.3853117,1
stable_diffusion_2_00938,test,1,0.3853117,1
stable_diffusion_2_00939,test,1,0.3853117,1
stable_diffusion_2_00940,test,1,0.026251776,0
stable_diffusion_2_00941,test,1,0.3853117,1
stable_diffusion_2_00942,test,1,0.3853117,1
stable_diffusion_2_00943,test,1,0.3853117,1
stable_diffusion_2_00944,test,1,0.22540201,0
stable_diffusion_2_00945,test,1,0.5377196,0
stable_diffusion_2_00946,test,1,0.5115786,0
stable_diffusion_2_00947,test,1,0.3853117,1
stable_diffusion_2_00948,test,1,0.3853117,1
stable_diffusion_2_00949,test,1,0.057280894,0
stable_diffusion_2_00950,test,1,0.3853117,1
stable_diffusion_2_00951,test,1,0.3853117,1
stable_diffusion_2_00952,test,1,0.3853117,1
stable_diffusion_2_00953,test,1,0.3853117,1
stable_diffusion_2_00954,test,1,0.3853117,1
stable_diffusion_2_00955,test,1,0.2117456,0
stable_diffusion_2_00956,test,1,0.9864673,0
stable_diffusion_2_00957,test,1,0.3853117,1
stable_diffusion_2_00958,test,1,0.9999759,0
stable_diffusion_2_00959,test,1,0.2833811,0
stable_diffusion_2_00960,test,1,0.33435002,1
stable_diffusion_2_00961,test,1,0.99870896,0
stable_diffusion_2_00962,test,1,0.3853117,1
stable_diffusion_2_00963,test,1,0.76726866,0
stable_diffusion_2_00964,test,1,0.3853117,1
stable_diffusion_2_00965,test,1,0.3642968,1
stable_diffusion_2_00966,test,1,0.23598619,1
stable_diffusion_2_00967,test,1,0.3853117,1
stable_diffusion_2_00968,test,1,0.25654852,1
stable_diffusion_2_00969,test,1,0.21757725,0
stable_diffusion_2_00970,test,1,0.91916656,0
stable_diffusion_2_00971,test,1,0.3853117,1
stable_diffusion_2_00972,test,1,0.3853117,1
stable_diffusion_2_00973,test,1,0.3853117,1
stable_diffusion_2_00974,test,1,0.3853117,1
stable_diffusion_2_00975,test,1,0.3853117,1
stable_diffusion_2_00976,test,1,0.3853117,1
stable_diffusion_2_00977,test,1,0.3853117,1
stable_diffusion_2_00978,test,1,0.9625158,0
stable_diffusion_2_00979,test,1,0.9024299,0
stable_diffusion_2_00980,test,1,0.3146322,0
stable_diffusion_2_00981,test,1,0.3853117,1
stable_diffusion_2_00982,test,1,0.33127493,1
stable_diffusion_2_00983,test,1,0.3853117,1
stable_diffusion_2_00984,test,1,0.3853117,1
stable_diffusion_2_00985,test,1,0.31031284,0
stable_diffusion_2_00986,test,1,0.586909,0
stable_diffusion_2_00987,test,1,0.05289394,0
stable_diffusion_2_00988,test,1,0.8875196,0
stable_diffusion_2_00989,test,1,0.3853117,1
stable_diffusion_2_00990,test,1,0.3853117,1
stable_diffusion_2_00991,test,1,0.35254723,1
stable_diffusion_2_00992,test,1,0.3853117,1
stable_diffusion_2_00993,test,1,0.3853117,1
stable_diffusion_2_00994,test,1,0.3853117,1
stable_diffusion_2_00995,test,1,0.3853117,1
stable_diffusion_2_00996,test,1,0.2948874,0
stable_diffusion_2_00997,test,1,0.7233513,0
stable_diffusion_2_00998,test,1,0.9960219,0
stable_diffusion_2_00999,test,1,0.8266302,0
stable_diffusion_3_00000,test,1,0.9843439,0
stable_diffusion_3_00001,test,1,0.73293406,0
stable_diffusion_3_00002,test,1,0.3853117,1
stable_diffusion_3_00003,test,1,0.9633116,0
stable_diffusion_3_00004,test,1,0.287384,0
stable_diffusion_3_00005,test,1,0.3853117,1
stable_diffusion_3_00006,test,1,0.3853117,1
stable_diffusion_3_00007,test,1,0.3853117,1
stable_diffusion_3_00008,test,1,0.8814418,0
stable_diffusion_3_00009,test,1,0.3853117,1
stable_diffusion_3_00010,test,1,0.3853117,1
stable_diffusion_3_00011,test,1,0.454393,0
stable_diffusion_3_00012,test,1,0.3853117,1
stable_diffusion_3_00013,test,1,0.35613704,0
stable_diffusion_3_00014,test,1,0.3853117,1
stable_diffusion_3_00015,test,1,0.3853117,1
stable_diffusion_3_00016,test,1,0.3853117,1
stable_diffusion_3_00017,test,1,0.0027987729,0
stable_diffusion_3_00018,test,1,0.97069484,0
stable_diffusion_3_00019,test,1,0.3853117,1
stable_diffusion_3_00020,test,1,0.8666768,0
stable_diffusion_3_00021,test,1,0.9830888,0
stable_diffusion_3_00022,test,1,0.9276546,0
stable_diffusion_3_00023,test,1,0.74811536,0
stable_diffusion_3_00024,test,1,0.9997991,0
stable_diffusion_3_00025,test,1,0.3853117,1
stable_diffusion_3_00026,test,1,0.3853117,1
stable_diffusion_3_00027,test,1,0.3853117,1
stable_diffusion_3_00028,test,1,0.3853117,1
stable_diffusion_3_00029,test,1,0.19361232,0
stable_diffusion_3_00030,test,1,0.6989851,0
stable_diffusion_3_00031,test,1,0.8537298,0
stable_diffusion_3_00032,test,1,0.3853117,1
stable_diffusion_3_00033,test,1,0.3853117,1
stable_diffusion_3_00034,test,1,0.98712873,0
stable_diffusion_3_00035,test,1,0.57040435,0
stable_diffusion_3_00036,test,1,0.99914706,0
stable_diffusion_3_00037,test,1,0.99349797,0
stable_diffusion_3_00038,test,1,0.3853117,1
stable_diffusion_3_00039,test,1,0.625476,0
stable_diffusion_3_00040,test,1,0.3853117,1
stable_diffusion_3_00041,test,1,0.8597625,0
stable_diffusion_3_00042,test,1,0.3853117,1
stable_diffusion_3_00043,test,1,0.3853117,1
stable_diffusion_3_00044,test,1,0.3853117,1
stable_diffusion_3_00045,test,1,0.3853117,1
stable_diffusion_3_00046,test,1,0.72259426,0
stable_diffusion_3_00047,test,1,0.3853117,1
stable_diffusion_3_00048,test,1,0.39199224,0
stable_diffusion_3_00049,test,1,0.41220158,0
stable_diffusion_3_00050,test,1,0.99908113,0
stable_diffusion_3_00051,test,1,0.3853117,1
stable_diffusion_3_00052,test,1,0.95732737,0
stable_diffusion_3_00053,test,1,0.878021,0
stable_diffusion_3_00054,test,1,0.3853117,1
stable_diffusion_3_00055,test,1,0.1889585,0
stable_diffusion_3_00056,test,1,0.3853117,1
stable_diffusion_3_00057,test,1,0.97440606,0
stable_diffusion_3_00058,test,1,0.8012721,0
stable_diffusion_3_00059,test,1,0.3631501,0
stable_diffusion_3_00060,test,1,0.04768049,0
stable_diffusion_3_00061,test,1,0.3853117,1
stable_diffusion_3_00062,test,1,0.3853117,1
stable_diffusion_3_00063,test,1,0.3853117,1
stable_diffusion_3_00064,test,1,0.8294446,0
stable_diffusion_3_00065,test,1,0.3853117,1
stable_diffusion_3_00066,test,1,0.55696183,0
stable_diffusion_3_00067,test,1,0.3853117,1
stable_diffusion_3_00068,test,1,0.3853117,1
stable_diffusion_3_00069,test,1,0.3853117,1
stable_diffusion_3_00070,test,1,0.3853117,1
stable_diffusion_3_00071,test,1,0.3853117,1
stable_diffusion_3_00072,test,1,0.9484472,0
stable_diffusion_3_00073,test,1,0.5546166,0
stable_diffusion_3_00074,test,1,0.28361702,0
stable_diffusion_3_00075,test,1,0.3722621,0
stable_diffusion_3_00076,test,1,0.76174027,0
stable_diffusion_3_00077,test,1,0.3853117,1
stable_diffusion_3_00078,test,1,0.3853117,1
stable_diffusion_3_00079,test,1,0.3853117,1
stable_diffusion_3_00080,test,1,0.97346514,0
stable_diffusion_3_00081,test,1,0.3853117,1
stable_diffusion_3_00082,test,1,0.3853117,1
stable_diffusion_3_00083,test,1,0.48376966,0
stable_diffusion_3_00084,test,1,0.99939454,0
stable_diffusion_3_00085,test,1,0.032896303,0
stable_diffusion_3_00086,test,1,0.31410792,0
stable_diffusion_3_00087,test,1,0.3853117,1
stable_diffusion_3_00088,test,1,0.9999869,0
stable_diffusion_3_00089,test,1,0.95487,0
stable_diffusion_3_00090,test,1,0.8477429,0
stable_diffusion_3_00091,test,1,0.8872185,0
stable_diffusion_3_00092,test,1,0.9827648,0
stable_diffusion_3_00093,test,1,0.99992967,0
stable_diffusion_3_00094,test,1,0.3853117,1
stable_diffusion_3_00095,test,1,0.4283811,0
stable_diffusion_3_00096,test,1,0.3853117,1
stable_diffusion_3_00097,test,1,0.9174998,0
stable_diffusion_3_00098,test,1,0.3853117,1
stable_diffusion_3_00099,test,1,0.9989241,0
stable_diffusion_3_00100,test,1,0.7995069,0
stable_diffusion_3_00101,test,1,0.3853117,1
stable_diffusion_3_00102,test,1,0.9426531,0
stable_diffusion_3_00103,test,1,0.9913914,0
stable_diffusion_3_00104,test,1,0.85159385,0
stable_diffusion_3_00105,test,1,0.9752677,0
stable_diffusion_3_00106,test,1,0.3853117,1
stable_diffusion_3_00107,test,1,0.9947619,0
stable_diffusion_3_00108,test,1,0.3853117,1
stable_diffusion_3_00109,test,1,0.3853117,1
stable_diffusion_3_00110,test,1,0.3853117,1
stable_diffusion_3_00111,test,1,0.9923234,0
stable_diffusion_3_00112,test,1,0.9921191,0
stable_diffusion_3_00113,test,1,0.97245324,0
stable_diffusion_3_00114,test,1,0.48459244,0
stable_diffusion_3_00115,test,1,0.8374417,0
stable_diffusion_3_00116,test,1,0.3853117,1
stable_diffusion_3_00117,test,1,0.9910699,0
stable_diffusion_3_00118,test,1,0.61573356,0
stable_diffusion_3_00119,test,1,0.99771357,0
stable_diffusion_3_00120,test,1,0.9964114,0
stable_diffusion_3_00121,test,1,0.3853117,1
stable_diffusion_3_00122,test,1,0.6343397,0
stable_diffusion_3_00123,test,1,0.3853117,1
stable_diffusion_3_00124,test,1,0.3853117,1
stable_diffusion_3_00125,test,1,0.3853117,1
stable_diffusion_3_00126,test,1,0.3853117,1
stable_diffusion_3_00127,test,1,0.92039895,0
stable_diffusion_3_00128,test,1,0.3853117,1
stable_diffusion_3_00129,test,1,0.8346123,0
stable_diffusion_3_00130,test,1,0.3853117,1
stable_diffusion_3_00131,test,1,0.99907446,0
stable_diffusion_3_00132,test,1,0.3853117,1
stable_diffusion_3_00133,test,1,0.43659633,0
stable_diffusion_3_00134,test,1,0.33529112,0
stable_diffusion_3_00135,test,1,0.22786386,0
stable_diffusion_3_00136,test,1,0.9347159,0
stable_diffusion_3_00137,test,1,0.59462625,0
stable_diffusion_3_00138,test,1,0.85875636,0
stable_diffusion_3_00139,test,1,0.3853117,1
stable_diffusion_3_00140,test,1,0.3853117,1
stable_diffusion_3_00141,test,1,0.9994475,0
stable_diffusion_3_00142,test,1,0.3853117,1
stable_diffusion_3_00143,test,1,0.3853117,1
stable_diffusion_3_00144,test,1,0.3853117,1
stable_diffusion_3_00145,test,1,0.17369944,0
stable_diffusion_3_00146,test,1,0.51442784,0
stable_diffusion_3_00147,test,1,0.044940364,0
stable_diffusion_3_00148,test,1,0.89259833,0
stable_diffusion_3_00149,test,1,0.3853117,1
stable_diffusion_3_00150,test,1,0.6973511,0
stable_diffusion_3_00151,test,1,0.3853117,1
stable_diffusion_3_00152,test,1,0.10253454,0
stable_diffusion_3_00153,test,1,0.31441087,0
stable_diffusion_3_00154,test,1,0.9899558,0
stable_diffusion_3_00155,test,1,0.3853117,1
stable_diffusion_3_00156,test,1,0.6965597,0
stable_diffusion_3_00157,test,1,0.092608176,0
stable_diffusion_3_00158,test,1,0.99092555,0
stable_diffusion_3_00159,test,1,0.3853117,1
stable_diffusion_3_00160,test,1,0.9969554,0
stable_diffusion_3_00161,test,1,0.3853117,1
stable_diffusion_3_00162,test,1,0.84243405,0
stable_diffusion_3_00163,test,1,0.3853117,1
stable_diffusion_3_00164,test,1,0.97247475,0
stable_diffusion_3_00165,test,1,0.92562747,0
stable_diffusion_3_00166,test,1,0.3853117,1
stable_diffusion_3_00167,test,1,0.3853117,1
stable_diffusion_3_00168,test,1,0.3853117,1
stable_diffusion_3_00169,test,1,0.3853117,1
stable_diffusion_3_00170,test,1,0.3853117,1
stable_diffusion_3_00171,test,1,0.97370964,0
stable_diffusion_3_00172,test,1,0.347956,0
stable_diffusion_3_00173,test,1,0.22207509,0
stable_diffusion_3_00174,test,1,0.34882104,0
stable_diffusion_3_00175,test,1,0.3853117,1
stable_diffusion_3_00176,test,1,0.88430244,0
stable_diffusion_3_00177,test,1,0.3853117,1
stable_diffusion_3_00178,test,1,0.8637213,0
stable_diffusion_3_00179,test,1,0.848002,0
stable_diffusion_3_00180,test,1,0.3853117,1
stable_diffusion_3_00181,test,1,0.3853117,1
stable_diffusion_3_00182,test,1,0.3853117,1
stable_diffusion_3_00183,test,1,0.3853117,1
stable_diffusion_3_00184,test,1,0.3853117,1
stable_diffusion_3_00185,test,1,0.9989293,0
stable_diffusion_3_00186,test,1,0.99494606,0
stable_diffusion_3_00187,test,1,0.3853117,1
stable_diffusion_3_00188,test,1,0.0867846,0
stable_diffusion_3_00189,test,1,0.06312004,0
stable_diffusion_3_00190,test,1,0.99997497,0
stable_diffusion_3_00191,test,1,0.99858993,0
stable_diffusion_3_00192,test,1,0.26192254,0
stable_diffusion_3_00193,test,1,0.3853117,1
stable_diffusion_3_00194,test,1,0.3853117,1
stable_diffusion_3_00195,test,1,0.991662,0
stable_diffusion_3_00196,test,1,0.69951427,0
stable_diffusion_3_00197,test,1,0.3853117,1
stable_diffusion_3_00198,test,1,0.99881387,0
stable_diffusion_3_00199,test,1,0.97634286,0
stable_diffusion_3_00200,test,1,0.3853117,1
stable_diffusion_3_00201,test,1,0.3853117,1
stable_diffusion_3_00202,test,1,0.9970969,0
stable_diffusion_3_00203,test,1,0.52647156,0
stable_diffusion_3_00204,test,1,0.7529379,0
stable_diffusion_3_00205,test,1,0.9896925,0
stable_diffusion_3_00206,test,1,0.3853117,1
stable_diffusion_3_00207,test,1,0.6198485,0
stable_diffusion_3_00208,test,1,0.3853117,1
stable_diffusion_3_00209,test,1,0.5844633,0
stable_diffusion_3_00210,test,1,0.82617056,0
stable_diffusion_3_00211,test,1,0.3853117,1
stable_diffusion_3_00212,test,1,0.12644632,0
stable_diffusion_3_00213,test,1,0.9090735,0
stable_diffusion_3_00214,test,1,0.3853117,1
stable_diffusion_3_00215,test,1,0.3853117,1
stable_diffusion_3_00216,test,1,0.7405241,0
stable_diffusion_3_00217,test,1,0.3853117,1
stable_diffusion_3_00218,test,1,0.9999918,0
stable_diffusion_3_00219,test,1,0.9586505,0
stable_diffusion_3_00220,test,1,0.3853117,1
stable_diffusion_3_00221,test,1,0.44086662,0
stable_diffusion_3_00222,test,1,0.97177833,0
stable_diffusion_3_00223,test,1,0.3853117,1
stable_diffusion_3_00224,test,1,0.3853117,1
stable_diffusion_3_00225,test,1,0.4163916,0
stable_diffusion_3_00226,test,1,0.95344347,0
stable_diffusion_3_00227,test,1,0.99730873,0
stable_diffusion_3_00228,test,1,0.9939413,0
stable_diffusion_3_00229,test,1,0.3853117,1
stable_diffusion_3_00230,test,1,0.7797571,0
stable_diffusion_3_00231,test,1,0.9973713,0
stable_diffusion_3_00232,test,1,0.9940853,0
stable_diffusion_3_00233,test,1,0.22205552,0
stable_diffusion_3_00234,test,1,0.859493,0
stable_diffusion_3_00235,test,1,0.8419793,0
stable_diffusion_3_00236,test,1,0.3109071,0
stable_diffusion_3_00237,test,1,0.9300172,0
stable_diffusion_3_00238,test,1,0.9894075,0
stable_diffusion_3_00239,test,1,0.9716153,0
stable_diffusion_3_00240,test,1,0.3853117,1
stable_diffusion_3_00241,test,1,0.7117345,0
stable_diffusion_3_00242,test,1,0.3853117,1
stable_diffusion_3_00243,test,1,0.3853117,1
stable_diffusion_3_00244,test,1,0.7796247,0
stable_diffusion_3_00245,test,1,0.97115326,0
stable_diffusion_3_00246,test,1,0.3853117,1
stable_diffusion_3_00247,test,1,0.9969689,0
stable_diffusion_3_00248,test,1,0.15007836,0
stable_diffusion_3_00249,test,1,0.8562639,0
stable_diffusion_3_00250,test,1,0.37201005,0
stable_diffusion_3_00251,test,1,0.85947573,0
stable_diffusion_3_00252,test,1,0.99909496,0
stable_diffusion_3_00253,test,1,0.7528044,0
stable_diffusion_3_00254,test,1,0.3853117,1
stable_diffusion_3_00255,test,1,0.3853117,1
stable_diffusion_3_00256,test,1,0.99716765,0
stable_diffusion_3_00257,test,1,0.3911227,0
stable_diffusion_3_00258,test,1,0.3853117,1
stable_diffusion_3_00259,test,1,0.9320575,0
stable_diffusion_3_00260,test,1,0.90396655,0
stable_diffusion_3_00261,test,1,0.9806886,0
stable_diffusion_3_00262,test,1,0.9356738,0
stable_diffusion_3_00263,test,1,0.9999336,0
stable_diffusion_3_00264,test,1,0.3853117,1
stable_diffusion_3_00265,test,1,0.3853117,1
stable_diffusion_3_00266,test,1,0.3853117,1
stable_diffusion_3_00267,test,1,0.7870336,0
stable_diffusion_3_00268,test,1,0.3853117,1
stable_diffusion_3_00269,test,1,0.089967676,0
stable_diffusion_3_00270,test,1,0.3853117,1
stable_diffusion_3_00271,test,1,0.67063206,0
stable_diffusion_3_00272,test,1,0.3853117,1
stable_diffusion_3_00273,test,1,0.3853117,1
stable_diffusion_3_00274,test,1,0.3853117,1
stable_diffusion_3_00275,test,1,0.3853117,1
stable_diffusion_3_00276,test,1,0.3853117,1
stable_diffusion_3_00277,test,1,0.3853117,1
stable_diffusion_3_00278,test,1,0.3853117,1
stable_diffusion_3_00279,test,1,0.3853117,1
stable_diffusion_3_00280,test,1,0.3853117,1
stable_diffusion_3_00281,test,1,0.80534947,0
stable_diffusion_3_00282,test,1,0.9999076,0
stable_diffusion_3_00283,test,1,0.9995103,0
stable_diffusion_3_00284,test,1,0.3853117,1
stable_diffusion_3_00285,test,1,0.9830072,0
stable_diffusion_3_00286,test,1,0.6946561,0
stable_diffusion_3_00287,test,1,0.17283918,0
stable_diffusion_3_00288,test,1,0.9779625,0
stable_diffusion_3_00289,test,1,0.9349764,0
stable_diffusion_3_00290,test,1,0.3853117,1
stable_diffusion_3_00291,test,1,1.0,0
stable_diffusion_3_00292,test,1,0.3853117,1
stable_diffusion_3_00293,test,1,0.9878762,0
stable_diffusion_3_00294,test,1,0.3853117,1
stable_diffusion_3_00295,test,1,0.3853117,1
stable_diffusion_3_00296,test,1,0.9458893,0
stable_diffusion_3_00297,test,1,0.67839277,0
stable_diffusion_3_00298,test,1,0.3853117,1
stable_diffusion_3_00299,test,1,0.3853117,1
stable_diffusion_3_00300,test,1,0.3853117,1
stable_diffusion_3_00301,test,1,0.99999964,0
stable_diffusion_3_00302,test,1,0.99999976,0
stable_diffusion_3_00303,test,1,0.05336783,0
stable_diffusion_3_00304,test,1,0.3853117,1
stable_diffusion_3_00305,test,1,0.3853117,1
stable_diffusion_3_00306,test,1,0.3853117,1
stable_diffusion_3_00307,test,1,0.3853117,1
stable_diffusion_3_00308,test,1,0.80914205,0
stable_diffusion_3_00309,test,1,0.96551913,0
stable_diffusion_3_00310,test,1,0.5950766,0
stable_diffusion_3_00311,test,1,0.18346621,0
stable_diffusion_3_00312,test,1,0.3853117,1
stable_diffusion_3_00313,test,1,0.9996056,0
stable_diffusion_3_00314,test,1,0.83059746,0
stable_diffusion_3_00315,test,1,0.97258997,0
stable_diffusion_3_00316,test,1,0.9990138,0
stable_diffusion_3_00317,test,1,0.98996115,0
stable_diffusion_3_00318,test,1,0.8378583,0
stable_diffusion_3_00319,test,1,0.9993349,0
stable_diffusion_3_00320,test,1,0.62525237,0
stable_diffusion_3_00321,test,1,0.3853117,1
stable_diffusion_3_00322,test,1,0.9088392,0
stable_diffusion_3_00323,test,1,0.98505634,0
stable_diffusion_3_00324,test,1,0.3853117,1
stable_diffusion_3_00325,test,1,0.98277724,0
stable_diffusion_3_00326,test,1,0.3853117,1
stable_diffusion_3_00327,test,1,0.9125845,0
stable_diffusion_3_00328,test,1,0.4852296,0
stable_diffusion_3_00329,test,1,0.9884332,0
stable_diffusion_3_00330,test,1,0.28878388,0
stable_diffusion_3_00331,test,1,0.97563666,0
stable_diffusion_3_00332,test,1,0.3853117,1
stable_diffusion_3_00333,test,1,0.9832775,0
stable_diffusion_3_00334,test,1,0.92794347,0
stable_diffusion_3_00335,test,1,0.7406636,0
stable_diffusion_3_00336,test,1,0.98776764,0
stable_diffusion_3_00337,test,1,0.3853117,1
stable_diffusion_3_00338,test,1,0.95019853,0
stable_diffusion_3_00339,test,1,0.9940357,0
stable_diffusion_3_00340,test,1,0.9963148,0
stable_diffusion_3_00341,test,1,0.246384,0
stable_diffusion_3_00342,test,1,0.18591656,0
stable_diffusion_3_00343,test,1,0.3853117,1
stable_diffusion_3_00344,test,1,0.3853117,1
stable_diffusion_3_00345,test,1,0.1273781,0
stable_diffusion_3_00346,test,1,0.99869376,0
stable_diffusion_3_00347,test,1,0.3853117,1
stable_diffusion_3_00348,test,1,0.3853117,1
stable_diffusion_3_00349,test,1,0.9910937,0
stable_diffusion_3_00350,test,1,0.7412847,0
stable_diffusion_3_00351,test,1,0.18588689,0
stable_diffusion_3_00352,test,1,0.3853117,1
stable_diffusion_3_00353,test,1,0.3853117,1
stable_diffusion_3_00354,test,1,0.3853117,1
stable_diffusion_3_00355,test,1,0.45344526,0
stable_diffusion_3_00356,test,1,0.99338716,0
stable_diffusion_3_00357,test,1,0.3853117,1
stable_diffusion_3_00358,test,1,0.9981048,0
stable_diffusion_3_00359,test,1,0.9892257,0
stable_diffusion_3_00360,test,1,0.3853117,1
stable_diffusion_3_00361,test,1,0.5392902,0
stable_diffusion_3_00362,test,1,0.33638152,0
stable_diffusion_3_00363,test,1,0.9492569,0
stable_diffusion_3_00364,test,1,0.3853117,1
stable_diffusion_3_00365,test,1,0.3853117,1
stable_diffusion_3_00366,test,1,0.3853117,1
stable_diffusion_3_00367,test,1,0.9920648,0
stable_diffusion_3_00368,test,1,0.8905292,0
stable_diffusion_3_00369,test,1,0.8911851,0
stable_diffusion_3_00370,test,1,0.6835785,0
stable_diffusion_3_00371,test,1,0.3853117,1
stable_diffusion_3_00372,test,1,0.99856216,0
stable_diffusion_3_00373,test,1,0.3853117,1
stable_diffusion_3_00374,test,1,0.9055666,0
stable_diffusion_3_00375,test,1,0.92981565,0
stable_diffusion_3_00376,test,1,0.3853117,1
stable_diffusion_3_00377,test,1,0.9992568,0
stable_diffusion_3_00378,test,1,0.9708692,0
stable_diffusion_3_00379,test,1,0.3853117,1
stable_diffusion_3_00380,test,1,0.98611164,0
stable_diffusion_3_00381,test,1,0.9663822,0
stable_diffusion_3_00382,test,1,0.3853117,1
stable_diffusion_3_00383,test,1,0.3853117,1
stable_diffusion_3_00384,test,1,0.8821241,0
stable_diffusion_3_00385,test,1,0.3853117,1
stable_diffusion_3_00386,test,1,0.3853117,1
stable_diffusion_3_00387,test,1,0.09303829,0
stable_diffusion_3_00388,test,1,0.8982187,0
stable_diffusion_3_00389,test,1,0.3853117,1
stable_diffusion_3_00390,test,1,0.6996402,0
stable_diffusion_3_00391,test,1,0.979393,0
stable_diffusion_3_00392,test,1,0.3532904,0
stable_diffusion_3_00393,test,1,0.3853117,1
stable_diffusion_3_00394,test,1,0.3853117,1
stable_diffusion_3_00395,test,1,0.9107326,0
stable_diffusion_3_00396,test,1,0.33542147,0
stable_diffusion_3_00397,test,1,0.8056902,0
stable_diffusion_3_00398,test,1,0.91070783,0
stable_diffusion_3_00399,test,1,0.3853117,1
stable_diffusion_3_00400,test,1,0.27715003,1
stable_diffusion_3_00401,test,1,0.3853117,1
stable_diffusion_3_00402,test,1,0.97414535,0
stable_diffusion_3_00403,test,1,0.9613904,0
stable_diffusion_3_00404,test,1,0.9922207,0
stable_diffusion_3_00405,test,1,0.3853117,1
stable_diffusion_3_00406,test,1,0.9978192,0
stable_diffusion_3_00407,test,1,0.22745061,0
stable_diffusion_3_00408,test,1,0.47754285,0
stable_diffusion_3_00409,test,1,0.9993749,0
stable_diffusion_3_00410,test,1,0.9126651,0
stable_diffusion_3_00411,test,1,0.49485323,0
stable_diffusion_3_00412,test,1,0.3853117,1
stable_diffusion_3_00413,test,1,0.97766316,0
stable_diffusion_3_00414,test,1,0.32053033,0
stable_diffusion_3_00415,test,1,0.3853117,1
stable_diffusion_3_00416,test,1,0.9842434,0
stable_diffusion_3_00417,test,1,0.99942505,0
stable_diffusion_3_00418,test,1,0.62228346,0
stable_diffusion_3_00419,test,1,0.9285327,0
stable_diffusion_3_00420,test,1,0.3853117,1
stable_diffusion_3_00421,test,1,0.3853117,1
stable_diffusion_3_00422,test,1,0.9934056,0
stable_diffusion_3_00423,test,1,0.33931783,0
stable_diffusion_3_00424,test,1,0.8858095,0
stable_diffusion_3_00425,test,1,0.3853117,1
stable_diffusion_3_00426,test,1,0.98154503,0
stable_diffusion_3_00427,test,1,0.3691526,0
stable_diffusion_3_00428,test,1,0.36749497,0
stable_diffusion_3_00429,test,1,0.88510084,0
stable_diffusion_3_00430,test,1,0.99996483,0
stable_diffusion_3_00431,test,1,0.3853117,1
stable_diffusion_3_00432,test,1,0.18260585,0
stable_diffusion_3_00433,test,1,0.98052067,0
stable_diffusion_3_00434,test,1,0.8047767,0
stable_diffusion_3_00435,test,1,0.3853117,1
stable_diffusion_3_00436,test,1,0.93769926,0
stable_diffusion_3_00437,test,1,0.3853117,1
stable_diffusion_3_00438,test,1,0.3526386,0
stable_diffusion_3_00439,test,1,0.9586767,0
stable_diffusion_3_00440,test,1,0.3853117,1
stable_diffusion_3_00441,test,1,0.3853117,1
stable_diffusion_3_00442,test,1,0.3853117,1
stable_diffusion_3_00443,test,1,0.9783467,0
stable_diffusion_3_00444,test,1,0.89088017,0
stable_diffusion_3_00445,test,1,0.9611291,0
stable_diffusion_3_00446,test,1,0.99917775,0
stable_diffusion_3_00447,test,1,0.3853117,1
stable_diffusion_3_00448,test,1,0.3853117,1
stable_diffusion_3_00449,test,1,0.78421456,0
stable_diffusion_3_00450,test,1,0.98169655,0
stable_diffusion_3_00451,test,1,0.3853117,1
stable_diffusion_3_00452,test,1,0.3853117,1
stable_diffusion_3_00453,test,1,0.74262506,0
stable_diffusion_3_00454,test,1,0.95492345,0
stable_diffusion_3_00455,test,1,0.3853117,1
stable_diffusion_3_00456,test,1,0.3853117,1
stable_diffusion_3_00457,test,1,0.3853117,1
stable_diffusion_3_00458,test,1,0.3853117,1
stable_diffusion_3_00459,test,1,0.9522308,0
stable_diffusion_3_00460,test,1,0.3853117,1
stable_diffusion_3_00461,test,1,0.9127085,0
stable_diffusion_3_00462,test,1,0.3853117,1
stable_diffusion_3_00463,test,1,0.9232361,0
stable_diffusion_3_00464,test,1,0.3500668,0
stable_diffusion_3_00465,test,1,0.92492926,0
stable_diffusion_3_00466,test,1,0.018678466,0
stable_diffusion_3_00467,test,1,0.92979556,0
stable_diffusion_3_00468,test,1,0.90533847,0
stable_diffusion_3_00469,test,1,0.3853117,1
stable_diffusion_3_00470,test,1,0.3853117,1
stable_diffusion_3_00471,test,1,0.9585554,0
stable_diffusion_3_00472,test,1,0.95166194,0
stable_diffusion_3_00473,test,1,0.3853117,1
stable_diffusion_3_00474,test,1,0.9656592,0
stable_diffusion_3_00475,test,1,0.95860624,0
stable_diffusion_3_00476,test,1,0.3853117,1
stable_diffusion_3_00477,test,1,0.7247942,0
stable_diffusion_3_00478,test,1,0.3853117,1
stable_diffusion_3_00479,test,1,0.9996859,0
stable_diffusion_3_00480,test,1,0.3853117,1
stable_diffusion_3_00481,test,1,0.3853117,1
stable_diffusion_3_00482,test,1,0.72651297,0
stable_diffusion_3_00483,test,1,0.3853117,1
stable_diffusion_3_00484,test,1,0.72348154,0
stable_diffusion_3_00485,test,1,0.23137467,0
stable_diffusion_3_00486,test,1,0.3853117,1
stable_diffusion_3_00487,test,1,0.3853117,1
stable_diffusion_3_00488,test,1,0.3853117,1
stable_diffusion_3_00489,test,1,0.93702936,0
stable_diffusion_3_00490,test,1,0.99016947,0
stable_diffusion_3_00491,test,1,0.8948362,0
stable_diffusion_3_00492,test,1,0.96493053,0
stable_diffusion_3_00493,test,1,0.3853117,1
stable_diffusion_3_00494,test,1,0.7113072,0
stable_diffusion_3_00495,test,1,0.65068614,0
stable_diffusion_3_00496,test,1,0.3920689,0
stable_diffusion_3_00497,test,1,0.3853117,1
stable_diffusion_3_00498,test,1,0.9967049,0
stable_diffusion_3_00499,test,1,0.3853117,1
stable_diffusion_3_00500,test,1,0.024883915,0
stable_diffusion_3_00501,test,1,0.99556655,0
stable_diffusion_3_00502,test,1,0.5807427,0
stable_diffusion_3_00503,test,1,0.73002476,0
stable_diffusion_3_00504,test,1,0.61098766,0
stable_diffusion_3_00505,test,1,0.3853117,1
stable_diffusion_3_00506,test,1,0.9306928,0
stable_diffusion_3_00507,test,1,0.3853117,1
stable_diffusion_3_00508,test,1,0.3853117,1
stable_diffusion_3_00509,test,1,0.3853117,1
stable_diffusion_3_00510,test,1,0.20209864,0
stable_diffusion_3_00511,test,1,0.90327877,0
stable_diffusion_3_00512,test,1,0.8841498,0
stable_diffusion_3_00513,test,1,0.09689736,0
stable_diffusion_3_00514,test,1,0.507185,0
stable_diffusion_3_00515,test,1,0.9618333,0
stable_diffusion_3_00516,test,1,0.3853117,1
stable_diffusion_3_00517,test,1,0.6712278,0
stable_diffusion_3_00518,test,1,0.3853117,1
stable_diffusion_3_00519,test,1,0.99198115,0
stable_diffusion_3_00520,test,1,0.3853117,1
stable_diffusion_3_00521,test,1,0.17770913,0
stable_diffusion_3_00522,test,1,0.3853117,1
stable_diffusion_3_00523,test,1,0.20717067,0
stable_diffusion_3_00524,test,1,0.4294069,0
stable_diffusion_3_00525,test,1,0.98846847,0
stable_diffusion_3_00526,test,1,0.3853117,1
stable_diffusion_3_00527,test,1,0.20098157,0
stable_diffusion_3_00528,test,1,0.99173635,0
stable_diffusion_3_00529,test,1,0.99792767,0
stable_diffusion_3_00530,test,1,0.88423616,0
stable_diffusion_3_00531,test,1,0.3853117,1
stable_diffusion_3_00532,test,1,0.92169994,0
stable_diffusion_3_00533,test,1,0.63857204,0
stable_diffusion_3_00534,test,1,0.6857057,0
stable_diffusion_3_00535,test,1,0.3853117,1
stable_diffusion_3_00536,test,1,0.5171309,0
stable_diffusion_3_00537,test,1,0.3853117,1
stable_diffusion_3_00538,test,1,0.3853117,1
stable_diffusion_3_00539,test,1,0.8301979,0
stable_diffusion_3_00540,test,1,0.010376963,0
stable_diffusion_3_00541,test,1,0.9575963,0
stable_diffusion_3_00542,test,1,0.3853117,1
stable_diffusion_3_00543,test,1,0.24972676,0
stable_diffusion_3_00544,test,1,0.3853117,1
stable_diffusion_3_00545,test,1,0.3853117,1
stable_diffusion_3_00546,test,1,0.3401102,0
stable_diffusion_3_00547,test,1,0.3853117,1
stable_diffusion_3_00548,test,1,0.3853117,1
stable_diffusion_3_00549,test,1,0.3853117,1
stable_diffusion_3_00550,test,1,0.97333205,0
stable_diffusion_3_00551,test,1,0.3853117,1
stable_diffusion_3_00552,test,1,0.3853117,1
stable_diffusion_3_00553,test,1,0.3853117,1
stable_diffusion_3_00554,test,1,0.3853117,1
stable_diffusion_3_00555,test,1,0.3853117,1
stable_diffusion_3_00556,test,1,0.3853117,1
stable_diffusion_3_00557,test,1,0.41608667,0
stable_diffusion_3_00558,test,1,0.8499667,0
stable_diffusion_3_00559,test,1,0.9633667,0
stable_diffusion_3_00560,test,1,0.4807713,0
stable_diffusion_3_00561,test,1,0.17097327,0
stable_diffusion_3_00562,test,1,0.3853117,1
stable_diffusion_3_00563,test,1,0.3853117,1
stable_diffusion_3_00564,test,1,0.3853117,1
stable_diffusion_3_00565,test,1,0.43640563,0
stable_diffusion_3_00566,test,1,0.9600678,0
stable_diffusion_3_00567,test,1,0.8589471,0
stable_diffusion_3_00568,test,1,0.3853117,1
stable_diffusion_3_00569,test,1,0.3853117,1
stable_diffusion_3_00570,test,1,0.89971334,0
stable_diffusion_3_00571,test,1,0.99798894,0
stable_diffusion_3_00572,test,1,0.663168,0
stable_diffusion_3_00573,test,1,0.3853117,1
stable_diffusion_3_00574,test,1,0.3853117,1
stable_diffusion_3_00575,test,1,0.67761135,0
stable_diffusion_3_00576,test,1,0.3853117,1
stable_diffusion_3_00577,test,1,0.9573477,0
stable_diffusion_3_00578,test,1,0.9976738,0
stable_diffusion_3_00579,test,1,0.41860592,0
stable_diffusion_3_00580,test,1,0.8237211,0
stable_diffusion_3_00581,test,1,0.3853117,1
stable_diffusion_3_00582,test,1,0.3853117,1
stable_diffusion_3_00583,test,1,0.85601586,0
stable_diffusion_3_00584,test,1,0.3853117,1
stable_diffusion_3_00585,test,1,0.5069256,0
stable_diffusion_3_00586,test,1,0.56019366,0
stable_diffusion_3_00587,test,1,0.921951,0
stable_diffusion_3_00588,test,1,0.99851376,0
stable_diffusion_3_00589,test,1,0.99989235,0
stable_diffusion_3_00590,test,1,0.3853117,1
stable_diffusion_3_00591,test,1,0.3853117,1
stable_diffusion_3_00592,test,1,0.9983858,0
stable_diffusion_3_00593,test,1,0.3853117,1
stable_diffusion_3_00594,test,1,0.910043,0
stable_diffusion_3_00595,test,1,0.3853117,1
stable_diffusion_3_00596,test,1,0.3853117,1
stable_diffusion_3_00597,test,1,0.3853117,1
stable_diffusion_3_00598,test,1,0.9999528,0
stable_diffusion_3_00599,test,1,0.3853117,1
stable_diffusion_3_00600,test,1,0.028915701,0
stable_diffusion_3_00601,test,1,0.3853117,1
stable_diffusion_3_00602,test,1,0.3853117,1
stable_diffusion_3_00603,test,1,0.3853117,1
stable_diffusion_3_00604,test,1,0.3853117,1
stable_diffusion_3_00605,test,1,0.24934886,0
stable_diffusion_3_00606,test,1,0.3853117,1
stable_diffusion_3_00607,test,1,0.46266165,0
stable_diffusion_3_00608,test,1,0.61010987,0
stable_diffusion_3_00609,test,1,0.91207623,0
stable_diffusion_3_00610,test,1,0.3853117,1
stable_diffusion_3_00611,test,1,0.952233,0
stable_diffusion_3_00612,test,1,0.3853117,1
stable_diffusion_3_00613,test,1,0.3853117,1
stable_diffusion_3_00614,test,1,1.0,0
stable_diffusion_3_00615,test,1,0.3853117,1
stable_diffusion_3_00616,test,1,0.94231904,0
stable_diffusion_3_00617,test,1,0.6556397,0
stable_diffusion_3_00618,test,1,0.7344729,0
stable_diffusion_3_00619,test,1,0.577233,0
stable_diffusion_3_00620,test,1,0.3853117,1
stable_diffusion_3_00621,test,1,0.9871094,0
stable_diffusion_3_00622,test,1,0.08779961,0
stable_diffusion_3_00623,test,1,0.3853117,1
stable_diffusion_3_00624,test,1,0.3853117,1
stable_diffusion_3_00625,test,1,0.8897849,0
stable_diffusion_3_00626,test,1,0.3853117,1
stable_diffusion_3_00627,test,1,0.3853117,1
stable_diffusion_3_00628,test,1,0.14676762,0
stable_diffusion_3_00629,test,1,0.3853117,1
stable_diffusion_3_00630,test,1,0.3853117,1
stable_diffusion_3_00631,test,1,0.3853117,1
stable_diffusion_3_00632,test,1,0.13036261,0
stable_diffusion_3_00633,test,1,0.16162692,0
stable_diffusion_3_00634,test,1,0.3853117,1
stable_diffusion_3_00635,test,1,0.3853117,1
stable_diffusion_3_00636,test,1,0.3853117,1
stable_diffusion_3_00637,test,1,0.3853117,1
stable_diffusion_3_00638,test,1,0.3853117,1
stable_diffusion_3_00639,test,1,0.3853117,1
stable_diffusion_3_00640,test,1,0.9896428,0
stable_diffusion_3_00641,test,1,0.3853117,1
stable_diffusion_3_00642,test,1,0.61759615,1
stable_diffusion_3_00643,test,1,0.9999994,0
stable_diffusion_3_00644,test,1,0.8673666,0
stable_diffusion_3_00645,test,1,0.9891276,0
stable_diffusion_3_00646,test,1,0.84421057,0
stable_diffusion_3_00647,test,1,0.3853117,1
stable_diffusion_3_00648,test,1,0.3853117,1
stable_diffusion_3_00649,test,1,0.3853117,1
stable_diffusion_3_00650,test,1,0.3853117,1
stable_diffusion_3_00651,test,1,0.9479165,0
stable_diffusion_3_00652,test,1,0.3853117,1
stable_diffusion_3_00653,test,1,0.97590464,0
stable_diffusion_3_00654,test,1,0.9894286,0
stable_diffusion_3_00655,test,1,0.79975927,0
stable_diffusion_3_00656,test,1,0.3853117,1
stable_diffusion_3_00657,test,1,0.6000955,0
stable_diffusion_3_00658,test,1,0.8566576,0
stable_diffusion_3_00659,test,1,0.4884207,0
stable_diffusion_3_00660,test,1,0.3853117,1
stable_diffusion_3_00661,test,1,0.8980506,0
stable_diffusion_3_00662,test,1,0.3853117,1
stable_diffusion_3_00663,test,1,0.3853117,1
stable_diffusion_3_00664,test,1,0.3853117,1
stable_diffusion_3_00665,test,1,0.3853117,1
stable_diffusion_3_00666,test,1,0.3783218,0
stable_diffusion_3_00667,test,1,0.3853117,1
stable_diffusion_3_00668,test,1,0.3853117,1
stable_diffusion_3_00669,test,1,0.3853117,1
stable_diffusion_3_00670,test,1,0.9786664,0
stable_diffusion_3_00671,test,1,0.033583965,0
stable_diffusion_3_00672,test,1,0.9832476,0
stable_diffusion_3_00673,test,1,0.9711227,0
stable_diffusion_3_00674,test,1,0.8839396,0
stable_diffusion_3_00675,test,1,0.3853117,1
stable_diffusion_3_00676,test,1,0.3853117,1
stable_diffusion_3_00677,test,1,0.99578047,0
stable_diffusion_3_00678,test,1,0.3853117,1
stable_diffusion_3_00679,test,1,0.3853117,1
stable_diffusion_3_00680,test,1,0.8273804,0
stable_diffusion_3_00681,test,1,0.3853117,1
stable_diffusion_3_00682,test,1,0.88005346,0
stable_diffusion_3_00683,test,1,0.4456737,0
stable_diffusion_3_00684,test,1,0.5155279,0
stable_diffusion_3_00685,test,1,0.88661486,0
stable_diffusion_3_00686,test,1,0.9631854,0
stable_diffusion_3_00687,test,1,0.9652102,0
stable_diffusion_3_00688,test,1,0.999435,0
stable_diffusion_3_00689,test,1,0.99530363,0
stable_diffusion_3_00690,test,1,0.87353045,0
stable_diffusion_3_00691,test,1,0.3853117,1
stable_diffusion_3_00692,test,1,0.9056063,0
stable_diffusion_3_00693,test,1,0.49247938,0
stable_diffusion_3_00694,test,1,0.3853117,1
stable_diffusion_3_00695,test,1,0.8531252,0
stable_diffusion_3_00696,test,1,0.97722197,0
stable_diffusion_3_00697,test,1,0.9246506,0
stable_diffusion_3_00698,test,1,0.9448716,0
stable_diffusion_3_00699,test,1,0.98176837,0
stable_diffusion_3_00700,test,1,0.3853117,1
stable_diffusion_3_00701,test,1,0.99779046,0
stable_diffusion_3_00702,test,1,0.13820247,0
stable_diffusion_3_00703,test,1,0.889523,0
stable_diffusion_3_00704,test,1,0.99915695,0
stable_diffusion_3_00705,test,1,0.9999989,0
stable_diffusion_3_00706,test,1,0.99364823,0
stable_diffusion_3_00707,test,1,0.6325734,0
stable_diffusion_3_00708,test,1,0.9985297,0
stable_diffusion_3_00709,test,1,0.3853117,1
stable_diffusion_3_00710,test,1,0.3853117,1
stable_diffusion_3_00711,test,1,0.64680195,0
stable_diffusion_3_00712,test,1,0.3853117,1
stable_diffusion_3_00713,test,1,0.9957145,0
stable_diffusion_3_00714,test,1,0.93532425,0
stable_diffusion_3_00715,test,1,0.9962698,0
stable_diffusion_3_00716,test,1,0.49738023,0
stable_diffusion_3_00717,test,1,0.98292506,0
stable_diffusion_3_00718,test,1,0.3853117,1
stable_diffusion_3_00719,test,1,0.3853117,1
stable_diffusion_3_00720,test,1,0.84792334,0
stable_diffusion_3_00721,test,1,0.5938157,0
stable_diffusion_3_00722,test,1,0.3853117,1
stable_diffusion_3_00723,test,1,0.3853117,1
stable_diffusion_3_00724,test,1,0.95025295,0
stable_diffusion_3_00725,test,1,0.3853117,1
stable_diffusion_3_00726,test,1,0.95746934,0
stable_diffusion_3_00727,test,1,0.85569024,0
stable_diffusion_3_00728,test,1,0.8037923,0
stable_diffusion_3_00729,test,1,0.3853117,1
stable_diffusion_3_00730,test,1,0.3853117,1
stable_diffusion_3_00731,test,1,0.3853117,1
stable_diffusion_3_00732,test,1,0.09581446,0
stable_diffusion_3_00733,test,1,0.17042296,0
stable_diffusion_3_00734,test,1,0.95344704,0
stable_diffusion_3_00735,test,1,0.9654117,0
stable_diffusion_3_00736,test,1,0.8351178,0
stable_diffusion_3_00737,test,1,0.3853117,1
stable_diffusion_3_00738,test,1,0.3853117,1
stable_diffusion_3_00739,test,1,0.3252256,0
stable_diffusion_3_00740,test,1,0.7492835,0
stable_diffusion_3_00741,test,1,0.9999478,0
stable_diffusion_3_00742,test,1,0.9980268,0
stable_diffusion_3_00743,test,1,0.9897378,0
stable_diffusion_3_00744,test,1,0.9999901,0
stable_diffusion_3_00745,test,1,0.32001993,0
stable_diffusion_3_00746,test,1,0.3853117,1
stable_diffusion_3_00747,test,1,0.22920583,0
stable_diffusion_3_00748,test,1,0.3853117,1
stable_diffusion_3_00749,test,1,0.99753463,0
stable_diffusion_3_00750,test,1,0.94157666,0
stable_diffusion_3_00751,test,1,0.69074,0
stable_diffusion_3_00752,test,1,0.15901121,0
stable_diffusion_3_00753,test,1,0.3853117,1
stable_diffusion_3_00754,test,1,0.79264605,0
stable_diffusion_3_00755,test,1,0.84465176,0
stable_diffusion_3_00756,test,1,0.3853117,1
stable_diffusion_3_00757,test,1,0.34806055,0
stable_diffusion_3_00758,test,1,0.3853117,1
stable_diffusion_3_00759,test,1,0.56847495,0
stable_diffusion_3_00760,test,1,0.95103145,0
stable_diffusion_3_00761,test,1,0.9673052,0
stable_diffusion_3_00762,test,1,0.3853117,1
stable_diffusion_3_00763,test,1,0.7306577,0
stable_diffusion_3_00764,test,1,0.9429175,0
stable_diffusion_3_00765,test,1,0.96754515,0
stable_diffusion_3_00766,test,1,0.917858,0
stable_diffusion_3_00767,test,1,0.3853117,1
stable_diffusion_3_00768,test,1,0.45784095,0
stable_diffusion_3_00769,test,1,0.027546918,0
stable_diffusion_3_00770,test,1,0.4734318,0
stable_diffusion_3_00771,test,1,0.3853117,1
stable_diffusion_3_00772,test,1,0.3853117,1
stable_diffusion_3_00773,test,1,0.9402993,0
stable_diffusion_3_00774,test,1,0.9997553,0
stable_diffusion_3_00775,test,1,0.3853117,1
stable_diffusion_3_00776,test,1,0.528406,0
stable_diffusion_3_00777,test,1,0.9910416,0
stable_diffusion_3_00778,test,1,0.9909499,0
stable_diffusion_3_00779,test,1,0.32043996,0
stable_diffusion_3_00780,test,1,0.3853117,1
stable_diffusion_3_00781,test,1,0.93910205,0
stable_diffusion_3_00782,test,1,0.41196916,0
stable_diffusion_3_00783,test,1,0.9967435,0
stable_diffusion_3_00784,test,1,0.3853117,1
stable_diffusion_3_00785,test,1,0.9967493,0
stable_diffusion_3_00786,test,1,0.3853117,1
stable_diffusion_3_00787,test,1,0.823641,0
stable_diffusion_3_00788,test,1,0.3853117,1
stable_diffusion_3_00789,test,1,0.99167097,0
stable_diffusion_3_00790,test,1,0.3853117,1
stable_diffusion_3_00791,test,1,0.1986483,0
stable_diffusion_3_00792,test,1,0.99333644,0
stable_diffusion_3_00793,test,1,0.9297865,0
stable_diffusion_3_00794,test,1,0.8707423,0
stable_diffusion_3_00795,test,1,0.9547078,0
stable_diffusion_3_00796,test,1,0.9235218,0
stable_diffusion_3_00797,test,1,0.3853117,1
stable_diffusion_3_00798,test,1,0.3853117,1
stable_diffusion_3_00799,test,1,0.79382896,0
stable_diffusion_3_00800,test,1,0.3853117,1
stable_diffusion_3_00801,test,1,0.3853117,1
stable_diffusion_3_00802,test,1,0.8452298,0
stable_diffusion_3_00803,test,1,0.121093035,0
stable_diffusion_3_00804,test,1,0.89928985,0
stable_diffusion_3_00805,test,1,0.20126548,0
stable_diffusion_3_00806,test,1,0.93117464,0
stable_diffusion_3_00807,test,1,0.80477756,0
stable_diffusion_3_00808,test,1,0.3853117,1
stable_diffusion_3_00809,test,1,0.3853117,1
stable_diffusion_3_00810,test,1,0.97062385,0
stable_diffusion_3_00811,test,1,0.4996826,0
stable_diffusion_3_00812,test,1,0.3853117,1
stable_diffusion_3_00813,test,1,0.8586473,0
stable_diffusion_3_00814,test,1,0.9988017,0
stable_diffusion_3_00815,test,1,0.995999,0
stable_diffusion_3_00816,test,1,0.3853117,1
stable_diffusion_3_00817,test,1,0.3853117,1
stable_diffusion_3_00818,test,1,0.3853117,1
stable_diffusion_3_00819,test,1,0.3853117,1
stable_diffusion_3_00820,test,1,0.766103,0
stable_diffusion_3_00821,test,1,0.89055127,0
stable_diffusion_3_00822,test,1,0.3853117,1
stable_diffusion_3_00823,test,1,0.9125015,0
stable_diffusion_3_00824,test,1,0.39907333,0
stable_diffusion_3_00825,test,1,0.3853117,1
stable_diffusion_3_00826,test,1,0.8687286,0
stable_diffusion_3_00827,test,1,0.7476855,0
stable_diffusion_3_00828,test,1,0.99735814,0
stable_diffusion_3_00829,test,1,0.9999033,0
stable_diffusion_3_00830,test,1,0.7475409,0
stable_diffusion_3_00831,test,1,0.3853117,1
stable_diffusion_3_00832,test,1,0.3853117,1
stable_diffusion_3_00833,test,1,0.75142914,0
stable_diffusion_3_00834,test,1,0.3853117,1
stable_diffusion_3_00835,test,1,0.3853117,1
stable_diffusion_3_00836,test,1,0.3853117,1
stable_diffusion_3_00837,test,1,0.3853117,1
stable_diffusion_3_00838,test,1,0.3853117,1
stable_diffusion_3_00839,test,1,0.89789736,0
stable_diffusion_3_00840,test,1,0.9049877,0
stable_diffusion_3_00841,test,1,0.88736767,0
stable_diffusion_3_00842,test,1,0.9975777,0
stable_diffusion_3_00843,test,1,0.9999645,0
stable_diffusion_3_00844,test,1,0.994941,0
stable_diffusion_3_00845,test,1,0.99153453,0
stable_diffusion_3_00846,test,1,0.3853117,1
stable_diffusion_3_00847,test,1,0.3853117,1
stable_diffusion_3_00848,test,1,0.3853117,1
stable_diffusion_3_00849,test,1,0.3853117,1
stable_diffusion_3_00850,test,1,0.381135,0
stable_diffusion_3_00851,test,1,0.3853117,1
stable_diffusion_3_00852,test,1,0.3853117,1
stable_diffusion_3_00853,test,1,0.9628069,0
stable_diffusion_3_00854,test,1,0.82304806,0
stable_diffusion_3_00855,test,1,0.3853117,1
stable_diffusion_3_00856,test,1,0.97213686,0
stable_diffusion_3_00857,test,1,0.3853117,1
stable_diffusion_3_00858,test,1,0.3853117,1
stable_diffusion_3_00859,test,1,0.715164,0
stable_diffusion_3_00860,test,1,0.65945846,0
stable_diffusion_3_00861,test,1,0.3853117,1
stable_diffusion_3_00862,test,1,0.1538727,0
stable_diffusion_3_00863,test,1,0.3853117,1
stable_diffusion_3_00864,test,1,0.91797006,0
stable_diffusion_3_00865,test,1,0.3853117,1
stable_diffusion_3_00866,test,1,1.0,0
stable_diffusion_3_00867,test,1,0.3853117,1
stable_diffusion_3_00868,test,1,0.3853117,1
stable_diffusion_3_00869,test,1,0.81159246,0
stable_diffusion_3_00870,test,1,0.9729021,0
stable_diffusion_3_00871,test,1,0.3853117,1
stable_diffusion_3_00872,test,1,0.3853117,1
stable_diffusion_3_00873,test,1,0.3853117,1
stable_diffusion_3_00874,test,1,0.1892606,0
stable_diffusion_3_00875,test,1,0.99839824,0
stable_diffusion_3_00876,test,1,0.3853117,1
stable_diffusion_3_00877,test,1,0.96132165,0
stable_diffusion_3_00878,test,1,0.9272582,0
stable_diffusion_3_00879,test,1,0.3853117,1
stable_diffusion_3_00880,test,1,0.3853117,1
stable_diffusion_3_00881,test,1,0.3853117,1
stable_diffusion_3_00882,test,1,0.3853117,1
stable_diffusion_3_00883,test,1,0.98061025,0
stable_diffusion_3_00884,test,1,0.3853117,1
stable_diffusion_3_00885,test,1,0.3853117,1
stable_diffusion_3_00886,test,1,0.76256055,0
stable_diffusion_3_00887,test,1,0.9877059,0
stable_diffusion_3_00888,test,1,0.8409568,0
stable_diffusion_3_00889,test,1,0.3853117,1
stable_diffusion_3_00890,test,1,0.849823,0
stable_diffusion_3_00891,test,1,0.9736109,0
stable_diffusion_3_00892,test,1,0.3853117,1
stable_diffusion_3_00893,test,1,0.3853117,1
stable_diffusion_3_00894,test,1,0.9844966,0
stable_diffusion_3_00895,test,1,0.3853117,1
stable_diffusion_3_00896,test,1,0.7590816,0
stable_diffusion_3_00897,test,1,0.94820666,0
stable_diffusion_3_00898,test,1,0.7060438,0
stable_diffusion_3_00899,test,1,0.12729055,0
stable_diffusion_3_00900,test,1,0.97453326,0
stable_diffusion_3_00901,test,1,0.97984904,0
stable_diffusion_3_00902,test,1,0.3853117,1
stable_diffusion_3_00903,test,1,0.5083012,0
stable_diffusion_3_00904,test,1,0.3853117,1
stable_diffusion_3_00905,test,1,0.99057966,0
stable_diffusion_3_00906,test,1,0.3853117,1
stable_diffusion_3_00907,test,1,0.3853117,1
stable_diffusion_3_00908,test,1,0.3853117,1
stable_diffusion_3_00909,test,1,0.22651194,0
stable_diffusion_3_00910,test,1,0.3853117,1
stable_diffusion_3_00911,test,1,0.74364233,0
stable_diffusion_3_00912,test,1,0.3853117,1
stable_diffusion_3_00913,test,1,0.916793,0
stable_diffusion_3_00914,test,1,0.3853117,1
stable_diffusion_3_00915,test,1,0.9975804,0
stable_diffusion_3_00916,test,1,0.3853117,1
stable_diffusion_3_00917,test,1,0.9872006,0
stable_diffusion_3_00918,test,1,0.3853117,1
stable_diffusion_3_00919,test,1,0.3853117,1
stable_diffusion_3_00920,test,1,0.523661,0
stable_diffusion_3_00921,test,1,0.8845905,0
stable_diffusion_3_00922,test,1,0.3853117,1
stable_diffusion_3_00923,test,1,0.3853117,1
stable_diffusion_3_00924,test,1,0.99166626,0
stable_diffusion_3_00925,test,1,0.27750388,0
stable_diffusion_3_00926,test,1,0.9183163,0
stable_diffusion_3_00927,test,1,0.9618643,0
stable_diffusion_3_00928,test,1,0.3853117,1
stable_diffusion_3_00929,test,1,0.9788492,0
stable_diffusion_3_00930,test,1,0.3853117,1
stable_diffusion_3_00931,test,1,0.999046,0
stable_diffusion_3_00932,test,1,0.58166444,0
stable_diffusion_3_00933,test,1,0.8988776,0
stable_diffusion_3_00934,test,1,0.22493027,0
stable_diffusion_3_00935,test,1,0.869942,0
stable_diffusion_3_00936,test,1,1.0,0
stable_diffusion_3_00937,test,1,0.3853117,1
stable_diffusion_3_00938,test,1,0.6852127,0
stable_diffusion_3_00939,test,1,0.3853117,1
stable_diffusion_3_00940,test,1,0.32987168,0
stable_diffusion_3_00941,test,1,0.3853117,1
stable_diffusion_3_00942,test,1,0.3853117,1
stable_diffusion_3_00943,test,1,0.96191955,0
stable_diffusion_3_00944,test,1,0.9999002,0
stable_diffusion_3_00945,test,1,0.99999976,0
stable_diffusion_3_00946,test,1,0.6114005,0
stable_diffusion_3_00947,test,1,0.64196754,0
stable_diffusion_3_00948,test,1,0.98831266,0
stable_diffusion_3_00949,test,1,0.9342792,0
stable_diffusion_3_00950,test,1,0.90247947,0
stable_diffusion_3_00951,test,1,0.19715323,0
stable_diffusion_3_00952,test,1,0.3853117,1
stable_diffusion_3_00953,test,1,0.9075327,0
stable_diffusion_3_00954,test,1,0.3853117,1
stable_diffusion_3_00955,test,1,0.39145684,0
stable_diffusion_3_00956,test,1,0.3853117,1
stable_diffusion_3_00957,test,1,0.3853117,1
stable_diffusion_3_00958,test,1,0.3853117,1
stable_diffusion_3_00959,test,1,0.8006848,0
stable_diffusion_3_00960,test,1,0.3853117,1
stable_diffusion_3_00961,test,1,0.3853117,1
stable_diffusion_3_00962,test,1,0.9999107,0
stable_diffusion_3_00963,test,1,0.3853117,1
stable_diffusion_3_00964,test,1,0.98404956,0
stable_diffusion_3_00965,test,1,0.3853117,1
stable_diffusion_3_00966,test,1,0.3853117,1
stable_diffusion_3_00967,test,1,0.9971904,0
stable_diffusion_3_00968,test,1,0.71222967,0
stable_diffusion_3_00969,test,1,0.9091237,0
stable_diffusion_3_00970,test,1,0.23036307,0
stable_diffusion_3_00971,test,1,0.9887594,0
stable_diffusion_3_00972,test,1,0.3853117,1
stable_diffusion_3_00973,test,1,0.8379397,0
stable_diffusion_3_00974,test,1,0.3853117,1
stable_diffusion_3_00975,test,1,0.3853117,1
stable_diffusion_3_00976,test,1,0.3853117,1
stable_diffusion_3_00977,test,1,0.9999949,0
stable_diffusion_3_00978,test,1,0.3853117,1
stable_diffusion_3_00979,test,1,0.97133386,0
stable_diffusion_3_00980,test,1,0.6555081,0
stable_diffusion_3_00981,test,1,0.7825947,0
stable_diffusion_3_00982,test,1,0.3853117,1
stable_diffusion_3_00983,test,1,0.3853117,1
stable_diffusion_3_00984,test,1,0.94657797,0
stable_diffusion_3_00985,test,1,0.997727,0
stable_diffusion_3_00986,test,1,0.9363855,0
stable_diffusion_3_00987,test,1,0.9993005,0
stable_diffusion_3_00988,test,1,0.9923091,0
stable_diffusion_3_00989,test,1,0.3853117,1
stable_diffusion_3_00990,test,1,0.5556576,0
stable_diffusion_3_00991,test,1,0.9631866,0
stable_diffusion_3_00992,test,1,0.9997732,0
stable_diffusion_3_00993,test,1,0.3853117,1
stable_diffusion_3_00994,test,1,0.9720743,0
stable_diffusion_3_00995,test,1,0.99915373,0
stable_diffusion_3_00996,test,1,0.72472876,0
stable_diffusion_3_00997,test,1,0.3853117,1
stable_diffusion_3_00998,test,1,0.3853117,1
stable_diffusion_3_00999,test,1,0.99770385,0
stable_diffusion_xl_00000,test,1,0.6775501,0
stable_diffusion_xl_00001,test,1,0.3853117,1
stable_diffusion_xl_00002,test,1,0.3853117,1
stable_diffusion_xl_00003,test,1,0.3853117,1
stable_diffusion_xl_00004,test,1,0.6565271,0
stable_diffusion_xl_00005,test,1,0.18812275,0
stable_diffusion_xl_00006,test,1,0.3853117,1
stable_diffusion_xl_00007,test,1,0.7841999,0
stable_diffusion_xl_00008,test,1,0.3853117,1
stable_diffusion_xl_00009,test,1,0.3853117,1
stable_diffusion_xl_00010,test,1,0.57886505,0
stable_diffusion_xl_00011,test,1,0.6880368,0
stable_diffusion_xl_00012,test,1,0.3853117,1
stable_diffusion_xl_00013,test,1,0.23685932,0
stable_diffusion_xl_00014,test,1,0.3853117,1
stable_diffusion_xl_00015,test,1,0.3853117,1
stable_diffusion_xl_00016,test,1,0.3853117,1
stable_diffusion_xl_00017,test,1,0.99808645,0
stable_diffusion_xl_00018,test,1,0.3853117,1
stable_diffusion_xl_00019,test,1,0.3853117,1
stable_diffusion_xl_00020,test,1,0.9789578,0
stable_diffusion_xl_00021,test,1,0.29524687,0
stable_diffusion_xl_00022,test,1,0.11989933,0
stable_diffusion_xl_00023,test,1,0.14407265,0
stable_diffusion_xl_00024,test,1,0.3853117,1
stable_diffusion_xl_00025,test,1,0.3853117,1
stable_diffusion_xl_00026,test,1,0.77776384,0
stable_diffusion_xl_00027,test,1,0.3853117,1
stable_diffusion_xl_00028,test,1,0.3853117,1
stable_diffusion_xl_00029,test,1,0.83335435,0
stable_diffusion_xl_00030,test,1,0.3853117,1
stable_diffusion_xl_00031,test,1,0.3853117,1
stable_diffusion_xl_00032,test,1,0.18268967,0
stable_diffusion_xl_00033,test,1,0.3853117,1
stable_diffusion_xl_00034,test,1,0.3853117,1
stable_diffusion_xl_00035,test,1,0.60253,0
stable_diffusion_xl_00036,test,1,0.3853117,1
stable_diffusion_xl_00037,test,1,0.49111557,0
stable_diffusion_xl_00038,test,1,0.9812149,0
stable_diffusion_xl_00039,test,1,0.25544602,0
stable_diffusion_xl_00040,test,1,0.3853117,1
stable_diffusion_xl_00041,test,1,0.99503076,0
stable_diffusion_xl_00042,test,1,0.3853117,1
stable_diffusion_xl_00043,test,1,0.3853117,1
stable_diffusion_xl_00044,test,1,0.569701,0
stable_diffusion_xl_00045,test,1,0.3853117,1
stable_diffusion_xl_00046,test,1,0.3853117,1
stable_diffusion_xl_00047,test,1,0.3853117,1
stable_diffusion_xl_00048,test,1,0.3853117,1
stable_diffusion_xl_00049,test,1,0.3853117,1
stable_diffusion_xl_00050,test,1,0.9038349,0
stable_diffusion_xl_00051,test,1,0.9627264,0
stable_diffusion_xl_00052,test,1,0.3853117,1
stable_diffusion_xl_00053,test,1,0.3853117,1
stable_diffusion_xl_00054,test,1,0.20055562,0
stable_diffusion_xl_00055,test,1,0.5774663,0
stable_diffusion_xl_00056,test,1,0.3853117,1
stable_diffusion_xl_00057,test,1,0.7500814,0
stable_diffusion_xl_00058,test,1,0.3853117,1
stable_diffusion_xl_00059,test,1,0.3853117,1
stable_diffusion_xl_00060,test,1,0.37290925,0
stable_diffusion_xl_00061,test,1,0.3853117,1
stable_diffusion_xl_00062,test,1,0.3853117,1
stable_diffusion_xl_00063,test,1,0.3853117,1
stable_diffusion_xl_00064,test,1,0.3853117,1
stable_diffusion_xl_00065,test,1,0.3853117,1
stable_diffusion_xl_00066,test,1,0.3853117,1
stable_diffusion_xl_00067,test,1,0.15449446,0
stable_diffusion_xl_00068,test,1,0.3853117,1
stable_diffusion_xl_00069,test,1,0.95357686,0
stable_diffusion_xl_00070,test,1,0.3853117,1
stable_diffusion_xl_00071,test,1,0.41834497,1
stable_diffusion_xl_00072,test,1,0.3853117,1
stable_diffusion_xl_00073,test,1,0.99407876,0
stable_diffusion_xl_00074,test,1,0.3853117,1
stable_diffusion_xl_00075,test,1,0.47047776,1
stable_diffusion_xl_00076,test,1,0.093142316,0
stable_diffusion_xl_00077,test,1,0.3853117,1
stable_diffusion_xl_00078,test,1,0.3853117,1
stable_diffusion_xl_00079,test,1,0.8529107,0
stable_diffusion_xl_00080,test,1,0.7421419,0
stable_diffusion_xl_00081,test,1,0.31817955,0
stable_diffusion_xl_00082,test,1,0.3853117,1
stable_diffusion_xl_00083,test,1,0.7996237,0
stable_diffusion_xl_00084,test,1,0.3853117,1
stable_diffusion_xl_00085,test,1,0.75528044,0
stable_diffusion_xl_00086,test,1,0.3853117,1
stable_diffusion_xl_00087,test,1,0.031064909,0
stable_diffusion_xl_00088,test,1,0.70195794,0
stable_diffusion_xl_00089,test,1,0.77464896,0
stable_diffusion_xl_00090,test,1,0.31663364,0
stable_diffusion_xl_00091,test,1,0.602132,0
stable_diffusion_xl_00092,test,1,0.3853117,1
stable_diffusion_xl_00093,test,1,0.3853117,1
stable_diffusion_xl_00094,test,1,0.3853117,1
stable_diffusion_xl_00095,test,1,0.866043,0
stable_diffusion_xl_00096,test,1,0.3853117,1
stable_diffusion_xl_00097,test,1,0.05065892,0
stable_diffusion_xl_00098,test,1,0.3853117,1
stable_diffusion_xl_00099,test,1,0.5733743,0
stable_diffusion_xl_00100,test,1,0.8051348,0
stable_diffusion_xl_00101,test,1,0.3853117,1
stable_diffusion_xl_00102,test,1,0.3853117,1
stable_diffusion_xl_00103,test,1,0.3853117,1
stable_diffusion_xl_00104,test,1,0.3853117,1
stable_diffusion_xl_00105,test,1,0.8091901,0
stable_diffusion_xl_00106,test,1,0.78196,0
stable_diffusion_xl_00107,test,1,0.3853117,1
stable_diffusion_xl_00108,test,1,0.7366428,0
stable_diffusion_xl_00109,test,1,0.96996045,0
stable_diffusion_xl_00110,test,1,0.3853117,1
stable_diffusion_xl_00111,test,1,0.3853117,1
stable_diffusion_xl_00112,test,1,0.45618612,0
stable_diffusion_xl_00113,test,1,0.584285,0
stable_diffusion_xl_00114,test,1,0.57288605,0
stable_diffusion_xl_00115,test,1,0.9704353,0
stable_diffusion_xl_00116,test,1,0.6777238,0
stable_diffusion_xl_00117,test,1,0.3853117,1
stable_diffusion_xl_00118,test,1,0.3853117,1
stable_diffusion_xl_00119,test,1,0.3853117,1
stable_diffusion_xl_00120,test,1,0.52881366,0
stable_diffusion_xl_00121,test,1,0.5000512,0
stable_diffusion_xl_00122,test,1,0.3853117,1
stable_diffusion_xl_00123,test,1,0.3853117,1
stable_diffusion_xl_00124,test,1,0.3853117,1
stable_diffusion_xl_00125,test,1,0.7179061,0
stable_diffusion_xl_00126,test,1,0.3853117,1
stable_diffusion_xl_00127,test,1,0.9983866,0
stable_diffusion_xl_00128,test,1,0.3853117,1
stable_diffusion_xl_00129,test,1,0.1170902,0
stable_diffusion_xl_00130,test,1,0.3853117,1
stable_diffusion_xl_00131,test,1,0.5985503,0
stable_diffusion_xl_00132,test,1,0.3853117,1
stable_diffusion_xl_00133,test,1,0.3853117,1
stable_diffusion_xl_00134,test,1,0.3853117,1
stable_diffusion_xl_00135,test,1,0.3853117,1
stable_diffusion_xl_00136,test,1,0.3853117,1
stable_diffusion_xl_00137,test,1,0.3853117,1
stable_diffusion_xl_00138,test,1,0.8222967,0
stable_diffusion_xl_00139,test,1,0.59844345,0
stable_diffusion_xl_00140,test,1,0.3853117,1
stable_diffusion_xl_00141,test,1,0.42282674,0
stable_diffusion_xl_00142,test,1,0.3853117,1
stable_diffusion_xl_00143,test,1,0.3420594,1
stable_diffusion_xl_00144,test,1,0.3853117,1
stable_diffusion_xl_00145,test,1,0.965868,0
stable_diffusion_xl_00146,test,1,0.8990615,0
stable_diffusion_xl_00147,test,1,0.9027523,0
stable_diffusion_xl_00148,test,1,0.3853117,1
stable_diffusion_xl_00149,test,1,0.3853117,1
stable_diffusion_xl_00150,test,1,0.99843854,0
stable_diffusion_xl_00151,test,1,0.3853117,1
stable_diffusion_xl_00152,test,1,0.6969071,0
stable_diffusion_xl_00153,test,1,0.8721673,0
stable_diffusion_xl_00154,test,1,0.3853117,1
stable_diffusion_xl_00155,test,1,0.31975478,0
stable_diffusion_xl_00156,test,1,0.3853117,1
stable_diffusion_xl_00157,test,1,0.3853117,1
stable_diffusion_xl_00158,test,1,0.90299064,0
stable_diffusion_xl_00159,test,1,0.3853117,1
stable_diffusion_xl_00160,test,1,0.3853117,1
stable_diffusion_xl_00161,test,1,0.3853117,1
stable_diffusion_xl_00162,test,1,0.46576208,0
stable_diffusion_xl_00163,test,1,0.9986412,0
stable_diffusion_xl_00164,test,1,0.3853117,1
stable_diffusion_xl_00165,test,1,0.3853117,1
stable_diffusion_xl_00166,test,1,0.3853117,1
stable_diffusion_xl_00167,test,1,0.17808633,1
stable_diffusion_xl_00168,test,1,0.3853117,1
stable_diffusion_xl_00169,test,1,0.3853117,1
stable_diffusion_xl_00170,test,1,0.3853117,1
stable_diffusion_xl_00171,test,1,0.3853117,1
stable_diffusion_xl_00172,test,1,0.3853117,1
stable_diffusion_xl_00173,test,1,0.9670155,0
stable_diffusion_xl_00174,test,1,0.3853117,1
stable_diffusion_xl_00175,test,1,0.87744385,0
stable_diffusion_xl_00176,test,1,0.3853117,1
stable_diffusion_xl_00177,test,1,0.17953175,0
stable_diffusion_xl_00178,test,1,0.3853117,1
stable_diffusion_xl_00179,test,1,0.83362925,0
stable_diffusion_xl_00180,test,1,0.1454456,0
stable_diffusion_xl_00181,test,1,0.44073132,0
stable_diffusion_xl_00182,test,1,0.3853117,1
stable_diffusion_xl_00183,test,1,0.3853117,1
stable_diffusion_xl_00184,test,1,0.028282586,0
stable_diffusion_xl_00185,test,1,0.9985247,0
stable_diffusion_xl_00186,test,1,0.99895775,0
stable_diffusion_xl_00187,test,1,0.9629985,0
stable_diffusion_xl_00188,test,1,0.3853117,1
stable_diffusion_xl_00189,test,1,0.3853117,1
stable_diffusion_xl_00190,test,1,0.3853117,1
stable_diffusion_xl_00191,test,1,0.7250602,0
stable_diffusion_xl_00192,test,1,0.3853117,1
stable_diffusion_xl_00193,test,1,0.20794746,0
stable_diffusion_xl_00194,test,1,0.3853117,1
stable_diffusion_xl_00195,test,1,0.3853117,1
stable_diffusion_xl_00196,test,1,0.3853117,1
stable_diffusion_xl_00197,test,1,0.921821,0
stable_diffusion_xl_00198,test,1,0.3853117,1
stable_diffusion_xl_00199,test,1,0.3853117,1
stable_diffusion_xl_00200,test,1,0.3853117,1
stable_diffusion_xl_00201,test,1,0.3853117,1
stable_diffusion_xl_00202,test,1,0.3853117,1
stable_diffusion_xl_00203,test,1,0.014116366,0
stable_diffusion_xl_00204,test,1,0.3853117,1
stable_diffusion_xl_00205,test,1,0.3853117,1
stable_diffusion_xl_00206,test,1,0.3853117,1
stable_diffusion_xl_00207,test,1,0.3853117,1
stable_diffusion_xl_00208,test,1,0.4384863,0
stable_diffusion_xl_00209,test,1,0.56812686,0
stable_diffusion_xl_00210,test,1,0.3853117,1
stable_diffusion_xl_00211,test,1,0.3853117,1
stable_diffusion_xl_00212,test,1,0.3853117,1
stable_diffusion_xl_00213,test,1,0.99084914,0
stable_diffusion_xl_00214,test,1,0.3853117,1
stable_diffusion_xl_00215,test,1,0.3853117,1
stable_diffusion_xl_00216,test,1,0.8977484,0
stable_diffusion_xl_00217,test,1,0.3853117,1
stable_diffusion_xl_00218,test,1,0.95120615,0
stable_diffusion_xl_00219,test,1,0.804845,0
stable_diffusion_xl_00220,test,1,0.1383523,0
stable_diffusion_xl_00221,test,1,0.3853117,1
stable_diffusion_xl_00222,test,1,0.3853117,1
stable_diffusion_xl_00223,test,1,0.6120624,0
stable_diffusion_xl_00224,test,1,0.3853117,1
stable_diffusion_xl_00225,test,1,0.99132407,0
stable_diffusion_xl_00226,test,1,0.3853117,1
stable_diffusion_xl_00227,test,1,0.3853117,1
stable_diffusion_xl_00228,test,1,0.3853117,1
stable_diffusion_xl_00229,test,1,0.3853117,1
stable_diffusion_xl_00230,test,1,0.116892874,0
stable_diffusion_xl_00231,test,1,0.3853117,1
stable_diffusion_xl_00232,test,1,0.5285625,0
stable_diffusion_xl_00233,test,1,0.62846166,0
stable_diffusion_xl_00234,test,1,0.3853117,1
stable_diffusion_xl_00235,test,1,0.3853117,1
stable_diffusion_xl_00236,test,1,0.9960795,0
stable_diffusion_xl_00237,test,1,0.9927313,0
stable_diffusion_xl_00238,test,1,0.6002599,0
stable_diffusion_xl_00239,test,1,0.97989744,0
stable_diffusion_xl_00240,test,1,0.3853117,1
stable_diffusion_xl_00241,test,1,0.930153,0
stable_diffusion_xl_00242,test,1,0.3853117,1
stable_diffusion_xl_00243,test,1,0.96236205,0
stable_diffusion_xl_00244,test,1,0.3853117,1
stable_diffusion_xl_00245,test,1,0.3853117,1
stable_diffusion_xl_00246,test,1,0.3853117,1
stable_diffusion_xl_00247,test,1,0.3853117,1
stable_diffusion_xl_00248,test,1,0.3853117,1
stable_diffusion_xl_00249,test,1,0.9992624,0
stable_diffusion_xl_00250,test,1,0.3853117,1
stable_diffusion_xl_00251,test,1,0.3853117,1
stable_diffusion_xl_00252,test,1,0.3853117,1
stable_diffusion_xl_00253,test,1,0.99984896,0
stable_diffusion_xl_00254,test,1,0.9962845,0
stable_diffusion_xl_00255,test,1,0.3853117,1
stable_diffusion_xl_00256,test,1,0.3853117,1
stable_diffusion_xl_00257,test,1,0.3853117,1
stable_diffusion_xl_00258,test,1,0.33220893,0
stable_diffusion_xl_00259,test,1,0.7998552,0
stable_diffusion_xl_00260,test,1,0.052804336,0
stable_diffusion_xl_00261,test,1,0.3853117,1
stable_diffusion_xl_00262,test,1,0.3853117,1
stable_diffusion_xl_00263,test,1,0.3853117,1
stable_diffusion_xl_00264,test,1,0.19479276,0
stable_diffusion_xl_00265,test,1,0.049574073,0
stable_diffusion_xl_00266,test,1,0.3853117,1
stable_diffusion_xl_00267,test,1,0.3853117,1
stable_diffusion_xl_00268,test,1,0.3853117,1
stable_diffusion_xl_00269,test,1,0.3853117,1
stable_diffusion_xl_00270,test,1,0.3853117,1
stable_diffusion_xl_00271,test,1,0.4744801,0
stable_diffusion_xl_00272,test,1,0.3853117,1
stable_diffusion_xl_00273,test,1,0.9362008,0
stable_diffusion_xl_00274,test,1,0.3853117,1
stable_diffusion_xl_00275,test,1,0.8755626,0
stable_diffusion_xl_00276,test,1,0.762216,0
stable_diffusion_xl_00277,test,1,0.7781477,0
stable_diffusion_xl_00278,test,1,0.8426534,0
stable_diffusion_xl_00279,test,1,0.3853117,1
stable_diffusion_xl_00280,test,1,0.64260334,0
stable_diffusion_xl_00281,test,1,0.64776325,0
stable_diffusion_xl_00282,test,1,0.9999976,0
stable_diffusion_xl_00283,test,1,0.9769021,0
stable_diffusion_xl_00284,test,1,0.3853117,1
stable_diffusion_xl_00285,test,1,0.3853117,1
stable_diffusion_xl_00286,test,1,0.3853117,1
stable_diffusion_xl_00287,test,1,0.3853117,1
stable_diffusion_xl_00288,test,1,0.85626847,0
stable_diffusion_xl_00289,test,1,0.21890588,0
stable_diffusion_xl_00290,test,1,0.3853117,1
stable_diffusion_xl_00291,test,1,0.3853117,1
stable_diffusion_xl_00292,test,1,0.3853117,1
stable_diffusion_xl_00293,test,1,0.3784032,0
stable_diffusion_xl_00294,test,1,0.9484134,0
stable_diffusion_xl_00295,test,1,0.3853117,1
stable_diffusion_xl_00296,test,1,0.9686716,0
stable_diffusion_xl_00297,test,1,0.3853117,1
stable_diffusion_xl_00298,test,1,0.83918977,0
stable_diffusion_xl_00299,test,1,0.3853117,1
stable_diffusion_xl_00300,test,1,0.99999785,0
stable_diffusion_xl_00301,test,1,0.7391493,0
stable_diffusion_xl_00302,test,1,0.11307706,0
stable_diffusion_xl_00303,test,1,0.3853117,1
stable_diffusion_xl_00304,test,1,0.77909935,0
stable_diffusion_xl_00305,test,1,0.96601605,0
stable_diffusion_xl_00306,test,1,0.3853117,1
stable_diffusion_xl_00307,test,1,0.3853117,1
stable_diffusion_xl_00308,test,1,0.3853117,1
stable_diffusion_xl_00309,test,1,0.96217364,0
stable_diffusion_xl_00310,test,1,0.3853117,1
stable_diffusion_xl_00311,test,1,0.89159906,0
stable_diffusion_xl_00312,test,1,0.0022914514,0
stable_diffusion_xl_00313,test,1,0.3853117,1
stable_diffusion_xl_00314,test,1,0.081782244,0
stable_diffusion_xl_00315,test,1,0.20605479,1
stable_diffusion_xl_00316,test,1,0.5139088,0
stable_diffusion_xl_00317,test,1,0.9754322,0
stable_diffusion_xl_00318,test,1,0.3853117,1
stable_diffusion_xl_00319,test,1,0.3853117,1
stable_diffusion_xl_00320,test,1,0.49180698,0
stable_diffusion_xl_00321,test,1,0.51576716,0
stable_diffusion_xl_00322,test,1,0.98010534,0
stable_diffusion_xl_00323,test,1,0.40585518,0
stable_diffusion_xl_00324,test,1,0.99964035,0
stable_diffusion_xl_00325,test,1,0.9432627,0
stable_diffusion_xl_00326,test,1,0.3853117,1
stable_diffusion_xl_00327,test,1,0.3853117,1
stable_diffusion_xl_00328,test,1,0.3062044,0
stable_diffusion_xl_00329,test,1,0.3853117,1
stable_diffusion_xl_00330,test,1,0.6785923,0
stable_diffusion_xl_00331,test,1,0.58157045,0
stable_diffusion_xl_00332,test,1,0.3853117,1
stable_diffusion_xl_00333,test,1,0.9993612,0
stable_diffusion_xl_00334,test,1,0.3853117,1
stable_diffusion_xl_00335,test,1,0.23685578,0
stable_diffusion_xl_00336,test,1,0.3853117,1
stable_diffusion_xl_00337,test,1,0.13643192,0
stable_diffusion_xl_00338,test,1,0.8483593,0
stable_diffusion_xl_00339,test,1,0.6062348,0
stable_diffusion_xl_00340,test,1,0.3853117,1
stable_diffusion_xl_00341,test,1,0.8675716,0
stable_diffusion_xl_00342,test,1,0.94125706,0
stable_diffusion_xl_00343,test,1,0.9828395,0
stable_diffusion_xl_00344,test,1,0.24136478,0
stable_diffusion_xl_00345,test,1,0.55419356,0
stable_diffusion_xl_00346,test,1,0.9798228,0
stable_diffusion_xl_00347,test,1,0.3853117,1
stable_diffusion_xl_00348,test,1,0.3853117,1
stable_diffusion_xl_00349,test,1,0.3853117,1
stable_diffusion_xl_00350,test,1,0.9324265,0
stable_diffusion_xl_00351,test,1,0.9999349,0
stable_diffusion_xl_00352,test,1,0.3853117,1
stable_diffusion_xl_00353,test,1,0.3853117,1
stable_diffusion_xl_00354,test,1,0.9999795,0
stable_diffusion_xl_00355,test,1,0.3853117,1
stable_diffusion_xl_00356,test,1,0.18727985,0
stable_diffusion_xl_00357,test,1,0.3853117,1
stable_diffusion_xl_00358,test,1,0.3853117,1
stable_diffusion_xl_00359,test,1,0.58239555,0
stable_diffusion_xl_00360,test,1,0.8516617,0
stable_diffusion_xl_00361,test,1,0.3853117,1
stable_diffusion_xl_00362,test,1,0.3853117,1
stable_diffusion_xl_00363,test,1,0.95970166,0
stable_diffusion_xl_00364,test,1,0.8047159,0
stable_diffusion_xl_00365,test,1,0.3853117,1
stable_diffusion_xl_00366,test,1,0.9960951,0
stable_diffusion_xl_00367,test,1,0.3853117,1
stable_diffusion_xl_00368,test,1,0.3853117,1
stable_diffusion_xl_00369,test,1,0.3853117,1
stable_diffusion_xl_00370,test,1,0.3853117,1
stable_diffusion_xl_00371,test,1,0.70475066,0
stable_diffusion_xl_00372,test,1,0.696014,0
stable_diffusion_xl_00373,test,1,0.9247245,0
stable_diffusion_xl_00374,test,1,0.9928691,0
stable_diffusion_xl_00375,test,1,0.3853117,1
stable_diffusion_xl_00376,test,1,0.855131,0
stable_diffusion_xl_00377,test,1,0.3853117,1
stable_diffusion_xl_00378,test,1,0.938775,0
stable_diffusion_xl_00379,test,1,0.3853117,1
stable_diffusion_xl_00380,test,1,0.025335891,0
stable_diffusion_xl_00381,test,1,0.3853117,1
stable_diffusion_xl_00382,test,1,0.3853117,1
stable_diffusion_xl_00383,test,1,0.3853117,1
stable_diffusion_xl_00384,test,1,0.3853117,1
stable_diffusion_xl_00385,test,1,0.44060597,0
stable_diffusion_xl_00386,test,1,0.68402517,0
stable_diffusion_xl_00387,test,1,0.3853117,1
stable_diffusion_xl_00388,test,1,0.53217655,0
stable_diffusion_xl_00389,test,1,0.3853117,1
stable_diffusion_xl_00390,test,1,0.5219015,0
stable_diffusion_xl_00391,test,1,0.30072504,0
stable_diffusion_xl_00392,test,1,0.77890706,0
stable_diffusion_xl_00393,test,1,0.3853117,1
stable_diffusion_xl_00394,test,1,0.3853117,1
stable_diffusion_xl_00395,test,1,0.3853117,1
stable_diffusion_xl_00396,test,1,0.3853117,1
stable_diffusion_xl_00397,test,1,0.3853117,1
stable_diffusion_xl_00398,test,1,0.899671,0
stable_diffusion_xl_00399,test,1,0.91934043,0
stable_diffusion_xl_00400,test,1,0.3853117,1
stable_diffusion_xl_00401,test,1,0.3853117,1
stable_diffusion_xl_00402,test,1,0.3853117,1
stable_diffusion_xl_00403,test,1,0.98679185,0
stable_diffusion_xl_00404,test,1,0.49657428,0
stable_diffusion_xl_00405,test,1,0.3853117,1
stable_diffusion_xl_00406,test,1,0.9376782,0
stable_diffusion_xl_00407,test,1,0.3853117,1
stable_diffusion_xl_00408,test,1,0.3853117,1
stable_diffusion_xl_00409,test,1,0.3853117,1
stable_diffusion_xl_00410,test,1,0.3853117,1
stable_diffusion_xl_00411,test,1,0.8781711,0
stable_diffusion_xl_00412,test,1,0.9948697,0
stable_diffusion_xl_00413,test,1,0.98600787,0
stable_diffusion_xl_00414,test,1,0.3853117,1
stable_diffusion_xl_00415,test,1,0.3853117,1
stable_diffusion_xl_00416,test,1,0.3853117,1
stable_diffusion_xl_00417,test,1,0.30639973,0
stable_diffusion_xl_00418,test,1,0.3927143,1
stable_diffusion_xl_00419,test,1,0.1980797,0
stable_diffusion_xl_00420,test,1,0.91768205,0
stable_diffusion_xl_00421,test,1,0.3853117,1
stable_diffusion_xl_00422,test,1,0.3853117,1
stable_diffusion_xl_00423,test,1,0.44624835,0
stable_diffusion_xl_00424,test,1,0.3853117,1
stable_diffusion_xl_00425,test,1,0.80014825,0
stable_diffusion_xl_00426,test,1,0.3853117,1
stable_diffusion_xl_00427,test,1,0.27209023,0
stable_diffusion_xl_00428,test,1,0.9465689,0
stable_diffusion_xl_00429,test,1,0.61798346,0
stable_diffusion_xl_00430,test,1,0.4352787,0
stable_diffusion_xl_00431,test,1,0.3853117,1
stable_diffusion_xl_00432,test,1,0.3853117,1
stable_diffusion_xl_00433,test,1,0.3853117,1
stable_diffusion_xl_00434,test,1,0.6525787,0
stable_diffusion_xl_00435,test,1,0.3853117,1
stable_diffusion_xl_00436,test,1,0.68482345,0
stable_diffusion_xl_00437,test,1,0.3853117,1
stable_diffusion_xl_00438,test,1,0.10440074,0
stable_diffusion_xl_00439,test,1,0.3853117,1
stable_diffusion_xl_00440,test,1,0.3853117,1
stable_diffusion_xl_00441,test,1,0.3853117,1
stable_diffusion_xl_00442,test,1,0.56657135,0
stable_diffusion_xl_00443,test,1,0.3853117,1
stable_diffusion_xl_00444,test,1,0.3853117,1
stable_diffusion_xl_00445,test,1,0.3853117,1
stable_diffusion_xl_00446,test,1,0.9908591,0
stable_diffusion_xl_00447,test,1,0.3853117,1
stable_diffusion_xl_00448,test,1,0.40614942,0
stable_diffusion_xl_00449,test,1,0.3853117,1
stable_diffusion_xl_00450,test,1,0.3853117,1
stable_diffusion_xl_00451,test,1,0.9954827,0
stable_diffusion_xl_00452,test,1,0.3853117,1
stable_diffusion_xl_00453,test,1,0.3853117,1
stable_diffusion_xl_00454,test,1,0.9922558,0
stable_diffusion_xl_00455,test,1,0.3853117,1
stable_diffusion_xl_00456,test,1,0.37589636,0
stable_diffusion_xl_00457,test,1,0.61054045,0
stable_diffusion_xl_00458,test,1,0.3853117,1
stable_diffusion_xl_00459,test,1,0.9389655,0
stable_diffusion_xl_00460,test,1,0.45173612,0
stable_diffusion_xl_00461,test,1,0.8514136,0
stable_diffusion_xl_00462,test,1,0.60042584,0
stable_diffusion_xl_00463,test,1,0.3853117,1
stable_diffusion_xl_00464,test,1,0.3853117,1
stable_diffusion_xl_00465,test,1,0.96103835,0
stable_diffusion_xl_00466,test,1,0.75984854,0
stable_diffusion_xl_00467,test,1,0.3853117,1
stable_diffusion_xl_00468,test,1,0.3853117,1
stable_diffusion_xl_00469,test,1,0.77829796,0
stable_diffusion_xl_00470,test,1,0.3853117,1
stable_diffusion_xl_00471,test,1,0.21318807,0
stable_diffusion_xl_00472,test,1,0.3853117,1
stable_diffusion_xl_00473,test,1,0.8979631,0
stable_diffusion_xl_00474,test,1,0.3853117,1
stable_diffusion_xl_00475,test,1,0.9566087,0
stable_diffusion_xl_00476,test,1,0.88733786,0
stable_diffusion_xl_00477,test,1,0.3853117,1
stable_diffusion_xl_00478,test,1,0.7708686,0
stable_diffusion_xl_00479,test,1,0.87517697,0
stable_diffusion_xl_00480,test,1,0.3853117,1
stable_diffusion_xl_00481,test,1,0.3853117,1
stable_diffusion_xl_00482,test,1,0.97562885,0
stable_diffusion_xl_00483,test,1,0.9991117,0
stable_diffusion_xl_00484,test,1,0.3853117,1
stable_diffusion_xl_00485,test,1,0.64219195,0
stable_diffusion_xl_00486,test,1,0.8674097,0
stable_diffusion_xl_00487,test,1,0.73298943,0
stable_diffusion_xl_00488,test,1,0.3853117,1
stable_diffusion_xl_00489,test,1,0.36231,0
stable_diffusion_xl_00490,test,1,0.3853117,1
stable_diffusion_xl_00491,test,1,0.3853117,1
stable_diffusion_xl_00492,test,1,0.3853117,1
stable_diffusion_xl_00493,test,1,0.53351665,0
stable_diffusion_xl_00494,test,1,0.11158747,0
stable_diffusion_xl_00495,test,1,0.3853117,1
stable_diffusion_xl_00496,test,1,0.575489,0
stable_diffusion_xl_00497,test,1,0.3853117,1
stable_diffusion_xl_00498,test,1,0.60251874,0
stable_diffusion_xl_00499,test,1,0.18845095,0
stable_diffusion_xl_00500,test,1,0.3853117,1
stable_diffusion_xl_00501,test,1,0.9375012,0
stable_diffusion_xl_00502,test,1,0.3853117,1
stable_diffusion_xl_00503,test,1,0.24491067,0
stable_diffusion_xl_00504,test,1,0.908387,0
stable_diffusion_xl_00505,test,1,0.3853117,1
stable_diffusion_xl_00506,test,1,0.3853117,1
stable_diffusion_xl_00507,test,1,0.3853117,1
stable_diffusion_xl_00508,test,1,0.3853117,1
stable_diffusion_xl_00509,test,1,0.3853117,1
stable_diffusion_xl_00510,test,1,0.3853117,1
stable_diffusion_xl_00511,test,1,0.9941555,0
stable_diffusion_xl_00512,test,1,0.90099514,0
stable_diffusion_xl_00513,test,1,0.3853117,1
stable_diffusion_xl_00514,test,1,0.9948009,0
stable_diffusion_xl_00515,test,1,0.92590636,0
stable_diffusion_xl_00516,test,1,0.3853117,1
stable_diffusion_xl_00517,test,1,0.3853117,1
stable_diffusion_xl_00518,test,1,0.7311142,0
stable_diffusion_xl_00519,test,1,0.3853117,1
stable_diffusion_xl_00520,test,1,0.36189443,0
stable_diffusion_xl_00521,test,1,0.3853117,1
stable_diffusion_xl_00522,test,1,0.65284926,0
stable_diffusion_xl_00523,test,1,0.89943427,0
stable_diffusion_xl_00524,test,1,0.3853117,1
stable_diffusion_xl_00525,test,1,0.9426543,0
stable_diffusion_xl_00526,test,1,0.3853117,1
stable_diffusion_xl_00527,test,1,0.9392988,0
stable_diffusion_xl_00528,test,1,0.9741122,0
stable_diffusion_xl_00529,test,1,0.3853117,1
stable_diffusion_xl_00530,test,1,0.9310371,0
stable_diffusion_xl_00531,test,1,0.9997117,0
stable_diffusion_xl_00532,test,1,0.99515027,0
stable_diffusion_xl_00533,test,1,0.95107824,0
stable_diffusion_xl_00534,test,1,0.3853117,1
stable_diffusion_xl_00535,test,1,0.7395732,0
stable_diffusion_xl_00536,test,1,0.3853117,1
stable_diffusion_xl_00537,test,1,0.3853117,1
stable_diffusion_xl_00538,test,1,0.0125716245,0
stable_diffusion_xl_00539,test,1,0.3853117,1
stable_diffusion_xl_00540,test,1,0.3853117,1
stable_diffusion_xl_00541,test,1,0.38662192,0
stable_diffusion_xl_00542,test,1,0.35025102,0
stable_diffusion_xl_00543,test,1,0.3853117,1
stable_diffusion_xl_00544,test,1,0.3853117,1
stable_diffusion_xl_00545,test,1,0.3853117,1
stable_diffusion_xl_00546,test,1,0.3853117,1
stable_diffusion_xl_00547,test,1,0.99116534,0
stable_diffusion_xl_00548,test,1,0.3853117,1
stable_diffusion_xl_00549,test,1,0.3853117,1
stable_diffusion_xl_00550,test,1,0.3853117,1
stable_diffusion_xl_00551,test,1,0.3853117,1
stable_diffusion_xl_00552,test,1,0.3853117,1
stable_diffusion_xl_00553,test,1,0.3853117,1
stable_diffusion_xl_00554,test,1,0.8625483,0
stable_diffusion_xl_00555,test,1,0.3853117,1
stable_diffusion_xl_00556,test,1,0.3853117,1
stable_diffusion_xl_00557,test,1,0.99024475,0
stable_diffusion_xl_00558,test,1,0.7786011,0
stable_diffusion_xl_00559,test,1,0.3853117,1
stable_diffusion_xl_00560,test,1,0.373005,1
stable_diffusion_xl_00561,test,1,0.9579164,0
stable_diffusion_xl_00562,test,1,0.3853117,1
stable_diffusion_xl_00563,test,1,0.3853117,1
stable_diffusion_xl_00564,test,1,0.38092875,0
stable_diffusion_xl_00565,test,1,0.3853117,1
stable_diffusion_xl_00566,test,1,0.3853117,1
stable_diffusion_xl_00567,test,1,0.3853117,1
stable_diffusion_xl_00568,test,1,0.3853117,1
stable_diffusion_xl_00569,test,1,0.3853117,1
stable_diffusion_xl_00570,test,1,0.3853117,1
stable_diffusion_xl_00571,test,1,0.3853117,1
stable_diffusion_xl_00572,test,1,0.19589384,0
stable_diffusion_xl_00573,test,1,0.9333477,0
stable_diffusion_xl_00574,test,1,0.4265882,0
stable_diffusion_xl_00575,test,1,0.8632917,0
stable_diffusion_xl_00576,test,1,0.4134837,0
stable_diffusion_xl_00577,test,1,0.3853117,1
stable_diffusion_xl_00578,test,1,0.3853117,1
stable_diffusion_xl_00579,test,1,0.3853117,1
stable_diffusion_xl_00580,test,1,0.32589337,0
stable_diffusion_xl_00581,test,1,0.904999,0
stable_diffusion_xl_00582,test,1,0.3853117,1
stable_diffusion_xl_00583,test,1,0.3853117,1
stable_diffusion_xl_00584,test,1,0.3853117,1
stable_diffusion_xl_00585,test,1,0.67589355,0
stable_diffusion_xl_00586,test,1,0.3562611,0
stable_diffusion_xl_00587,test,1,0.3853117,1
stable_diffusion_xl_00588,test,1,0.84611523,0
stable_diffusion_xl_00589,test,1,0.1713471,0
stable_diffusion_xl_00590,test,1,0.3853117,1
stable_diffusion_xl_00591,test,1,0.94822073,0
stable_diffusion_xl_00592,test,1,0.3853117,1
stable_diffusion_xl_00593,test,1,0.7218306,0
stable_diffusion_xl_00594,test,1,0.055564992,0
stable_diffusion_xl_00595,test,1,0.42687595,0
stable_diffusion_xl_00596,test,1,0.3853117,1
stable_diffusion_xl_00597,test,1,0.3853117,1
stable_diffusion_xl_00598,test,1,0.75448126,0
stable_diffusion_xl_00599,test,1,0.3853117,1
stable_diffusion_xl_00600,test,1,0.3853117,1
stable_diffusion_xl_00601,test,1,0.99463034,0
stable_diffusion_xl_00602,test,1,0.85052353,0
stable_diffusion_xl_00603,test,1,0.3853117,1
stable_diffusion_xl_00604,test,1,0.9183563,0
stable_diffusion_xl_00605,test,1,0.3853117,1
stable_diffusion_xl_00606,test,1,0.3853117,1
stable_diffusion_xl_00607,test,1,0.6751944,0
stable_diffusion_xl_00608,test,1,0.76636565,0
stable_diffusion_xl_00609,test,1,0.9071991,0
stable_diffusion_xl_00610,test,1,0.1816251,0
stable_diffusion_xl_00611,test,1,0.3853117,1
stable_diffusion_xl_00612,test,1,0.3853117,1
stable_diffusion_xl_00613,test,1,0.3853117,1
stable_diffusion_xl_00614,test,1,0.3853117,1
stable_diffusion_xl_00615,test,1,0.952947,0
stable_diffusion_xl_00616,test,1,0.9897036,0
stable_diffusion_xl_00617,test,1,0.79923636,0
stable_diffusion_xl_00618,test,1,0.20147666,0
stable_diffusion_xl_00619,test,1,0.5033801,0
stable_diffusion_xl_00620,test,1,0.76453495,0
stable_diffusion_xl_00621,test,1,0.019071057,0
stable_diffusion_xl_00622,test,1,0.999949,0
stable_diffusion_xl_00623,test,1,0.2620407,0
stable_diffusion_xl_00624,test,1,0.3853117,1
stable_diffusion_xl_00625,test,1,0.9002653,0
stable_diffusion_xl_00626,test,1,0.13550891,0
stable_diffusion_xl_00627,test,1,0.3853117,1
stable_diffusion_xl_00628,test,1,0.7305927,0
stable_diffusion_xl_00629,test,1,0.3853117,1
stable_diffusion_xl_00630,test,1,0.6909733,0
stable_diffusion_xl_00631,test,1,0.3853117,1
stable_diffusion_xl_00632,test,1,0.3853117,1
stable_diffusion_xl_00633,test,1,0.09954131,1
stable_diffusion_xl_00634,test,1,0.72725344,0
stable_diffusion_xl_00635,test,1,0.21619849,0
stable_diffusion_xl_00636,test,1,0.82921445,0
stable_diffusion_xl_00637,test,1,0.3853117,1
stable_diffusion_xl_00638,test,1,0.3853117,1
stable_diffusion_xl_00639,test,1,0.3853117,1
stable_diffusion_xl_00640,test,1,0.3853117,1
stable_diffusion_xl_00641,test,1,0.97250307,0
stable_diffusion_xl_00642,test,1,0.3853117,1
stable_diffusion_xl_00643,test,1,0.3853117,1
stable_diffusion_xl_00644,test,1,0.41774216,0
stable_diffusion_xl_00645,test,1,0.3853117,1
stable_diffusion_xl_00646,test,1,0.3853117,1
stable_diffusion_xl_00647,test,1,0.98104054,0
stable_diffusion_xl_00648,test,1,0.3853117,1
stable_diffusion_xl_00649,test,1,0.3853117,1
stable_diffusion_xl_00650,test,1,0.3853117,1
stable_diffusion_xl_00651,test,1,0.8776292,0
stable_diffusion_xl_00652,test,1,0.3853117,1
stable_diffusion_xl_00653,test,1,0.39353094,0
stable_diffusion_xl_00654,test,1,0.3853117,1
stable_diffusion_xl_00655,test,1,0.49738544,0
stable_diffusion_xl_00656,test,1,0.3853117,1
stable_diffusion_xl_00657,test,1,0.14131945,0
stable_diffusion_xl_00658,test,1,0.3853117,1
stable_diffusion_xl_00659,test,1,0.24814868,0
stable_diffusion_xl_00660,test,1,0.78848773,0
stable_diffusion_xl_00661,test,1,0.3853117,1
stable_diffusion_xl_00662,test,1,0.97300154,0
stable_diffusion_xl_00663,test,1,0.3853117,1
stable_diffusion_xl_00664,test,1,0.6950663,0
stable_diffusion_xl_00665,test,1,0.30207446,0
stable_diffusion_xl_00666,test,1,0.3853117,1
stable_diffusion_xl_00667,test,1,0.5693806,0
stable_diffusion_xl_00668,test,1,0.11618848,0
stable_diffusion_xl_00669,test,1,0.3853117,1
stable_diffusion_xl_00670,test,1,0.3853117,1
stable_diffusion_xl_00671,test,1,0.3853117,1
stable_diffusion_xl_00672,test,1,0.46447012,0
stable_diffusion_xl_00673,test,1,0.3853117,1
stable_diffusion_xl_00674,test,1,0.3853117,1
stable_diffusion_xl_00675,test,1,0.5588336,0
stable_diffusion_xl_00676,test,1,0.98522055,0
stable_diffusion_xl_00677,test,1,0.3853117,1
stable_diffusion_xl_00678,test,1,0.6218188,0
stable_diffusion_xl_00679,test,1,0.39057693,0
stable_diffusion_xl_00680,test,1,0.6668228,0
stable_diffusion_xl_00681,test,1,0.3853117,1
stable_diffusion_xl_00682,test,1,0.3853117,1
stable_diffusion_xl_00683,test,1,0.7954425,0
stable_diffusion_xl_00684,test,1,0.3853117,1
stable_diffusion_xl_00685,test,1,0.32915676,0
stable_diffusion_xl_00686,test,1,0.3853117,1
stable_diffusion_xl_00687,test,1,0.3853117,1
stable_diffusion_xl_00688,test,1,0.3853117,1
stable_diffusion_xl_00689,test,1,0.99804544,0
stable_diffusion_xl_00690,test,1,0.40632832,0
stable_diffusion_xl_00691,test,1,0.3853117,1
stable_diffusion_xl_00692,test,1,0.07514976,0
stable_diffusion_xl_00693,test,1,0.3853117,1
stable_diffusion_xl_00694,test,1,0.48929808,0
stable_diffusion_xl_00695,test,1,0.9906261,0
stable_diffusion_xl_00696,test,1,0.3853117,1
stable_diffusion_xl_00697,test,1,0.9948147,0
stable_diffusion_xl_00698,test,1,0.3853117,1
stable_diffusion_xl_00699,test,1,0.91733116,0
stable_diffusion_xl_00700,test,1,0.3853117,1
stable_diffusion_xl_00701,test,1,0.3853117,1
stable_diffusion_xl_00702,test,1,0.3853117,1
stable_diffusion_xl_00703,test,1,0.3853117,1
stable_diffusion_xl_00704,test,1,0.96989506,0
stable_diffusion_xl_00705,test,1,0.99056983,0
stable_diffusion_xl_00706,test,1,0.3853117,1
stable_diffusion_xl_00707,test,1,0.3853117,1
stable_diffusion_xl_00708,test,1,0.64304847,0
stable_diffusion_xl_00709,test,1,0.3853117,1
stable_diffusion_xl_00710,test,1,0.8248099,0
stable_diffusion_xl_00711,test,1,0.33334735,0
stable_diffusion_xl_00712,test,1,0.3853117,1
stable_diffusion_xl_00713,test,1,0.94929475,0
stable_diffusion_xl_00714,test,1,0.35040757,1
stable_diffusion_xl_00715,test,1,0.3853117,1
stable_diffusion_xl_00716,test,1,0.3853117,1
stable_diffusion_xl_00717,test,1,0.3853117,1
stable_diffusion_xl_00718,test,1,0.3853117,1
stable_diffusion_xl_00719,test,1,0.14253584,0
stable_diffusion_xl_00720,test,1,0.3853117,1
stable_diffusion_xl_00721,test,1,0.8476033,0
stable_diffusion_xl_00722,test,1,0.26468787,0
stable_diffusion_xl_00723,test,1,0.42724743,0
stable_diffusion_xl_00724,test,1,0.3853117,1
stable_diffusion_xl_00725,test,1,0.996179,0
stable_diffusion_xl_00726,test,1,0.088638924,0
stable_diffusion_xl_00727,test,1,0.6838804,0
stable_diffusion_xl_00728,test,1,0.3853117,1
stable_diffusion_xl_00729,test,1,0.27202213,0
stable_diffusion_xl_00730,test,1,0.3853117,1
stable_diffusion_xl_00731,test,1,0.3853117,1
stable_diffusion_xl_00732,test,1,0.3853117,1
stable_diffusion_xl_00733,test,1,0.9942345,0
stable_diffusion_xl_00734,test,1,0.3853117,1
stable_diffusion_xl_00735,test,1,0.13080291,0
stable_diffusion_xl_00736,test,1,0.3853117,1
stable_diffusion_xl_00737,test,1,0.3853117,1
stable_diffusion_xl_00738,test,1,0.3853117,1
stable_diffusion_xl_00739,test,1,0.3853117,1
stable_diffusion_xl_00740,test,1,0.28829622,0
stable_diffusion_xl_00741,test,1,0.3853117,1
stable_diffusion_xl_00742,test,1,0.9997193,0
stable_diffusion_xl_00743,test,1,0.3853117,1
stable_diffusion_xl_00744,test,1,0.3853117,1
stable_diffusion_xl_00745,test,1,0.8706563,0
stable_diffusion_xl_00746,test,1,0.3853117,1
stable_diffusion_xl_00747,test,1,0.85518885,0
stable_diffusion_xl_00748,test,1,0.3853117,1
stable_diffusion_xl_00749,test,1,0.3853117,1
stable_diffusion_xl_00750,test,1,0.3853117,1
stable_diffusion_xl_00751,test,1,0.98506826,0
stable_diffusion_xl_00752,test,1,0.3853117,1
stable_diffusion_xl_00753,test,1,0.3853117,1
stable_diffusion_xl_00754,test,1,0.3853117,1
stable_diffusion_xl_00755,test,1,0.3853117,1
stable_diffusion_xl_00756,test,1,0.36738434,0
stable_diffusion_xl_00757,test,1,0.3853117,1
stable_diffusion_xl_00758,test,1,0.3853117,1
stable_diffusion_xl_00759,test,1,0.04257633,0
stable_diffusion_xl_00760,test,1,0.3853117,1
stable_diffusion_xl_00761,test,1,0.010788749,0
stable_diffusion_xl_00762,test,1,0.21425223,0
stable_diffusion_xl_00763,test,1,0.3853117,1
stable_diffusion_xl_00764,test,1,0.003286339,0
stable_diffusion_xl_00765,test,1,0.45609486,0
stable_diffusion_xl_00766,test,1,0.3853117,1
stable_diffusion_xl_00767,test,1,0.20086142,0
stable_diffusion_xl_00768,test,1,0.3853117,1
stable_diffusion_xl_00769,test,1,0.17041421,0
stable_diffusion_xl_00770,test,1,0.3853117,1
stable_diffusion_xl_00771,test,1,0.3853117,1
stable_diffusion_xl_00772,test,1,0.3853117,1
stable_diffusion_xl_00773,test,1,0.7552702,0
stable_diffusion_xl_00774,test,1,0.06632523,0
stable_diffusion_xl_00775,test,1,0.3853117,1
stable_diffusion_xl_00776,test,1,0.8859632,0
stable_diffusion_xl_00777,test,1,0.95498735,0
stable_diffusion_xl_00778,test,1,0.3853117,1
stable_diffusion_xl_00779,test,1,0.68755215,0
stable_diffusion_xl_00780,test,1,0.3853117,1
stable_diffusion_xl_00781,test,1,0.9685053,0
stable_diffusion_xl_00782,test,1,0.3853117,1
stable_diffusion_xl_00783,test,1,0.3853117,1
stable_diffusion_xl_00784,test,1,0.3853117,1
stable_diffusion_xl_00785,test,1,0.9995123,0
stable_diffusion_xl_00786,test,1,0.3853117,1
stable_diffusion_xl_00787,test,1,0.32137945,0
stable_diffusion_xl_00788,test,1,0.8502468,0
stable_diffusion_xl_00789,test,1,0.9804673,0
stable_diffusion_xl_00790,test,1,0.3853117,1
stable_diffusion_xl_00791,test,1,0.98438567,0
stable_diffusion_xl_00792,test,1,0.26606482,0
stable_diffusion_xl_00793,test,1,0.39826143,0
stable_diffusion_xl_00794,test,1,0.64754945,0
stable_diffusion_xl_00795,test,1,0.8301451,0
stable_diffusion_xl_00796,test,1,0.3853117,1
stable_diffusion_xl_00797,test,1,0.8085157,0
stable_diffusion_xl_00798,test,1,0.3853117,1
stable_diffusion_xl_00799,test,1,0.17046931,0
stable_diffusion_xl_00800,test,1,0.5969597,0
stable_diffusion_xl_00801,test,1,0.82769525,0
stable_diffusion_xl_00802,test,1,0.3853117,1
stable_diffusion_xl_00803,test,1,0.78958976,0
stable_diffusion_xl_00804,test,1,0.3853117,1
stable_diffusion_xl_00805,test,1,0.19445921,1
stable_diffusion_xl_00806,test,1,0.3853117,1
stable_diffusion_xl_00807,test,1,0.061897717,0
stable_diffusion_xl_00808,test,1,0.3853117,1
stable_diffusion_xl_00809,test,1,0.3853117,1
stable_diffusion_xl_00810,test,1,0.3853117,1
stable_diffusion_xl_00811,test,1,0.82719713,0
stable_diffusion_xl_00812,test,1,0.8606284,0
stable_diffusion_xl_00813,test,1,0.36905116,0
stable_diffusion_xl_00814,test,1,0.3853117,1
stable_diffusion_xl_00815,test,1,0.98876303,0
stable_diffusion_xl_00816,test,1,0.3853117,1
stable_diffusion_xl_00817,test,1,0.97487575,0
stable_diffusion_xl_00818,test,1,0.3853117,1
stable_diffusion_xl_00819,test,1,0.33423418,0
stable_diffusion_xl_00820,test,1,0.16474506,0
stable_diffusion_xl_00821,test,1,0.3853117,1
stable_diffusion_xl_00822,test,1,0.3853117,1
stable_diffusion_xl_00823,test,1,0.3853117,1
stable_diffusion_xl_00824,test,1,0.3853117,1
stable_diffusion_xl_00825,test,1,0.3853117,1
stable_diffusion_xl_00826,test,1,0.33915493,0
stable_diffusion_xl_00827,test,1,0.3853117,1
stable_diffusion_xl_00828,test,1,0.26979458,0
stable_diffusion_xl_00829,test,1,0.3853117,1
stable_diffusion_xl_00830,test,1,0.7097881,0
stable_diffusion_xl_00831,test,1,0.98695534,0
stable_diffusion_xl_00832,test,1,0.3853117,1
stable_diffusion_xl_00833,test,1,0.3853117,1
stable_diffusion_xl_00834,test,1,0.3853117,1
stable_diffusion_xl_00835,test,1,0.6729138,0
stable_diffusion_xl_00836,test,1,0.13046779,0
stable_diffusion_xl_00837,test,1,0.3853117,1
stable_diffusion_xl_00838,test,1,0.97132224,0
stable_diffusion_xl_00839,test,1,0.3853117,1
stable_diffusion_xl_00840,test,1,0.3853117,1
stable_diffusion_xl_00841,test,1,0.14601731,0
stable_diffusion_xl_00842,test,1,0.3853117,1
stable_diffusion_xl_00843,test,1,0.3853117,1
stable_diffusion_xl_00844,test,1,0.3853117,1
stable_diffusion_xl_00845,test,1,0.3853117,1
stable_diffusion_xl_00846,test,1,0.88849854,0
stable_diffusion_xl_00847,test,1,0.6576277,0
stable_diffusion_xl_00848,test,1,0.3853117,1
stable_diffusion_xl_00849,test,1,0.62190264,0
stable_diffusion_xl_00850,test,1,0.98295444,0
stable_diffusion_xl_00851,test,1,0.92214173,0
stable_diffusion_xl_00852,test,1,0.73860896,0
stable_diffusion_xl_00853,test,1,0.9325833,0
stable_diffusion_xl_00854,test,1,0.3853117,1
stable_diffusion_xl_00855,test,1,0.3853117,1
stable_diffusion_xl_00856,test,1,0.9906102,0
stable_diffusion_xl_00857,test,1,0.3853117,1
stable_diffusion_xl_00858,test,1,0.3853117,1
stable_diffusion_xl_00859,test,1,0.5711984,0
stable_diffusion_xl_00860,test,1,0.3853117,1
stable_diffusion_xl_00861,test,1,0.3853117,1
stable_diffusion_xl_00862,test,1,0.3853117,1
stable_diffusion_xl_00863,test,1,0.36127427,0
stable_diffusion_xl_00864,test,1,0.5014495,0
stable_diffusion_xl_00865,test,1,0.6610023,0
stable_diffusion_xl_00866,test,1,0.3853117,1
stable_diffusion_xl_00867,test,1,0.3853117,1
stable_diffusion_xl_00868,test,1,0.3853117,1
stable_diffusion_xl_00869,test,1,0.3853117,1
stable_diffusion_xl_00870,test,1,0.3853117,1
stable_diffusion_xl_00871,test,1,0.3853117,1
stable_diffusion_xl_00872,test,1,0.3853117,1
stable_diffusion_xl_00873,test,1,0.6232144,0
stable_diffusion_xl_00874,test,1,0.3853117,1
stable_diffusion_xl_00875,test,1,0.3853117,1
stable_diffusion_xl_00876,test,1,0.75769055,0
stable_diffusion_xl_00877,test,1,0.3853117,1
stable_diffusion_xl_00878,test,1,0.3853117,1
stable_diffusion_xl_00879,test,1,0.3853117,1
stable_diffusion_xl_00880,test,1,0.34166273,0
stable_diffusion_xl_00881,test,1,0.3853117,1
stable_diffusion_xl_00882,test,1,0.22819726,0
stable_diffusion_xl_00883,test,1,0.3853117,1
stable_diffusion_xl_00884,test,1,0.3853117,1
stable_diffusion_xl_00885,test,1,0.3853117,1
stable_diffusion_xl_00886,test,1,0.58382523,0
stable_diffusion_xl_00887,test,1,0.95453626,0
stable_diffusion_xl_00888,test,1,0.3853117,1
stable_diffusion_xl_00889,test,1,0.99632484,0
stable_diffusion_xl_00890,test,1,0.3853117,1
stable_diffusion_xl_00891,test,1,0.3853117,1
stable_diffusion_xl_00892,test,1,0.3853117,1
stable_diffusion_xl_00893,test,1,0.3853117,1
stable_diffusion_xl_00894,test,1,0.3853117,1
stable_diffusion_xl_00895,test,1,0.3853117,1
stable_diffusion_xl_00896,test,1,0.3853117,1
stable_diffusion_xl_00897,test,1,0.3853117,1
stable_diffusion_xl_00898,test,1,0.88816786,0
stable_diffusion_xl_00899,test,1,0.15465462,0
stable_diffusion_xl_00900,test,1,0.3853117,1
stable_diffusion_xl_00901,test,1,0.9992805,0
stable_diffusion_xl_00902,test,1,0.97701824,0
stable_diffusion_xl_00903,test,1,0.3853117,1
stable_diffusion_xl_00904,test,1,0.9695449,0
stable_diffusion_xl_00905,test,1,0.3853117,1
stable_diffusion_xl_00906,test,1,0.7117746,0
stable_diffusion_xl_00907,test,1,0.3853117,1
stable_diffusion_xl_00908,test,1,0.18776985,0
stable_diffusion_xl_00909,test,1,0.050839342,0
stable_diffusion_xl_00910,test,1,0.9955853,0
stable_diffusion_xl_00911,test,1,0.3927164,0
stable_diffusion_xl_00912,test,1,0.38978344,0
stable_diffusion_xl_00913,test,1,0.45639363,0
stable_diffusion_xl_00914,test,1,0.3853117,1
stable_diffusion_xl_00915,test,1,0.27280855,0
stable_diffusion_xl_00916,test,1,0.3853117,1
stable_diffusion_xl_00917,test,1,0.30542538,0
stable_diffusion_xl_00918,test,1,0.3853117,1
stable_diffusion_xl_00919,test,1,0.3853117,1
stable_diffusion_xl_00920,test,1,0.3853117,1
stable_diffusion_xl_00921,test,1,0.3853117,1
stable_diffusion_xl_00922,test,1,0.3853117,1
stable_diffusion_xl_00923,test,1,0.6078716,0
stable_diffusion_xl_00924,test,1,0.8793184,0
stable_diffusion_xl_00925,test,1,0.17278655,0
stable_diffusion_xl_00926,test,1,0.3853117,1
stable_diffusion_xl_00927,test,1,0.9423565,0
stable_diffusion_xl_00928,test,1,0.9998242,0
stable_diffusion_xl_00929,test,1,0.3853117,1
stable_diffusion_xl_00930,test,1,0.3853117,1
stable_diffusion_xl_00931,test,1,0.84313637,0
stable_diffusion_xl_00932,test,1,0.3853117,1
stable_diffusion_xl_00933,test,1,0.3853117,1
stable_diffusion_xl_00934,test,1,0.3853117,1
stable_diffusion_xl_00935,test,1,0.9320141,0
stable_diffusion_xl_00936,test,1,0.7678524,0
stable_diffusion_xl_00937,test,1,0.3853117,1
stable_diffusion_xl_00938,test,1,0.5333029,0
stable_diffusion_xl_00939,test,1,0.3853117,1
stable_diffusion_xl_00940,test,1,0.021282358,0
stable_diffusion_xl_00941,test,1,0.3853117,1
stable_diffusion_xl_00942,test,1,0.19541477,0
stable_diffusion_xl_00943,test,1,0.85926604,0
stable_diffusion_xl_00944,test,1,0.27367562,0
stable_diffusion_xl_00945,test,1,0.3853117,1
stable_diffusion_xl_00946,test,1,0.54688454,0
stable_diffusion_xl_00947,test,1,0.3853117,1
stable_diffusion_xl_00948,test,1,0.3853117,1
stable_diffusion_xl_00949,test,1,0.7274123,0
stable_diffusion_xl_00950,test,1,0.3853117,1
stable_diffusion_xl_00951,test,1,0.3853117,1
stable_diffusion_xl_00952,test,1,0.3853117,1
stable_diffusion_xl_00953,test,1,0.3853117,1
stable_diffusion_xl_00954,test,1,0.97485286,0
stable_diffusion_xl_00955,test,1,0.92132,0
stable_diffusion_xl_00956,test,1,0.3853117,1
stable_diffusion_xl_00957,test,1,0.8941732,0
stable_diffusion_xl_00958,test,1,0.3853117,1
stable_diffusion_xl_00959,test,1,0.3853117,1
stable_diffusion_xl_00960,test,1,0.9304675,0
stable_diffusion_xl_00961,test,1,0.99746037,0
stable_diffusion_xl_00962,test,1,0.3853117,1
stable_diffusion_xl_00963,test,1,0.3853117,1
stable_diffusion_xl_00964,test,1,0.3853117,1
stable_diffusion_xl_00965,test,1,0.3853117,1
stable_diffusion_xl_00966,test,1,0.3853117,1
stable_diffusion_xl_00967,test,1,0.3853117,1
stable_diffusion_xl_00968,test,1,0.99759823,0
stable_diffusion_xl_00969,test,1,0.15914255,0
stable_diffusion_xl_00970,test,1,0.59269273,0
stable_diffusion_xl_00971,test,1,0.3853117,1
stable_diffusion_xl_00972,test,1,0.4208659,0
stable_diffusion_xl_00973,test,1,0.3853117,1
stable_diffusion_xl_00974,test,1,0.5454829,0
stable_diffusion_xl_00975,test,1,0.3853117,1
stable_diffusion_xl_00976,test,1,0.3853117,1
stable_diffusion_xl_00977,test,1,0.10885618,0
stable_diffusion_xl_00978,test,1,0.80996495,0
stable_diffusion_xl_00979,test,1,0.9926751,0
stable_diffusion_xl_00980,test,1,0.5735495,0
stable_diffusion_xl_00981,test,1,0.96197426,0
stable_diffusion_xl_00982,test,1,0.3853117,1
stable_diffusion_xl_00983,test,1,0.3853117,1
stable_diffusion_xl_00984,test,1,0.3853117,1
stable_diffusion_xl_00985,test,1,0.49010137,0
stable_diffusion_xl_00986,test,1,0.8836886,0
stable_diffusion_xl_00987,test,1,0.3853117,1
stable_diffusion_xl_00988,test,1,0.97033834,0
stable_diffusion_xl_00989,test,1,0.3853117,1
stable_diffusion_xl_00990,test,1,0.3853117,1
stable_diffusion_xl_00991,test,1,0.3853117,1
stable_diffusion_xl_00992,test,1,0.3853117,1
stable_diffusion_xl_00993,test,1,0.3853117,1
stable_diffusion_xl_00994,test,1,0.9006299,0
stable_diffusion_xl_00995,test,1,0.3853117,1
stable_diffusion_xl_00996,test,1,0.3853117,1
stable_diffusion_xl_00997,test,1,0.95297086,0
stable_diffusion_xl_00998,test,1,0.3853117,1
stable_diffusion_xl_00999,test,1,0.9900691,0
coco_000010,test,0,0.23727421,0
coco_000022,test,0,0.3853117,1
coco_000023,test,0,0.26102006,0
coco_000027,test,0,0.3853117,1
coco_000033,test,0,0.38987553,0
coco_000046,test,0,0.3853117,1
coco_000052,test,0,0.3853117,1
coco_000053,test,0,0.97348344,0
coco_000055,test,0,0.3853117,1
coco_000060,test,0,0.9296071,0
coco_000061,test,0,0.3853117,1
coco_000062,test,0,0.25666788,0
coco_000079,test,0,0.99862564,0
coco_000081,test,0,0.60351044,0
coco_000083,test,0,0.3853117,1
coco_000085,test,0,0.8284863,0
coco_000095,test,0,0.91803265,0
coco_000164,test,0,0.3853117,1
coco_000180,test,0,0.8962312,0
coco_000184,test,0,0.3853117,1
coco_000199,test,0,0.9922437,0
coco_000201,test,0,0.95818555,0
coco_000204,test,0,0.3853117,1
coco_000222,test,0,0.3853117,1
coco_000227,test,0,0.3853117,1
coco_000262,test,0,0.99984,0
coco_000269,test,0,0.42862433,0
coco_000271,test,0,0.9922374,0
coco_000277,test,0,0.9428729,0
coco_000279,test,0,0.060031332,0
coco_000288,test,0,0.8810383,0
coco_000297,test,0,0.978247,0
coco_000300,test,0,0.3853117,1
coco_000315,test,0,0.86475223,0
coco_000345,test,0,0.41382313,0
coco_000347,test,0,0.3853117,1
coco_000358,test,0,0.50212926,0
coco_000378,test,0,0.3853117,1
coco_000380,test,0,0.7934731,0
coco_000389,test,0,0.9908235,0
coco_000390,test,0,0.9818256,0
coco_000397,test,0,0.6906464,0
coco_000410,test,0,0.17494689,0
coco_000432,test,0,0.3853117,1
coco_000450,test,0,0.99772793,0
coco_000460,test,0,0.9991898,0
coco_000471,test,0,0.9619555,0
coco_000474,test,0,0.95707494,0
coco_000484,test,0,0.99979526,0
coco_000489,test,0,0.82445204,0
coco_000491,test,0,0.3853117,1
coco_000528,test,0,0.3853117,1
coco_000553,test,0,0.9846222,0
coco_000566,test,0,0.34486845,0
coco_000568,test,0,0.3853117,1
coco_000576,test,0,0.33841535,0
coco_000577,test,0,0.90360206,0
coco_000584,test,0,0.2761384,0
coco_000588,test,0,0.3853117,1
coco_000598,test,0,0.7231914,0
coco_000599,test,0,0.9307631,0
coco_000605,test,0,0.95475054,0
coco_000607,test,0,0.9999478,0
coco_000620,test,0,0.7831806,0
coco_000627,test,0,0.9435637,0
coco_000646,test,0,0.32423308,0
coco_000675,test,0,0.9691872,0
coco_000707,test,0,0.49267384,0
coco_000717,test,0,0.85815513,0
coco_000726,test,0,0.3853117,1
coco_000736,test,0,0.3853117,1
coco_000744,test,0,0.3853117,1
coco_000749,test,0,0.3853117,1
coco_000750,test,0,0.5731829,0
coco_000753,test,0,0.3853117,1
coco_000758,test,0,0.3853117,1
coco_000764,test,0,0.3853117,1
coco_000781,test,0,0.2542579,0
coco_000796,test,0,0.4199307,0
coco_000801,test,0,0.7926776,0
coco_000808,test,0,0.025985185,0
coco_000824,test,0,0.5001185,0
coco_000856,test,0,0.3853117,1
coco_000861,test,0,0.85470724,0
coco_000872,test,0,0.3853117,1
coco_000873,test,0,0.94836843,0
coco_000878,test,0,0.44430515,0
coco_000887,test,0,0.3853117,1
coco_000899,test,0,0.99903166,0
coco_000914,test,0,0.6592227,0
coco_000916,test,0,0.3853117,1
coco_000924,test,0,0.89867884,0
coco_000942,test,0,0.3853117,1
coco_000946,test,0,0.98959816,0
coco_000953,test,0,0.3853117,1
coco_000958,test,0,0.3853117,1
coco_000970,test,0,0.980048,0
coco_000977,test,0,0.3853117,1
coco_000981,test,0,0.88263464,0
coco_000984,test,0,0.3853117,1
coco_000991,test,0,0.29540122,0
coco_001015,test,0,0.3853117,1
coco_001037,test,0,0.3853117,1
coco_001042,test,0,0.62349266,0
coco_001049,test,0,0.97800547,0
coco_001057,test,0,0.3853117,1
coco_001068,test,0,0.3853117,1
coco_001073,test,0,0.3853117,1
coco_001079,test,0,0.14194658,0
coco_001080,test,0,0.9706788,0
coco_001090,test,0,0.9668609,0
coco_001101,test,0,0.82879084,0
coco_001110,test,0,0.94077325,0
coco_001117,test,0,0.3853117,1
coco_001159,test,0,0.4552115,0
coco_001172,test,0,0.91394037,0
coco_001182,test,0,0.7835308,0
coco_001193,test,0,0.5370011,0
coco_001197,test,0,0.8254606,0
coco_001201,test,0,0.777135,0
coco_001202,test,0,0.9619461,0
coco_001237,test,0,0.8755949,0
coco_001240,test,0,0.83265734,0
coco_001252,test,0,0.07770073,0
coco_001272,test,0,0.9838599,0
coco_001288,test,0,0.18131049,0
coco_001290,test,0,0.3853117,1
coco_001292,test,0,0.92630696,0
coco_001298,test,0,0.98397046,0
coco_001301,test,0,0.75080335,0
coco_001313,test,0,0.36149886,0
coco_001322,test,0,0.3853117,1
coco_001326,test,0,0.95238596,0
coco_001331,test,0,0.3853117,1
coco_001337,test,0,0.9619885,0
coco_001344,test,0,0.11808438,0
coco_001350,test,0,0.9985851,0
coco_001371,test,0,0.5753296,0
coco_001390,test,0,0.38675287,0
coco_001393,test,0,0.3853117,1
coco_001398,test,0,0.79770625,0
coco_001404,test,0,0.21128204,0
coco_001410,test,0,0.83298945,0
coco_001424,test,0,0.6802301,0
coco_001426,test,0,0.3853117,1
coco_001453,test,0,0.3853117,1
coco_001471,test,0,0.3853117,1
coco_001487,test,0,0.6687551,0
coco_001488,test,0,0.79284966,0
coco_001499,test,0,0.9984586,0
coco_001500,test,0,0.42970413,0
coco_001508,test,0,0.3853117,1
coco_001510,test,0,0.3853117,1
coco_001523,test,0,0.3853117,1
coco_001530,test,0,0.3853117,1
coco_001532,test,0,0.93228936,0
coco_001544,test,0,0.9859642,0
coco_001562,test,0,0.89860696,0
coco_001564,test,0,0.87737733,0
coco_001577,test,0,0.53723997,0
coco_001579,test,0,0.3853117,1
coco_001588,test,0,0.9251901,0
coco_001595,test,0,0.018421859,0
coco_001608,test,0,0.24733126,0
coco_001628,test,0,0.73000956,0
coco_001630,test,0,0.973258,0
coco_001631,test,0,0.6465514,0
coco_001637,test,0,0.9992995,0
coco_001640,test,0,0.8885616,0
coco_001655,test,0,0.3853117,1
coco_001661,test,0,0.3853117,1
coco_001669,test,0,0.9710953,0
coco_001709,test,0,0.9955252,0
coco_001710,test,0,0.25808305,0
coco_001722,test,0,0.76207775,0
coco_001731,test,0,0.1781873,0
coco_001735,test,0,0.3853117,1
coco_001740,test,0,0.27474713,0
coco_001749,test,0,0.3853117,1
coco_001752,test,0,0.3853117,1
coco_001780,test,0,0.3853117,1
coco_001788,test,0,0.9863616,0
coco_001790,test,0,0.74646795,0
coco_001800,test,0,0.3853117,1
coco_001815,test,0,0.9998599,0
coco_001824,test,0,0.5363626,0
coco_001825,test,0,0.3853117,1
coco_001833,test,0,0.99656975,0
coco_001836,test,0,0.4218278,0
coco_001845,test,0,0.98837215,0
coco_001858,test,0,0.872395,0
coco_001861,test,0,0.3853117,1
coco_001870,test,0,0.9995983,0
coco_001871,test,0,0.99149925,0
coco_001885,test,0,0.04333101,0
coco_001886,test,0,0.8941207,0
coco_001897,test,0,0.7721259,0
coco_001898,test,0,0.3853117,1
coco_001902,test,0,0.3853117,1
coco_001906,test,0,0.3853117,1
coco_001908,test,0,0.99671763,0
coco_001928,test,0,0.07227968,0
coco_001937,test,0,0.3853117,1
coco_001952,test,0,0.3853117,1
coco_001954,test,0,0.9601734,0
coco_001959,test,0,0.3853117,1
coco_001968,test,0,0.9982992,0
coco_001971,test,0,0.99998033,0
coco_001990,test,0,0.3853117,1
coco_001994,test,0,0.7287766,0
coco_002009,test,0,0.7425163,0
coco_002028,test,0,0.99998486,0
coco_002058,test,0,0.3853117,1
coco_002066,test,0,0.3853117,1
coco_002067,test,0,0.5528773,0
coco_002075,test,0,0.98089325,0
coco_002081,test,0,0.3853117,1
coco_002111,test,0,0.9980513,0
coco_002117,test,0,0.6962242,0
coco_002119,test,0,0.3853117,1
coco_002130,test,0,0.3853117,1
coco_002131,test,0,0.9718298,0
coco_002138,test,0,0.6127526,0
coco_002141,test,0,0.67206365,0
coco_002152,test,0,0.3853117,1
coco_002153,test,0,0.8633418,0
coco_002157,test,0,0.36117408,0
coco_002188,test,0,0.099208005,0
coco_002192,test,0,0.95820737,0
coco_002230,test,0,0.31815055,0
coco_002235,test,0,0.67337745,0
coco_002241,test,0,0.9651043,0
coco_002245,test,0,0.5102645,0
coco_002250,test,0,0.3853117,1
coco_002252,test,0,0.6640491,0
coco_002258,test,0,0.7646405,0
coco_002268,test,0,0.3853117,1
coco_002269,test,0,0.9064561,0
coco_002275,test,0,0.9915837,0
coco_002276,test,0,0.14264004,0
coco_002314,test,0,0.3853117,1
coco_002315,test,0,0.97594476,0
coco_002328,test,0,0.9854748,0
coco_002334,test,0,0.8516941,0
coco_002344,test,0,0.9828591,0
coco_002355,test,0,0.060644597,0
coco_002360,test,0,0.9688561,0
coco_002361,test,0,0.3853117,1
coco_002371,test,0,0.9638935,0
coco_002378,test,0,0.3853117,1
coco_002389,test,0,0.3853117,1
coco_002396,test,0,0.021045128,0
coco_002401,test,0,0.3853117,1
coco_002406,test,0,0.8130026,0
coco_002407,test,0,0.8044271,0
coco_002423,test,0,0.65447736,0
coco_002430,test,0,0.76557744,0
coco_002440,test,0,0.3853117,1
coco_002457,test,0,0.3853117,1
coco_002489,test,0,0.3853117,1
coco_002493,test,0,0.3853117,1
coco_002494,test,0,0.48264992,0
coco_002499,test,0,0.989652,0
coco_002523,test,0,0.3853117,1
coco_002541,test,0,0.3853117,1
coco_002545,test,0,0.27802226,0
coco_002552,test,0,0.8734923,0
coco_002560,test,0,0.75645024,0
coco_002577,test,0,0.99976426,0
coco_002582,test,0,0.9144675,0
coco_002585,test,0,0.3853117,1
coco_002588,test,0,0.3853117,1
coco_002591,test,0,0.09259747,0
coco_002607,test,0,0.997546,0
coco_002608,test,0,0.9506682,0
coco_002612,test,0,0.9043475,0
coco_002620,test,0,0.6438036,0
coco_002626,test,0,0.3853117,1
coco_002648,test,0,0.3853117,1
coco_002666,test,0,0.9818039,0
coco_002672,test,0,0.7954995,0
coco_002685,test,0,0.3853117,1
coco_002688,test,0,0.38918915,0
coco_002706,test,0,0.26764008,0
coco_002743,test,0,0.08529966,0
coco_002744,test,0,0.8565487,0
coco_002754,test,0,0.20400955,0
coco_002776,test,0,0.3853117,1
coco_002778,test,0,0.38821924,0
coco_002779,test,0,0.3853117,1
coco_002792,test,0,0.9939785,0
coco_002800,test,0,0.74840456,0
coco_002808,test,0,0.3853117,1
coco_002810,test,0,0.3853117,1
coco_002817,test,0,0.9985043,0
coco_002833,test,0,0.3853117,1
coco_002860,test,0,0.9512029,0
coco_002863,test,0,0.8208313,0
coco_002873,test,0,0.70041656,0
coco_002894,test,0,0.8954934,0
coco_002909,test,0,0.99082434,0
coco_002915,test,0,0.85813355,0
coco_002923,test,0,0.08685481,0
coco_002927,test,0,0.82819587,0
coco_002941,test,0,0.3853117,1
coco_002942,test,0,0.91265744,0
coco_002944,test,0,0.24113089,0
coco_002946,test,0,0.99823207,0
coco_002948,test,0,0.91836,0
coco_002958,test,0,0.84448075,0
coco_002960,test,0,0.9982309,0
coco_002962,test,0,0.9764514,0
coco_002966,test,0,0.5977886,0
coco_002971,test,0,0.98727125,0
coco_002986,test,0,0.33724096,1
coco_002990,test,0,0.36546198,0
coco_003001,test,0,0.6453753,0
coco_003025,test,0,0.3853117,1
coco_003036,test,0,0.3853117,1
coco_003037,test,0,0.3853117,1
coco_003056,test,0,0.3853117,1
coco_003063,test,0,0.54255027,0
coco_003076,test,0,0.3853117,1
coco_003087,test,0,0.9999827,0
coco_003095,test,0,0.601542,0
coco_003098,test,0,0.3853117,1
coco_003099,test,0,0.3853117,1
coco_003114,test,0,0.75108373,0
coco_003125,test,0,0.83120316,0
coco_003129,test,0,0.3853117,1
coco_003141,test,0,0.3853117,1
coco_003142,test,0,0.3853117,1
coco_003148,test,0,0.18942481,0
coco_003154,test,0,0.3853117,1
coco_003156,test,0,0.35432765,0
coco_003172,test,0,0.43643013,0
coco_003185,test,0,0.3853117,1
coco_003229,test,0,0.3853117,1
coco_003236,test,0,0.2055477,0
coco_003238,test,0,0.26655743,0
coco_003241,test,0,0.9999597,0
coco_003244,test,0,0.3853117,1
coco_003279,test,0,0.99708074,0
coco_003285,test,0,0.3853117,1
coco_003288,test,0,0.3853117,1
coco_003290,test,0,0.98380303,0
coco_003313,test,0,0.017042153,0
coco_003331,test,0,0.80038923,0
coco_003351,test,0,0.3853117,1
coco_003378,test,0,0.96856815,0
coco_003383,test,0,0.9905235,0
coco_003401,test,0,0.9965886,0
coco_003419,test,0,0.5421611,0
coco_003428,test,0,0.7688308,0
coco_003439,test,0,0.9974963,0
coco_003443,test,0,0.37005764,0
coco_003485,test,0,0.98494315,0
coco_003494,test,0,0.72409827,0
coco_003496,test,0,0.3853117,1
coco_003497,test,0,0.85183495,0
coco_003514,test,0,0.99271566,0
coco_003523,test,0,0.8374953,0
coco_003528,test,0,0.3853117,1
coco_003543,test,0,0.98080206,0
coco_003553,test,0,0.3853117,1
coco_003555,test,0,0.3253641,0
coco_003566,test,0,0.90206856,0
coco_003573,test,0,0.3853117,1
coco_003575,test,0,0.3853117,1
coco_003584,test,0,0.99959356,0
coco_003606,test,0,0.9964378,0
coco_003617,test,0,0.3853117,1
coco_003621,test,0,0.23820613,0
coco_003622,test,0,0.3853117,1
coco_003655,test,0,0.8594001,0
coco_003657,test,0,0.04747309,0
coco_003662,test,0,0.380806,0
coco_003680,test,0,0.8409963,0
coco_003689,test,0,0.96029687,0
coco_003690,test,0,0.10012437,0
coco_003700,test,0,0.68106055,0
coco_003702,test,0,0.9161295,0
coco_003710,test,0,0.9571349,0
coco_003722,test,0,0.3853117,1
coco_003725,test,0,0.9946425,0
coco_003734,test,0,0.3853117,1
coco_003737,test,0,0.99603015,0
coco_003742,test,0,0.08818638,0
coco_003778,test,0,0.94708514,0
coco_003786,test,0,0.98127353,0
coco_003796,test,0,0.9942725,0
coco_003807,test,0,0.78459084,0
coco_003816,test,0,0.64040613,0
coco_003818,test,0,0.9754549,0
coco_003824,test,0,0.95690936,0
coco_003844,test,0,0.025968233,0
coco_003849,test,0,0.6415533,0
coco_003860,test,0,0.3853117,1
coco_003866,test,0,0.9994885,0
coco_003871,test,0,0.99839777,0
coco_003874,test,0,0.3853117,1
coco_003887,test,0,0.3853117,1
coco_003888,test,0,0.67571247,0
coco_003894,test,0,0.20916778,0
coco_003897,test,0,0.3853117,1
coco_003901,test,0,0.3853117,1
coco_003902,test,0,0.6208003,0
coco_003918,test,0,0.98418415,0
coco_003919,test,0,0.3853117,1
coco_003949,test,0,0.3853117,1
coco_003954,test,0,0.3853117,1
coco_003969,test,0,0.3853117,1
coco_003986,test,0,0.93081033,0
coco_003990,test,0,0.69868195,0
coco_004022,test,0,0.99175924,0
coco_004030,test,0,0.3853117,1
coco_004035,test,0,0.3112846,0
coco_004042,test,0,0.3853117,1
coco_004046,test,0,0.73157334,0
coco_004053,test,0,0.4091165,0
coco_004055,test,0,0.3176433,0
coco_004081,test,0,0.57700354,0
coco_004084,test,0,0.26871467,0
coco_004089,test,0,0.850404,0
coco_004103,test,0,0.3853117,1
coco_004105,test,0,0.3853117,1
coco_004111,test,0,0.99998295,0
coco_004115,test,0,0.3853117,1
coco_004137,test,0,0.3853117,1
coco_004145,test,0,0.33507645,0
coco_004154,test,0,0.6683717,0
coco_004157,test,0,0.5119284,0
coco_004159,test,0,0.3853117,1
coco_004163,test,0,0.3853117,1
coco_004185,test,0,0.5942464,0
coco_004188,test,0,0.3853117,1
coco_004211,test,0,0.36079845,0
coco_004222,test,0,0.99859685,0
coco_004224,test,0,0.71140337,0
coco_004233,test,0,0.4585854,0
coco_004235,test,0,0.3853117,1
coco_004238,test,0,0.3853117,1
coco_004240,test,0,0.7354907,0
coco_004266,test,0,0.9876632,0
coco_004275,test,0,0.95785594,0
coco_004284,test,0,0.9933304,0
coco_004294,test,0,0.99836725,0
coco_004299,test,0,0.9928727,0
coco_004315,test,0,0.999706,0
coco_004324,test,0,0.019708473,0
coco_004341,test,0,0.97202873,0
coco_004343,test,0,0.9236605,0
coco_004347,test,0,0.63299066,0
coco_004374,test,0,0.3853117,1
coco_004376,test,0,0.9705759,0
coco_004387,test,0,0.3853117,1
coco_004395,test,0,0.8270439,0
coco_004401,test,0,0.3853117,1
coco_004403,test,0,0.12842135,0
coco_004405,test,0,0.37605712,0
coco_004410,test,0,0.3853117,1
coco_004411,test,0,0.9672734,0
coco_004412,test,0,0.5813057,0
coco_004415,test,0,0.99348056,0
coco_004425,test,0,0.996058,0
coco_004452,test,0,0.19534187,0
coco_004458,test,0,0.3853117,1
coco_004459,test,0,0.17726964,0
coco_004460,test,0,0.9908597,0
coco_004462,test,0,0.9699046,0
coco_004465,test,0,0.3853117,1
coco_004468,test,0,0.4928225,0
coco_004487,test,0,0.9991141,0
coco_004488,test,0,0.9919561,0
coco_004492,test,0,0.11474895,0
coco_004495,test,0,0.7091307,0
coco_004508,test,0,0.51554257,0
coco_004517,test,0,0.99289167,0
coco_004528,test,0,0.9878641,0
coco_004532,test,0,0.9724363,0
coco_004558,test,0,0.8042762,0
coco_004563,test,0,0.3853117,1
coco_004571,test,0,0.121631384,0
coco_004604,test,0,0.3853117,1
coco_004629,test,0,0.99840885,0
coco_004630,test,0,0.3853117,1
coco_004645,test,0,0.3853117,1
coco_004668,test,0,0.9375055,0
coco_004672,test,0,0.9512674,0
coco_004678,test,0,0.99929667,0
coco_004709,test,0,0.3853117,1
coco_004722,test,0,0.58887213,0
coco_004725,test,0,0.3853117,1
coco_004726,test,0,0.46136588,0
coco_004729,test,0,0.3853117,1
coco_004731,test,0,0.3853117,1
coco_004762,test,0,0.3853117,1
coco_004765,test,0,0.65753996,0
coco_004777,test,0,0.3853117,1
coco_004783,test,0,0.3853117,1
coco_004788,test,0,0.6628872,0
coco_004799,test,0,0.3853117,1
coco_004802,test,0,0.98467493,0
coco_004825,test,0,0.927511,0
coco_004831,test,0,0.8737206,0
coco_004841,test,0,0.7234006,0
coco_004842,test,0,0.83936083,0
coco_004854,test,0,0.29740453,0
coco_004869,test,0,0.3853117,1
coco_004874,test,0,0.6869758,0
coco_004881,test,0,0.14963284,0
coco_004894,test,0,0.3853117,1
coco_004911,test,0,0.14433856,0
coco_004920,test,0,0.99595225,0
coco_004921,test,0,0.98590416,0
coco_004922,test,0,0.3853117,1
coco_004923,test,0,0.71233946,0
coco_004928,test,0,0.3853117,1
coco_004953,test,0,0.3853117,1
coco_004957,test,0,0.35884073,0
coco_004970,test,0,0.81432456,0
coco_004982,test,0,0.9355996,0
coco_004999,test,0,0.98737246,0
coco_005000,test,0,0.3853117,1
coco_005003,test,0,0.3853117,1
coco_005008,test,0,0.3853117,1
coco_005010,test,0,0.9980679,0
coco_005014,test,0,0.59505653,0
coco_005017,test,0,0.4118113,0
coco_005024,test,0,0.9683885,0
coco_005028,test,0,0.99565953,0
coco_005035,test,0,0.23903787,0
coco_005042,test,0,0.3853117,1
coco_005062,test,0,0.99283034,0
coco_005069,test,0,0.9982132,0
coco_005073,test,0,0.3853117,1
coco_005077,test,0,0.3853117,1
coco_005090,test,0,0.3853117,1
coco_005103,test,0,0.9475072,0
coco_005114,test,0,0.47756445,0
coco_005116,test,0,0.9191316,0
coco_005118,test,0,0.14504322,1
coco_005123,test,0,0.3853117,1
coco_005134,test,0,0.67928153,0
coco_005146,test,0,0.3853117,1
coco_005157,test,0,0.09858811,0
coco_005170,test,0,0.3853117,1
coco_005191,test,0,0.60775465,0
coco_005216,test,0,0.3853117,1
coco_005246,test,0,0.3953666,0
coco_005262,test,0,0.15127859,0
coco_005279,test,0,0.3853117,1
coco_005287,test,0,0.7948398,0
coco_005291,test,0,0.7429998,0
coco_005315,test,0,0.21602513,0
coco_005327,test,0,0.3853117,1
coco_005348,test,0,0.9999995,0
coco_005349,test,0,0.99714977,0
coco_005350,test,0,0.5053588,0
coco_005358,test,0,0.3853117,1
coco_005361,test,0,0.3853117,1
coco_005363,test,0,0.3853117,1
coco_005370,test,0,0.44072098,0
coco_005375,test,0,0.3853117,1
coco_005387,test,0,0.98579425,0
coco_005411,test,0,0.3853117,1
coco_005412,test,0,0.9883475,0
coco_005427,test,0,0.97877127,0
coco_005447,test,0,0.9712464,0
coco_005458,test,0,0.99639964,0
coco_005460,test,0,0.9774137,0
coco_005463,test,0,0.3853117,1
coco_005464,test,0,0.3853117,1
coco_005471,test,0,0.9351663,0
coco_005484,test,0,0.98418105,0
coco_005495,test,0,0.68930334,0
coco_005496,test,0,0.99631655,0
coco_005499,test,0,0.3853117,1
coco_005510,test,0,0.3853117,1
coco_005519,test,0,0.24992836,0
coco_005544,test,0,0.23653315,0
coco_005561,test,0,0.3853117,1
coco_005593,test,0,0.9991221,0
coco_005596,test,0,0.98474634,0
coco_005601,test,0,0.3853117,1
coco_005614,test,0,0.85263693,0
coco_005616,test,0,0.3853117,1
coco_005620,test,0,0.3853117,1
coco_005626,test,0,0.9988985,0
coco_005629,test,0,0.6734835,0
coco_005638,test,0,0.09719758,0
coco_005640,test,0,0.93494385,0
coco_005645,test,0,0.8685793,0
coco_005646,test,0,0.3853117,1
coco_005649,test,0,0.7072103,0
coco_005656,test,0,0.96855104,0
coco_005661,test,0,0.56320876,0
coco_005676,test,0,0.65892977,0
coco_005681,test,0,0.35419726,0
coco_005691,test,0,0.70012283,0
coco_005692,test,0,0.31849676,0
coco_005698,test,0,0.3853117,1
coco_005709,test,0,0.11473465,0
coco_005721,test,0,0.3853117,1
coco_005726,test,0,0.99298614,0
coco_005737,test,0,0.9690108,0
coco_005739,test,0,0.58185136,0
coco_005740,test,0,0.99828917,0
coco_005743,test,0,0.58554655,0
coco_005763,test,0,0.87817556,0
coco_005764,test,0,0.9179482,0
coco_005768,test,0,0.99105996,0
coco_005777,test,0,0.98152936,0
coco_005780,test,0,0.9253851,0
coco_005787,test,0,0.23968701,0
coco_005792,test,0,0.99690175,0
coco_005793,test,0,0.76223737,0
coco_005796,test,0,0.92810714,0
coco_005799,test,0,0.96075636,0
coco_005820,test,0,0.9296122,0
coco_005822,test,0,0.41951632,0
coco_005828,test,0,0.3853117,1
coco_005831,test,0,0.3853117,1
coco_005842,test,0,0.9206252,0
coco_005846,test,0,0.79523146,0
coco_005849,test,0,0.11880178,0
coco_005860,test,0,0.3853117,1
coco_005861,test,0,0.3853117,1
coco_005867,test,0,0.9032168,0
coco_005892,test,0,0.77351105,0
coco_005898,test,0,0.9929234,0
coco_005912,test,0,0.3853117,1
coco_005916,test,0,0.3853117,1
coco_005949,test,0,0.9995919,0
coco_005952,test,0,0.70469093,0
coco_005972,test,0,0.3853117,1
coco_005992,test,0,0.3206294,0
coco_006009,test,0,0.4534522,0
coco_006030,test,0,0.3853117,1
coco_006038,test,0,0.3853117,1
coco_006044,test,0,0.9757179,0
coco_006045,test,0,0.3853117,1
coco_006046,test,0,0.3853117,1
coco_006050,test,0,0.9804366,0
coco_006088,test,0,0.9832887,0
coco_006090,test,0,0.53783214,0
coco_006092,test,0,0.99272645,0
coco_006094,test,0,0.99518555,0
coco_006096,test,0,0.3853117,1
coco_006107,test,0,0.3853117,1
coco_006116,test,0,0.7593151,0
coco_006126,test,0,0.93565613,0
coco_006129,test,0,0.3853117,1
coco_006140,test,0,0.53930503,0
coco_006146,test,0,0.9986364,0
coco_006147,test,0,0.9997515,0
coco_006151,test,0,0.8082769,0
coco_006159,test,0,0.54568785,0
coco_006179,test,0,0.9725261,0
coco_006180,test,0,0.98766124,0
coco_006181,test,0,0.5257848,0
coco_006190,test,0,0.24483429,0
coco_006218,test,0,0.98253053,0
coco_006232,test,0,0.916225,0
coco_006234,test,0,0.3853117,1
coco_006237,test,0,0.3853117,1
coco_006244,test,0,0.7406682,0
coco_006259,test,0,0.13075832,0
coco_006277,test,0,0.9628008,0
coco_006284,test,0,0.98825306,0
coco_006287,test,0,0.3853117,1
coco_006301,test,0,0.49758634,0
coco_006306,test,0,0.3853117,1
coco_006307,test,0,0.8744815,0
coco_006325,test,0,0.98781836,0
coco_006333,test,0,0.9993538,0
coco_006346,test,0,0.53679115,0
coco_006354,test,0,0.4241697,0
coco_006370,test,0,0.95953894,0
coco_006380,test,0,0.9886264,0
coco_006384,test,0,0.9709254,0
coco_006391,test,0,0.223015,0
coco_006395,test,0,0.99984634,0
coco_006409,test,0,0.6593449,0
coco_006418,test,0,0.3853117,1
coco_006421,test,0,0.3853117,1
coco_006427,test,0,0.3853117,1
coco_006434,test,0,0.5594385,0
coco_006436,test,0,0.99672097,0
coco_006440,test,0,0.3853117,1
coco_006455,test,0,0.64353275,0
coco_006460,test,0,0.3853117,1
coco_006461,test,0,0.8353657,0
coco_006468,test,0,0.98912317,0
coco_006476,test,0,0.87282616,0
coco_006481,test,0,0.27683255,0
coco_006495,test,0,0.76571167,0
coco_006500,test,0,0.32478178,0
coco_006505,test,0,0.80848414,0
coco_006514,test,0,0.3853117,1
coco_006529,test,0,0.9976914,0
coco_006530,test,0,0.3853117,1
coco_006551,test,0,0.3853117,1
coco_006554,test,0,0.9851252,0
coco_006557,test,0,0.997282,0
coco_006571,test,0,0.3853117,1
coco_006576,test,0,0.80745095,0
coco_006579,test,0,0.9999809,0
coco_006580,test,0,0.9815041,0
coco_006582,test,0,0.3853117,1
coco_006586,test,0,0.3853117,1
coco_006593,test,0,0.9932708,0
coco_006594,test,0,0.034569755,0
coco_006610,test,0,0.95056415,0
coco_006635,test,0,0.6316767,0
coco_006644,test,0,0.9849434,0
coco_006655,test,0,0.26594383,0
coco_006665,test,0,0.3853117,1
coco_006668,test,0,0.7297812,0
coco_006688,test,0,0.3853117,1
coco_006689,test,0,0.92296547,0
coco_006702,test,0,0.3853117,1
coco_006712,test,0,0.09038436,0
coco_006721,test,0,0.99946505,0
coco_006726,test,0,0.41387907,0
coco_006745,test,0,0.9701563,0
coco_006746,test,0,0.20494854,0
coco_006757,test,0,0.9489722,0
coco_006768,test,0,0.96712106,0
coco_006773,test,0,0.98678696,0
coco_006777,test,0,0.90432173,0
coco_006790,test,0,0.84752417,0
coco_006792,test,0,0.9672907,0
coco_006800,test,0,0.8318262,0
coco_006813,test,0,0.9980261,0
coco_006820,test,0,0.062105067,0
coco_006829,test,0,0.6207533,0
coco_006831,test,0,0.78496933,0
coco_006832,test,0,0.3853117,1
coco_006833,test,0,0.96903384,0
coco_006840,test,0,0.3853117,1
coco_006853,test,0,0.539796,0
coco_006854,test,0,0.3853117,1
coco_006856,test,0,0.92269236,0
coco_006886,test,0,0.1467198,0
coco_006901,test,0,0.3853117,1
coco_006902,test,0,0.3853117,1
coco_006921,test,0,0.9218705,0
coco_006960,test,0,0.20230085,0
coco_006977,test,0,0.4627233,0
coco_006983,test,0,0.3853117,1
coco_006996,test,0,0.5241882,0
coco_006997,test,0,0.7607829,0
coco_007005,test,0,0.3853117,1
coco_007015,test,0,0.99636686,0
coco_007025,test,0,0.45994416,0
coco_007029,test,0,0.3853117,1
coco_007032,test,0,0.5171071,0
coco_007046,test,0,0.031834126,0
coco_007054,test,0,0.39365667,0
coco_007059,test,0,0.3853117,1
coco_007066,test,0,0.3853117,1
coco_007069,test,0,0.12977913,0
coco_007071,test,0,0.998615,0
coco_007072,test,0,0.10332056,0
coco_007091,test,0,0.8870423,0
coco_007093,test,0,0.37721947,0
coco_007097,test,0,0.99944836,0
coco_007104,test,0,0.3853117,1
coco_007147,test,0,0.3853117,1
coco_007162,test,0,0.9883011,0
coco_007166,test,0,0.3853117,1
coco_007180,test,0,0.9459322,0
coco_007184,test,0,0.47880992,0
coco_007191,test,0,0.85918427,0
coco_007199,test,0,0.2820488,0
coco_007200,test,0,0.3853117,1
coco_007202,test,0,0.9626513,0
coco_007215,test,0,0.3853117,1
coco_007230,test,0,0.6234216,0
coco_007234,test,0,0.98728925,0
coco_007241,test,0,0.81334573,0
coco_007243,test,0,0.9687798,0
coco_007253,test,0,0.03487125,0
coco_007256,test,0,0.031274695,0
coco_007261,test,0,0.047156855,0
coco_007270,test,0,0.3853117,1
coco_007271,test,0,0.8019145,0
coco_007300,test,0,0.9065878,0
coco_007302,test,0,0.9941731,0
coco_007305,test,0,0.9996842,0
coco_007338,test,0,0.3853117,1
coco_007342,test,0,0.32658187,0
coco_007356,test,0,0.5437133,0
coco_007359,test,0,0.3853117,1
coco_007364,test,0,0.89975214,0
coco_007368,test,0,0.6455833,0
coco_007425,test,0,0.99806255,0
coco_007432,test,0,0.99958307,0
coco_007446,test,0,0.89971733,0
coco_007459,test,0,0.9394552,0
coco_007467,test,0,0.9921749,0
coco_007476,test,0,0.9998067,0
coco_007478,test,0,0.89148897,0
coco_007487,test,0,0.9797192,0
coco_007512,test,0,0.9998565,0
coco_007537,test,0,0.3853117,1
coco_007548,test,0,0.087277696,0
coco_007555,test,0,0.97695166,0
coco_007593,test,0,0.3853117,1
coco_007598,test,0,0.3853117,1
coco_007606,test,0,0.3853117,1
coco_007630,test,0,0.949326,0
coco_007645,test,0,0.3853117,1
coco_007648,test,0,0.3853117,1
coco_007651,test,0,0.828022,0
coco_007676,test,0,0.5303698,0
coco_007684,test,0,0.13517968,0
coco_007687,test,0,0.3853117,1
coco_007695,test,0,0.4053793,0
coco_007700,test,0,0.09585117,0
coco_007702,test,0,0.96636033,0
coco_007704,test,0,0.91735524,0
coco_007719,test,0,0.3853117,1
coco_007721,test,0,0.30516976,0
coco_007725,test,0,0.36364385,0
coco_007729,test,0,0.9632961,0
coco_007737,test,0,0.70757645,0
coco_007744,test,0,0.99917763,0
coco_007754,test,0,0.98321664,0
coco_007758,test,0,0.80296284,0
coco_007769,test,0,0.40531653,0
coco_007783,test,0,0.99523133,0
coco_007807,test,0,0.3853117,1
coco_007819,test,0,0.5125552,0
coco_007827,test,0,0.3853117,1
coco_007833,test,0,0.16653611,0
coco_007835,test,0,0.3853117,1
coco_007843,test,0,0.99764156,0
coco_007845,test,0,0.65915734,0
coco_007847,test,0,0.3853117,1
coco_007849,test,0,0.026984075,0
coco_007850,test,0,0.3853117,1
coco_007853,test,0,0.78515345,0
coco_007866,test,0,0.3853117,1
coco_007869,test,0,0.99850696,0
coco_007870,test,0,0.0315291,0
coco_007882,test,0,0.3853117,1
coco_007891,test,0,0.3853117,1
coco_007899,test,0,0.3853117,1
coco_007904,test,0,0.3853117,1
coco_007909,test,0,0.49750102,0
coco_007917,test,0,0.95171475,0
coco_007924,test,0,0.96591526,0
coco_007927,test,0,0.3853117,1
coco_007928,test,0,0.97005624,0
coco_007937,test,0,0.2731574,0
coco_007980,test,0,0.06908462,0
coco_007985,test,0,0.9197934,0
coco_007996,test,0,0.8921629,0
coco_008024,test,0,0.2695087,0
coco_008035,test,0,0.3853117,1
coco_008039,test,0,0.3853117,1
coco_008040,test,0,0.98202723,0
coco_008041,test,0,0.3853117,1
coco_008060,test,0,0.28148496,0
coco_008061,test,0,0.5977433,0
coco_008063,test,0,0.3853117,1
coco_008073,test,0,0.7204324,0
coco_008079,test,0,0.3853117,1
coco_008108,test,0,0.99846077,0
coco_008112,test,0,0.64014864,0
coco_008113,test,0,0.48540652,0
coco_008116,test,0,0.26142818,0
coco_008119,test,0,0.6700971,0
coco_008125,test,0,0.41344973,0
coco_008129,test,0,0.9929021,0
coco_008158,test,0,0.560533,0
coco_008160,test,0,0.99971074,0
coco_008184,test,0,0.9895616,0
coco_008189,test,0,0.3853117,1
coco_008198,test,0,0.99974173,0
coco_008225,test,0,0.3853117,1
coco_008227,test,0,0.3853117,1
coco_008238,test,0,0.7230324,0
coco_008243,test,0,0.3853117,1
coco_008253,test,0,0.38774192,0
coco_008258,test,0,0.998395,0
coco_008259,test,0,0.96671486,0
coco_008301,test,0,0.93541104,0
coco_008302,test,0,0.44992775,0
coco_008304,test,0,0.1398013,0
coco_008310,test,0,0.01430097,0
coco_008312,test,0,0.0990091,0
coco_008333,test,0,0.84392875,0
coco_008347,test,0,0.38304624,0
coco_008352,test,0,0.98922753,0
coco_008371,test,0,0.11123616,0
coco_008374,test,0,0.25897896,0
coco_008376,test,0,0.4416019,0
coco_008379,test,0,0.05095782,0
coco_008380,test,0,0.3853117,1
coco_008386,test,0,0.3853117,1
coco_008388,test,0,0.9989215,0
coco_008395,test,0,0.9989274,0
coco_008398,test,0,0.83779055,0
coco_008407,test,0,0.990602,0
coco_008418,test,0,0.3853117,1
coco_008420,test,0,0.17672168,0
coco_008448,test,0,0.021837337,0
coco_008452,test,0,0.22542596,1
coco_008455,test,0,0.26794928,0
coco_008460,test,0,0.97828466,0
coco_008476,test,0,0.9960471,0
coco_008487,test,0,0.5278169,0
coco_008496,test,0,0.3853117,1
coco_008497,test,0,0.8322693,0
coco_008499,test,0,0.6019816,0
coco_008527,test,0,0.99530005,0
coco_008534,test,0,0.60460734,0
coco_008536,test,0,0.9999832,0
coco_008548,test,0,0.88901985,0
coco_008549,test,0,0.3853117,1
coco_008571,test,0,0.4226788,0
coco_008578,test,0,0.9961527,0
coco_008583,test,0,0.3853117,1
coco_008587,test,0,0.3853117,1
coco_008599,test,0,0.3853117,1
coco_008606,test,0,0.3853117,1
coco_008635,test,0,0.3853117,1
coco_008660,test,0,0.102579966,0
coco_008661,test,0,0.8949618,0
coco_008686,test,0,0.27273712,0
coco_008688,test,0,0.986529,0
coco_008697,test,0,0.3853117,1
coco_008701,test,0,0.3853117,1
coco_008702,test,0,0.9823942,0
coco_008719,test,0,0.00292601,0
coco_008726,test,0,0.96620005,0
coco_008731,test,0,0.9986738,0
coco_008741,test,0,0.10508104,0
coco_008744,test,0,0.94765425,0
coco_008761,test,0,0.3853117,1
coco_008763,test,0,0.9639235,0
coco_008769,test,0,0.33012933,0
coco_008780,test,0,0.822017,0
coco_008794,test,0,0.3853117,1
coco_008798,test,0,0.94666225,0
coco_008819,test,0,0.7360353,0
coco_008836,test,0,0.3853117,1
coco_008839,test,0,0.99925584,0
coco_008840,test,0,0.94020945,0
coco_008850,test,0,0.8382148,0
coco_008880,test,0,0.3853117,1
coco_008881,test,0,0.9948782,0
coco_008882,test,0,0.9844558,0
coco_008908,test,0,0.82558817,0
coco_008919,test,0,0.3853117,1
coco_008924,test,0,0.9376937,0
coco_008926,test,0,0.3853117,1
coco_008928,test,0,0.67347646,0
coco_008944,test,0,0.72133917,0
coco_008945,test,0,0.3853117,1
coco_008946,test,0,0.9263781,0
coco_008951,test,0,0.9954125,0
coco_008968,test,0,0.22728187,0
coco_008972,test,0,0.3853117,1
coco_008973,test,0,0.34410894,0
coco_008981,test,0,0.3853117,1
coco_008982,test,0,0.99816126,0
coco_008991,test,0,0.21728922,0
coco_009000,test,0,0.9615586,0
coco_009003,test,0,0.3853117,1
coco_009010,test,0,0.7383707,0
coco_009025,test,0,0.3853117,1
coco_009026,test,0,0.99275416,0
coco_009032,test,0,0.88041914,0
coco_009035,test,0,0.3853117,1
coco_009040,test,0,0.1860034,0
coco_009042,test,0,0.9896097,0
coco_009051,test,0,0.99991465,0
coco_009053,test,0,0.99336505,0
coco_009060,test,0,0.3853117,1
coco_009073,test,0,0.9993375,0
coco_009079,test,0,0.98076665,0
coco_009080,test,0,0.3853117,1
coco_009089,test,0,0.26687473,0
coco_009094,test,0,0.4323359,0
coco_009106,test,0,0.22748996,0
coco_009113,test,0,0.3853117,1
coco_009128,test,0,0.13890211,0
coco_009131,test,0,0.3853117,1
coco_009137,test,0,0.9394277,0
coco_009139,test,0,0.3853117,1
coco_009144,test,0,0.9993824,0
coco_009160,test,0,0.3853117,1
coco_009168,test,0,0.3853117,1
coco_009171,test,0,0.99997973,0
coco_009173,test,0,0.98993903,0
coco_009177,test,0,0.013206183,0
coco_009179,test,0,0.3853117,1
coco_009180,test,0,0.3853117,1
coco_009185,test,0,0.80417657,0
coco_009189,test,0,0.3853117,1
coco_009191,test,0,0.115907684,0
coco_009199,test,0,0.8565789,0
coco_009203,test,0,0.27551708,0
coco_009208,test,0,0.9940498,0
coco_009227,test,0,0.3853117,1
coco_009238,test,0,0.7674695,0
coco_009257,test,0,0.3853117,1
coco_009270,test,0,0.5145262,0
coco_009278,test,0,0.91745543,0
coco_009286,test,0,0.8460572,0
coco_009294,test,0,0.8870632,0
coco_009317,test,0,0.07333021,0
coco_009320,test,0,0.9998809,0
coco_009331,test,0,0.3853117,1
coco_009345,test,0,0.9998702,0
coco_009348,test,0,0.9863377,0
coco_009359,test,0,0.97801083,0
coco_009361,test,0,0.5084307,0
coco_009387,test,0,0.3853117,1
coco_009408,test,0,0.3853117,1
coco_009424,test,0,0.6804165,0
coco_009432,test,0,0.3853117,1
coco_009440,test,0,0.3853117,1
coco_009441,test,0,0.3853117,1
coco_009443,test,0,0.9161046,0
coco_009445,test,0,0.9273289,0
coco_009446,test,0,0.3853117,1
coco_009450,test,0,0.9943743,0
coco_009467,test,0,0.3853117,1
coco_009470,test,0,0.3853117,1
coco_009488,test,0,0.3853117,1
coco_009503,test,0,0.8173122,0
coco_009512,test,0,0.39687628,0
coco_009519,test,0,0.869994,0
coco_009528,test,0,0.099096835,1
coco_009530,test,0,0.3853117,1
coco_009532,test,0,0.9825743,0
coco_009535,test,0,0.13603052,0
coco_009539,test,0,0.3853117,1
coco_009545,test,0,0.9971827,0
coco_009569,test,0,0.8698609,0
coco_009587,test,0,0.30523342,0
coco_009611,test,0,0.06829313,0
coco_009632,test,0,0.7298756,0
coco_009639,test,0,0.3853117,1
coco_009660,test,0,0.3853117,1
coco_009663,test,0,0.7585079,0
coco_009674,test,0,0.9660633,0
coco_009684,test,0,0.27107224,0
coco_009697,test,0,0.9984446,0
coco_009708,test,0,0.67312676,0
coco_009739,test,0,0.9665054,0
coco_009747,test,0,0.99085265,0
coco_009765,test,0,0.3853117,1
coco_009770,test,0,0.3853117,1
coco_009776,test,0,0.095029086,0
coco_009781,test,0,0.32123855,1
coco_009787,test,0,0.3853117,1
coco_009788,test,0,0.9836917,0
coco_009792,test,0,0.3853117,1
coco_009794,test,0,0.9634375,0
coco_009795,test,0,0.3853117,1
coco_009808,test,0,0.5070216,0
coco_009810,test,0,0.9895377,0
coco_009815,test,0,0.3853117,1
coco_009824,test,0,0.9472734,0
coco_009864,test,0,0.9612985,0
coco_009865,test,0,0.931105,0
coco_009868,test,0,0.99640936,0
coco_009870,test,0,0.99929714,0
coco_009871,test,0,0.92163324,0
coco_009900,test,0,0.49547553,0
coco_009913,test,0,0.60828817,0
coco_009915,test,0,0.98267543,0
coco_009929,test,0,0.9864119,0
coco_009934,test,0,0.3853117,1
coco_009955,test,0,0.9160319,0
coco_009956,test,0,0.3853117,1
coco_009970,test,0,0.9590365,0
coco_009989,test,0,0.3853117,1
coco_009990,test,0,0.6916187,0
coco_009999,test,0,0.613227,0
coco_010001,test,0,0.6143743,0
coco_010009,test,0,0.3853117,1
coco_010016,test,0,0.3853117,1
coco_010023,test,0,0.1594947,0
coco_010030,test,0,0.23518126,0
coco_010043,test,0,0.89201576,0
coco_010055,test,0,0.3853117,1
coco_010078,test,0,0.8958842,0
coco_010099,test,0,0.53311974,0
coco_010123,test,0,0.74954677,0
coco_010125,test,0,0.2169484,0
coco_010129,test,0,0.85643697,0
coco_010148,test,0,0.74295235,0
coco_010166,test,0,0.60628706,0
coco_010182,test,0,0.9556631,0
coco_010185,test,0,0.051485676,0
coco_010189,test,0,0.3853117,1
coco_010216,test,0,0.55417955,0
coco_010217,test,0,0.9821254,0
coco_010242,test,0,0.86039925,0
coco_010249,test,0,0.9707793,0
coco_010262,test,0,0.9337533,0
coco_010276,test,0,0.3853117,1
coco_010277,test,0,0.904464,0
coco_010293,test,0,0.019182546,0
coco_010295,test,0,0.3853117,1
coco_010296,test,0,0.2546306,0
coco_010314,test,0,0.9994454,0
coco_010319,test,0,0.99256825,0
coco_010324,test,0,0.3853117,1
coco_010345,test,0,0.56300884,0
coco_010348,test,0,0.13174471,0
coco_010362,test,0,0.989963,0
coco_010364,test,0,0.3853117,1
coco_010366,test,0,0.335547,0
coco_010385,test,0,0.3853117,1
coco_010393,test,0,0.32382593,0
coco_010401,test,0,0.83847713,0
coco_010411,test,0,0.74464214,0
coco_010416,test,0,0.9185343,0
coco_010417,test,0,0.59648144,0
coco_010424,test,0,0.98645484,0
coco_010429,test,0,0.3853117,1
coco_010450,test,0,0.3853117,1
coco_010471,test,0,0.3853117,1
coco_010473,test,0,0.99761367,0
coco_010482,test,0,0.3853117,1
coco_010490,test,0,0.3853117,1
coco_010495,test,0,0.9955042,0
coco_010505,test,0,0.3853117,1
coco_010506,test,0,0.3853117,1
coco_010511,test,0,0.3853117,1
coco_010524,test,0,0.3853117,1
coco_010535,test,0,0.73657006,0
coco_010561,test,0,0.3853117,1
coco_010563,test,0,0.5978382,0
coco_010597,test,0,0.9999945,0
coco_010606,test,0,0.44097385,0
coco_010608,test,0,0.73470306,0
coco_010610,test,0,0.99999976,0
coco_010612,test,0,0.5272582,0
coco_010615,test,0,0.99152654,0
coco_010618,test,0,0.3853117,1
coco_010634,test,0,0.99956495,0
coco_010635,test,0,0.3853117,1
coco_010641,test,0,0.6162527,0
coco_010647,test,0,0.46302843,0
coco_010654,test,0,0.9332347,0
coco_010656,test,0,0.9708872,0
coco_010658,test,0,0.53553706,0
coco_010661,test,0,0.6157123,0
coco_010704,test,0,0.54638827,0
coco_010705,test,0,0.97985935,0
coco_010714,test,0,0.3853117,1
coco_010724,test,0,0.90818685,0
coco_010728,test,0,0.3853117,1
coco_010729,test,0,0.71562684,0
coco_010738,test,0,0.41174996,0
coco_010739,test,0,0.96195066,0
coco_010744,test,0,0.9895807,0
coco_010748,test,0,0.98217976,0
coco_010762,test,0,0.51997095,0
coco_010771,test,0,0.3853117,1
coco_010772,test,0,0.3853117,1
coco_010781,test,0,0.25895068,0
coco_010787,test,0,0.3853117,1
coco_010796,test,0,0.9257361,0
coco_010807,test,0,0.3853117,1
coco_010808,test,0,0.84192044,0
coco_010820,test,0,0.0037845802,0
coco_010828,test,0,0.9576205,0
coco_010833,test,0,0.97632,0
coco_010837,test,0,0.3853117,1
coco_010841,test,0,0.9977857,0
coco_010851,test,0,0.8654936,0
coco_010854,test,0,0.08860643,0
coco_010887,test,0,0.095325775,0
coco_010889,test,0,0.9675542,0
coco_010893,test,0,0.63234407,0
coco_010899,test,0,0.017349532,0
coco_010907,test,0,0.3853117,1
coco_010916,test,0,0.61366683,0
coco_010929,test,0,0.98487204,0
coco_010954,test,0,0.16672717,0
coco_010984,test,0,0.3853117,1
coco_011024,test,0,0.53505445,0
coco_011035,test,0,0.9288196,0
coco_011053,test,0,0.79503834,0
coco_011060,test,0,0.47290102,0
coco_011061,test,0,0.8466014,0
coco_011069,test,0,0.32490775,0
coco_011100,test,0,0.4440383,0
coco_011101,test,0,0.3853117,1
coco_011115,test,0,0.3853117,1
coco_011117,test,0,0.3853117,1
coco_011145,test,0,0.9978175,0
coco_011185,test,0,0.26123142,1
coco_011192,test,0,0.7909573,0
coco_011201,test,0,0.19914278,0
coco_011206,test,0,0.99535465,0
coco_011217,test,0,0.3853117,1
coco_011229,test,0,0.3853117,1
coco_011260,test,0,0.10560481,0
coco_011268,test,0,0.12229776,0
coco_011270,test,0,0.09461902,0
coco_011273,test,0,0.3853117,1
coco_011277,test,0,0.9956254,0
coco_011282,test,0,0.18228655,0
coco_011288,test,0,0.95727605,0
coco_011299,test,0,0.96085167,0
coco_011305,test,0,0.3853117,1
coco_011317,test,0,0.3853117,1
coco_011326,test,0,0.9449851,0
coco_011333,test,0,0.9824033,0
coco_011346,test,0,0.9799096,0
coco_011371,test,0,0.80346596,0
coco_011378,test,0,0.45409185,0
coco_011379,test,0,0.3853117,1
coco_011393,test,0,0.5163059,0
coco_011415,test,0,0.3853117,1
coco_011420,test,0,0.5035085,0
coco_011424,test,0,0.3853117,1
coco_011428,test,0,0.8407924,0
coco_011446,test,0,0.9419098,0
coco_011465,test,0,0.3853117,1
coco_011467,test,0,0.6875542,0
coco_011471,test,0,0.65544826,0
coco_011481,test,0,0.5544866,0
coco_011482,test,0,0.3853117,1
coco_011520,test,0,0.3853117,1
coco_011529,test,0,0.9968395,0
coco_011535,test,0,0.3853117,1
coco_011537,test,0,0.98724943,0
coco_011541,test,0,0.5302034,0
coco_011546,test,0,0.3853117,1
coco_011562,test,0,0.16415912,0
coco_011568,test,0,0.98343927,0
coco_011570,test,0,0.8970575,0
coco_011584,test,0,0.52632695,0
coco_011588,test,0,0.9957516,0
coco_011590,test,0,0.9716859,0
coco_011620,test,0,0.9972517,0
coco_011630,test,0,0.6210614,0
coco_011635,test,0,0.9906219,0
coco_011639,test,0,0.29737666,0
coco_011687,test,0,0.3853117,1
coco_011688,test,0,0.9853774,0
coco_011696,test,0,0.17572418,0
coco_011700,test,0,0.3853117,1
coco_011705,test,0,0.3853117,1
coco_011733,test,0,0.9903358,0
coco_011743,test,0,0.3853117,1
coco_011750,test,0,0.3853117,1
coco_011765,test,0,0.3853117,1
coco_011766,test,0,0.9984995,0
coco_011780,test,0,0.10507083,0
coco_011781,test,0,0.061620772,0
coco_011788,test,0,0.3853117,1
coco_011808,test,0,0.3853117,1
coco_011829,test,0,0.3853117,1
coco_011832,test,0,0.8666974,0
coco_011847,test,0,0.3853117,1
coco_011850,test,0,0.12561534,0
coco_011852,test,0,0.31502306,0
coco_011855,test,0,0.59264773,0
coco_011880,test,0,0.3853117,1
coco_011881,test,0,0.3846278,0
coco_011886,test,0,0.93788475,0
coco_011893,test,0,0.3853117,1
coco_011905,test,0,0.8836831,0
coco_011914,test,0,0.9950191,1
coco_011924,test,0,0.3853117,1
coco_011929,test,0,0.82513165,0
coco_011949,test,0,0.3853117,1
coco_011962,test,0,0.99282724,1
coco_011964,test,0,0.3853117,1
coco_011975,test,0,0.9422818,0
coco_011984,test,0,0.99691975,0
coco_011991,test,0,0.3853117,1
coco_012020,test,0,0.99602205,0
coco_012039,test,0,0.3853117,1
coco_012041,test,0,0.79350203,0
coco_012061,test,0,0.9716973,0
coco_012073,test,0,0.9410502,0
coco_012105,test,0,0.9998516,0
coco_012118,test,0,0.3853117,1
coco_012209,test,0,0.66441506,0
coco_012224,test,0,0.84438026,0
coco_012234,test,0,0.3853117,1
coco_012243,test,0,0.98358256,0
coco_012254,test,0,0.935526,0
coco_012256,test,0,0.18716799,0
coco_012303,test,0,0.3853117,1
coco_012309,test,0,0.3853117,1
coco_012325,test,0,0.3853117,1
coco_012331,test,0,0.9868773,0
coco_012332,test,0,0.3853117,1
coco_012354,test,0,0.9985043,0
coco_012374,test,0,0.9968106,0
coco_012380,test,0,0.98878735,0
coco_012383,test,0,0.3853117,1
coco_012392,test,0,0.3853117,1
coco_012397,test,0,0.99984455,0
coco_012424,test,0,0.28444913,0
coco_012426,test,0,0.3853117,1
coco_012431,test,0,0.3853117,1
coco_012442,test,0,0.9027728,0
coco_012451,test,0,0.41657645,0
coco_012461,test,0,0.3853117,1
coco_012468,test,0,0.5576268,0
coco_012485,test,0,0.8316211,0
coco_012495,test,0,0.97875434,0
coco_012508,test,0,0.77347803,0
coco_012527,test,0,0.058272216,0
coco_012539,test,0,0.7985827,0
coco_012552,test,0,0.65293217,0
coco_012562,test,0,0.3853117,1
coco_012568,test,0,0.3853117,1
coco_012575,test,0,0.2437475,0
coco_012583,test,0,0.22858623,0
coco_012592,test,0,0.3853117,1
coco_012597,test,0,0.3853117,1
coco_012599,test,0,0.8600487,0
coco_012601,test,0,0.3853117,1
coco_012608,test,0,0.28283015,0
coco_012614,test,0,0.8067642,0
coco_012629,test,0,0.5810977,0
coco_012643,test,0,0.3853117,1
coco_012652,test,0,0.9664218,0
coco_012685,test,0,0.61986244,0
coco_012686,test,0,0.40799788,0
coco_012726,test,0,0.3853117,1
coco_012727,test,0,0.986166,0
coco_012730,test,0,0.3853117,1
coco_012744,test,0,0.9071994,0
coco_012766,test,0,0.3853117,1
coco_012774,test,0,0.3853117,1
coco_012776,test,0,0.85359055,0
coco_012778,test,0,0.99922025,0
coco_012793,test,0,0.3853117,1
coco_012797,test,0,0.3853117,1
coco_012805,test,0,0.99755114,0
coco_012816,test,0,0.3853117,1
coco_012848,test,0,0.9672831,0
coco_012852,test,0,0.99401987,0
coco_012858,test,0,0.68373555,0
coco_012864,test,0,0.030526472,0
coco_012872,test,0,0.98373276,0
coco_012876,test,0,0.3853117,1
coco_012877,test,0,0.2068229,0
coco_012878,test,0,0.95919585,0
coco_012893,test,0,0.95400065,0
coco_012899,test,0,0.20560265,0
coco_012901,test,0,0.9573718,0
coco_012922,test,0,0.3853117,1
coco_012923,test,0,0.3853117,1
coco_012940,test,0,0.3853117,1
coco_012959,test,0,0.445985,0
coco_012972,test,0,0.7761056,0
coco_012977,test,0,0.3853117,1
coco_012979,test,0,0.9931558,0
coco_012983,test,0,0.80647665,0
coco_012991,test,0,0.3853117,1
coco_012993,test,0,0.3853117,1
coco_013004,test,0,0.3853117,1
coco_013018,test,0,0.29294986,0
coco_013024,test,0,0.3853117,1
coco_013028,test,0,0.3853117,1
coco_013036,test,0,0.99984896,0
coco_013041,test,0,0.4551563,0
coco_013043,test,0,0.91918284,0
coco_013045,test,0,0.40295705,0
coco_013053,test,0,0.10993713,0
coco_013066,test,0,0.97722834,0
coco_013072,test,0,0.21207651,0
coco_013087,test,0,0.9971306,0
coco_013093,test,0,0.75599664,0
coco_013094,test,0,0.3853117,1
coco_013095,test,0,0.2600722,0
coco_013107,test,0,0.3853117,1
coco_013108,test,0,0.6862524,0
coco_013112,test,0,0.83489496,0
coco_013121,test,0,0.3853117,1
coco_013123,test,0,0.3853117,1
coco_013139,test,0,0.3853117,1
coco_013140,test,0,0.3853117,1
coco_013143,test,0,0.2606451,0
coco_013147,test,0,0.9978993,0
coco_013171,test,0,0.26776168,0
coco_013181,test,0,0.24158469,0
coco_013200,test,0,0.3853117,1
coco_013208,test,0,0.21229745,0
coco_013214,test,0,0.9603707,0
coco_013222,test,0,0.20823997,0
coco_013226,test,0,0.3853117,1
coco_013237,test,0,0.6177549,0
coco_013246,test,0,0.64848834,0
coco_013247,test,0,0.6641007,0
coco_013259,test,0,0.34152493,0
coco_013268,test,0,0.3853117,1
coco_013269,test,0,0.9949603,0
coco_013272,test,0,0.43626842,0
coco_013280,test,0,0.60560215,0
coco_013285,test,0,0.29428294,0
coco_013305,test,0,0.3853117,1
coco_013323,test,0,0.6220097,0
coco_013333,test,0,0.3853117,1
coco_013344,test,0,0.8812754,0
coco_013348,test,0,0.97793806,0
coco_013354,test,0,0.9395792,0
coco_013362,test,0,0.53476876,0
coco_013365,test,0,0.99920636,0
coco_013388,test,0,0.6221322,0
coco_013409,test,0,0.3853117,1
coco_013415,test,0,0.6779244,0
coco_013419,test,0,0.46382183,0
coco_013428,test,0,0.882553,0
coco_013439,test,0,0.3853117,1
coco_013444,test,0,0.42349494,0
coco_013468,test,0,0.9735806,0
coco_013487,test,0,0.30285752,0
coco_013495,test,0,0.1742447,0
coco_013498,test,0,0.36704966,0
coco_013500,test,0,0.3853117,1
coco_013507,test,0,0.9467016,0
coco_013528,test,0,0.3853117,1
coco_013537,test,0,0.3853117,1
coco_013538,test,0,0.5883675,0
coco_013549,test,0,0.3853117,1
coco_013557,test,0,0.4388495,0
coco_013566,test,0,0.41378722,0
coco_013569,test,0,0.3853117,1
coco_013573,test,0,0.3853117,1
coco_013576,test,0,0.44786626,0
coco_013582,test,0,0.3853117,1
coco_013587,test,0,0.54326415,0
coco_013589,test,0,0.20984122,0
coco_013596,test,0,0.89420795,0
coco_013628,test,0,0.970492,0
coco_013629,test,0,0.3853117,1
coco_013639,test,0,0.94866145,0
coco_013642,test,0,0.6097398,0
coco_013651,test,0,0.12013743,0
coco_013659,test,0,0.9923396,0
coco_013682,test,0,0.87438023,0
coco_013683,test,0,0.3853117,1
coco_013688,test,0,0.3853117,1
coco_013694,test,0,0.97341496,0
coco_013695,test,0,0.08137192,0
coco_013702,test,0,0.3853117,1
coco_013715,test,0,0.3853117,1
coco_013731,test,0,0.99843305,0
coco_013744,test,0,0.3853117,1
coco_013750,test,0,0.20641923,0
coco_013759,test,0,0.3853117,1
coco_013760,test,0,0.3853117,1
coco_013766,test,0,0.8767477,0
coco_013767,test,0,0.46046415,0
coco_013785,test,0,0.07238474,0
coco_013796,test,0,0.1528325,0
coco_013808,test,0,0.92860276,0
coco_013814,test,0,0.3853117,1
coco_013816,test,0,0.25963503,0
coco_013819,test,0,0.9853079,0
coco_013827,test,0,0.7007609,0
coco_013836,test,0,0.4658722,0
coco_013838,test,0,0.99999166,0
coco_013839,test,0,0.3853117,1
coco_013842,test,0,0.968903,0
coco_013846,test,0,0.9977806,0
coco_013857,test,0,0.9985185,0
coco_013871,test,0,0.3853117,1
coco_013879,test,0,0.3853117,1
coco_013882,test,0,0.41676205,0
coco_013888,test,0,0.95991635,0
coco_013898,test,0,0.3314814,0
coco_013899,test,0,0.9967519,0
coco_013901,test,0,0.3853117,1
coco_013902,test,0,0.9998332,0
coco_013917,test,0,0.3853117,1
coco_013922,test,0,0.034912765,0
coco_013935,test,0,0.03364242,0
coco_013944,test,0,0.99706274,0
coco_013945,test,0,0.85182923,0
coco_013969,test,0,0.99990284,0
coco_013978,test,0,0.3853117,1
coco_013993,test,0,0.3853117,1
coco_013996,test,0,0.3853117,1
coco_014014,test,0,0.3853117,1
coco_014016,test,0,0.3853117,1
coco_014017,test,0,0.664981,0
coco_014030,test,0,0.3853117,1
coco_014043,test,0,0.95413,0
coco_014060,test,0,0.62733394,0
coco_014068,test,0,0.9991479,0
coco_014074,test,0,0.5098578,0
coco_014082,test,0,0.3853117,1
coco_014084,test,0,0.9940758,0
coco_014088,test,0,0.9586822,0
coco_014090,test,0,0.96586645,0
coco_014096,test,0,0.962682,0
coco_014102,test,0,0.3853117,1
coco_014107,test,0,0.9824315,0
coco_014114,test,0,0.90317166,0
coco_014117,test,0,0.055993333,0
coco_014119,test,0,0.56276244,0
coco_014120,test,0,0.58791757,0
coco_014129,test,0,0.3853117,1
coco_014139,test,0,0.6313686,0
coco_014144,test,0,0.04026416,0
coco_014145,test,0,0.9248967,0
coco_014153,test,0,0.3853117,1
coco_014164,test,0,0.3853117,1
coco_014210,test,0,0.3853117,1
coco_014212,test,0,0.7172311,0
coco_014217,test,0,0.06496756,0
coco_014235,test,0,0.5219604,0
coco_014239,test,0,0.9670993,0
coco_014255,test,0,0.9999738,0
coco_014258,test,0,0.3853117,1
coco_014266,test,0,0.5715592,0
coco_014274,test,0,0.3853117,1
coco_014275,test,0,0.9965913,0
coco_014277,test,0,0.3853117,1
coco_014293,test,0,0.8110349,0
coco_014327,test,0,0.6326754,0
coco_014339,test,0,0.94614816,0
coco_014340,test,0,0.3853117,1
coco_014347,test,0,0.96176183,0
coco_014366,test,0,0.032339063,0
coco_014368,test,0,0.999951,0
coco_014370,test,0,0.040029325,0
coco_014380,test,0,0.04037739,0
coco_014382,test,0,0.6620952,0
coco_014420,test,0,0.99695325,0
coco_014433,test,0,0.13853133,0
coco_014484,test,0,0.9801339,0
coco_014490,test,0,0.990547,0
coco_014492,test,0,0.98565763,0
coco_014503,test,0,0.30606264,0
coco_014515,test,0,0.9962553,0
coco_014520,test,0,0.99973375,0
coco_014578,test,0,0.5690321,0
coco_014579,test,0,0.3853117,1
coco_014580,test,0,0.3853117,1
coco_014613,test,0,0.3853117,1
coco_014626,test,0,0.94472575,0
coco_014627,test,0,0.7685809,0
coco_014642,test,0,0.3853117,1
coco_014649,test,0,0.9918285,0
coco_014655,test,0,0.3853117,1
coco_014666,test,0,0.3853117,1
coco_014680,test,0,0.3853117,1
coco_014691,test,0,0.3853117,1
coco_014710,test,0,0.3853117,1
coco_014723,test,0,0.9930347,0
coco_014749,test,0,0.7995046,0
coco_014752,test,0,0.6399812,0
coco_014759,test,0,0.9995627,0
coco_014768,test,0,0.99816895,0
coco_014777,test,0,0.5956267,0
coco_014796,test,0,0.8230244,0
coco_014803,test,0,0.7171944,0
coco_014805,test,0,0.3853117,1
coco_014832,test,0,0.7095973,0
coco_014833,test,0,0.9855003,0
coco_014837,test,0,0.3853117,1
coco_014843,test,0,0.99968684,0
coco_014858,test,0,0.9896953,0
coco_014859,test,0,0.8808181,0
coco_014860,test,0,0.3853117,1
coco_014879,test,0,0.8551813,0
coco_014881,test,0,0.99903274,0
coco_014885,test,0,0.8685346,0
coco_014900,test,0,0.9740224,0
coco_014910,test,0,0.3853117,1
coco_014911,test,0,0.3853117,1
coco_014915,test,0,0.027915955,0
coco_014920,test,0,0.3853117,1
coco_014926,test,0,0.3853117,1
coco_014931,test,0,0.44275805,0
coco_014933,test,0,0.99828064,0
coco_014935,test,0,0.5310349,0
coco_014948,test,0,0.850659,0
coco_014952,test,0,0.36170545,0
coco_014960,test,0,0.3853117,1
coco_014979,test,0,0.3853117,1
coco_014984,test,0,0.3853117,1
coco_014987,test,0,0.9362845,0
coco_015001,test,0,0.9446473,0
coco_015002,test,0,0.052790366,0
coco_015007,test,0,0.3853117,1
coco_015013,test,0,0.9999974,0
coco_015023,test,0,0.3853117,1
coco_015064,test,0,0.51276654,0
coco_015075,test,0,0.3853117,1
coco_015090,test,0,0.3853117,1
coco_015092,test,0,0.3853117,1
coco_015103,test,0,0.750759,0
coco_015104,test,0,0.2042402,0
coco_015116,test,0,0.99917704,0
coco_015125,test,0,0.9899967,0
coco_015126,test,0,0.6135642,0
coco_015145,test,0,0.9945938,0
coco_015146,test,0,0.9383397,0
coco_015149,test,0,0.120641775,0
coco_015154,test,0,0.3853117,1
coco_015156,test,0,0.9990909,0
coco_015159,test,0,0.3853117,1
coco_015194,test,0,0.9344278,0
coco_015199,test,0,0.47313297,0
coco_015230,test,0,0.3853117,1
coco_015237,test,0,0.78011876,0
coco_015245,test,0,0.34556603,0
coco_015246,test,0,0.38725498,1
coco_015262,test,0,0.9867851,0
coco_015264,test,0,0.29658082,0
coco_015266,test,0,0.3853117,1
coco_015275,test,0,0.9996954,0
coco_015279,test,0,0.61036974,0
coco_015287,test,0,0.3853117,1
coco_015296,test,0,0.6575671,0
coco_015305,test,0,0.087046094,0
coco_015323,test,0,0.3853117,1
coco_015328,test,0,0.3853117,1
coco_015334,test,0,0.9999387,0
coco_015346,test,0,0.5746478,0
coco_015350,test,0,0.3853117,1
coco_015354,test,0,0.3853117,1
coco_015356,test,0,0.3853117,1
coco_015383,test,0,0.3853117,1
coco_015393,test,0,0.72029674,0
coco_015426,test,0,0.9993461,0
coco_015427,test,0,0.3853117,1
coco_015429,test,0,0.3853117,1
coco_015433,test,0,0.3853117,1
coco_015434,test,0,0.8963835,0
coco_015451,test,0,0.9259002,0
coco_015456,test,0,0.3853117,1
coco_015458,test,0,0.5293591,0
coco_015466,test,0,0.3853117,1
coco_015471,test,0,0.99898034,0
coco_015472,test,0,0.9937605,0
coco_015474,test,0,0.1508385,0
coco_015487,test,0,0.3853117,1
coco_015495,test,0,0.3853117,1
coco_015498,test,0,0.8417349,0
coco_015509,test,0,0.9923618,0
coco_015510,test,0,0.9978738,0
coco_015523,test,0,0.3853117,1
coco_015530,test,0,0.99869823,0
coco_015532,test,0,0.3853117,1
coco_015548,test,0,0.47491568,0
coco_015554,test,0,0.5817532,0
coco_015567,test,0,0.99958426,0
coco_015570,test,0,0.22882833,0
coco_015574,test,0,0.3853117,1
coco_015580,test,0,0.98922837,0
coco_015581,test,0,0.12451364,0
coco_015583,test,0,0.3853117,1
coco_015585,test,0,0.21441446,0
coco_015600,test,0,0.97448957,0
coco_015609,test,0,0.2953889,0
coco_015616,test,0,0.97983587,0
coco_015620,test,0,0.3853117,1
coco_015621,test,0,0.3853117,1
coco_015624,test,0,0.84675545,0
coco_015626,test,0,0.94128346,0
coco_015635,test,0,0.3853117,1
coco_015639,test,0,0.3853117,1
coco_015646,test,0,0.55104834,0
coco_015651,test,0,0.3853117,1
coco_015656,test,0,0.050386254,0
coco_015657,test,0,0.3853117,1
coco_015670,test,0,0.54385805,0
coco_015685,test,0,0.53011817,0
coco_015700,test,0,0.999619,0
coco_015707,test,0,0.9852609,0
coco_015710,test,0,0.9736945,0
coco_015723,test,0,0.31493613,0
coco_015727,test,0,0.9804458,0
coco_015729,test,0,0.9588406,0
coco_015756,test,0,0.3853117,1
coco_015765,test,0,0.02536537,0
coco_015775,test,0,0.88323337,0
coco_015778,test,0,0.6116971,0
coco_015835,test,0,0.11197481,0
coco_015889,test,0,0.601188,0
coco_015890,test,0,0.6596519,0
coco_015905,test,0,0.3853117,1
coco_015907,test,0,0.99942845,0
coco_015914,test,0,0.9837773,0
coco_015931,test,0,0.14568733,0
coco_015935,test,0,0.3853117,1
coco_015941,test,0,0.86345786,0
coco_015943,test,0,0.3853117,1
coco_015948,test,0,0.9995503,0
coco_015955,test,0,0.3853117,1
coco_015980,test,0,0.99205667,0
coco_015994,test,0,0.3853117,1
coco_016011,test,0,0.76934206,0
coco_016014,test,0,0.99827456,0
coco_016020,test,0,0.3853117,1
coco_016032,test,0,0.8775722,0
coco_016039,test,0,0.3853117,1
coco_016041,test,0,0.9761697,0
coco_016042,test,0,0.3853117,1
coco_016059,test,0,0.95333344,0
coco_016069,test,0,0.9809606,0
coco_016077,test,0,0.3853117,1
coco_016080,test,0,0.9992681,0
coco_016097,test,0,0.3853117,1
coco_016102,test,0,0.3853117,1
coco_016103,test,0,0.64930636,0
coco_016107,test,0,0.3853117,1
coco_016110,test,0,0.9178281,0
coco_016134,test,0,0.4667002,1
coco_016138,test,0,0.9562855,0
coco_016149,test,0,0.3853117,1
coco_016160,test,0,0.9977756,0
coco_016172,test,0,0.91587746,0
coco_016176,test,0,0.6417177,0
coco_016181,test,0,0.72782654,0
coco_016200,test,0,0.9197171,0
coco_016213,test,0,0.025037983,0
coco_016218,test,0,0.3853117,1
coco_016219,test,0,0.8444246,0
coco_016220,test,0,0.61626893,0
coco_016231,test,0,0.3853117,1
coco_016232,test,0,0.3853117,1
coco_016237,test,0,0.12959558,0
coco_016246,test,0,0.9583886,0
coco_016283,test,0,0.3853117,1
coco_016287,test,0,0.99347246,0
coco_016289,test,0,0.51267195,0
coco_016302,test,0,0.3853117,1
coco_016303,test,0,0.35523415,0
coco_016312,test,0,0.12203805,0
coco_016313,test,0,0.775064,0
coco_016333,test,0,0.1360808,0
coco_016338,test,0,0.0037350638,0
coco_016342,test,0,0.3853117,1
coco_016344,test,0,0.3853117,1
coco_016360,test,0,0.7223823,0
coco_016381,test,0,0.22740194,0
coco_016387,test,0,0.051145136,1
coco_016389,test,0,0.5998003,0
coco_016391,test,0,0.3853117,1
coco_016402,test,0,0.3853117,1
coco_016404,test,0,0.9765365,0
coco_016424,test,0,0.3853117,1
coco_016428,test,0,0.3853117,1
coco_016430,test,0,0.95561445,0
coco_016460,test,0,0.18461995,0
coco_016465,test,0,0.37698245,0
coco_016471,test,0,0.8879932,0
coco_016481,test,0,0.3853117,1
coco_016487,test,0,0.3853117,1
coco_016491,test,0,0.3853117,1
coco_016493,test,0,0.25657472,0
coco_016505,test,0,0.3853117,1
coco_016522,test,0,0.3853117,1
coco_016533,test,0,0.9556348,0
coco_016537,test,0,0.9864037,0
coco_016559,test,0,0.22963212,0
coco_016567,test,0,0.99962294,0
coco_016584,test,0,0.7780703,0
coco_016589,test,0,0.3853117,1
coco_016593,test,0,0.3853117,1
coco_016599,test,0,0.94825006,0
coco_016600,test,0,0.9797662,0
coco_016608,test,0,0.96012694,0
coco_016630,test,0,0.12759365,0
coco_016631,test,0,0.7879576,0
coco_016643,test,0,0.3853117,1
coco_016645,test,0,0.3853117,1
coco_016646,test,0,0.3853117,1
coco_016663,test,0,0.31124532,0
coco_016671,test,0,0.9484083,0
coco_016690,test,0,0.9541379,0
coco_016698,test,0,0.9994276,0
coco_016707,test,0,0.13395077,0
coco_016712,test,0,0.3853117,1
coco_016722,test,0,0.98861897,0
coco_016730,test,0,0.9888832,0
coco_016744,test,0,0.54853237,0
coco_016757,test,0,0.99982554,0
coco_016766,test,0,0.99978083,0
coco_016770,test,0,0.28640062,0
coco_016775,test,0,0.3853117,1
coco_016785,test,0,0.3853117,1
coco_016787,test,0,0.71067417,0
coco_016801,test,0,0.5302393,0
coco_016815,test,0,0.3853117,1
coco_016826,test,0,0.25047356,0
coco_016829,test,0,0.9604485,0
coco_016851,test,0,0.98811346,0
coco_016862,test,0,0.7405165,0
coco_016863,test,0,0.3853117,1
coco_016869,test,0,0.6483207,0
coco_016873,test,0,0.9930716,0
coco_016887,test,0,0.9641142,0
coco_016899,test,0,0.8045896,0
coco_016916,test,0,0.3853117,1
coco_016946,test,0,0.92033595,0
coco_016948,test,0,0.79251117,0
coco_016950,test,0,0.99579155,0
coco_016963,test,0,0.23096168,0
coco_016971,test,0,0.3853117,1
coco_016973,test,0,0.9429109,0
coco_016981,test,0,0.89233637,0
coco_016984,test,0,0.48246086,0
coco_017011,test,0,0.35010546,0
coco_017018,test,0,0.6880194,0
coco_017041,test,0,0.3652279,0
coco_017048,test,0,0.2996539,0
coco_017051,test,0,0.9454356,0
coco_017053,test,0,0.3853117,1
coco_017058,test,0,0.13292225,0
coco_017075,test,0,0.3853117,1
coco_017077,test,0,0.5068472,0
coco_017078,test,0,0.33760512,0
coco_017082,test,0,0.2922683,0
coco_017086,test,0,0.3853117,1
coco_017102,test,0,0.3853117,1
coco_017111,test,0,0.3853117,1
coco_017150,test,0,0.9992872,0
coco_017189,test,0,0.64866906,0
coco_017192,test,0,0.88512903,0
coco_017193,test,0,0.3853117,1
coco_017201,test,0,0.28593957,0
coco_017206,test,0,0.3853117,1
coco_017210,test,0,0.3853117,1
coco_017211,test,0,0.3853117,1
coco_017214,test,0,0.74041176,0
coco_017222,test,0,0.3853117,1
coco_017226,test,0,0.8099331,0
coco_017235,test,0,0.995481,0
coco_017251,test,0,0.9963225,0
coco_017285,test,0,0.3853117,1
coco_017289,test,0,0.99938977,0
coco_017296,test,0,0.98304635,0
coco_017303,test,0,0.16977982,0
coco_017316,test,0,0.99036354,0
coco_017333,test,0,0.26615813,0
coco_017345,test,0,0.98587847,0
coco_017348,test,0,0.9890647,0
coco_017356,test,0,0.796429,1
coco_017357,test,0,0.3853117,1
coco_017386,test,0,0.4451519,0
coco_017388,test,0,0.9976407,0
coco_017407,test,0,0.9996369,0
coco_017410,test,0,0.16291796,0
coco_017424,test,0,0.3145737,0
coco_017440,test,0,0.058581006,0
coco_017448,test,0,0.500894,0
coco_017452,test,0,0.3853117,1
coco_017464,test,0,0.8114505,0
coco_017465,test,0,0.3853117,1
coco_017482,test,0,0.8324681,0
coco_017498,test,0,0.3853117,1
coco_017510,test,0,0.14394327,0
coco_017514,test,0,0.3853117,1
coco_017517,test,0,0.3853117,1
coco_017521,test,0,0.8955757,0
coco_017523,test,0,0.780437,0
coco_017526,test,0,0.730061,0
coco_017527,test,0,0.99988043,0
coco_017538,test,0,0.3853117,1
coco_017571,test,0,0.99785185,0
coco_017576,test,0,0.010681248,0
coco_017577,test,0,0.9868656,0
coco_017578,test,0,0.9727797,0
coco_017585,test,0,0.27276954,0
coco_017594,test,0,0.9743144,0
coco_017597,test,0,0.3853117,1
coco_017603,test,0,0.99285924,0
coco_017617,test,0,0.3853117,1
coco_017642,test,0,0.3853117,1
coco_017663,test,0,0.7967206,0
coco_017669,test,0,0.72651297,0
coco_017680,test,0,0.75907594,0
coco_017685,test,0,0.2353059,0
coco_017687,test,0,0.76375324,0
coco_017703,test,0,0.93639106,0
coco_017705,test,0,0.8823741,0
coco_017732,test,0,0.9199094,0
coco_017744,test,0,0.90855014,0
coco_017750,test,0,0.3853117,1
coco_017757,test,0,0.4928231,0
coco_017763,test,0,0.4471116,0
coco_017792,test,0,0.8555883,0
coco_017838,test,0,0.7611302,0
coco_017842,test,0,0.3853117,1
coco_017863,test,0,0.3853117,1
coco_017870,test,0,0.99226534,0
coco_017886,test,0,0.9544202,0
coco_017894,test,0,0.9818362,0
coco_017924,test,0,0.3853117,1
coco_017944,test,0,0.88944036,0
coco_017953,test,0,0.097211555,0
coco_017955,test,0,0.5349149,0
coco_017960,test,0,0.3853117,1
coco_017965,test,0,0.018600654,0
coco_017980,test,0,0.9362749,0
coco_017986,test,0,0.8401665,0
coco_017987,test,0,0.3853117,1
coco_017995,test,0,0.3853117,1
coco_018005,test,0,0.6961091,0
coco_018013,test,0,0.91160166,0
coco_018080,test,0,0.9914097,0
coco_018081,test,0,0.38579917,0
coco_018082,test,0,0.52906865,0
coco_018115,test,0,0.3853117,1
coco_018117,test,0,0.3853117,1
coco_018137,test,0,0.3853117,1
coco_018141,test,0,0.9451597,0
coco_018145,test,0,0.95736784,0
coco_018148,test,0,0.3853117,1
coco_018152,test,0,0.9967661,0
coco_018160,test,0,0.24427618,0
coco_018171,test,0,0.695135,0
coco_018178,test,0,0.99990153,0
coco_018179,test,0,0.3853117,1
coco_018181,test,0,0.3853117,1
coco_018189,test,0,0.6633203,0
coco_018194,test,0,0.3853117,1
coco_018199,test,0,0.3853117,1
coco_018207,test,0,0.80081254,0
coco_018212,test,0,0.96841294,0
coco_018216,test,0,0.18229033,0
coco_018230,test,0,0.9958687,0
coco_018232,test,0,0.7578736,0
coco_018248,test,0,0.3853117,1
coco_018256,test,0,0.944112,0
coco_018257,test,0,0.99941754,0
coco_018258,test,0,0.7678857,0
coco_018267,test,0,0.74211764,0
coco_018269,test,0,0.9987632,0
coco_018271,test,0,0.9954478,0
coco_018285,test,0,0.3853117,1
coco_018286,test,0,0.8696849,0
coco_018287,test,0,0.3853117,1
coco_018309,test,0,0.9502856,0
coco_018321,test,0,0.3853117,1
coco_018339,test,0,0.16750157,0
coco_018350,test,0,0.3853117,1
coco_018361,test,0,0.9684312,0
coco_018364,test,0,0.3853117,1
coco_018379,test,0,0.58881855,0
coco_018393,test,0,0.3853117,1
coco_018414,test,0,0.9952931,0
coco_018421,test,0,0.3853117,1
coco_018430,test,0,0.17739545,0
coco_018456,test,0,0.97083235,0
coco_018457,test,0,0.99421173,0
coco_018462,test,0,0.7260144,0
coco_018464,test,0,0.3853117,1
coco_018465,test,0,0.95534074,0
coco_018501,test,0,0.9959533,0
coco_018534,test,0,0.3144945,0
coco_018552,test,0,0.35082826,0
coco_018569,test,0,0.6863723,1
coco_018575,test,0,0.17070937,0
coco_018597,test,0,0.28376728,0
coco_018600,test,0,0.68596643,0
coco_018603,test,0,0.3853117,1
coco_018613,test,0,0.18289866,0
coco_018618,test,0,0.93549186,0
coco_018620,test,0,0.8048989,0
coco_018623,test,0,0.8064404,0
coco_018634,test,0,0.63118464,0
coco_018639,test,0,0.3853117,1
coco_018644,test,0,0.3853117,1
coco_018660,test,0,0.4203535,0
coco_018664,test,0,0.39579538,0
coco_018666,test,0,0.96841455,0
coco_018669,test,0,0.66802263,0
coco_018674,test,0,0.87111396,0
coco_018678,test,0,0.68073183,0
coco_018690,test,0,0.3853117,1
coco_018713,test,0,0.78571695,0
coco_018715,test,0,0.01879934,0
coco_018716,test,0,0.3853117,1
coco_018718,test,0,0.3853117,1
coco_018719,test,0,0.3853117,1
coco_018727,test,0,0.12942694,0
coco_018729,test,0,0.46709836,0
coco_018739,test,0,0.5234257,0
coco_018740,test,0,0.9965088,0
coco_018748,test,0,0.7313439,0
coco_018750,test,0,0.97369903,0
coco_018762,test,0,0.98826516,0
coco_018771,test,0,0.9658279,0
coco_018774,test,0,0.6846765,0
coco_018787,test,0,0.9775259,0
coco_018796,test,0,0.9072806,0
coco_018798,test,0,0.9781446,0
coco_018807,test,0,0.3853117,1
coco_018819,test,0,0.6842489,0
coco_018836,test,0,0.3853117,1
coco_018843,test,0,0.5703023,0
coco_018857,test,0,0.3853117,1
coco_018872,test,0,0.094496116,0
coco_018874,test,0,0.8973079,0
coco_018875,test,0,0.27431053,0
coco_018883,test,0,0.7332788,0
coco_018885,test,0,0.068967074,0
coco_018894,test,0,0.9871902,0
coco_018895,test,0,0.035415586,0
coco_018909,test,0,0.86939317,0
coco_018946,test,0,0.9972625,0
coco_018952,test,0,0.92293215,0
coco_018956,test,0,0.85581326,0
coco_018970,test,0,0.50499845,0
coco_018973,test,0,0.5866711,0
coco_018976,test,0,0.003493599,0
coco_019016,test,0,0.47833756,0
coco_019018,test,0,0.3853117,1
coco_019021,test,0,0.9553996,0
coco_019029,test,0,0.44084054,0
coco_019030,test,0,0.3853117,1
coco_019037,test,0,0.97022635,0
coco_019049,test,0,0.69567764,0
coco_019055,test,0,0.4224438,0
coco_019057,test,0,0.6931209,0
coco_019070,test,0,0.9894393,0
coco_019082,test,0,0.3853117,1
coco_019084,test,0,0.9764866,0
coco_019085,test,0,0.36158693,0
coco_019096,test,0,0.96309716,0
coco_019135,test,0,0.007701104,0
coco_019136,test,0,0.7029788,0
coco_019138,test,0,0.9561116,0
coco_019139,test,0,0.997494,0
coco_019140,test,0,0.7319546,0
coco_019142,test,0,0.58086264,0
coco_019146,test,0,0.9918223,0
coco_019147,test,0,0.929028,0
coco_019153,test,0,0.44455215,0
coco_019161,test,0,0.3853117,1
coco_019169,test,0,0.27172792,0
coco_019170,test,0,0.60748136,0
coco_019172,test,0,0.3853117,1
coco_019187,test,0,0.5964526,0
coco_019191,test,0,0.3853117,1
coco_019198,test,0,0.997703,0
coco_019213,test,0,0.99820495,0
coco_019240,test,0,0.9943039,0
coco_019245,test,0,0.9990145,0
coco_019250,test,0,0.37616906,1
coco_019275,test,0,0.3853117,1
coco_019278,test,0,0.3853117,1
coco_019287,test,0,0.46780482,0
coco_019296,test,0,0.3853117,1
coco_019297,test,0,0.96574533,0
coco_019305,test,0,0.3853117,1
coco_019318,test,0,0.3853117,1
coco_019326,test,0,0.5175922,0
coco_019344,test,0,0.3853117,1
coco_019346,test,0,0.28249457,0
coco_019348,test,0,0.8361125,0
coco_019387,test,0,0.08728001,0
coco_019404,test,0,0.25617322,0
coco_019408,test,0,0.3853117,1
coco_019411,test,0,0.41110888,0
coco_019413,test,0,0.7074338,0
coco_019414,test,0,0.3853117,1
coco_019415,test,0,0.58691376,0
coco_019422,test,0,0.117142916,0
coco_019454,test,0,0.3853117,1
coco_019458,test,0,0.3853117,1
coco_019460,test,0,0.3853117,1
coco_019462,test,0,0.23235871,0
coco_019474,test,0,0.3853117,1
coco_019475,test,0,0.3853117,1
coco_019479,test,0,0.33185756,0
coco_019486,test,0,0.3853117,1
coco_019498,test,0,0.9925357,0
coco_019508,test,0,0.97439927,0
coco_019523,test,0,0.967661,0
coco_019526,test,0,0.88081473,0
coco_019536,test,0,0.5265734,0
coco_019543,test,0,0.047537792,0
coco_019597,test,0,0.3853117,1
coco_019602,test,0,0.86973196,0
coco_019613,test,0,0.27983156,0
coco_019617,test,0,0.99964535,0
coco_019621,test,0,0.3853117,1
coco_019630,test,0,0.9997125,0
coco_019633,test,0,0.91800505,0
coco_019638,test,0,0.3853117,1
coco_019658,test,0,0.7709078,0
coco_019660,test,0,0.98026145,0
coco_019665,test,0,0.99870086,0
coco_019666,test,0,0.52378833,0
coco_019669,test,0,0.10659392,0
coco_019673,test,0,0.3853117,1
coco_019692,test,0,0.9909149,0
coco_019696,test,0,0.82605034,0
coco_019700,test,0,0.07079307,0
coco_019718,test,0,0.68050057,0
coco_019732,test,0,0.10631998,0
coco_019741,test,0,0.97513324,0
coco_019761,test,0,0.3853117,1
coco_019774,test,0,0.83247304,0
coco_019806,test,0,0.4524315,0
coco_019824,test,0,0.3853117,1
coco_019840,test,0,0.24729547,0
coco_019841,test,0,0.3853117,1
coco_019856,test,0,0.98065186,0
coco_019859,test,0,0.1772208,1
coco_019866,test,0,0.82821673,0
coco_019871,test,0,0.3853117,1
coco_019872,test,0,0.9761779,0
coco_019875,test,0,0.7082983,0
coco_019880,test,0,0.9377169,0
coco_019884,test,0,0.020152764,0
coco_019886,test,0,0.5278801,0
coco_019889,test,0,0.8285954,0
coco_019893,test,0,0.66038626,0
coco_019903,test,0,0.81866586,0
coco_019908,test,0,0.9637139,0
coco_019911,test,0,0.9999553,0
coco_019912,test,0,0.3853117,1
coco_019913,test,0,0.0086434055,0
coco_019919,test,0,0.90642273,0
coco_019929,test,0,0.3853117,1
coco_019961,test,0,0.9895387,0
coco_019964,test,0,0.88536054,0
coco_019971,test,0,0.31496498,0
coco_019974,test,0,0.4534724,0
coco_019979,test,0,0.99947196,0
coco_019995,test,0,0.9711066,0
coco_019997,test,0,0.97932136,0
coco_020007,test,0,0.6604754,0
coco_020016,test,0,0.97465354,0
coco_020025,test,0,0.3853117,1
coco_020041,test,0,0.3853117,1
coco_020065,test,0,0.9915803,0
coco_020070,test,0,0.88585484,0
coco_020071,test,0,0.4251201,0
coco_020082,test,0,0.3853117,1
coco_020083,test,0,0.8437163,0
coco_020130,test,0,0.10928606,0
coco_020148,test,0,0.9633991,0
coco_020153,test,0,0.9996728,0
coco_020165,test,0,0.3853117,1
coco_020166,test,0,0.3853117,1
coco_020181,test,0,0.3853117,1
coco_020186,test,0,0.2912564,0
coco_020216,test,0,0.3853117,1
coco_020224,test,0,0.049979802,0
coco_020233,test,0,0.93152523,0
coco_020253,test,0,0.3853117,1
coco_020260,test,0,0.18512313,0
coco_020264,test,0,0.64171225,0
coco_020265,test,0,0.51111346,0
coco_020284,test,0,0.9959848,0
coco_020286,test,0,0.7278725,0
coco_020292,test,0,0.97209847,0
coco_020294,test,0,0.3853117,1
coco_020296,test,0,0.34328106,0
coco_020302,test,0,0.3853117,1
coco_020315,test,0,0.84803313,0
coco_020320,test,0,0.07305054,0
coco_020331,test,0,0.3853117,1
coco_020345,test,0,0.040047012,0
coco_020357,test,0,0.3853117,1
coco_020361,test,0,0.9633499,0
coco_020410,test,0,0.3853117,1
coco_020427,test,0,0.9810672,0
coco_020438,test,0,0.9785196,0
coco_020459,test,0,0.6029702,0
coco_020470,test,0,0.3853117,1
coco_020472,test,0,0.95586705,0
coco_020505,test,0,0.608598,0
coco_020509,test,0,0.3853117,1
coco_020532,test,0,0.3853117,1
coco_020537,test,0,0.3678152,0
coco_020540,test,0,0.3853117,1
coco_020543,test,0,0.8529351,0
coco_020544,test,0,0.29843223,0
coco_020549,test,0,0.3853117,1
coco_020556,test,0,0.9652043,0
coco_020557,test,0,0.3612256,0
coco_020561,test,0,0.90108424,0
coco_020569,test,0,0.64492047,0
coco_020583,test,0,0.9865298,0
coco_020585,test,0,0.4562657,0
coco_020617,test,0,0.3853117,1
coco_020620,test,0,0.98938763,0
coco_020635,test,0,0.3853117,1
coco_020636,test,0,0.9999263,0
coco_020642,test,0,0.93080074,0
coco_020649,test,0,0.99854773,0
coco_020653,test,0,0.36484107,0
coco_020660,test,0,0.9995777,0
coco_020693,test,0,0.9528032,0
coco_020701,test,0,0.46884128,0
coco_020708,test,0,0.09630439,0
coco_020711,test,0,0.9836864,0
coco_020712,test,0,0.96074504,0
coco_020718,test,0,0.3853117,1
coco_020720,test,0,0.3853117,1
coco_020721,test,0,0.3853117,1
coco_020727,test,0,0.3853117,1
coco_020733,test,0,0.15716663,0
coco_020734,test,0,0.99147594,0
coco_020748,test,0,0.79788744,0
coco_020755,test,0,0.03155441,0
coco_020766,test,0,0.9997329,0
coco_020774,test,0,0.9932427,0
coco_020777,test,0,0.78496766,0
coco_020784,test,0,0.85657287,0
coco_020797,test,0,0.84523976,0
coco_020800,test,0,0.9971865,0
coco_020826,test,0,0.3853117,1
coco_020829,test,0,0.051858287,0
coco_020848,test,0,0.3853117,1
coco_020853,test,0,0.91696733,0
coco_020864,test,0,0.3853117,1
coco_020883,test,0,0.7822417,0
coco_020897,test,0,0.5061591,0
coco_020902,test,0,0.09746272,0
coco_020904,test,0,0.44979635,0
coco_020908,test,0,0.99387556,0
coco_020919,test,0,0.3853117,1
coco_020930,test,0,0.3853117,1
coco_020945,test,0,0.3853117,1
coco_020947,test,0,0.9747507,0
coco_020952,test,0,0.035828713,0
coco_020962,test,0,0.79848295,0
coco_020967,test,0,0.956475,0
coco_020987,test,0,0.9816722,0
coco_021001,test,0,0.79991496,0
coco_021003,test,0,0.82897353,0
coco_021006,test,0,0.3853117,1
coco_021007,test,0,0.99992394,0
coco_021017,test,0,0.76828134,0
coco_021020,test,0,0.8325052,0
coco_021021,test,0,0.34502158,0
coco_021023,test,0,0.8754073,0
coco_021029,test,0,0.3853117,1
coco_021034,test,0,0.99969375,0
coco_021045,test,0,0.86965233,0
coco_021049,test,0,0.9156913,0
coco_021053,test,0,0.3853117,1
coco_021055,test,0,0.99416983,0
coco_021066,test,0,0.6875144,0
coco_021084,test,0,0.99999905,0
coco_021106,test,0,0.3853117,1
coco_021112,test,0,0.9998553,0
coco_021117,test,0,0.3853117,1
coco_021135,test,0,0.3853117,1
coco_021138,test,0,0.9550706,0
coco_021141,test,0,0.3853117,1
coco_021144,test,0,0.15080439,0
coco_021150,test,0,0.3853117,1
coco_021168,test,0,0.9932006,0
coco_021185,test,0,0.3853117,1
coco_021188,test,0,0.9686189,0
coco_021190,test,0,0.3853117,1
coco_021198,test,0,0.3853117,1
coco_021202,test,0,0.29769188,0
coco_021213,test,0,0.9906177,0
coco_021221,test,0,0.7888941,0
coco_021226,test,0,0.3853117,1
coco_021239,test,0,0.3853117,1
coco_021247,test,0,0.9969446,0
coco_021255,test,0,0.19442712,0
coco_021267,test,0,0.3853117,1
coco_021293,test,0,0.9742329,0
coco_021294,test,0,0.3853117,1
coco_021296,test,0,0.51380605,0
coco_021309,test,0,0.3853117,1
coco_021321,test,0,0.3853117,1
coco_021325,test,0,0.3853117,1
coco_021335,test,0,0.7707077,0
coco_021365,test,0,0.20195524,0
coco_021372,test,0,0.3853117,1
coco_021384,test,0,0.3853117,1
coco_021388,test,0,0.3853117,1
coco_021419,test,0,0.33340997,0
coco_021429,test,0,0.8142633,0
coco_021443,test,0,0.9105283,0
coco_021447,test,0,0.58969575,0
coco_021457,test,0,0.3853117,1
coco_021465,test,0,0.9915555,0
coco_021466,test,0,0.3853117,1
coco_021468,test,0,0.21877632,0
coco_021470,test,0,0.44407332,0
coco_021474,test,0,0.3656285,0
coco_021477,test,0,0.39097807,0
coco_021483,test,0,0.49536937,0
coco_021494,test,0,0.3853117,1
coco_021507,test,0,0.3853117,1
coco_021520,test,0,0.6950129,0
coco_021560,test,0,0.7126531,0
coco_021579,test,0,0.014482399,0
coco_021586,test,0,0.9880646,0
coco_021605,test,0,0.71662897,0
coco_021614,test,0,0.3853117,1
coco_021620,test,0,0.3853117,1
coco_021636,test,0,0.8716911,0
coco_021658,test,0,0.9590005,0
coco_021685,test,0,0.621927,0
coco_021687,test,0,0.7605238,0
coco_021689,test,0,0.28597403,0
coco_021702,test,0,0.036648735,0
coco_021704,test,0,0.9998043,0
coco_021717,test,0,0.98273945,0
coco_021719,test,0,0.95266134,0
coco_021721,test,0,0.9985184,0
coco_021727,test,0,0.3853117,1
coco_021761,test,0,0.011275501,0
coco_021766,test,0,0.16482614,0
coco_021784,test,0,0.57221204,0
coco_021791,test,0,0.3853117,1
coco_021797,test,0,0.3853117,1
coco_021802,test,0,0.3853117,1
coco_021807,test,0,0.9735006,0
coco_021830,test,0,0.9883633,0
coco_021835,test,0,0.08663029,0
coco_021841,test,0,0.9773285,0
coco_021845,test,0,0.98738366,0
coco_021854,test,0,0.3853117,1
coco_021860,test,0,0.6455633,0
coco_021886,test,0,0.5306266,0
coco_021893,test,0,0.96814674,0
coco_021922,test,0,0.3853117,1
coco_021930,test,0,0.909058,0
coco_021933,test,0,0.94841987,0
coco_021946,test,0,0.843434,0
coco_021977,test,0,0.3853117,1
coco_021984,test,0,0.3853117,1
coco_021987,test,0,0.3853117,1
coco_022010,test,0,0.8371318,0
coco_022015,test,0,0.023553072,0
coco_022017,test,0,0.8589227,0
coco_022029,test,0,0.60789585,0
coco_022033,test,0,0.9967108,0
coco_022043,test,0,0.28465128,0
coco_022052,test,0,0.3853117,1
coco_022058,test,0,0.3853117,1
coco_022074,test,0,0.7355995,0
coco_022078,test,0,0.3292224,0
coco_022090,test,0,0.3853117,1
coco_022101,test,0,0.8829755,0
coco_022113,test,0,0.3853117,1
coco_022121,test,0,0.3853117,1
coco_022127,test,0,0.58043784,0
coco_022132,test,0,0.3853117,1
coco_022141,test,0,0.8392473,0
coco_022160,test,0,0.3853117,1
coco_022162,test,0,0.992796,0
coco_022177,test,0,0.9936226,0
coco_022185,test,0,0.3853117,1
coco_022189,test,0,0.8742888,0
coco_022197,test,0,0.8584744,0
coco_022216,test,0,0.3853117,1
coco_022225,test,0,0.83244413,0
coco_022228,test,0,0.3853117,1
coco_022249,test,0,0.08586064,0
coco_022288,test,0,0.06914072,0
coco_022289,test,0,0.84115106,0
coco_022302,test,0,0.3853117,1
coco_022311,test,0,0.9948555,0
coco_022316,test,0,0.3853117,1
coco_022321,test,0,0.7895725,0
coco_022331,test,0,0.3853117,1
coco_022341,test,0,0.99398804,0
coco_022360,test,0,0.95708597,0
coco_022385,test,0,0.3853117,1
coco_022395,test,0,0.123462856,0
coco_022405,test,0,0.3853117,1
coco_022418,test,0,0.80072016,0
coco_022421,test,0,0.3853117,1
coco_022436,test,0,0.9704254,0
coco_022463,test,0,0.7628264,0
coco_022471,test,0,0.3853117,1
coco_022474,test,0,0.3853117,1
coco_022478,test,0,0.3853117,1
coco_022506,test,0,0.6995559,0
coco_022508,test,0,0.2994061,0
coco_022511,test,0,0.33357129,0
coco_022522,test,0,0.08881014,0
coco_022523,test,0,0.9955754,0
coco_022524,test,0,0.40519813,0
coco_022541,test,0,0.997143,0
coco_022543,test,0,0.99773824,0
coco_022564,test,0,0.3853117,1
coco_022567,test,0,0.98793656,0
coco_022577,test,0,0.3853117,1
coco_022584,test,0,0.9992956,0
coco_022603,test,0,0.9994456,0
coco_022617,test,0,0.87490296,0
coco_022648,test,0,0.3853117,1
coco_022659,test,0,0.30076262,0
coco_022676,test,0,0.4518042,0
coco_022711,test,0,0.6421273,0
coco_022733,test,0,0.99836415,0
coco_022745,test,0,0.9541626,0
coco_022754,test,0,0.3853117,1
coco_022765,test,0,0.3853117,1
coco_022779,test,0,0.079829805,0
coco_022787,test,0,0.028724454,0
coco_022792,test,0,0.3858453,0
coco_022797,test,0,0.30154192,0
coco_022808,test,0,0.3853117,1
coco_022816,test,0,0.3853117,1
coco_022844,test,0,0.84785014,0
coco_022863,test,0,0.3853117,1
coco_022873,test,0,0.95336616,0
coco_022883,test,0,0.15579891,0
coco_022886,test,0,0.50765383,0
coco_022901,test,0,0.53068656,0
coco_022912,test,0,0.3853117,1
coco_022916,test,0,0.37000498,0
coco_022918,test,0,0.054052934,0
coco_022939,test,0,0.932573,0
coco_022940,test,0,0.037093893,0
coco_022949,test,0,0.3853117,1
coco_022956,test,0,0.85095334,0
coco_022973,test,0,0.3853117,1
coco_022988,test,0,0.0109894,0
coco_022995,test,0,0.7732067,0
coco_023017,test,0,0.3853117,1
coco_023021,test,0,0.8268246,0
coco_023041,test,0,0.7662089,0
coco_023049,test,0,0.91644263,0
coco_023063,test,0,0.3853117,1
coco_023071,test,0,0.95872086,0
coco_023076,test,0,0.7712522,0
coco_023088,test,0,0.84489685,0
coco_023114,test,0,0.9996922,0
coco_023139,test,0,0.9580546,0
coco_023142,test,0,0.99988437,0
coco_023144,test,0,0.730781,0
coco_023146,test,0,0.6822983,0
coco_023154,test,0,0.9937621,0
coco_023159,test,0,0.3853117,1
coco_023193,test,0,0.6547323,0
coco_023196,test,0,0.8091746,0
coco_023200,test,0,0.13474143,0
coco_023215,test,0,0.3853117,1
coco_023232,test,0,0.8328088,0
coco_023244,test,0,0.7949717,0
coco_023284,test,0,0.18872344,0
coco_023288,test,0,0.3853117,1
coco_023309,test,0,0.94611526,0
coco_023310,test,0,0.3853117,1
coco_023312,test,0,0.85972345,0
coco_023313,test,0,0.3853117,1
coco_023327,test,0,0.9906633,0
coco_023332,test,0,0.89112663,0
coco_023334,test,0,0.9348533,0
coco_023340,test,0,0.006770325,0
coco_023344,test,0,0.16882241,0
coco_023347,test,0,0.5444551,0
coco_023350,test,0,0.3853117,1
coco_023356,test,0,0.779715,0
coco_023374,test,0,0.9858746,0
coco_023385,test,0,0.9168041,0
coco_023393,test,0,0.3853117,1
coco_023406,test,0,0.97645915,0
coco_023416,test,0,0.73867184,0
coco_023432,test,0,0.9915249,0
coco_023436,test,0,0.9911487,0
coco_023447,test,0,0.3544464,0
coco_023450,test,0,0.8188141,0
coco_023459,test,0,0.9999442,0
coco_023464,test,0,0.7149901,0
coco_023468,test,0,0.3853117,1
coco_023474,test,0,0.1825894,0
coco_023491,test,0,0.36043245,0
coco_023492,test,0,0.7048331,0
coco_023515,test,0,0.9758591,0
coco_023524,test,0,0.3853117,1
coco_023538,test,0,0.95225495,0
coco_023547,test,0,0.9950576,0
coco_023553,test,0,0.9796912,0
coco_023562,test,0,0.94126475,0
coco_023571,test,0,0.3853117,1
coco_023573,test,0,0.79632735,0
coco_023578,test,0,0.3940298,0
coco_023581,test,0,0.93228614,0
coco_023589,test,0,0.44384366,0
coco_023592,test,0,0.9845013,0
coco_023608,test,0,0.94457465,0
coco_023622,test,0,0.43245643,0
coco_023626,test,0,0.3853117,1
coco_023628,test,0,0.3853117,1
coco_023632,test,0,0.537859,0
coco_023639,test,0,0.33946055,0
coco_023656,test,0,0.3853117,1
coco_023662,test,0,0.3853117,1
coco_023675,test,0,0.3706729,0
coco_023684,test,0,0.99328715,0
coco_023685,test,0,0.9179136,0
coco_023691,test,0,0.3853117,1
coco_023708,test,0,0.8497321,0
coco_023719,test,0,0.73844904,0
coco_023726,test,0,0.7890386,0
coco_023733,test,0,0.3853117,1
coco_023740,test,0,0.9872062,0
coco_023750,test,0,0.9994949,0
coco_023751,test,0,0.3853117,1
coco_023758,test,0,0.3853117,1
coco_023793,test,0,0.31888223,0
coco_023806,test,0,0.9868352,0
coco_023809,test,0,0.98833907,0
coco_023820,test,0,0.9974656,0
coco_023851,test,0,0.3853117,1
coco_023852,test,0,0.85886776,0
coco_023861,test,0,0.9997545,0
coco_023862,test,0,0.3853117,1
coco_023866,test,0,0.3853117,1
coco_023869,test,0,0.3853117,1
coco_023873,test,0,0.670115,0
coco_023886,test,0,0.29276663,0
coco_023887,test,0,0.06731963,0
coco_023889,test,0,0.84320396,0
coco_023922,test,0,0.22445852,0
coco_023997,test,0,0.9553574,0
coco_024056,test,0,0.9773742,0
coco_024058,test,0,0.3853117,1
coco_024064,test,0,0.8787673,0
coco_024065,test,0,0.9433061,0
coco_024067,test,0,0.84312254,0
coco_024100,test,0,0.98421484,0
coco_024101,test,0,0.9806933,0
coco_024107,test,0,0.9827167,0
coco_024108,test,0,0.3853117,1
coco_024129,test,0,0.3853117,1
coco_024135,test,0,0.6663388,0
coco_024152,test,0,0.512299,0
coco_024163,test,0,0.3853117,1
coco_024166,test,0,0.81954825,0
coco_024178,test,0,0.9988329,0
coco_024179,test,0,0.96535057,0
coco_024196,test,0,0.9865714,0
coco_024200,test,0,0.37787595,0
coco_024201,test,0,0.3853117,1
coco_024236,test,0,0.020738626,0
coco_024245,test,0,0.65344024,0
coco_024249,test,0,0.3853117,1
coco_024259,test,0,0.031314414,0
coco_024267,test,0,0.9999565,0
coco_024277,test,0,0.3853117,1
coco_024286,test,0,0.3853117,1
coco_024295,test,0,0.3853117,1
coco_024296,test,0,0.13897385,0
coco_024299,test,0,0.9991167,0
coco_024314,test,0,0.8863221,0
coco_024315,test,0,0.78627694,0
coco_024329,test,0,0.3853117,1
coco_024331,test,0,0.6614786,0
coco_024335,test,0,0.3853117,1
coco_024336,test,0,0.5078542,0
coco_024341,test,0,0.050162014,0
coco_024342,test,0,0.99998796,0
coco_024353,test,0,0.9927341,0
coco_024356,test,0,0.97783786,0
coco_024359,test,0,0.9282336,0
coco_024373,test,0,0.3853117,1
coco_024374,test,0,0.3853117,1
coco_024394,test,0,0.3853117,1
coco_024411,test,0,0.55987686,0
coco_024414,test,0,0.9993494,0
coco_024427,test,0,0.004082921,0
coco_024434,test,0,0.80447185,0
coco_024437,test,0,0.690095,0
coco_024444,test,0,0.98023856,0
coco_024451,test,0,0.62343466,0
coco_024456,test,0,0.65466225,0
coco_024467,test,0,0.3853117,1
coco_024469,test,0,0.6007362,0
coco_024477,test,0,0.2800567,0
coco_024478,test,0,0.5281777,0
coco_024483,test,0,0.17575824,1
coco_024512,test,0,0.62212133,0
coco_024530,test,0,0.09664363,0
coco_024539,test,0,0.3853117,1
coco_024550,test,0,0.57402,0
coco_024555,test,0,0.3853117,1
coco_024576,test,0,0.6247179,0
coco_024579,test,0,0.5567903,0
coco_024598,test,0,0.3853117,1
coco_024602,test,0,0.9395035,0
coco_024604,test,0,0.3853117,1
coco_024612,test,0,0.21559204,0
coco_024617,test,0,0.18872303,0
coco_024622,test,0,0.3853117,1
coco_024625,test,0,0.3853117,1
coco_024628,test,0,0.3853117,1
coco_024636,test,0,0.87303454,0
coco_024640,test,0,0.77943593,0
coco_024641,test,0,0.6417162,0
coco_024650,test,0,0.6854755,0
coco_024680,test,0,0.40399912,0
coco_024694,test,0,0.5335281,0
coco_024695,test,0,0.45622876,0
coco_024696,test,0,0.21626253,0
coco_024700,test,0,0.9699398,0
coco_024701,test,0,0.9935389,0
coco_024710,test,0,0.3853117,1
coco_024713,test,0,0.5868349,0
coco_024717,test,0,0.88530535,0
coco_024744,test,0,0.99925154,0
coco_024747,test,0,0.06969062,0
coco_024753,test,0,0.9999994,0
coco_024766,test,0,0.3853117,1
coco_024787,test,0,0.93056667,0
coco_024801,test,0,0.98523974,0
coco_024806,test,0,0.3853117,1
coco_024812,test,0,0.63569385,0
coco_024815,test,0,0.3853117,1
coco_024819,test,0,0.99892163,0
coco_024829,test,0,0.029913347,0
coco_024832,test,0,0.8232868,0
coco_024836,test,0,0.236701,0
coco_024846,test,0,0.48463854,0
coco_024853,test,0,0.3853117,1
coco_024870,test,0,0.3960917,0
coco_024873,test,0,0.99971944,0
coco_024877,test,0,0.64575547,1
coco_024878,test,0,0.3853117,1
coco_024910,test,0,0.766511,0
coco_024920,test,0,0.3853117,1
coco_024921,test,0,0.3853117,1
coco_024927,test,0,0.3853117,1
coco_024939,test,0,0.55453783,0
coco_024964,test,0,0.25011352,0
coco_024965,test,0,0.8005908,0
coco_024970,test,0,0.3853117,1
coco_024973,test,0,0.3853117,1
coco_025002,test,0,0.92740744,0
coco_025008,test,0,0.9903286,0
coco_025014,test,0,0.3853117,1
coco_025025,test,0,0.3853117,1
coco_025035,test,0,0.8145224,0
coco_025040,test,0,0.9936752,0
coco_025049,test,0,0.92994493,0
coco_025056,test,0,0.84493893,0
coco_025058,test,0,0.9694234,0
coco_025080,test,0,0.17271446,0
coco_025085,test,0,0.042217012,0
coco_025097,test,0,0.3853117,1
coco_025109,test,0,0.3853117,1
coco_025115,test,0,0.9375075,0
coco_025123,test,0,0.9426366,0
coco_025128,test,0,0.4887759,0
coco_025132,test,0,0.3853117,1
coco_025146,test,0,0.99957603,0
coco_025148,test,0,0.41585523,0
coco_025150,test,0,0.9377715,0
coco_025151,test,0,0.96924096,0
coco_025153,test,0,0.3853117,1
coco_025159,test,0,0.83977693,0
coco_025212,test,0,0.9870673,0
coco_025221,test,0,0.8011411,0
coco_025226,test,0,0.91065145,0
coco_025249,test,0,0.96657133,0
coco_025251,test,0,0.9981193,0
coco_025255,test,0,0.3853117,1
coco_025277,test,0,0.3853117,1
coco_025287,test,0,0.3853117,1
coco_025290,test,0,0.029460015,0
coco_025297,test,0,0.9014836,0
coco_025301,test,0,0.26414028,0
coco_025307,test,0,0.6875475,0
coco_025312,test,0,0.3853117,1
coco_025317,test,0,0.9760231,0
coco_025357,test,0,0.7340923,0
coco_025377,test,0,0.5699061,0
coco_025379,test,0,0.3475694,0
coco_025406,test,0,0.3853117,1
coco_025428,test,0,0.3853117,1
coco_025444,test,0,0.9949266,0
coco_025458,test,0,0.9926045,0
coco_025469,test,0,0.0025535538,0
coco_025484,test,0,0.6145559,0
coco_025488,test,0,0.9626459,0
coco_025523,test,0,0.1606724,0
coco_025528,test,0,0.98945224,0
coco_025538,test,0,0.88316065,0
coco_025563,test,0,0.3853117,1
coco_025582,test,0,0.8718371,0
coco_025594,test,0,0.8730943,0
coco_025600,test,0,0.75776523,0
coco_025604,test,0,0.08156991,0
coco_025605,test,0,0.3853117,1
coco_025618,test,0,0.3853117,1
coco_025632,test,0,0.30569422,0
coco_025644,test,0,0.99963856,0
coco_025651,test,0,0.3853117,1
coco_025666,test,0,0.3853117,1
coco_025691,test,0,0.0361653,0
coco_025730,test,0,0.45600274,0
coco_025748,test,0,0.3853117,1
coco_025755,test,0,0.93988836,0
coco_025758,test,0,0.99976784,0
coco_025770,test,0,0.35927355,0
coco_025776,test,0,0.3533952,0
coco_025777,test,0,0.9712504,0
coco_025778,test,0,0.27679086,0
coco_025790,test,0,0.9990895,0
coco_025805,test,0,0.99969447,0
coco_025821,test,0,0.9624027,0
coco_025822,test,0,0.15797922,0
coco_025833,test,0,0.97092766,0
coco_025854,test,0,0.3853117,1
coco_025857,test,0,0.94680274,0
coco_025875,test,0,0.9986981,0
coco_025880,test,0,0.83322906,0
coco_025883,test,0,0.992397,0
coco_025893,test,0,0.98784584,0
coco_025907,test,0,0.81559455,0
coco_025927,test,0,0.967477,0
coco_025945,test,0,0.3853117,1
coco_025950,test,0,0.3853117,1
coco_025955,test,0,0.35787475,0
coco_025963,test,0,0.99909306,0
coco_025970,test,0,0.9716129,0
coco_025972,test,0,0.3853117,1
coco_025997,test,0,0.9947962,0
coco_026001,test,0,0.3853117,1
coco_026010,test,0,0.29150832,0
coco_026018,test,0,0.3853117,1
coco_026026,test,0,0.3853117,1
coco_026050,test,0,0.3853117,1
coco_026055,test,0,0.98141265,0
coco_026060,test,0,0.3853117,1
coco_026076,test,0,0.9967705,0
coco_026077,test,0,0.3853117,1
coco_026080,test,0,0.99988174,0
coco_026082,test,0,0.99957305,0
coco_026091,test,0,0.2863312,0
coco_026092,test,0,0.3853117,1
coco_026093,test,0,0.3853117,1
coco_026097,test,0,0.9999291,0
coco_026098,test,0,0.7977822,0
coco_026100,test,0,0.3853117,1
coco_026112,test,0,0.9571607,0
coco_026117,test,0,0.8548791,0
coco_026123,test,0,0.3853117,1
coco_026126,test,0,0.7652244,0
coco_026142,test,0,0.99800855,0
coco_026181,test,0,0.9550439,0
coco_026185,test,0,0.9813557,0
coco_026186,test,0,0.3853117,1
coco_026202,test,0,0.6785634,0
coco_026232,test,0,0.9572461,0
coco_026234,test,0,0.90615964,0
coco_026236,test,0,0.3853117,1
coco_026241,test,0,0.8011439,0
coco_026252,test,0,0.99861705,0
coco_026259,test,0,0.9389841,0
coco_026262,test,0,0.3853117,1
coco_026309,test,0,0.9465958,0
coco_026312,test,0,0.8790338,0
coco_026313,test,0,0.6315013,0
coco_026317,test,0,0.42591915,0
coco_026330,test,0,0.3853117,1
coco_026355,test,0,0.9088581,0
coco_026364,test,0,0.3853117,1
coco_026367,test,0,0.3853117,1
coco_026376,test,0,0.3853117,1
coco_026378,test,0,0.08483568,0
coco_026386,test,0,0.0072916974,0
coco_026417,test,0,0.7514453,0
coco_026422,test,0,0.3853117,1
coco_026434,test,0,0.3853117,1
coco_026469,test,0,0.3853117,1
coco_026543,test,0,0.6699232,0
coco_026546,test,0,0.96269184,0
coco_026571,test,0,0.41809797,0
coco_026576,test,0,0.99172544,0
coco_026588,test,0,0.3853117,1
coco_026596,test,0,0.3853117,1
coco_026608,test,0,0.08190588,0
coco_026613,test,0,0.735861,0
coco_026614,test,0,0.3853117,1
coco_026620,test,0,0.3853117,1
coco_026630,test,0,0.3853117,1
coco_026656,test,0,0.3853117,1
coco_026663,test,0,0.97514707,0
coco_026678,test,0,0.3853117,1
coco_026680,test,0,0.011955014,0
coco_026693,test,0,0.99326694,0
coco_026708,test,0,0.2460622,0
coco_026717,test,0,0.019045878,0
coco_026718,test,0,0.87704825,0
coco_026775,test,0,0.9975842,0
coco_026777,test,0,0.14336087,1
coco_026794,test,0,0.3853117,1
coco_026813,test,0,0.3853117,1
coco_026821,test,0,0.67416173,0
coco_026834,test,0,0.47692654,0
coco_026851,test,0,0.9165649,0
coco_026894,test,0,0.98967826,0
coco_026896,test,0,0.3853117,1
coco_026911,test,0,0.73677343,0
coco_026912,test,0,0.23350917,0
coco_026917,test,0,0.42251816,0
coco_026921,test,0,0.261579,0
coco_026922,test,0,0.9111099,0
coco_026936,test,0,0.3853117,1
coco_026950,test,0,0.3853117,1
coco_026953,test,0,0.3853117,1
coco_026956,test,0,0.3853117,1
coco_026959,test,0,0.3853117,1
coco_026977,test,0,0.73015565,0
coco_026982,test,0,0.3853117,1
coco_026983,test,0,0.8042146,0
coco_026989,test,0,0.6019038,0
coco_026992,test,0,0.94986945,0
coco_026993,test,0,0.81837946,0
coco_026997,test,0,0.3853117,1
coco_027028,test,0,0.39090288,0
coco_027034,test,0,0.3853117,1
coco_027052,test,0,0.8367845,0
coco_027054,test,0,0.750333,0
coco_027064,test,0,0.99758637,0
coco_027072,test,0,0.3853117,1
coco_027076,test,0,0.98762965,0
coco_027079,test,0,0.82560194,0
coco_027085,test,0,0.3853117,1
coco_027102,test,0,0.07845791,0
coco_027111,test,0,0.3853117,1
coco_027116,test,0,0.3853117,1
coco_027119,test,0,0.76685816,0
coco_027125,test,0,0.49704355,0
coco_027135,test,0,0.9362576,0
coco_027136,test,0,0.72793704,0
coco_027146,test,0,0.3853117,1
coco_027167,test,0,0.99988306,0
coco_027174,test,0,0.42191076,0
coco_027192,test,0,0.3853117,1
coco_027198,test,0,0.3853117,1
coco_027216,test,0,0.99991083,0
coco_027218,test,0,0.9046623,0
coco_027225,test,0,0.3853117,1
coco_027232,test,0,0.72896826,0
coco_027240,test,0,0.7997411,0
coco_027247,test,0,0.77082247,0
coco_027249,test,0,0.3853117,1
coco_027251,test,0,0.7730322,0
coco_027258,test,0,0.5938523,0
coco_027261,test,0,0.9736231,0
coco_027263,test,0,0.3853117,1
coco_027285,test,0,0.3853117,1
coco_027296,test,0,0.9999956,0
coco_027299,test,0,0.3853117,1
coco_027300,test,0,0.99995685,0
coco_027314,test,0,0.3853117,1
coco_027351,test,0,0.7722556,0
coco_027352,test,0,0.3853117,1
coco_027380,test,0,0.5629201,0
coco_027381,test,0,0.14860691,0
coco_027386,test,0,0.14656653,0
coco_027387,test,0,0.9461382,0
coco_027398,test,0,0.3853117,1
coco_027409,test,0,0.3853117,1
coco_027415,test,0,0.3853117,1
coco_027422,test,0,0.9990491,0
coco_027428,test,0,0.90242064,0
coco_027429,test,0,0.940035,0
coco_027445,test,0,0.3853117,1
coco_027458,test,0,0.66246736,0
coco_027460,test,0,0.20920128,0
coco_027469,test,0,0.92398363,0
coco_027493,test,0,0.3853117,1
coco_027499,test,0,0.3853117,1
coco_027500,test,0,0.3853117,1
coco_027502,test,0,0.7497815,0
coco_027510,test,0,0.9758646,0
coco_027537,test,0,0.9896361,0
coco_027541,test,0,0.97670245,0
coco_027565,test,0,0.67575437,0
coco_027566,test,0,0.9106184,0
coco_027567,test,0,0.65574014,0
coco_027568,test,0,0.5291926,0
coco_027570,test,0,0.3853117,1
coco_027582,test,0,0.3853117,1
coco_027583,test,0,0.54156286,0
coco_027587,test,0,0.3853117,1
coco_027595,test,0,0.3853117,1
coco_027599,test,0,0.3853117,1
coco_027604,test,0,0.3853117,1
coco_027605,test,0,0.3853117,1
coco_027622,test,0,0.98492765,0
coco_027629,test,0,0.16749741,0
coco_027633,test,0,0.05589778,0
coco_027642,test,0,0.16631247,0
coco_027650,test,0,0.26087213,0
coco_027659,test,0,0.08557454,0
coco_027680,test,0,0.9922266,0
coco_027683,test,0,0.19145457,0
coco_027688,test,0,0.3853117,1
coco_027711,test,0,0.5599752,0
coco_027713,test,0,0.3853117,1
coco_027716,test,0,0.57148707,0
coco_027733,test,0,0.99975914,0
coco_027741,test,0,0.3853117,1
coco_027748,test,0,0.959129,0
coco_027765,test,0,0.95324755,0
coco_027774,test,0,0.9986835,0
coco_027783,test,0,0.90975064,0
coco_027785,test,0,0.3853117,1
coco_027792,test,0,0.3446754,0
coco_027802,test,0,0.5029936,0
coco_027804,test,0,0.9948626,0
coco_027810,test,0,0.8841855,0
coco_027812,test,0,0.096248485,0
coco_027814,test,0,0.99168444,0
coco_027825,test,0,0.7035927,0
coco_027827,test,0,0.3925288,0
coco_027836,test,0,0.6687185,0
coco_027860,test,0,0.3853117,1
coco_027866,test,0,0.9546715,0
coco_027875,test,0,0.80570066,0
coco_027879,test,0,0.3853117,1
coco_027898,test,0,0.9984327,0
coco_027915,test,0,0.3853117,1
coco_027918,test,0,0.3853117,1
coco_027928,test,0,0.96611816,0
coco_027932,test,0,0.65088415,0
coco_027934,test,0,0.7735524,0
coco_027954,test,0,0.99131304,0
coco_027957,test,0,0.7109702,0
coco_027960,test,0,0.47838205,0
coco_027964,test,0,0.3853117,1
coco_027966,test,0,0.9997031,0
coco_027996,test,0,0.49347106,0
coco_027999,test,0,0.96355116,0
coco_028001,test,0,0.93009967,0
coco_028002,test,0,0.975327,0
coco_028026,test,0,0.3379954,0
coco_028040,test,0,0.6937765,0
coco_028051,test,0,0.8757294,0
coco_028095,test,0,0.3853117,1
coco_028103,test,0,0.9634155,0
coco_028104,test,0,0.9224448,0
coco_028109,test,0,0.8872896,0
coco_028111,test,0,0.3853117,1
coco_028143,test,0,0.97161794,0
coco_028147,test,0,0.3853117,1
coco_028150,test,0,0.9945939,0
coco_028156,test,0,0.9987178,0
coco_028162,test,0,0.3853117,1
coco_028176,test,0,0.23395588,0
coco_028198,test,0,0.3853117,1
coco_028202,test,0,0.3853117,1
coco_028210,test,0,0.3853117,1
coco_028212,test,0,0.99700886,0
coco_028233,test,0,0.2406454,0
coco_028248,test,0,0.611782,0
coco_028250,test,0,0.9371183,0
coco_028251,test,0,0.99980265,0
coco_028266,test,0,0.3853117,1
coco_028267,test,0,0.98628575,0
coco_028275,test,0,0.12550873,0
coco_028279,test,0,0.3853117,1
coco_028294,test,0,0.95156986,0
coco_028296,test,0,0.11498744,0
coco_028314,test,0,0.3853117,1
coco_028315,test,0,0.3853117,1
coco_028333,test,0,0.7919287,0
coco_028337,test,0,0.03490997,0
coco_028343,test,0,0.15954089,0
coco_028346,test,0,0.3853117,1
coco_028370,test,0,0.9688307,0
coco_028396,test,0,0.3853117,1
coco_028397,test,0,0.6546416,0
coco_028412,test,0,0.5461605,0
coco_028431,test,0,0.3853117,1
coco_028456,test,0,0.38838202,0
coco_028460,test,0,0.3853117,1
coco_028461,test,0,0.3853117,1
coco_028479,test,0,0.05936592,0
coco_028484,test,0,0.9945035,0
coco_028487,test,0,0.21457724,0
coco_028497,test,0,0.7399841,0
coco_028523,test,0,0.3853117,1
coco_028529,test,0,0.98446345,0
coco_028535,test,0,0.92142195,0
coco_028537,test,0,0.3853117,1
coco_028574,test,0,0.9979838,0
coco_028585,test,0,0.3853117,1
coco_028590,test,0,0.012594054,0
coco_028599,test,0,0.94096255,0
coco_028637,test,0,0.97419196,0
coco_028656,test,0,0.4345902,0
coco_028659,test,0,0.9992962,0
coco_028666,test,0,0.3853117,1
coco_028668,test,0,0.79798573,0
coco_028678,test,0,0.784446,0
coco_028694,test,0,0.6632625,0
coco_028701,test,0,0.2265637,0
coco_028710,test,0,0.9567166,0
coco_028720,test,0,0.3853117,1
coco_028731,test,0,0.011832122,0
coco_028732,test,0,0.3992852,0
coco_028741,test,0,0.9164477,0
coco_028743,test,0,0.47017688,0
coco_028745,test,0,0.63603234,0
coco_028753,test,0,0.21864656,0
coco_028769,test,0,0.76997435,0
coco_028771,test,0,0.3853117,1
coco_028781,test,0,0.9369393,0
coco_028800,test,0,0.3853117,1
coco_028802,test,0,0.3853117,1
coco_028821,test,0,0.66008806,0
coco_028833,test,0,0.99859995,0
coco_028835,test,0,0.99947184,0
coco_028841,test,0,0.27261692,0
coco_028843,test,0,0.82624465,0
coco_028849,test,0,0.6477038,0
coco_028850,test,0,0.9995859,0
coco_028868,test,0,0.06822417,0
coco_028871,test,0,0.3853117,1
coco_028883,test,0,0.3853117,1
coco_028895,test,0,0.7893662,0
coco_028897,test,0,0.3853117,1
coco_028904,test,0,0.3853117,1
coco_028905,test,0,0.15843526,0
coco_028919,test,0,0.9832856,0
coco_028922,test,0,0.3853117,1
coco_028935,test,0,0.014654255,0
coco_028937,test,0,0.9997471,0
coco_028968,test,0,0.75917166,0
coco_028970,test,0,0.7847115,0
coco_028987,test,0,0.99588996,0
coco_029006,test,0,0.99986494,0
coco_029011,test,0,0.3853117,1
coco_029030,test,0,0.3853117,1
coco_029031,test,0,0.8285473,0
coco_029036,test,0,0.92768,0
coco_029041,test,0,0.48157394,0
coco_029059,test,0,0.3853117,1
coco_029069,test,0,0.96788603,0
coco_029080,test,0,0.20511189,0
coco_029084,test,0,0.7480246,0
coco_029091,test,0,0.39320937,1
coco_029102,test,0,0.3853117,1
coco_029103,test,0,0.97152406,0
coco_029108,test,0,0.3853117,1
coco_029113,test,0,0.3853117,1
coco_029134,test,0,0.9751551,0
coco_029137,test,0,0.3853117,1
coco_029138,test,0,0.84485257,0
coco_029145,test,0,0.99981874,0
coco_029161,test,0,0.3853117,1
coco_029167,test,0,0.3853117,1
coco_029168,test,0,0.99455947,0
coco_029171,test,0,0.8496935,0
coco_029173,test,0,0.44619521,0
coco_029178,test,0,0.5231036,0
coco_029184,test,0,0.99725914,0
coco_029200,test,0,0.3853117,1
coco_029217,test,0,0.8623687,0
coco_029218,test,0,0.91887444,0
coco_029227,test,0,0.3853117,1
coco_029229,test,0,0.7578429,0
coco_029232,test,0,0.50837076,0
coco_029243,test,0,0.96253145,0
coco_029248,test,0,0.7108102,0
coco_029278,test,0,0.98783714,0
coco_029280,test,0,0.66629606,0
coco_029313,test,0,0.96027267,0
coco_029321,test,0,0.22475524,0
coco_029329,test,0,0.99993026,0
coco_029345,test,0,0.9467692,0
coco_029350,test,0,0.3853117,1
coco_029353,test,0,0.2775513,0
coco_029363,test,0,0.73383266,0
coco_029368,test,0,0.39842296,0
coco_029379,test,0,0.38530657,1
coco_029390,test,0,0.38530657,1
coco_029403,test,0,0.13354242,0
coco_029404,test,0,0.9114455,0
coco_029407,test,0,0.9300327,0
coco_029416,test,0,0.98231435,0
coco_029419,test,0,0.91261464,0
coco_029425,test,0,0.41015613,0
coco_029440,test,0,0.935406,0
coco_029448,test,0,0.7586641,0
coco_029456,test,0,0.38530657,1
coco_029483,test,0,0.38530657,1
coco_029516,test,0,0.6548331,0
coco_029526,test,0,0.1942696,0
coco_029531,test,0,0.7705419,0
coco_029539,test,0,0.38530657,1
coco_029549,test,0,0.085062005,0
coco_029563,test,0,0.81093246,0
coco_029565,test,0,0.4197474,0
coco_029572,test,0,0.38530657,1
coco_029574,test,0,0.9929294,0
coco_029587,test,0,0.9945016,0
coco_029609,test,0,0.7616762,0
coco_029626,test,0,0.88401467,0
coco_029633,test,0,0.546869,0
coco_029648,test,0,0.63883793,0
coco_029661,test,0,0.69034725,0
coco_029669,test,0,0.99997556,0
coco_029670,test,0,0.38530657,1
coco_029678,test,0,0.99988496,0
coco_029685,test,0,0.38530657,1
coco_029687,test,0,0.9887207,0
coco_029691,test,0,0.1735546,0
coco_029703,test,0,0.86787236,0
coco_029711,test,0,0.029630162,0
coco_029719,test,0,0.7880974,0
coco_029721,test,0,0.34179318,0
coco_029723,test,0,0.42421332,0
coco_029740,test,0,0.9896207,0
coco_029748,test,0,0.88121647,0
coco_029755,test,0,0.38530657,1
coco_029759,test,0,0.6411165,0
coco_029773,test,0,0.9956359,0
coco_029781,test,0,0.04298485,0
coco_029789,test,0,0.38530657,1
coco_029796,test,0,0.9954295,0
coco_029807,test,0,0.2972805,0
coco_029809,test,0,0.21678373,0
coco_029820,test,0,0.9730459,0
coco_029831,test,0,0.06938575,0
coco_029839,test,0,0.38530657,1
coco_029840,test,0,0.9897878,0
coco_029861,test,0,0.993923,0
coco_029863,test,0,0.9949999,0
coco_029883,test,0,0.38530657,1
coco_029890,test,0,0.6657336,0
coco_029905,test,0,0.9526122,0
coco_029907,test,0,0.38530657,1
coco_029922,test,0,0.38530657,1
coco_029928,test,0,0.8900701,0
coco_029931,test,0,0.9939615,0
coco_029939,test,0,0.56120175,0
coco_029945,test,0,0.7859474,0
coco_029989,test,0,0.08492498,0
coco_029992,test,0,0.38530657,1
