arquivo,split,label,escore_t04,par_vazio
adobe_firefly_00000,test,1,0.35025713,1
adobe_firefly_00001,test,1,0.35025713,1
adobe_firefly_00002,test,1,0.098039895,0
adobe_firefly_00003,test,1,0.35025713,1
adobe_firefly_00004,test,1,0.061767284,0
adobe_firefly_00005,test,1,0.22506405,0
adobe_firefly_00006,test,1,0.35025713,1
adobe_firefly_00007,test,1,0.35025713,1
adobe_firefly_00008,test,1,0.35025713,1
adobe_firefly_00009,test,1,0.35025713,1
adobe_firefly_00010,test,1,0.172417,0
adobe_firefly_00011,test,1,0.35025713,1
adobe_firefly_00012,test,1,0.35025713,1
adobe_firefly_00013,test,1,0.35025713,1
adobe_firefly_00014,test,1,0.35025713,1
adobe_firefly_00015,test,1,0.35025713,1
adobe_firefly_00016,test,1,0.35025713,1
adobe_firefly_00017,test,1,0.35025713,1
adobe_firefly_00018,test,1,0.3640891,1
adobe_firefly_00019,test,1,0.026866414,0
adobe_firefly_00020,test,1,0.35025713,1
adobe_firefly_00021,test,1,0.35025713,1
adobe_firefly_00022,test,1,0.35025713,1
adobe_firefly_00023,test,1,0.86951023,0
adobe_firefly_00024,test,1,0.35025713,1
adobe_firefly_00025,test,1,0.84231716,0
adobe_firefly_00026,test,1,0.5368716,0
adobe_firefly_00027,test,1,0.35025713,1
adobe_firefly_00028,test,1,0.35025713,1
adobe_firefly_00029,test,1,0.35025713,1
adobe_firefly_00030,test,1,0.21735556,1
adobe_firefly_00031,test,1,0.35025713,1
adobe_firefly_00032,test,1,0.35025713,1
adobe_firefly_00033,test,1,0.30380082,0
adobe_firefly_00034,test,1,0.35025713,1
adobe_firefly_00035,test,1,0.35025713,1
adobe_firefly_00036,test,1,0.35025713,1
adobe_firefly_00037,test,1,0.32812914,0
adobe_firefly_00038,test,1,0.09819135,0
adobe_firefly_00039,test,1,0.28264356,0
adobe_firefly_00040,test,1,0.13234664,0
adobe_firefly_00041,test,1,0.35025713,1
adobe_firefly_00042,test,1,0.35025713,1
adobe_firefly_00043,test,1,0.35025713,1
adobe_firefly_00044,test,1,0.35025713,1
adobe_firefly_00045,test,1,0.35025713,1
adobe_firefly_00046,test,1,0.35025713,1
adobe_firefly_00047,test,1,0.35025713,1
adobe_firefly_00048,test,1,0.35025713,1
adobe_firefly_00049,test,1,0.35025713,1
adobe_firefly_00050,test,1,0.08048212,0
adobe_firefly_00051,test,1,0.35025713,1
adobe_firefly_00052,test,1,0.011442957,0
adobe_firefly_00053,test,1,0.35025713,1
adobe_firefly_00054,test,1,0.35025713,1
adobe_firefly_00055,test,1,0.011719356,0
adobe_firefly_00056,test,1,0.35025713,1
adobe_firefly_00057,test,1,0.42980057,0
adobe_firefly_00058,test,1,0.6917334,0
adobe_firefly_00059,test,1,0.35025713,1
adobe_firefly_00060,test,1,0.083531626,0
adobe_firefly_00061,test,1,0.5726791,0
adobe_firefly_00062,test,1,0.35025713,1
adobe_firefly_00063,test,1,0.45522138,0
adobe_firefly_00064,test,1,0.016712915,0
adobe_firefly_00065,test,1,0.1258529,0
adobe_firefly_00066,test,1,0.9432799,0
adobe_firefly_00067,test,1,0.35025713,1
adobe_firefly_00068,test,1,0.054887306,0
adobe_firefly_00069,test,1,0.35025713,1
adobe_firefly_00070,test,1,0.35025713,1
adobe_firefly_00071,test,1,0.35739705,0
adobe_firefly_00072,test,1,0.1549053,1
adobe_firefly_00073,test,1,0.99086505,0
adobe_firefly_00074,test,1,0.62910515,0
adobe_firefly_00075,test,1,0.35025713,1
adobe_firefly_00076,test,1,0.35025713,1
adobe_firefly_00077,test,1,0.14874181,0
adobe_firefly_00078,test,1,0.35025713,1
adobe_firefly_00079,test,1,0.35025713,1
adobe_firefly_00080,test,1,0.39842403,0
adobe_firefly_00081,test,1,0.06383063,0
adobe_firefly_00082,test,1,0.13923652,0
adobe_firefly_00083,test,1,0.35025713,1
adobe_firefly_00084,test,1,0.35025713,1
adobe_firefly_00085,test,1,0.35025713,1
adobe_firefly_00086,test,1,0.043829307,0
adobe_firefly_00087,test,1,0.4462308,0
adobe_firefly_00088,test,1,0.3697729,0
adobe_firefly_00089,test,1,0.35025713,1
adobe_firefly_00090,test,1,0.35025713,1
adobe_firefly_00091,test,1,0.7398823,0
adobe_firefly_00092,test,1,0.10160294,0
adobe_firefly_00093,test,1,0.35025713,1
adobe_firefly_00094,test,1,0.35025713,1
adobe_firefly_00095,test,1,0.40860096,0
adobe_firefly_00096,test,1,0.35025713,1
adobe_firefly_00097,test,1,0.35025713,1
adobe_firefly_00098,test,1,0.19078581,0
adobe_firefly_00099,test,1,0.35025713,1
adobe_firefly_00100,test,1,0.2549973,0
adobe_firefly_00101,test,1,0.35025713,1
adobe_firefly_00102,test,1,0.13618216,0
adobe_firefly_00103,test,1,0.5402063,0
adobe_firefly_00104,test,1,0.35025713,1
adobe_firefly_00105,test,1,0.60583794,0
adobe_firefly_00106,test,1,0.9520671,0
adobe_firefly_00107,test,1,0.35025713,1
adobe_firefly_00108,test,1,0.35025713,1
adobe_firefly_00109,test,1,0.15679659,0
adobe_firefly_00110,test,1,0.19282494,0
adobe_firefly_00111,test,1,0.12184653,0
adobe_firefly_00112,test,1,0.35025713,1
adobe_firefly_00113,test,1,0.35025713,1
adobe_firefly_00114,test,1,0.35025713,1
adobe_firefly_00115,test,1,0.35025713,1
adobe_firefly_00116,test,1,0.35025713,1
adobe_firefly_00117,test,1,0.35025713,1
adobe_firefly_00118,test,1,0.35025713,1
adobe_firefly_00119,test,1,0.1773024,0
adobe_firefly_00120,test,1,0.76589704,0
adobe_firefly_00121,test,1,0.17689295,0
adobe_firefly_00122,test,1,0.35025713,1
adobe_firefly_00123,test,1,0.012932593,0
adobe_firefly_00124,test,1,0.35025713,1
adobe_firefly_00125,test,1,0.41501358,0
adobe_firefly_00126,test,1,0.35025713,1
adobe_firefly_00127,test,1,0.35025713,1
adobe_firefly_00128,test,1,0.35025713,1
adobe_firefly_00129,test,1,0.13578936,0
adobe_firefly_00130,test,1,0.35025713,1
adobe_firefly_00131,test,1,0.35025713,1
adobe_firefly_00132,test,1,0.35025713,1
adobe_firefly_00133,test,1,0.35025713,1
adobe_firefly_00134,test,1,0.35025713,1
adobe_firefly_00135,test,1,0.35025713,1
adobe_firefly_00136,test,1,0.35025713,1
adobe_firefly_00137,test,1,0.35025713,1
adobe_firefly_00138,test,1,0.35025713,1
adobe_firefly_00139,test,1,0.49301767,0
adobe_firefly_00140,test,1,0.9132025,0
adobe_firefly_00141,test,1,0.19610958,0
adobe_firefly_00142,test,1,0.35025713,1
adobe_firefly_00143,test,1,0.10759852,0
adobe_firefly_00144,test,1,0.35025713,1
adobe_firefly_00145,test,1,0.35025713,1
adobe_firefly_00146,test,1,0.83551896,0
adobe_firefly_00147,test,1,0.35025713,1
adobe_firefly_00148,test,1,0.11132549,0
adobe_firefly_00149,test,1,0.35025713,1
adobe_firefly_00150,test,1,0.35025713,1
adobe_firefly_00151,test,1,0.35025713,1
adobe_firefly_00152,test,1,0.07285948,0
adobe_firefly_00153,test,1,0.35025713,1
adobe_firefly_00154,test,1,0.35025713,1
adobe_firefly_00155,test,1,0.35025713,1
adobe_firefly_00156,test,1,0.35025713,1
adobe_firefly_00157,test,1,0.16638933,0
adobe_firefly_00158,test,1,0.35025713,1
adobe_firefly_00159,test,1,0.009359211,0
adobe_firefly_00160,test,1,0.35025713,1
adobe_firefly_00161,test,1,0.35025713,1
adobe_firefly_00162,test,1,0.14531378,0
adobe_firefly_00163,test,1,0.30630746,0
adobe_firefly_00164,test,1,0.35025713,1
adobe_firefly_00165,test,1,0.0025908363,0
adobe_firefly_00166,test,1,0.35025713,1
adobe_firefly_00167,test,1,0.50478417,0
adobe_firefly_00168,test,1,0.019656591,0
adobe_firefly_00169,test,1,0.10844534,0
adobe_firefly_00170,test,1,0.35025713,1
adobe_firefly_00171,test,1,0.84794515,0
adobe_firefly_00172,test,1,0.046350207,0
adobe_firefly_00173,test,1,0.8612899,0
adobe_firefly_00174,test,1,0.35025713,1
adobe_firefly_00175,test,1,0.35025713,1
adobe_firefly_00176,test,1,0.35025713,1
adobe_firefly_00177,test,1,0.35025713,1
adobe_firefly_00178,test,1,0.35025713,1
adobe_firefly_00179,test,1,0.28386262,0
adobe_firefly_00180,test,1,0.35025713,1
adobe_firefly_00181,test,1,0.35025713,1
adobe_firefly_00182,test,1,0.35025713,1
adobe_firefly_00183,test,1,0.35025713,1
adobe_firefly_00184,test,1,0.35025713,1
adobe_firefly_00185,test,1,0.56367886,0
adobe_firefly_00186,test,1,0.35025713,1
adobe_firefly_00187,test,1,0.35025713,1
adobe_firefly_00188,test,1,0.35025713,1
adobe_firefly_00189,test,1,0.77710694,0
adobe_firefly_00190,test,1,0.04770328,0
adobe_firefly_00191,test,1,0.35025713,1
adobe_firefly_00192,test,1,0.35025713,1
adobe_firefly_00193,test,1,0.35025713,1
adobe_firefly_00194,test,1,0.35025713,1
adobe_firefly_00195,test,1,0.35025713,1
adobe_firefly_00196,test,1,0.35025713,1
adobe_firefly_00197,test,1,0.35025713,1
adobe_firefly_00198,test,1,0.35025713,1
adobe_firefly_00199,test,1,0.7810258,0
adobe_firefly_00200,test,1,0.005596107,0
adobe_firefly_00201,test,1,0.35025713,1
adobe_firefly_00202,test,1,0.32605544,0
adobe_firefly_00203,test,1,0.35025713,1
adobe_firefly_00204,test,1,0.35025713,1
adobe_firefly_00205,test,1,0.1861541,0
adobe_firefly_00206,test,1,0.09430452,0
adobe_firefly_00207,test,1,0.006209417,0
adobe_firefly_00208,test,1,0.35025713,1
adobe_firefly_00209,test,1,0.35025713,1
adobe_firefly_00210,test,1,0.19752368,0
adobe_firefly_00211,test,1,0.53206223,0
adobe_firefly_00212,test,1,0.73151225,0
adobe_firefly_00213,test,1,0.20484938,0
adobe_firefly_00214,test,1,0.04163821,0
adobe_firefly_00215,test,1,0.35025713,1
adobe_firefly_00216,test,1,0.35025713,1
adobe_firefly_00217,test,1,0.35025713,1
adobe_firefly_00218,test,1,0.35025713,1
adobe_firefly_00219,test,1,0.35025713,1
adobe_firefly_00220,test,1,0.5311451,0
adobe_firefly_00221,test,1,0.15109143,0
adobe_firefly_00222,test,1,0.35025713,1
adobe_firefly_00223,test,1,0.35025713,1
adobe_firefly_00224,test,1,0.35025713,1
adobe_firefly_00225,test,1,0.35025713,1
adobe_firefly_00226,test,1,0.49279642,0
adobe_firefly_00227,test,1,0.38319004,0
adobe_firefly_00228,test,1,0.39918306,0
adobe_firefly_00229,test,1,0.57879716,0
adobe_firefly_00230,test,1,0.092818774,1
adobe_firefly_00231,test,1,0.35025713,1
adobe_firefly_00232,test,1,0.6483647,0
adobe_firefly_00233,test,1,0.35025713,1
adobe_firefly_00234,test,1,0.35025713,1
adobe_firefly_00235,test,1,0.35025713,1
adobe_firefly_00236,test,1,0.006682971,0
adobe_firefly_00237,test,1,0.61146605,0
adobe_firefly_00238,test,1,0.9905111,0
adobe_firefly_00239,test,1,0.9181346,0
adobe_firefly_00240,test,1,0.35025713,1
adobe_firefly_00241,test,1,0.9706241,0
adobe_firefly_00242,test,1,0.09861651,0
adobe_firefly_00243,test,1,0.35025713,1
adobe_firefly_00244,test,1,0.007980675,0
adobe_firefly_00245,test,1,0.35025713,1
adobe_firefly_00246,test,1,0.35025713,1
adobe_firefly_00247,test,1,0.35025713,1
adobe_firefly_00248,test,1,0.257261,0
adobe_firefly_00249,test,1,0.35025713,1
adobe_firefly_00250,test,1,0.025297882,0
adobe_firefly_00251,test,1,0.2220513,0
adobe_firefly_00252,test,1,0.35025713,1
adobe_firefly_00253,test,1,0.3354814,0
adobe_firefly_00254,test,1,0.35025713,1
adobe_firefly_00255,test,1,0.41201273,0
adobe_firefly_00256,test,1,0.06682987,0
adobe_firefly_00257,test,1,0.35025713,1
adobe_firefly_00258,test,1,0.35025713,1
adobe_firefly_00259,test,1,0.35025713,1
adobe_firefly_00260,test,1,0.61408466,0
adobe_firefly_00261,test,1,0.15077001,0
adobe_firefly_00262,test,1,0.35025713,1
adobe_firefly_00263,test,1,0.3864669,0
adobe_firefly_00264,test,1,0.35025713,1
adobe_firefly_00265,test,1,0.044845343,0
adobe_firefly_00266,test,1,0.35025713,1
adobe_firefly_00267,test,1,0.5061102,1
adobe_firefly_00268,test,1,0.049428992,0
adobe_firefly_00269,test,1,0.35025713,1
adobe_firefly_00270,test,1,0.35025713,1
adobe_firefly_00271,test,1,0.020699102,0
adobe_firefly_00272,test,1,0.35025713,1
adobe_firefly_00273,test,1,0.7038762,0
adobe_firefly_00274,test,1,0.35025713,1
adobe_firefly_00275,test,1,0.35025713,1
adobe_firefly_00276,test,1,0.35025713,1
adobe_firefly_00277,test,1,0.35025713,1
adobe_firefly_00278,test,1,0.33954152,0
adobe_firefly_00279,test,1,0.35025713,1
adobe_firefly_00280,test,1,0.04284629,0
adobe_firefly_00281,test,1,0.35025713,1
adobe_firefly_00282,test,1,0.10465501,0
adobe_firefly_00283,test,1,0.35025713,1
adobe_firefly_00284,test,1,0.35025713,1
adobe_firefly_00285,test,1,0.35025713,1
adobe_firefly_00286,test,1,0.35025713,1
adobe_firefly_00287,test,1,0.28187165,0
adobe_firefly_00288,test,1,0.8922877,0
adobe_firefly_00289,test,1,0.49724382,0
adobe_firefly_00290,test,1,0.57751536,0
adobe_firefly_00291,test,1,0.35025713,1
adobe_firefly_00292,test,1,0.35025713,1
adobe_firefly_00293,test,1,0.21252859,0
adobe_firefly_00294,test,1,0.3786367,0
adobe_firefly_00295,test,1,0.3244619,0
adobe_firefly_00296,test,1,0.120622985,0
adobe_firefly_00297,test,1,0.04356816,0
adobe_firefly_00298,test,1,0.28730905,0
adobe_firefly_00299,test,1,0.3588198,0
adobe_firefly_00300,test,1,0.029931229,0
adobe_firefly_00301,test,1,0.35025713,1
adobe_firefly_00302,test,1,0.065040275,0
adobe_firefly_00303,test,1,0.35025713,1
adobe_firefly_00304,test,1,0.09298334,1
adobe_firefly_00305,test,1,0.35025713,1
adobe_firefly_00306,test,1,0.07966926,0
adobe_firefly_00307,test,1,0.0023196035,0
adobe_firefly_00308,test,1,0.35025713,1
adobe_firefly_00309,test,1,0.49411944,0
adobe_firefly_00310,test,1,0.35025713,1
adobe_firefly_00311,test,1,0.35025713,1
adobe_firefly_00312,test,1,0.38505748,0
adobe_firefly_00313,test,1,0.95513034,0
adobe_firefly_00314,test,1,0.35025713,1
adobe_firefly_00315,test,1,0.35025713,1
adobe_firefly_00316,test,1,0.53676856,0
adobe_firefly_00317,test,1,0.7120523,0
adobe_firefly_00318,test,1,0.35025713,1
adobe_firefly_00319,test,1,0.35025713,1
adobe_firefly_00320,test,1,0.7675227,0
adobe_firefly_00321,test,1,0.35025713,1
adobe_firefly_00322,test,1,0.34527728,0
adobe_firefly_00323,test,1,0.031380735,0
adobe_firefly_00324,test,1,0.30828792,0
adobe_firefly_00325,test,1,0.42907634,0
adobe_firefly_00326,test,1,0.35025713,1
adobe_firefly_00327,test,1,0.26572493,0
adobe_firefly_00328,test,1,0.07672734,0
adobe_firefly_00329,test,1,0.35025713,1
adobe_firefly_00330,test,1,0.35025713,1
adobe_firefly_00331,test,1,0.98880565,0
adobe_firefly_00332,test,1,0.35025713,1
adobe_firefly_00333,test,1,0.18306243,0
adobe_firefly_00334,test,1,0.35025713,1
adobe_firefly_00335,test,1,0.35025713,1
adobe_firefly_00336,test,1,0.077657275,0
adobe_firefly_00337,test,1,0.35025713,1
adobe_firefly_00338,test,1,0.03171762,0
adobe_firefly_00339,test,1,0.35025713,1
adobe_firefly_00340,test,1,0.35025713,1
adobe_firefly_00341,test,1,0.35025713,1
adobe_firefly_00342,test,1,0.032942172,0
adobe_firefly_00343,test,1,0.35025713,1
adobe_firefly_00344,test,1,0.35025713,1
adobe_firefly_00345,test,1,0.35025713,1
adobe_firefly_00346,test,1,0.014245623,0
adobe_firefly_00347,test,1,0.35025713,1
adobe_firefly_00348,test,1,0.35025713,1
adobe_firefly_00349,test,1,0.35025713,1
adobe_firefly_00350,test,1,0.35025713,1
adobe_firefly_00351,test,1,0.35025713,1
adobe_firefly_00352,test,1,0.35025713,1
adobe_firefly_00353,test,1,0.35025713,1
adobe_firefly_00354,test,1,0.9824247,0
adobe_firefly_00355,test,1,0.35025713,1
adobe_firefly_00356,test,1,0.36605337,0
adobe_firefly_00357,test,1,0.35025713,1
adobe_firefly_00358,test,1,0.35843936,0
adobe_firefly_00359,test,1,0.67374533,0
adobe_firefly_00360,test,1,0.0768951,0
adobe_firefly_00361,test,1,0.35025713,1
adobe_firefly_00362,test,1,0.6404663,0
adobe_firefly_00363,test,1,0.15870667,0
adobe_firefly_00364,test,1,0.35025713,1
adobe_firefly_00365,test,1,0.35025713,1
adobe_firefly_00366,test,1,0.35025713,1
adobe_firefly_00367,test,1,0.063795686,0
adobe_firefly_00368,test,1,0.35025713,1
adobe_firefly_00369,test,1,0.35025713,1
adobe_firefly_00370,test,1,0.35025713,1
adobe_firefly_00371,test,1,0.35025713,1
adobe_firefly_00372,test,1,0.35025713,1
adobe_firefly_00373,test,1,0.35025713,1
adobe_firefly_00374,test,1,0.35025713,1
adobe_firefly_00375,test,1,0.35025713,1
adobe_firefly_00376,test,1,0.35025713,1
adobe_firefly_00377,test,1,0.35025713,1
adobe_firefly_00378,test,1,0.35025713,1
adobe_firefly_00379,test,1,0.35025713,1
adobe_firefly_00380,test,1,0.3040132,0
adobe_firefly_00381,test,1,0.35025713,1
adobe_firefly_00382,test,1,0.35025713,1
adobe_firefly_00383,test,1,0.35025713,1
adobe_firefly_00384,test,1,0.35025713,1
adobe_firefly_00385,test,1,0.98401827,0
adobe_firefly_00386,test,1,0.10808328,0
adobe_firefly_00387,test,1,0.35025713,1
adobe_firefly_00388,test,1,0.43438768,0
adobe_firefly_00389,test,1,0.6051143,0
adobe_firefly_00390,test,1,0.11839644,0
adobe_firefly_00391,test,1,0.57284963,0
adobe_firefly_00392,test,1,0.7481614,0
adobe_firefly_00393,test,1,0.22167195,0
adobe_firefly_00394,test,1,0.35025713,1
adobe_firefly_00395,test,1,0.80540985,0
adobe_firefly_00396,test,1,0.53666306,0
adobe_firefly_00397,test,1,0.30001998,0
adobe_firefly_00398,test,1,0.048035912,0
adobe_firefly_00399,test,1,0.35025713,1
adobe_firefly_00400,test,1,0.35025713,1
adobe_firefly_00401,test,1,0.35025713,1
adobe_firefly_00402,test,1,0.3745416,0
adobe_firefly_00403,test,1,0.8238347,0
adobe_firefly_00404,test,1,0.004152813,0
adobe_firefly_00405,test,1,0.35025713,1
adobe_firefly_00406,test,1,0.9495551,0
adobe_firefly_00407,test,1,0.13379039,0
adobe_firefly_00408,test,1,0.29917464,0
adobe_firefly_00409,test,1,0.20634024,0
adobe_firefly_00410,test,1,0.33066347,0
adobe_firefly_00411,test,1,0.35025713,1
adobe_firefly_00412,test,1,0.08672249,0
adobe_firefly_00413,test,1,0.8288471,0
adobe_firefly_00414,test,1,0.57166326,0
adobe_firefly_00415,test,1,0.10775741,0
adobe_firefly_00416,test,1,0.35025713,1
adobe_firefly_00417,test,1,0.9070505,0
adobe_firefly_00418,test,1,0.35025713,1
adobe_firefly_00419,test,1,0.35025713,1
adobe_firefly_00420,test,1,0.8035236,0
adobe_firefly_00421,test,1,0.35025713,1
adobe_firefly_00422,test,1,0.35025713,1
adobe_firefly_00423,test,1,0.35025713,1
adobe_firefly_00424,test,1,0.35025713,1
adobe_firefly_00425,test,1,0.820297,0
adobe_firefly_00426,test,1,0.97270346,0
adobe_firefly_00427,test,1,0.45825735,0
adobe_firefly_00428,test,1,0.8321934,0
adobe_firefly_00429,test,1,0.43029046,0
adobe_firefly_00430,test,1,0.35025713,1
adobe_firefly_00431,test,1,0.35025713,1
adobe_firefly_00432,test,1,0.5284447,0
adobe_firefly_00433,test,1,0.10305166,1
adobe_firefly_00434,test,1,0.6186321,0
adobe_firefly_00435,test,1,0.122951925,0
adobe_firefly_00436,test,1,0.35025713,1
adobe_firefly_00437,test,1,0.9808369,0
adobe_firefly_00438,test,1,0.35025713,1
adobe_firefly_00439,test,1,0.35025713,1
adobe_firefly_00440,test,1,0.35025713,1
adobe_firefly_00441,test,1,0.35025713,1
adobe_firefly_00442,test,1,0.44717094,0
adobe_firefly_00443,test,1,0.04139644,0
adobe_firefly_00444,test,1,0.031219255,0
adobe_firefly_00445,test,1,0.35025713,1
adobe_firefly_00446,test,1,0.35025713,1
adobe_firefly_00447,test,1,0.01894473,0
adobe_firefly_00448,test,1,0.35025713,1
adobe_firefly_00449,test,1,0.13546428,0
adobe_firefly_00450,test,1,0.35025713,1
adobe_firefly_00451,test,1,0.35025713,1
adobe_firefly_00452,test,1,0.35025713,1
adobe_firefly_00453,test,1,0.35025713,1
adobe_firefly_00454,test,1,0.9588424,0
adobe_firefly_00455,test,1,0.102248184,0
adobe_firefly_00456,test,1,0.31701,1
adobe_firefly_00457,test,1,0.35025713,1
adobe_firefly_00458,test,1,0.35025713,1
adobe_firefly_00459,test,1,0.13610536,0
adobe_firefly_00460,test,1,0.18505715,0
adobe_firefly_00461,test,1,0.35025713,1
adobe_firefly_00462,test,1,0.90934485,0
adobe_firefly_00463,test,1,0.09006868,0
adobe_firefly_00464,test,1,0.35025713,1
adobe_firefly_00465,test,1,0.35025713,1
adobe_firefly_00466,test,1,0.35025713,1
adobe_firefly_00467,test,1,0.19444294,0
adobe_firefly_00468,test,1,0.35025713,1
adobe_firefly_00469,test,1,0.35025713,1
adobe_firefly_00470,test,1,0.5405808,0
adobe_firefly_00471,test,1,0.05345789,0
adobe_firefly_00472,test,1,0.0741016,0
adobe_firefly_00473,test,1,0.35025713,1
adobe_firefly_00474,test,1,0.35025713,1
adobe_firefly_00475,test,1,0.16604407,0
adobe_firefly_00476,test,1,0.0042347265,0
adobe_firefly_00477,test,1,0.35025713,1
adobe_firefly_00478,test,1,0.40140894,0
adobe_firefly_00479,test,1,0.9397484,0
adobe_firefly_00480,test,1,0.46114257,0
adobe_firefly_00481,test,1,0.88563526,0
adobe_firefly_00482,test,1,0.0033240702,0
adobe_firefly_00483,test,1,0.18959671,0
adobe_firefly_00484,test,1,0.35025713,1
adobe_firefly_00485,test,1,0.008236956,0
adobe_firefly_00486,test,1,0.79577947,0
adobe_firefly_00487,test,1,0.35025713,1
adobe_firefly_00488,test,1,0.35025713,1
adobe_firefly_00489,test,1,0.09426774,0
adobe_firefly_00490,test,1,0.22566782,0
adobe_firefly_00491,test,1,0.49064788,0
adobe_firefly_00492,test,1,0.35025713,1
adobe_firefly_00493,test,1,0.35025713,1
adobe_firefly_00494,test,1,0.35025713,1
adobe_firefly_00495,test,1,0.35025713,1
adobe_firefly_00496,test,1,0.35025713,1
adobe_firefly_00497,test,1,0.5165029,0
adobe_firefly_00498,test,1,0.35025713,1
adobe_firefly_00499,test,1,0.35025713,1
adobe_firefly_00500,test,1,0.35025713,1
adobe_firefly_00501,test,1,0.07777994,0
adobe_firefly_00502,test,1,0.35025713,1
adobe_firefly_00503,test,1,0.35025713,1
adobe_firefly_00504,test,1,0.16315104,0
adobe_firefly_00505,test,1,0.35025713,1
adobe_firefly_00506,test,1,0.42726773,0
adobe_firefly_00507,test,1,0.35025713,1
adobe_firefly_00508,test,1,0.87879443,0
adobe_firefly_00509,test,1,0.029633056,0
adobe_firefly_00510,test,1,0.35025713,1
adobe_firefly_00511,test,1,0.35025713,1
adobe_firefly_00512,test,1,0.3309384,0
adobe_firefly_00513,test,1,0.366317,1
adobe_firefly_00514,test,1,0.35025713,1
adobe_firefly_00515,test,1,0.35025713,1
adobe_firefly_00516,test,1,0.35025713,1
adobe_firefly_00517,test,1,0.35025713,1
adobe_firefly_00518,test,1,0.015107055,0
adobe_firefly_00519,test,1,0.35025713,1
adobe_firefly_00520,test,1,0.35025713,1
adobe_firefly_00521,test,1,0.5459559,0
adobe_firefly_00522,test,1,0.1591347,0
adobe_firefly_00523,test,1,0.35025713,1
adobe_firefly_00524,test,1,0.35025713,1
adobe_firefly_00525,test,1,0.7605839,0
adobe_firefly_00526,test,1,0.58774525,0
adobe_firefly_00527,test,1,0.35025713,1
adobe_firefly_00528,test,1,0.8237763,0
adobe_firefly_00529,test,1,0.7665855,0
adobe_firefly_00530,test,1,0.35025713,1
adobe_firefly_00531,test,1,0.14475624,0
adobe_firefly_00532,test,1,0.23817751,0
adobe_firefly_00533,test,1,0.7250346,0
adobe_firefly_00534,test,1,0.35025713,1
adobe_firefly_00535,test,1,0.35025713,1
adobe_firefly_00536,test,1,0.02590606,0
adobe_firefly_00537,test,1,0.35025713,1
adobe_firefly_00538,test,1,0.35025713,1
adobe_firefly_00539,test,1,0.35025713,1
adobe_firefly_00540,test,1,0.35025713,1
adobe_firefly_00541,test,1,0.9488768,0
adobe_firefly_00542,test,1,0.11983805,0
adobe_firefly_00543,test,1,0.35025713,1
adobe_firefly_00544,test,1,0.9305962,0
adobe_firefly_00545,test,1,0.35025713,1
adobe_firefly_00546,test,1,0.35025713,1
adobe_firefly_00547,test,1,0.35025713,1
adobe_firefly_00548,test,1,0.7033268,0
adobe_firefly_00549,test,1,0.6480065,0
adobe_firefly_00550,test,1,0.35025713,1
adobe_firefly_00551,test,1,0.35025713,1
adobe_firefly_00552,test,1,0.01185517,0
adobe_firefly_00553,test,1,0.35025713,1
adobe_firefly_00554,test,1,0.35025713,1
adobe_firefly_00555,test,1,0.35025713,1
adobe_firefly_00556,test,1,0.16079655,0
adobe_firefly_00557,test,1,0.35025713,1
adobe_firefly_00558,test,1,0.35025713,1
adobe_firefly_00559,test,1,0.35025713,1
adobe_firefly_00560,test,1,0.14250796,0
adobe_firefly_00561,test,1,0.68217117,0
adobe_firefly_00562,test,1,0.35025713,1
adobe_firefly_00563,test,1,0.35025713,1
adobe_firefly_00564,test,1,0.35025713,1
adobe_firefly_00565,test,1,0.35025713,1
adobe_firefly_00566,test,1,0.352835,0
adobe_firefly_00567,test,1,0.50328505,0
adobe_firefly_00568,test,1,0.35025713,1
adobe_firefly_00569,test,1,0.35025713,1
adobe_firefly_00570,test,1,0.6266241,0
adobe_firefly_00571,test,1,0.7755352,0
adobe_firefly_00572,test,1,0.104973115,0
adobe_firefly_00573,test,1,0.35025713,1
adobe_firefly_00574,test,1,0.35025713,1
adobe_firefly_00575,test,1,0.08042727,0
adobe_firefly_00576,test,1,0.8589902,0
adobe_firefly_00577,test,1,0.061114024,0
adobe_firefly_00578,test,1,0.0057966514,0
adobe_firefly_00579,test,1,0.3053815,0
adobe_firefly_00580,test,1,0.35025713,1
adobe_firefly_00581,test,1,0.14499201,0
adobe_firefly_00582,test,1,0.35025713,1
adobe_firefly_00583,test,1,0.35025713,1
adobe_firefly_00584,test,1,0.35025713,1
adobe_firefly_00585,test,1,0.85799545,0
adobe_firefly_00586,test,1,0.989847,0
adobe_firefly_00587,test,1,0.35025713,1
adobe_firefly_00588,test,1,0.35025713,1
adobe_firefly_00589,test,1,0.065922946,0
adobe_firefly_00590,test,1,0.06873901,0
adobe_firefly_00591,test,1,0.8519165,0
adobe_firefly_00592,test,1,0.35025713,1
adobe_firefly_00593,test,1,0.3501073,1
adobe_firefly_00594,test,1,0.15275973,0
adobe_firefly_00595,test,1,0.03485701,0
adobe_firefly_00596,test,1,0.35025713,1
adobe_firefly_00597,test,1,0.35025713,1
adobe_firefly_00598,test,1,0.35025713,1
adobe_firefly_00599,test,1,0.35025713,1
adobe_firefly_00600,test,1,0.35025713,1
adobe_firefly_00601,test,1,0.27376154,0
adobe_firefly_00602,test,1,0.87601614,0
adobe_firefly_00603,test,1,0.1665724,0
adobe_firefly_00604,test,1,0.35025713,1
adobe_firefly_00605,test,1,0.35025713,1
adobe_firefly_00606,test,1,0.35656726,0
adobe_firefly_00607,test,1,0.43045115,0
adobe_firefly_00608,test,1,0.12425414,0
adobe_firefly_00609,test,1,0.35025713,1
adobe_firefly_00610,test,1,0.14433664,0
adobe_firefly_00611,test,1,0.05907427,0
adobe_firefly_00612,test,1,0.26862708,0
adobe_firefly_00613,test,1,0.09186151,0
adobe_firefly_00614,test,1,0.35025713,1
adobe_firefly_00615,test,1,0.35025713,1
adobe_firefly_00616,test,1,0.13039485,0
adobe_firefly_00617,test,1,0.35025713,1
adobe_firefly_00618,test,1,0.06783786,1
adobe_firefly_00619,test,1,0.20939131,0
adobe_firefly_00620,test,1,0.3967679,0
adobe_firefly_00621,test,1,0.9951645,0
adobe_firefly_00622,test,1,0.463125,0
adobe_firefly_00623,test,1,0.809704,0
adobe_firefly_00624,test,1,0.35025713,1
adobe_firefly_00625,test,1,0.35025713,1
adobe_firefly_00626,test,1,0.2527826,0
adobe_firefly_00627,test,1,0.35025713,1
adobe_firefly_00628,test,1,0.35025713,1
adobe_firefly_00629,test,1,0.35025713,1
adobe_firefly_00630,test,1,0.9920769,0
adobe_firefly_00631,test,1,0.35025713,1
adobe_firefly_00632,test,1,0.35025713,1
adobe_firefly_00633,test,1,0.15323468,0
adobe_firefly_00634,test,1,0.1991627,0
adobe_firefly_00635,test,1,0.35025713,1
adobe_firefly_00636,test,1,0.35025713,1
adobe_firefly_00637,test,1,0.20350902,0
adobe_firefly_00638,test,1,0.06735515,0
adobe_firefly_00639,test,1,0.35025713,1
adobe_firefly_00640,test,1,0.9978872,0
adobe_firefly_00641,test,1,0.35025713,1
adobe_firefly_00642,test,1,0.18656737,0
adobe_firefly_00643,test,1,0.35025713,1
adobe_firefly_00644,test,1,0.061177645,0
adobe_firefly_00645,test,1,0.35025713,1
adobe_firefly_00646,test,1,0.35025713,1
adobe_firefly_00647,test,1,0.35025713,1
adobe_firefly_00648,test,1,0.35025713,1
adobe_firefly_00649,test,1,0.35025713,1
adobe_firefly_00650,test,1,0.9180154,0
adobe_firefly_00651,test,1,0.30576187,0
adobe_firefly_00652,test,1,0.35025713,1
adobe_firefly_00653,test,1,0.35025713,1
adobe_firefly_00654,test,1,0.052185625,0
adobe_firefly_00655,test,1,0.2999808,0
adobe_firefly_00656,test,1,0.8587567,0
adobe_firefly_00657,test,1,0.05440876,0
adobe_firefly_00658,test,1,0.35025713,1
adobe_firefly_00659,test,1,0.08283305,0
adobe_firefly_00660,test,1,0.504115,0
adobe_firefly_00661,test,1,0.01193878,0
adobe_firefly_00662,test,1,0.43867132,0
adobe_firefly_00663,test,1,0.027437592,0
adobe_firefly_00664,test,1,0.35025713,1
adobe_firefly_00665,test,1,0.35025713,1
adobe_firefly_00666,test,1,0.35025713,1
adobe_firefly_00667,test,1,0.46482563,0
adobe_firefly_00668,test,1,0.6227608,0
adobe_firefly_00669,test,1,0.35025713,1
adobe_firefly_00670,test,1,0.08840252,0
adobe_firefly_00671,test,1,0.8940058,0
adobe_firefly_00672,test,1,0.6007634,0
adobe_firefly_00673,test,1,0.35025713,1
adobe_firefly_00674,test,1,0.35025713,1
adobe_firefly_00675,test,1,0.08263694,0
adobe_firefly_00676,test,1,0.061753936,0
adobe_firefly_00677,test,1,0.35025713,1
adobe_firefly_00678,test,1,0.35025713,1
adobe_firefly_00679,test,1,0.3812044,0
adobe_firefly_00680,test,1,0.06600706,0
adobe_firefly_00681,test,1,0.006587859,0
adobe_firefly_00682,test,1,0.35025713,1
adobe_firefly_00683,test,1,0.35025713,1
adobe_firefly_00684,test,1,0.35025713,1
adobe_firefly_00685,test,1,0.21960911,0
adobe_firefly_00686,test,1,0.35025713,1
adobe_firefly_00687,test,1,0.012989244,0
adobe_firefly_00688,test,1,0.009115833,0
adobe_firefly_00689,test,1,0.147486,0
adobe_firefly_00690,test,1,0.7585525,0
adobe_firefly_00691,test,1,0.35025713,1
adobe_firefly_00692,test,1,0.35025713,1
adobe_firefly_00693,test,1,0.104242526,0
adobe_firefly_00694,test,1,0.30487117,0
adobe_firefly_00695,test,1,0.05237741,0
adobe_firefly_00696,test,1,0.05365328,0
adobe_firefly_00697,test,1,0.6673329,0
adobe_firefly_00698,test,1,0.35025713,1
adobe_firefly_00699,test,1,0.016599137,0
adobe_firefly_00700,test,1,0.55481184,0
adobe_firefly_00701,test,1,0.35025713,1
adobe_firefly_00702,test,1,0.35025713,1
adobe_firefly_00703,test,1,0.4797844,0
adobe_firefly_00704,test,1,0.35025713,1
adobe_firefly_00705,test,1,0.6189573,0
adobe_firefly_00706,test,1,0.35025713,1
adobe_firefly_00707,test,1,0.00453693,0
adobe_firefly_00708,test,1,0.21798478,0
adobe_firefly_00709,test,1,0.08739523,0
adobe_firefly_00710,test,1,0.33946386,0
adobe_firefly_00711,test,1,0.12432458,0
adobe_firefly_00712,test,1,0.35025713,1
adobe_firefly_00713,test,1,0.35025713,1
adobe_firefly_00714,test,1,0.18931156,0
adobe_firefly_00715,test,1,0.35025713,1
adobe_firefly_00716,test,1,0.35025713,1
adobe_firefly_00717,test,1,0.35025713,1
adobe_firefly_00718,test,1,0.09268405,0
adobe_firefly_00719,test,1,0.46112224,0
adobe_firefly_00720,test,1,0.35025713,1
adobe_firefly_00721,test,1,0.043806884,0
adobe_firefly_00722,test,1,0.35025713,1
adobe_firefly_00723,test,1,0.30487117,0
adobe_firefly_00724,test,1,0.018280298,0
adobe_firefly_00725,test,1,0.061973054,0
adobe_firefly_00726,test,1,0.12196486,0
adobe_firefly_00727,test,1,0.35025713,1
adobe_firefly_00728,test,1,0.35025713,1
adobe_firefly_00729,test,1,0.5068147,0
adobe_firefly_00730,test,1,0.32340902,0
adobe_firefly_00731,test,1,0.7359405,0
adobe_firefly_00732,test,1,0.35025713,1
adobe_firefly_00733,test,1,0.35025713,1
adobe_firefly_00734,test,1,0.35025713,1
adobe_firefly_00735,test,1,0.51752615,0
adobe_firefly_00736,test,1,0.35025713,1
adobe_firefly_00737,test,1,0.73537785,0
adobe_firefly_00738,test,1,0.6910016,0
adobe_firefly_00739,test,1,0.35025713,1
adobe_firefly_00740,test,1,0.21103619,0
adobe_firefly_00741,test,1,0.35025713,1
adobe_firefly_00742,test,1,0.35025713,1
adobe_firefly_00743,test,1,0.52234834,0
adobe_firefly_00744,test,1,0.35025713,1
adobe_firefly_00745,test,1,0.8909695,0
adobe_firefly_00746,test,1,0.35025713,1
adobe_firefly_00747,test,1,0.31900164,0
adobe_firefly_00748,test,1,0.025585284,0
adobe_firefly_00749,test,1,0.38520616,0
adobe_firefly_00750,test,1,0.9920821,0
adobe_firefly_00751,test,1,0.8494976,0
adobe_firefly_00752,test,1,0.35025713,1
adobe_firefly_00753,test,1,0.03635586,0
adobe_firefly_00754,test,1,0.23845455,0
adobe_firefly_00755,test,1,0.35025713,1
adobe_firefly_00756,test,1,0.35025713,1
adobe_firefly_00757,test,1,0.2044569,0
adobe_firefly_00758,test,1,0.35025713,1
adobe_firefly_00759,test,1,0.849006,0
adobe_firefly_00760,test,1,0.35025713,1
adobe_firefly_00761,test,1,0.93714803,0
adobe_firefly_00762,test,1,0.76948756,0
adobe_firefly_00763,test,1,0.06280594,0
adobe_firefly_00764,test,1,0.35025713,1
adobe_firefly_00765,test,1,0.51120585,0
adobe_firefly_00766,test,1,0.35025713,1
adobe_firefly_00767,test,1,0.040212538,0
adobe_firefly_00768,test,1,0.35025713,1
adobe_firefly_00769,test,1,0.83519447,0
adobe_firefly_00770,test,1,0.34881607,0
adobe_firefly_00771,test,1,0.13278331,0
adobe_firefly_00772,test,1,0.8238696,0
adobe_firefly_00773,test,1,0.35025713,1
adobe_firefly_00774,test,1,0.35025713,1
adobe_firefly_00775,test,1,0.50052476,0
adobe_firefly_00776,test,1,0.28775373,0
adobe_firefly_00777,test,1,0.54004633,0
adobe_firefly_00778,test,1,0.35025713,1
adobe_firefly_00779,test,1,0.35025713,1
adobe_firefly_00780,test,1,0.7094901,0
adobe_firefly_00781,test,1,0.35025713,1
adobe_firefly_00782,test,1,0.35025713,1
adobe_firefly_00783,test,1,0.79261714,0
adobe_firefly_00784,test,1,0.45875987,0
adobe_firefly_00785,test,1,0.768518,0
adobe_firefly_00786,test,1,0.043191675,0
adobe_firefly_00787,test,1,0.35025713,1
adobe_firefly_00788,test,1,0.35025713,1
adobe_firefly_00789,test,1,0.83226204,0
adobe_firefly_00790,test,1,0.10779281,0
adobe_firefly_00791,test,1,0.73352486,0
adobe_firefly_00792,test,1,0.2266241,0
adobe_firefly_00793,test,1,0.35025713,1
adobe_firefly_00794,test,1,0.35025713,1
adobe_firefly_00795,test,1,0.35025713,1
adobe_firefly_00796,test,1,0.3942506,0
adobe_firefly_00797,test,1,0.68460095,0
adobe_firefly_00798,test,1,0.68628883,0
adobe_firefly_00799,test,1,0.35025713,1
adobe_firefly_00800,test,1,0.0960276,1
adobe_firefly_00801,test,1,0.42967683,0
adobe_firefly_00802,test,1,0.35025713,1
adobe_firefly_00803,test,1,0.86941355,0
adobe_firefly_00804,test,1,0.29366675,0
adobe_firefly_00805,test,1,0.71920294,0
adobe_firefly_00806,test,1,0.35025713,1
adobe_firefly_00807,test,1,0.35025713,1
adobe_firefly_00808,test,1,0.3426725,0
adobe_firefly_00809,test,1,0.35025713,1
adobe_firefly_00810,test,1,0.35025713,1
adobe_firefly_00811,test,1,0.35025713,1
adobe_firefly_00812,test,1,0.019790046,0
adobe_firefly_00813,test,1,0.35025713,1
adobe_firefly_00814,test,1,0.56998944,0
adobe_firefly_00815,test,1,0.40761408,0
adobe_firefly_00816,test,1,0.35025713,1
adobe_firefly_00817,test,1,0.9910308,0
adobe_firefly_00818,test,1,0.8158442,0
adobe_firefly_00819,test,1,0.021171546,0
adobe_firefly_00820,test,1,0.6767061,0
adobe_firefly_00821,test,1,0.23164575,0
adobe_firefly_00822,test,1,0.35025713,1
adobe_firefly_00823,test,1,0.10303513,0
adobe_firefly_00824,test,1,0.35025713,1
adobe_firefly_00825,test,1,0.17032032,0
adobe_firefly_00826,test,1,0.87865204,0
adobe_firefly_00827,test,1,0.35025713,1
adobe_firefly_00828,test,1,0.12043417,0
adobe_firefly_00829,test,1,0.35359448,0
adobe_firefly_00830,test,1,0.2418489,0
adobe_firefly_00831,test,1,0.35025713,1
adobe_firefly_00832,test,1,0.35025713,1
adobe_firefly_00833,test,1,0.35025713,1
adobe_firefly_00834,test,1,0.35025713,1
adobe_firefly_00835,test,1,0.35025713,1
adobe_firefly_00836,test,1,0.20906436,0
adobe_firefly_00837,test,1,0.98064435,0
adobe_firefly_00838,test,1,0.35025713,1
adobe_firefly_00839,test,1,0.35025713,1
adobe_firefly_00840,test,1,0.35025713,1
adobe_firefly_00841,test,1,0.45309064,0
adobe_firefly_00842,test,1,0.35025713,1
adobe_firefly_00843,test,1,0.35025713,1
adobe_firefly_00844,test,1,0.95593697,0
adobe_firefly_00845,test,1,0.92697954,0
adobe_firefly_00846,test,1,0.40184805,0
adobe_firefly_00847,test,1,0.35025713,1
adobe_firefly_00848,test,1,0.35025713,1
adobe_firefly_00849,test,1,0.35025713,1
adobe_firefly_00850,test,1,0.20101343,0
adobe_firefly_00851,test,1,0.5708354,0
adobe_firefly_00852,test,1,0.0831212,0
adobe_firefly_00853,test,1,0.24606247,0
adobe_firefly_00854,test,1,0.6551997,0
adobe_firefly_00855,test,1,0.35025713,1
adobe_firefly_00856,test,1,0.5522808,0
adobe_firefly_00857,test,1,0.35025713,1
adobe_firefly_00858,test,1,0.35025713,1
adobe_firefly_00859,test,1,0.38863358,0
adobe_firefly_00860,test,1,0.2614869,1
adobe_firefly_00861,test,1,0.038591977,0
adobe_firefly_00862,test,1,0.49544358,0
adobe_firefly_00863,test,1,0.35025713,1
adobe_firefly_00864,test,1,0.054719713,0
adobe_firefly_00865,test,1,0.35025713,1
adobe_firefly_00866,test,1,0.41456822,0
adobe_firefly_00867,test,1,0.93361425,0
adobe_firefly_00868,test,1,0.35025713,1
adobe_firefly_00869,test,1,0.88388157,0
adobe_firefly_00870,test,1,0.9463157,0
adobe_firefly_00871,test,1,0.35025713,1
adobe_firefly_00872,test,1,0.29077476,0
adobe_firefly_00873,test,1,0.35025713,1
adobe_firefly_00874,test,1,0.35025713,1
adobe_firefly_00875,test,1,0.35025713,1
adobe_firefly_00876,test,1,0.35025713,1
adobe_firefly_00877,test,1,0.35025713,1
adobe_firefly_00878,test,1,0.68352884,0
adobe_firefly_00879,test,1,0.20969874,1
adobe_firefly_00880,test,1,0.09801813,0
adobe_firefly_00881,test,1,0.33345407,0
adobe_firefly_00882,test,1,0.35025713,1
adobe_firefly_00883,test,1,0.35025713,1
adobe_firefly_00884,test,1,0.45309064,0
adobe_firefly_00885,test,1,0.16440946,0
adobe_firefly_00886,test,1,0.35025713,1
adobe_firefly_00887,test,1,0.35025713,1
adobe_firefly_00888,test,1,0.35025713,1
adobe_firefly_00889,test,1,0.35025713,1
adobe_firefly_00890,test,1,0.42593545,0
adobe_firefly_00891,test,1,0.35025713,1
adobe_firefly_00892,test,1,0.28725794,0
adobe_firefly_00893,test,1,0.33805317,0
adobe_firefly_00894,test,1,0.007985048,0
adobe_firefly_00895,test,1,0.35025713,1
adobe_firefly_00896,test,1,0.35025713,1
adobe_firefly_00897,test,1,0.5813678,0
adobe_firefly_00898,test,1,0.35025713,1
adobe_firefly_00899,test,1,0.35025713,1
adobe_firefly_00900,test,1,0.3645173,0
adobe_firefly_00901,test,1,0.23626153,0
adobe_firefly_00902,test,1,0.9958354,0
adobe_firefly_00903,test,1,0.35025713,1
adobe_firefly_00904,test,1,0.039335728,0
adobe_firefly_00905,test,1,0.35025713,1
adobe_firefly_00906,test,1,0.019877443,0
adobe_firefly_00907,test,1,0.4587512,0
adobe_firefly_00908,test,1,0.10542193,0
adobe_firefly_00909,test,1,0.33869243,0
adobe_firefly_00910,test,1,0.5790918,0
adobe_firefly_00911,test,1,0.35025713,1
adobe_firefly_00912,test,1,0.35025713,1
adobe_firefly_00913,test,1,0.35025713,1
adobe_firefly_00914,test,1,0.6332563,0
adobe_firefly_00915,test,1,0.35025713,1
adobe_firefly_00916,test,1,0.35025713,1
adobe_firefly_00917,test,1,0.17581959,0
adobe_firefly_00918,test,1,0.35025713,1
adobe_firefly_00919,test,1,0.07377209,0
adobe_firefly_00920,test,1,0.35025713,1
adobe_firefly_00921,test,1,0.7716974,0
adobe_firefly_00922,test,1,0.13746868,0
adobe_firefly_00923,test,1,0.35025713,1
adobe_firefly_00924,test,1,0.97319114,0
adobe_firefly_00925,test,1,0.76392907,0
adobe_firefly_00926,test,1,0.35025713,1
adobe_firefly_00927,test,1,0.8080491,0
adobe_firefly_00928,test,1,0.35025713,1
adobe_firefly_00929,test,1,0.35025713,1
adobe_firefly_00930,test,1,0.066037424,0
adobe_firefly_00931,test,1,0.78898674,0
adobe_firefly_00932,test,1,0.35025713,1
adobe_firefly_00933,test,1,0.010535179,0
adobe_firefly_00934,test,1,0.35025713,1
adobe_firefly_00935,test,1,0.025512643,0
adobe_firefly_00936,test,1,0.0578043,0
adobe_firefly_00937,test,1,0.35025713,1
adobe_firefly_00938,test,1,0.35025713,1
adobe_firefly_00939,test,1,0.21347612,0
adobe_firefly_00940,test,1,0.35025713,1
adobe_firefly_00941,test,1,0.35025713,1
adobe_firefly_00942,test,1,0.36278766,0
adobe_firefly_00943,test,1,0.35025713,1
adobe_firefly_00944,test,1,0.02571639,0
adobe_firefly_00945,test,1,0.35025713,1
adobe_firefly_00946,test,1,0.10026025,1
adobe_firefly_00947,test,1,0.35025713,1
adobe_firefly_00948,test,1,0.35025713,1
adobe_firefly_00949,test,1,0.45711932,0
adobe_firefly_00950,test,1,0.41552052,0
adobe_firefly_00951,test,1,0.35025713,1
adobe_firefly_00952,test,1,0.19522837,0
adobe_firefly_00953,test,1,0.35025713,1
adobe_firefly_00954,test,1,0.35025713,1
adobe_firefly_00955,test,1,0.35025713,1
adobe_firefly_00956,test,1,0.35025713,1
adobe_firefly_00957,test,1,0.35025713,1
adobe_firefly_00958,test,1,0.39949867,0
adobe_firefly_00959,test,1,0.35025713,1
adobe_firefly_00960,test,1,0.35025713,1
adobe_firefly_00961,test,1,0.13243647,0
adobe_firefly_00962,test,1,0.012146576,0
adobe_firefly_00963,test,1,0.35025713,1
adobe_firefly_00964,test,1,0.35025713,1
adobe_firefly_00965,test,1,0.35025713,1
adobe_firefly_00966,test,1,0.35025713,1
adobe_firefly_00967,test,1,0.12921496,0
adobe_firefly_00968,test,1,0.034723148,0
adobe_firefly_00969,test,1,0.014446481,0
adobe_firefly_00970,test,1,0.88593096,0
adobe_firefly_00971,test,1,0.35025713,1
adobe_firefly_00972,test,1,0.23960915,0
adobe_firefly_00973,test,1,0.35025713,1
adobe_firefly_00974,test,1,0.5543741,0
adobe_firefly_00975,test,1,0.35025713,1
adobe_firefly_00976,test,1,0.35025713,1
adobe_firefly_00977,test,1,0.35025713,1
adobe_firefly_00978,test,1,0.81150883,0
adobe_firefly_00979,test,1,0.8111714,0
adobe_firefly_00980,test,1,0.35025713,1
adobe_firefly_00981,test,1,0.31875893,0
adobe_firefly_00982,test,1,0.35025713,1
adobe_firefly_00983,test,1,0.08643502,0
adobe_firefly_00984,test,1,0.35025713,1
adobe_firefly_00985,test,1,0.35025713,1
adobe_firefly_00986,test,1,0.51231474,0
adobe_firefly_00987,test,1,0.35025713,1
adobe_firefly_00988,test,1,0.997168,0
adobe_firefly_00989,test,1,0.35025713,1
adobe_firefly_00990,test,1,0.35025713,1
adobe_firefly_00991,test,1,0.35025713,1
adobe_firefly_00992,test,1,0.011439248,0
adobe_firefly_00993,test,1,0.35025713,1
adobe_firefly_00994,test,1,0.35025713,1
adobe_firefly_00995,test,1,0.15292571,0
adobe_firefly_00996,test,1,0.09468467,0
adobe_firefly_00997,test,1,0.9389926,0
adobe_firefly_00998,test,1,0.18741554,0
adobe_firefly_00999,test,1,0.35025713,1
dalle2_00000,test,1,0.35025713,1
dalle2_00001,test,1,0.6114852,0
dalle2_00002,test,1,0.75181735,0
dalle2_00003,test,1,0.35025713,1
dalle2_00004,test,1,0.35025713,1
dalle2_00005,test,1,0.35025713,1
dalle2_00006,test,1,0.35025713,1
dalle2_00007,test,1,0.35025713,1
dalle2_00008,test,1,0.35025713,1
dalle2_00009,test,1,0.10463671,0
dalle2_00010,test,1,0.124409586,0
dalle2_00011,test,1,0.40024108,0
dalle2_00012,test,1,0.35025713,1
dalle2_00013,test,1,0.07667644,0
dalle2_00014,test,1,0.35025713,1
dalle2_00015,test,1,0.35025713,1
dalle2_00016,test,1,0.35025713,1
dalle2_00017,test,1,0.1708458,0
dalle2_00018,test,1,0.0032902027,0
dalle2_00019,test,1,0.35025713,1
dalle2_00020,test,1,0.35025713,1
dalle2_00021,test,1,0.107049376,0
dalle2_00022,test,1,0.01930917,0
dalle2_00023,test,1,0.32430306,0
dalle2_00024,test,1,0.35025713,1
dalle2_00025,test,1,0.9635114,0
dalle2_00026,test,1,0.35025713,1
dalle2_00027,test,1,0.32910234,0
dalle2_00028,test,1,0.35025713,1
dalle2_00029,test,1,0.35025713,1
dalle2_00030,test,1,0.35025713,1
dalle2_00031,test,1,0.13965654,0
dalle2_00032,test,1,0.35025713,1
dalle2_00033,test,1,0.148405,0
dalle2_00034,test,1,0.29567498,0
dalle2_00035,test,1,0.35025713,1
dalle2_00036,test,1,0.35025713,1
dalle2_00037,test,1,0.4993677,0
dalle2_00038,test,1,0.016219093,0
dalle2_00039,test,1,0.44203228,0
dalle2_00040,test,1,0.35025713,1
dalle2_00041,test,1,0.5424748,0
dalle2_00042,test,1,0.35025713,1
dalle2_00043,test,1,0.04022947,0
dalle2_00044,test,1,0.03770507,0
dalle2_00045,test,1,0.35025713,1
dalle2_00046,test,1,0.35025713,1
dalle2_00047,test,1,0.15538919,0
dalle2_00048,test,1,0.24697529,0
dalle2_00049,test,1,0.35025713,1
dalle2_00050,test,1,0.97734886,0
dalle2_00051,test,1,0.0037136162,0
dalle2_00052,test,1,0.15956916,0
dalle2_00053,test,1,0.35025713,1
dalle2_00054,test,1,0.090384915,0
dalle2_00055,test,1,0.07470109,0
dalle2_00056,test,1,0.35025713,1
dalle2_00057,test,1,0.08033888,0
dalle2_00058,test,1,0.6889042,0
dalle2_00059,test,1,0.36553562,0
dalle2_00060,test,1,0.0086347265,0
dalle2_00061,test,1,0.35025713,1
dalle2_00062,test,1,0.35025713,1
dalle2_00063,test,1,0.35025713,1
dalle2_00064,test,1,0.9301338,0
dalle2_00065,test,1,0.01720364,0
dalle2_00066,test,1,0.22521964,0
dalle2_00067,test,1,0.35025713,1
dalle2_00068,test,1,0.35025713,1
dalle2_00069,test,1,0.25974718,0
dalle2_00070,test,1,0.35025713,1
dalle2_00071,test,1,0.35025713,1
dalle2_00072,test,1,0.1134794,0
dalle2_00073,test,1,0.0035229279,0
dalle2_00074,test,1,0.13842879,0
dalle2_00075,test,1,0.5127118,0
dalle2_00076,test,1,0.35025713,1
dalle2_00077,test,1,0.09617063,0
dalle2_00078,test,1,0.35025713,1
dalle2_00079,test,1,0.7779738,0
dalle2_00080,test,1,0.055096027,0
dalle2_00081,test,1,0.027266245,0
dalle2_00082,test,1,0.102770075,0
dalle2_00083,test,1,0.07276816,0
dalle2_00084,test,1,0.35025713,1
dalle2_00085,test,1,0.26442578,0
dalle2_00086,test,1,0.35025713,1
dalle2_00087,test,1,0.09801232,0
dalle2_00088,test,1,0.4530378,0
dalle2_00089,test,1,0.27432808,0
dalle2_00090,test,1,0.35025713,1
dalle2_00091,test,1,0.08506319,1
dalle2_00092,test,1,0.92955095,0
dalle2_00093,test,1,0.35025713,1
dalle2_00094,test,1,0.031000916,0
dalle2_00095,test,1,0.23499659,0
dalle2_00096,test,1,0.35025713,1
dalle2_00097,test,1,0.35025713,1
dalle2_00098,test,1,0.35025713,1
dalle2_00099,test,1,0.35025713,1
dalle2_00100,test,1,0.6934484,0
dalle2_00101,test,1,0.35025713,1
dalle2_00102,test,1,0.35025713,1
dalle2_00103,test,1,0.35025713,1
dalle2_00104,test,1,0.35025713,1
dalle2_00105,test,1,0.35025713,1
dalle2_00106,test,1,0.07305434,0
dalle2_00107,test,1,0.35025713,1
dalle2_00108,test,1,0.15808706,0
dalle2_00109,test,1,0.35025713,1
dalle2_00110,test,1,0.35025713,1
dalle2_00111,test,1,0.037250586,0
dalle2_00112,test,1,0.35025713,1
dalle2_00113,test,1,0.35025713,1
dalle2_00114,test,1,0.13118465,0
dalle2_00115,test,1,0.6265805,0
dalle2_00116,test,1,0.12954487,0
dalle2_00117,test,1,0.5333796,0
dalle2_00118,test,1,0.35025713,1
dalle2_00119,test,1,0.29380468,0
dalle2_00120,test,1,0.35025713,1
dalle2_00121,test,1,0.35025713,1
dalle2_00122,test,1,0.35025713,1
dalle2_00123,test,1,0.55221516,0
dalle2_00124,test,1,0.35025713,1
dalle2_00125,test,1,0.35025713,1
dalle2_00126,test,1,0.35025713,1
dalle2_00127,test,1,0.35025713,1
dalle2_00128,test,1,0.35025713,1
dalle2_00129,test,1,0.06526514,0
dalle2_00130,test,1,0.050668743,0
dalle2_00131,test,1,0.35025713,1
dalle2_00132,test,1,0.98869866,0
dalle2_00133,test,1,0.06430611,0
dalle2_00134,test,1,0.38546395,0
dalle2_00135,test,1,0.35025713,1
dalle2_00136,test,1,0.35025713,1
dalle2_00137,test,1,0.16454257,0
dalle2_00138,test,1,0.35025713,1
dalle2_00139,test,1,0.08441068,0
dalle2_00140,test,1,0.35025713,1
dalle2_00141,test,1,0.35025713,1
dalle2_00142,test,1,0.35025713,1
dalle2_00143,test,1,0.35025713,1
dalle2_00144,test,1,0.17683376,0
dalle2_00145,test,1,0.35025713,1
dalle2_00146,test,1,0.6608504,0
dalle2_00147,test,1,0.35025713,1
dalle2_00148,test,1,0.05963828,0
dalle2_00149,test,1,0.35025713,1
dalle2_00150,test,1,0.35025713,1
dalle2_00151,test,1,0.35025713,1
dalle2_00152,test,1,0.35025713,1
dalle2_00153,test,1,0.047313217,0
dalle2_00154,test,1,0.35025713,1
dalle2_00155,test,1,0.35025713,1
dalle2_00156,test,1,0.35025713,1
dalle2_00157,test,1,0.10295599,0
dalle2_00158,test,1,0.89855,0
dalle2_00159,test,1,0.35025713,1
dalle2_00160,test,1,0.18375279,0
dalle2_00161,test,1,0.35025713,1
dalle2_00162,test,1,0.026337031,0
dalle2_00163,test,1,0.35025713,1
dalle2_00164,test,1,0.35025713,1
dalle2_00165,test,1,0.0007224879,0
dalle2_00166,test,1,0.35025713,1
dalle2_00167,test,1,0.35025713,1
dalle2_00168,test,1,0.698739,0
dalle2_00169,test,1,0.27132916,0
dalle2_00170,test,1,0.35025713,1
dalle2_00171,test,1,0.35025713,1
dalle2_00172,test,1,0.35025713,1
dalle2_00173,test,1,0.35025713,1
dalle2_00174,test,1,0.35025713,1
dalle2_00175,test,1,0.35025713,1
dalle2_00176,test,1,0.35025713,1
dalle2_00177,test,1,0.35025713,1
dalle2_00178,test,1,0.35025713,1
dalle2_00179,test,1,0.35025713,1
dalle2_00180,test,1,0.35025713,1
dalle2_00181,test,1,0.017177038,0
dalle2_00182,test,1,0.35025713,1
dalle2_00183,test,1,0.24836875,0
dalle2_00184,test,1,0.35025713,1
dalle2_00185,test,1,0.45194587,0
dalle2_00186,test,1,0.35025713,1
dalle2_00187,test,1,0.09687758,0
dalle2_00188,test,1,0.017424794,0
dalle2_00189,test,1,0.21955238,0
dalle2_00190,test,1,0.34224737,0
dalle2_00191,test,1,0.41900706,0
dalle2_00192,test,1,0.6314222,0
dalle2_00193,test,1,0.35025713,1
dalle2_00194,test,1,0.1158444,0
dalle2_00195,test,1,0.051847093,0
dalle2_00196,test,1,0.35025713,1
dalle2_00197,test,1,0.35025713,1
dalle2_00198,test,1,0.35025713,1
dalle2_00199,test,1,0.35025713,1
dalle2_00200,test,1,0.35025713,1
dalle2_00201,test,1,0.35025713,1
dalle2_00202,test,1,0.69650954,0
dalle2_00203,test,1,0.17670427,1
dalle2_00204,test,1,0.3883539,0
dalle2_00205,test,1,0.35025713,1
dalle2_00206,test,1,0.35025713,1
dalle2_00207,test,1,0.26789498,0
dalle2_00208,test,1,0.35025713,1
dalle2_00209,test,1,0.35025713,1
dalle2_00210,test,1,0.12441922,0
dalle2_00211,test,1,0.35025713,1
dalle2_00212,test,1,0.35025713,1
dalle2_00213,test,1,0.35025713,1
dalle2_00214,test,1,0.09139756,0
dalle2_00215,test,1,0.35025713,1
dalle2_00216,test,1,0.37453634,0
dalle2_00217,test,1,0.35025713,1
dalle2_00218,test,1,0.35025713,1
dalle2_00219,test,1,0.025102936,0
dalle2_00220,test,1,0.35025713,1
dalle2_00221,test,1,0.45063385,0
dalle2_00222,test,1,0.35025713,1
dalle2_00223,test,1,0.093296334,0
dalle2_00224,test,1,0.35025713,1
dalle2_00225,test,1,0.117627285,0
dalle2_00226,test,1,0.010057927,0
dalle2_00227,test,1,0.54793245,0
dalle2_00228,test,1,0.35025713,1
dalle2_00229,test,1,0.35025713,1
dalle2_00230,test,1,0.15267293,0
dalle2_00231,test,1,0.35025713,1
dalle2_00232,test,1,0.35025713,1
dalle2_00233,test,1,0.35025713,1
dalle2_00234,test,1,0.35025713,1
dalle2_00235,test,1,0.35025713,1
dalle2_00236,test,1,0.64107835,0
dalle2_00237,test,1,0.124843106,0
dalle2_00238,test,1,0.35025713,1
dalle2_00239,test,1,0.9097667,0
dalle2_00240,test,1,0.35025713,1
dalle2_00241,test,1,0.0010335773,0
dalle2_00242,test,1,0.7089468,0
dalle2_00243,test,1,0.3117634,0
dalle2_00244,test,1,0.21733806,0
dalle2_00245,test,1,0.35025713,1
dalle2_00246,test,1,0.35025713,1
dalle2_00247,test,1,0.0033725228,0
dalle2_00248,test,1,0.53340644,0
dalle2_00249,test,1,0.35025713,1
dalle2_00250,test,1,0.13770314,0
dalle2_00251,test,1,0.11873825,0
dalle2_00252,test,1,0.31406787,0
dalle2_00253,test,1,0.4237723,0
dalle2_00254,test,1,0.515343,0
dalle2_00255,test,1,0.35025713,1
dalle2_00256,test,1,0.33272102,0
dalle2_00257,test,1,0.35025713,1
dalle2_00258,test,1,0.042224713,0
dalle2_00259,test,1,0.35025713,1
dalle2_00260,test,1,0.0060519804,0
dalle2_00261,test,1,0.35025713,1
dalle2_00262,test,1,0.35025713,1
dalle2_00263,test,1,0.2447187,0
dalle2_00264,test,1,0.35025713,1
dalle2_00265,test,1,0.35025713,1
dalle2_00266,test,1,0.35025713,1
dalle2_00267,test,1,0.11740587,0
dalle2_00268,test,1,0.35025713,1
dalle2_00269,test,1,0.35025713,1
dalle2_00270,test,1,0.35025713,1
dalle2_00271,test,1,0.35025713,1
dalle2_00272,test,1,0.35025713,1
dalle2_00273,test,1,0.26676542,0
dalle2_00274,test,1,0.35025713,1
dalle2_00275,test,1,0.35025713,1
dalle2_00276,test,1,0.05766575,0
dalle2_00277,test,1,0.4631386,0
dalle2_00278,test,1,0.35025713,1
dalle2_00279,test,1,0.35025713,1
dalle2_00280,test,1,0.8994442,0
dalle2_00281,test,1,0.35025713,1
dalle2_00282,test,1,0.35025713,1
dalle2_00283,test,1,0.35025713,1
dalle2_00284,test,1,0.35025713,1
dalle2_00285,test,1,0.35025713,1
dalle2_00286,test,1,0.35025713,1
dalle2_00287,test,1,0.3824307,0
dalle2_00288,test,1,0.35025713,1
dalle2_00289,test,1,0.5694793,0
dalle2_00290,test,1,0.35025713,1
dalle2_00291,test,1,0.35025713,1
dalle2_00292,test,1,0.19207664,0
dalle2_00293,test,1,0.026432216,1
dalle2_00294,test,1,0.35025713,1
dalle2_00295,test,1,0.0075095147,0
dalle2_00296,test,1,0.47366208,0
dalle2_00297,test,1,0.6005259,0
dalle2_00298,test,1,0.3482328,0
dalle2_00299,test,1,0.35025713,1
dalle2_00300,test,1,0.77367806,0
dalle2_00301,test,1,0.35025713,1
dalle2_00302,test,1,0.051517103,0
dalle2_00303,test,1,0.13359573,0
dalle2_00304,test,1,0.35025713,1
dalle2_00305,test,1,0.35025713,1
dalle2_00306,test,1,0.26943606,0
dalle2_00307,test,1,0.051759157,0
dalle2_00308,test,1,0.35025713,1
dalle2_00309,test,1,0.35025713,1
dalle2_00310,test,1,0.35025713,1
dalle2_00311,test,1,0.17866834,0
dalle2_00312,test,1,0.014836632,0
dalle2_00313,test,1,0.35025713,1
dalle2_00314,test,1,0.35025713,1
dalle2_00315,test,1,0.35025713,1
dalle2_00316,test,1,0.35025713,1
dalle2_00317,test,1,0.35025713,1
dalle2_00318,test,1,0.030679697,0
dalle2_00319,test,1,0.35025713,1
dalle2_00320,test,1,0.0011387174,0
dalle2_00321,test,1,0.35025713,1
dalle2_00322,test,1,0.278034,0
dalle2_00323,test,1,0.04477822,0
dalle2_00324,test,1,0.060176704,0
dalle2_00325,test,1,0.35025713,1
dalle2_00326,test,1,0.35025713,1
dalle2_00327,test,1,0.541555,0
dalle2_00328,test,1,0.35025713,1
dalle2_00329,test,1,0.35025713,1
dalle2_00330,test,1,0.24968305,0
dalle2_00331,test,1,0.6975239,0
dalle2_00332,test,1,0.35025713,1
dalle2_00333,test,1,0.041697133,0
dalle2_00334,test,1,0.019894566,0
dalle2_00335,test,1,0.35025713,1
dalle2_00336,test,1,0.094408415,0
dalle2_00337,test,1,0.35025713,1
dalle2_00338,test,1,0.076340325,0
dalle2_00339,test,1,0.35025713,1
dalle2_00340,test,1,0.020102011,0
dalle2_00341,test,1,0.62456244,0
dalle2_00342,test,1,0.007295152,0
dalle2_00343,test,1,0.46581152,0
dalle2_00344,test,1,0.35025713,1
dalle2_00345,test,1,0.35025713,1
dalle2_00346,test,1,0.35025713,1
dalle2_00347,test,1,0.35025713,1
dalle2_00348,test,1,0.35025713,1
dalle2_00349,test,1,0.35025713,1
dalle2_00350,test,1,0.35025713,1
dalle2_00351,test,1,0.008902317,0
dalle2_00352,test,1,0.35025713,1
dalle2_00353,test,1,0.07951674,0
dalle2_00354,test,1,0.75735086,0
dalle2_00355,test,1,0.35025713,1
dalle2_00356,test,1,0.21382242,0
dalle2_00357,test,1,0.35025713,1
dalle2_00358,test,1,0.35025713,1
dalle2_00359,test,1,0.12048263,0
dalle2_00360,test,1,0.35025713,1
dalle2_00361,test,1,0.35025713,1
dalle2_00362,test,1,0.35025713,1
dalle2_00363,test,1,0.21774699,0
dalle2_00364,test,1,0.43882713,0
dalle2_00365,test,1,0.35025713,1
dalle2_00366,test,1,0.10990248,0
dalle2_00367,test,1,0.35025713,1
dalle2_00368,test,1,0.25645533,0
dalle2_00369,test,1,0.35025713,1
dalle2_00370,test,1,0.35025713,1
dalle2_00371,test,1,0.31214514,0
dalle2_00372,test,1,0.35025713,1
dalle2_00373,test,1,0.59793466,0
dalle2_00374,test,1,0.35025713,1
dalle2_00375,test,1,0.35025713,1
dalle2_00376,test,1,0.35025713,1
dalle2_00377,test,1,0.35025713,1
dalle2_00378,test,1,0.0102341985,0
dalle2_00379,test,1,0.6900893,1
dalle2_00380,test,1,0.35025713,1
dalle2_00381,test,1,0.3460124,0
dalle2_00382,test,1,0.35025713,1
dalle2_00383,test,1,0.35025713,1
dalle2_00384,test,1,0.35025713,1
dalle2_00385,test,1,0.35025713,1
dalle2_00386,test,1,0.35025713,1
dalle2_00387,test,1,0.35025713,1
dalle2_00388,test,1,0.004156818,0
dalle2_00389,test,1,0.17795818,0
dalle2_00390,test,1,0.35025713,1
dalle2_00391,test,1,0.6346888,0
dalle2_00392,test,1,0.35025713,1
dalle2_00393,test,1,0.0427024,0
dalle2_00394,test,1,0.35025713,1
dalle2_00395,test,1,0.35025713,1
dalle2_00396,test,1,0.35025713,1
dalle2_00397,test,1,0.088885576,0
dalle2_00398,test,1,0.33465543,0
dalle2_00399,test,1,0.35025713,1
dalle2_00400,test,1,0.06909574,0
dalle2_00401,test,1,0.35025713,1
dalle2_00402,test,1,0.35025713,1
dalle2_00403,test,1,0.1010608,0
dalle2_00404,test,1,0.010453735,0
dalle2_00405,test,1,0.35025713,1
dalle2_00406,test,1,0.35025713,1
dalle2_00407,test,1,0.35025713,1
dalle2_00408,test,1,0.35025713,1
dalle2_00409,test,1,0.35025713,1
dalle2_00410,test,1,0.35025713,1
dalle2_00411,test,1,0.35025713,1
dalle2_00412,test,1,0.16716217,0
dalle2_00413,test,1,0.11707914,0
dalle2_00414,test,1,0.12118459,0
dalle2_00415,test,1,0.35025713,1
dalle2_00416,test,1,0.35025713,1
dalle2_00417,test,1,0.23949978,0
dalle2_00418,test,1,0.35025713,1
dalle2_00419,test,1,0.90568054,0
dalle2_00420,test,1,0.35025713,1
dalle2_00421,test,1,0.25457525,0
dalle2_00422,test,1,0.24430496,0
dalle2_00423,test,1,0.03171654,0
dalle2_00424,test,1,0.39853403,0
dalle2_00425,test,1,0.03982943,0
dalle2_00426,test,1,0.33569002,0
dalle2_00427,test,1,0.35025713,1
dalle2_00428,test,1,0.16902074,0
dalle2_00429,test,1,0.35025713,1
dalle2_00430,test,1,0.35025713,1
dalle2_00431,test,1,0.004368915,0
dalle2_00432,test,1,0.036364816,0
dalle2_00433,test,1,0.35025713,1
dalle2_00434,test,1,0.013157131,0
dalle2_00435,test,1,0.35025713,1
dalle2_00436,test,1,0.079744965,0
dalle2_00437,test,1,0.35025713,1
dalle2_00438,test,1,0.35025713,1
dalle2_00439,test,1,0.35025713,1
dalle2_00440,test,1,0.35025713,1
dalle2_00441,test,1,0.35025713,1
dalle2_00442,test,1,0.35025713,1
dalle2_00443,test,1,0.027894275,0
dalle2_00444,test,1,0.605634,0
dalle2_00445,test,1,0.35025713,1
dalle2_00446,test,1,0.35025713,1
dalle2_00447,test,1,0.35025713,1
dalle2_00448,test,1,0.35025713,1
dalle2_00449,test,1,0.35025713,1
dalle2_00450,test,1,0.35025713,1
dalle2_00451,test,1,0.35025713,1
dalle2_00452,test,1,0.21971668,0
dalle2_00453,test,1,0.8984739,0
dalle2_00454,test,1,0.35025713,1
dalle2_00455,test,1,0.35025713,1
dalle2_00456,test,1,0.39285243,0
dalle2_00457,test,1,0.35025713,1
dalle2_00458,test,1,0.35025713,1
dalle2_00459,test,1,0.5729002,0
dalle2_00460,test,1,0.03587507,0
dalle2_00461,test,1,0.35025713,1
dalle2_00462,test,1,0.87842315,0
dalle2_00463,test,1,0.007990368,0
dalle2_00464,test,1,0.35025713,1
dalle2_00465,test,1,0.35025713,1
dalle2_00466,test,1,0.33407643,1
dalle2_00467,test,1,0.35025713,1
dalle2_00468,test,1,0.4129358,0
dalle2_00469,test,1,0.35025713,1
dalle2_00470,test,1,0.0023993726,0
dalle2_00471,test,1,0.22885844,0
dalle2_00472,test,1,0.3794866,0
dalle2_00473,test,1,0.09059137,0
dalle2_00474,test,1,0.35025713,1
dalle2_00475,test,1,0.35025713,1
dalle2_00476,test,1,0.35025713,1
dalle2_00477,test,1,0.35025713,1
dalle2_00478,test,1,0.33503053,0
dalle2_00479,test,1,0.35025713,1
dalle2_00480,test,1,0.26258856,0
dalle2_00481,test,1,0.12742811,0
dalle2_00482,test,1,0.35025713,1
dalle2_00483,test,1,0.00058671756,0
dalle2_00484,test,1,0.09089632,0
dalle2_00485,test,1,0.35025713,1
dalle2_00486,test,1,0.23929918,0
dalle2_00487,test,1,0.35025713,1
dalle2_00488,test,1,0.2557336,0
dalle2_00489,test,1,0.36737934,0
dalle2_00490,test,1,0.62056154,0
dalle2_00491,test,1,0.19604823,0
dalle2_00492,test,1,0.35025713,1
dalle2_00493,test,1,0.25254494,0
dalle2_00494,test,1,0.35025713,1
dalle2_00495,test,1,0.35025713,1
dalle2_00496,test,1,0.35025713,1
dalle2_00497,test,1,0.18017301,0
dalle2_00498,test,1,0.16288704,0
dalle2_00499,test,1,0.35025713,1
dalle2_00500,test,1,0.6517844,0
dalle2_00501,test,1,0.35025713,1
dalle2_00502,test,1,0.35025713,1
dalle2_00503,test,1,0.22997798,0
dalle2_00504,test,1,0.35025713,1
dalle2_00505,test,1,0.35025713,1
dalle2_00506,test,1,0.5011573,0
dalle2_00507,test,1,0.29507297,0
dalle2_00508,test,1,0.508562,0
dalle2_00509,test,1,0.35025713,1
dalle2_00510,test,1,0.35025713,1
dalle2_00511,test,1,0.35025713,1
dalle2_00512,test,1,0.04380548,0
dalle2_00513,test,1,0.35025713,1
dalle2_00514,test,1,0.077819906,0
dalle2_00515,test,1,0.07412986,1
dalle2_00516,test,1,0.35025713,1
dalle2_00517,test,1,0.35025713,1
dalle2_00518,test,1,0.018870067,0
dalle2_00519,test,1,0.020057276,0
dalle2_00520,test,1,0.35025713,1
dalle2_00521,test,1,0.35025713,1
dalle2_00522,test,1,0.35025713,1
dalle2_00523,test,1,0.35025713,1
dalle2_00524,test,1,0.35025713,1
dalle2_00525,test,1,0.766579,0
dalle2_00526,test,1,0.35025713,1
dalle2_00527,test,1,0.35025713,1
dalle2_00528,test,1,0.35025713,1
dalle2_00529,test,1,0.35025713,1
dalle2_00530,test,1,0.35025713,1
dalle2_00531,test,1,0.35025713,1
dalle2_00532,test,1,0.35025713,1
dalle2_00533,test,1,0.43796635,0
dalle2_00534,test,1,0.35025713,1
dalle2_00535,test,1,0.35025713,1
dalle2_00536,test,1,0.35025713,1
dalle2_00537,test,1,0.35025713,1
dalle2_00538,test,1,0.35025713,1
dalle2_00539,test,1,0.32670557,0
dalle2_00540,test,1,0.35025713,1
dalle2_00541,test,1,0.0029030845,0
dalle2_00542,test,1,0.4018514,0
dalle2_00543,test,1,0.58060557,0
dalle2_00544,test,1,0.090091765,0
dalle2_00545,test,1,0.35025713,1
dalle2_00546,test,1,0.6144105,0
dalle2_00547,test,1,0.35025713,1
dalle2_00548,test,1,0.0503483,0
dalle2_00549,test,1,0.35025713,1
dalle2_00550,test,1,0.2919468,0
dalle2_00551,test,1,0.35025713,1
dalle2_00552,test,1,0.2109675,0
dalle2_00553,test,1,0.35025713,1
dalle2_00554,test,1,0.35025713,1
dalle2_00555,test,1,0.35025713,1
dalle2_00556,test,1,0.35025713,1
dalle2_00557,test,1,0.09427973,0
dalle2_00558,test,1,0.32651824,0
dalle2_00559,test,1,0.35025713,1
dalle2_00560,test,1,0.35025713,1
dalle2_00561,test,1,0.05027622,0
dalle2_00562,test,1,0.35025713,1
dalle2_00563,test,1,0.35025713,1
dalle2_00564,test,1,0.0675051,0
dalle2_00565,test,1,0.31342226,0
dalle2_00566,test,1,0.0646441,0
dalle2_00567,test,1,0.5137158,0
dalle2_00568,test,1,0.35025713,1
dalle2_00569,test,1,0.057334524,0
dalle2_00570,test,1,0.020888379,0
dalle2_00571,test,1,0.84943944,0
dalle2_00572,test,1,0.20263863,0
dalle2_00573,test,1,0.2882584,0
dalle2_00574,test,1,0.19058104,0
dalle2_00575,test,1,0.9833024,0
dalle2_00576,test,1,0.2951339,0
dalle2_00577,test,1,0.073545195,0
dalle2_00578,test,1,0.35025713,1
dalle2_00579,test,1,0.35025713,1
dalle2_00580,test,1,0.59105706,0
dalle2_00581,test,1,0.35025713,1
dalle2_00582,test,1,0.017352002,0
dalle2_00583,test,1,0.28995132,0
dalle2_00584,test,1,0.22346029,0
dalle2_00585,test,1,0.35025713,1
dalle2_00586,test,1,0.04599072,0
dalle2_00587,test,1,0.35025713,1
dalle2_00588,test,1,0.35025713,1
dalle2_00589,test,1,0.8401873,0
dalle2_00590,test,1,0.0857458,0
dalle2_00591,test,1,0.35025713,1
dalle2_00592,test,1,0.10591243,0
dalle2_00593,test,1,0.35025713,1
dalle2_00594,test,1,0.004140794,0
dalle2_00595,test,1,0.35025713,1
dalle2_00596,test,1,0.35025713,1
dalle2_00597,test,1,0.35025713,1
dalle2_00598,test,1,0.1424364,0
dalle2_00599,test,1,0.35025713,1
dalle2_00600,test,1,0.35025713,1
dalle2_00601,test,1,0.35025713,1
dalle2_00602,test,1,0.13252574,0
dalle2_00603,test,1,0.35025713,1
dalle2_00604,test,1,0.37800866,0
dalle2_00605,test,1,0.21446003,0
dalle2_00606,test,1,0.062402766,0
dalle2_00607,test,1,0.20060429,0
dalle2_00608,test,1,0.2561718,0
dalle2_00609,test,1,0.38896626,0
dalle2_00610,test,1,0.754868,0
dalle2_00611,test,1,0.6568176,0
dalle2_00612,test,1,0.30496502,0
dalle2_00613,test,1,0.05566236,0
dalle2_00614,test,1,0.35025713,1
dalle2_00615,test,1,0.3638362,0
dalle2_00616,test,1,0.07063994,0
dalle2_00617,test,1,0.6903467,0
dalle2_00618,test,1,0.13747013,0
dalle2_00619,test,1,0.35025713,1
dalle2_00620,test,1,0.35025713,1
dalle2_00621,test,1,0.15641734,0
dalle2_00622,test,1,0.35025713,1
dalle2_00623,test,1,0.62037027,0
dalle2_00624,test,1,0.35025713,1
dalle2_00625,test,1,0.013935056,0
dalle2_00626,test,1,0.35025713,1
dalle2_00627,test,1,0.35025713,1
dalle2_00628,test,1,0.35025713,1
dalle2_00629,test,1,0.930511,0
dalle2_00630,test,1,0.014742114,0
dalle2_00631,test,1,0.12817112,0
dalle2_00632,test,1,0.35025713,1
dalle2_00633,test,1,0.35025713,1
dalle2_00634,test,1,0.35025713,1
dalle2_00635,test,1,0.15615557,0
dalle2_00636,test,1,0.08160724,0
dalle2_00637,test,1,0.079214215,0
dalle2_00638,test,1,0.720784,0
dalle2_00639,test,1,0.33860493,0
dalle2_00640,test,1,0.35025713,1
dalle2_00641,test,1,0.3225235,0
dalle2_00642,test,1,0.35025713,1
dalle2_00643,test,1,0.35025713,1
dalle2_00644,test,1,0.23625672,0
dalle2_00645,test,1,0.35025713,1
dalle2_00646,test,1,0.35025713,1
dalle2_00647,test,1,0.104897924,0
dalle2_00648,test,1,0.35025713,1
dalle2_00649,test,1,0.07832252,0
dalle2_00650,test,1,0.35025713,1
dalle2_00651,test,1,0.1019813,0
dalle2_00652,test,1,0.45284984,0
dalle2_00653,test,1,0.49898672,0
dalle2_00654,test,1,0.48843214,0
dalle2_00655,test,1,0.35025713,1
dalle2_00656,test,1,0.35025713,1
dalle2_00657,test,1,0.08110324,0
dalle2_00658,test,1,0.35025713,1
dalle2_00659,test,1,0.26524904,0
dalle2_00660,test,1,0.2871898,0
dalle2_00661,test,1,0.35025713,1
dalle2_00662,test,1,0.35025713,1
dalle2_00663,test,1,0.35025713,1
dalle2_00664,test,1,0.042346336,0
dalle2_00665,test,1,0.90751946,0
dalle2_00666,test,1,0.35025713,1
dalle2_00667,test,1,0.73036146,0
dalle2_00668,test,1,0.35025713,1
dalle2_00669,test,1,0.35025713,1
dalle2_00670,test,1,0.15951964,0
dalle2_00671,test,1,0.5784034,0
dalle2_00672,test,1,0.7342189,0
dalle2_00673,test,1,0.49415705,0
dalle2_00674,test,1,0.35025713,1
dalle2_00675,test,1,0.35025713,1
dalle2_00676,test,1,0.2620717,0
dalle2_00677,test,1,0.35025713,1
dalle2_00678,test,1,0.1175181,0
dalle2_00679,test,1,0.35025713,1
dalle2_00680,test,1,0.09617371,0
dalle2_00681,test,1,0.35025713,1
dalle2_00682,test,1,0.2083868,0
dalle2_00683,test,1,0.35025713,1
dalle2_00684,test,1,0.35025713,1
dalle2_00685,test,1,0.35025713,1
dalle2_00686,test,1,0.35025713,1
dalle2_00687,test,1,0.35025713,1
dalle2_00688,test,1,0.35025713,1
dalle2_00689,test,1,0.35025713,1
dalle2_00690,test,1,0.095404856,0
dalle2_00691,test,1,0.7600405,0
dalle2_00692,test,1,0.35025713,1
dalle2_00693,test,1,0.25600636,0
dalle2_00694,test,1,0.35025713,1
dalle2_00695,test,1,0.012872773,0
dalle2_00696,test,1,0.35025713,1
dalle2_00697,test,1,0.35025713,1
dalle2_00698,test,1,0.35025713,1
dalle2_00699,test,1,0.014397545,0
dalle2_00700,test,1,0.6575887,0
dalle2_00701,test,1,0.35025713,1
dalle2_00702,test,1,0.09969393,0
dalle2_00703,test,1,0.7492059,0
dalle2_00704,test,1,0.13368683,0
dalle2_00705,test,1,0.01917011,0
dalle2_00706,test,1,0.35025713,1
dalle2_00707,test,1,0.35025713,1
dalle2_00708,test,1,0.35025713,1
dalle2_00709,test,1,0.04864785,0
dalle2_00710,test,1,0.5170405,0
dalle2_00711,test,1,0.030359399,0
dalle2_00712,test,1,0.1915421,0
dalle2_00713,test,1,0.34356037,0
dalle2_00714,test,1,0.35025713,1
dalle2_00715,test,1,0.0015966136,0
dalle2_00716,test,1,0.95723933,0
dalle2_00717,test,1,0.35025713,1
dalle2_00718,test,1,0.35025713,1
dalle2_00719,test,1,0.13782625,0
dalle2_00720,test,1,0.1619259,0
dalle2_00721,test,1,0.06601951,0
dalle2_00722,test,1,0.05302308,0
dalle2_00723,test,1,0.35025713,1
dalle2_00724,test,1,0.35025713,1
dalle2_00725,test,1,0.9780294,0
dalle2_00726,test,1,0.35025713,1
dalle2_00727,test,1,0.6426861,0
dalle2_00728,test,1,0.35025713,1
dalle2_00729,test,1,0.14156504,0
dalle2_00730,test,1,0.5409721,0
dalle2_00731,test,1,0.35025713,1
dalle2_00732,test,1,0.35025713,1
dalle2_00733,test,1,0.9998598,0
dalle2_00734,test,1,0.06253178,0
dalle2_00735,test,1,0.22229461,0
dalle2_00736,test,1,0.35025713,1
dalle2_00737,test,1,0.2100333,0
dalle2_00738,test,1,0.35025713,1
dalle2_00739,test,1,0.021268852,0
dalle2_00740,test,1,0.35025713,1
dalle2_00741,test,1,0.35025713,1
dalle2_00742,test,1,0.06439905,0
dalle2_00743,test,1,0.35025713,1
dalle2_00744,test,1,0.35025713,1
dalle2_00745,test,1,0.042459402,0
dalle2_00746,test,1,0.17549266,0
dalle2_00747,test,1,0.35025713,1
dalle2_00748,test,1,0.35025713,1
dalle2_00749,test,1,0.8594936,0
dalle2_00750,test,1,0.37838146,0
dalle2_00751,test,1,0.08284915,0
dalle2_00752,test,1,0.35025713,1
dalle2_00753,test,1,0.35025713,1
dalle2_00754,test,1,0.78416866,0
dalle2_00755,test,1,0.0053883507,0
dalle2_00756,test,1,0.02463006,1
dalle2_00757,test,1,0.0192866,0
dalle2_00758,test,1,0.35025713,1
dalle2_00759,test,1,0.17833517,0
dalle2_00760,test,1,0.006205587,0
dalle2_00761,test,1,0.25168946,0
dalle2_00762,test,1,0.09546621,0
dalle2_00763,test,1,0.35025713,1
dalle2_00764,test,1,0.35025713,1
dalle2_00765,test,1,0.538392,0
dalle2_00766,test,1,0.35025713,1
dalle2_00767,test,1,0.20360938,0
dalle2_00768,test,1,0.35025713,1
dalle2_00769,test,1,0.18957527,0
dalle2_00770,test,1,0.35025713,1
dalle2_00771,test,1,0.35025713,1
dalle2_00772,test,1,0.35025713,1
dalle2_00773,test,1,0.04304078,0
dalle2_00774,test,1,0.35025713,1
dalle2_00775,test,1,0.35025713,1
dalle2_00776,test,1,0.022994066,0
dalle2_00777,test,1,0.23773229,0
dalle2_00778,test,1,0.058276903,0
dalle2_00779,test,1,0.42506024,0
dalle2_00780,test,1,0.2357342,0
dalle2_00781,test,1,0.22590204,0
dalle2_00782,test,1,0.35025713,1
dalle2_00783,test,1,0.35025713,1
dalle2_00784,test,1,0.35025713,1
dalle2_00785,test,1,0.35025713,1
dalle2_00786,test,1,0.04216684,0
dalle2_00787,test,1,0.35025713,1
dalle2_00788,test,1,0.35025713,1
dalle2_00789,test,1,0.35025713,1
dalle2_00790,test,1,0.35025713,1
dalle2_00791,test,1,0.22042215,0
dalle2_00792,test,1,0.35025713,1
dalle2_00793,test,1,0.30214915,0
dalle2_00794,test,1,0.35025713,1
dalle2_00795,test,1,0.35025713,1
dalle2_00796,test,1,0.97830623,0
dalle2_00797,test,1,0.35025713,1
dalle2_00798,test,1,0.54326737,0
dalle2_00799,test,1,0.35025713,1
dalle2_00800,test,1,0.60384667,0
dalle2_00801,test,1,0.07729328,0
dalle2_00802,test,1,0.35025713,1
dalle2_00803,test,1,0.43731052,0
dalle2_00804,test,1,0.35025713,1
dalle2_00805,test,1,0.35025713,1
dalle2_00806,test,1,0.22836338,0
dalle2_00807,test,1,0.35025713,1
dalle2_00808,test,1,0.35025713,1
dalle2_00809,test,1,0.6342555,0
dalle2_00810,test,1,0.15797643,0
dalle2_00811,test,1,0.07025196,0
dalle2_00812,test,1,0.35025713,1
dalle2_00813,test,1,0.35025713,1
dalle2_00814,test,1,0.35025713,1
dalle2_00815,test,1,0.54843986,0
dalle2_00816,test,1,0.33036792,0
dalle2_00817,test,1,0.52835184,0
dalle2_00818,test,1,0.08603072,0
dalle2_00819,test,1,0.35025713,1
dalle2_00820,test,1,0.61078,0
dalle2_00821,test,1,0.35025713,1
dalle2_00822,test,1,0.69381326,0
dalle2_00823,test,1,0.35025713,1
dalle2_00824,test,1,0.14531326,0
dalle2_00825,test,1,0.019084523,0
dalle2_00826,test,1,0.35025713,1
dalle2_00827,test,1,0.35025713,1
dalle2_00828,test,1,0.12527293,0
dalle2_00829,test,1,0.733033,0
dalle2_00830,test,1,0.35025713,1
dalle2_00831,test,1,0.8424086,0
dalle2_00832,test,1,0.35025713,1
dalle2_00833,test,1,0.35025713,1
dalle2_00834,test,1,0.35025713,1
dalle2_00835,test,1,0.35025713,1
dalle2_00836,test,1,0.35025713,1
dalle2_00837,test,1,0.7036915,0
dalle2_00838,test,1,0.35025713,1
dalle2_00839,test,1,0.35025713,1
dalle2_00840,test,1,0.56637084,0
dalle2_00841,test,1,0.23902407,0
dalle2_00842,test,1,0.35025713,1
dalle2_00843,test,1,0.35025713,1
dalle2_00844,test,1,0.54374075,0
dalle2_00845,test,1,0.35025713,1
dalle2_00846,test,1,0.35025713,1
dalle2_00847,test,1,0.0500976,0
dalle2_00848,test,1,0.35025713,1
dalle2_00849,test,1,0.082262665,0
dalle2_00850,test,1,0.35025713,1
dalle2_00851,test,1,0.23879367,0
dalle2_00852,test,1,0.35025713,1
dalle2_00853,test,1,0.35025713,1
dalle2_00854,test,1,0.35657942,0
dalle2_00855,test,1,0.35025713,1
dalle2_00856,test,1,0.6531784,0
dalle2_00857,test,1,0.6758946,0
dalle2_00858,test,1,0.20172621,0
dalle2_00859,test,1,0.35025713,1
dalle2_00860,test,1,0.35025713,1
dalle2_00861,test,1,0.35025713,1
dalle2_00862,test,1,0.35025713,1
dalle2_00863,test,1,0.51657355,0
dalle2_00864,test,1,0.7267257,0
dalle2_00865,test,1,0.35025713,1
dalle2_00866,test,1,0.012871409,0
dalle2_00867,test,1,0.35025713,1
dalle2_00868,test,1,0.6051786,0
dalle2_00869,test,1,0.9794127,0
dalle2_00870,test,1,0.08361347,1
dalle2_00871,test,1,0.35025713,1
dalle2_00872,test,1,0.03285851,0
dalle2_00873,test,1,0.818118,0
dalle2_00874,test,1,0.19772145,0
dalle2_00875,test,1,0.35025713,1
dalle2_00876,test,1,0.23299387,0
dalle2_00877,test,1,0.33768743,0
dalle2_00878,test,1,0.35025713,1
dalle2_00879,test,1,0.35025713,1
dalle2_00880,test,1,0.13890211,0
dalle2_00881,test,1,0.18957378,0
dalle2_00882,test,1,0.028877176,0
dalle2_00883,test,1,0.7340521,0
dalle2_00884,test,1,0.2218997,0
dalle2_00885,test,1,0.35025713,1
dalle2_00886,test,1,0.486143,0
dalle2_00887,test,1,0.16750848,0
dalle2_00888,test,1,0.35025713,1
dalle2_00889,test,1,0.25677338,0
dalle2_00890,test,1,0.35025713,1
dalle2_00891,test,1,0.71360165,0
dalle2_00892,test,1,0.00920162,0
dalle2_00893,test,1,0.35025713,1
dalle2_00894,test,1,0.2098165,0
dalle2_00895,test,1,0.35025713,1
dalle2_00896,test,1,0.04619888,0
dalle2_00897,test,1,0.35025713,1
dalle2_00898,test,1,0.35025713,1
dalle2_00899,test,1,0.018446328,0
dalle2_00900,test,1,0.057826348,0
dalle2_00901,test,1,0.28696758,0
dalle2_00902,test,1,0.35025713,1
dalle2_00903,test,1,0.3416495,0
dalle2_00904,test,1,0.19992658,0
dalle2_00905,test,1,0.35314572,0
dalle2_00906,test,1,0.35025713,1
dalle2_00907,test,1,0.35757312,0
dalle2_00908,test,1,0.35025713,1
dalle2_00909,test,1,0.2078927,0
dalle2_00910,test,1,0.35025713,1
dalle2_00911,test,1,0.31601006,0
dalle2_00912,test,1,0.35025713,1
dalle2_00913,test,1,0.008911949,0
dalle2_00914,test,1,0.9228689,0
dalle2_00915,test,1,0.2359883,0
dalle2_00916,test,1,0.35025713,1
dalle2_00917,test,1,0.35025713,1
dalle2_00918,test,1,0.070040755,1
dalle2_00919,test,1,0.35025713,1
dalle2_00920,test,1,0.049482,0
dalle2_00921,test,1,0.35025713,1
dalle2_00922,test,1,0.045674108,0
dalle2_00923,test,1,0.35025713,1
dalle2_00924,test,1,0.3545398,0
dalle2_00925,test,1,0.35025713,1
dalle2_00926,test,1,0.35025713,1
dalle2_00927,test,1,0.35025713,1
dalle2_00928,test,1,0.75341624,0
dalle2_00929,test,1,0.0330707,0
dalle2_00930,test,1,0.38402104,0
dalle2_00931,test,1,0.41611776,0
dalle2_00932,test,1,0.35025713,1
dalle2_00933,test,1,0.03812898,0
dalle2_00934,test,1,0.35025713,1
dalle2_00935,test,1,0.06380169,0
dalle2_00936,test,1,0.35025713,1
dalle2_00937,test,1,0.14313261,0
dalle2_00938,test,1,0.016959185,0
dalle2_00939,test,1,0.026282026,0
dalle2_00940,test,1,0.0052571655,0
dalle2_00941,test,1,0.35025713,1
dalle2_00942,test,1,0.091424845,0
dalle2_00943,test,1,0.041473266,0
dalle2_00944,test,1,0.35025713,1
dalle2_00945,test,1,0.35025713,1
dalle2_00946,test,1,0.35025713,1
dalle2_00947,test,1,0.35025713,1
dalle2_00948,test,1,0.35025713,1
dalle2_00949,test,1,0.7669213,0
dalle2_00950,test,1,0.017226141,0
dalle2_00951,test,1,0.35025713,1
dalle2_00952,test,1,0.35025713,1
dalle2_00953,test,1,0.35025713,1
dalle2_00954,test,1,0.35025713,1
dalle2_00955,test,1,0.23202409,0
dalle2_00956,test,1,0.35025713,1
dalle2_00957,test,1,0.35025713,1
dalle2_00958,test,1,0.35025713,1
dalle2_00959,test,1,0.0072979783,0
dalle2_00960,test,1,0.24945772,0
dalle2_00961,test,1,0.35025713,1
dalle2_00962,test,1,0.03413792,0
dalle2_00963,test,1,0.35025713,1
dalle2_00964,test,1,0.30950803,0
dalle2_00965,test,1,0.35025713,1
dalle2_00966,test,1,0.35025713,1
dalle2_00967,test,1,0.35025713,1
dalle2_00968,test,1,0.033829056,1
dalle2_00969,test,1,0.48500195,0
dalle2_00970,test,1,0.83595204,0
dalle2_00971,test,1,0.35025713,1
dalle2_00972,test,1,0.35025713,1
dalle2_00973,test,1,0.35025713,1
dalle2_00974,test,1,0.5375801,0
dalle2_00975,test,1,0.020607952,0
dalle2_00976,test,1,0.35025713,1
dalle2_00977,test,1,0.0747645,0
dalle2_00978,test,1,0.35025713,1
dalle2_00979,test,1,0.32036367,0
dalle2_00980,test,1,0.35025713,1
dalle2_00981,test,1,0.35025713,1
dalle2_00982,test,1,0.0155995665,0
dalle2_00983,test,1,0.35025713,1
dalle2_00984,test,1,0.58117133,0
dalle2_00985,test,1,0.35025713,1
dalle2_00986,test,1,0.35951155,0
dalle2_00987,test,1,0.35025713,1
dalle2_00988,test,1,0.04245994,0
dalle2_00989,test,1,0.35025713,1
dalle2_00990,test,1,0.35025713,1
dalle2_00991,test,1,0.35025713,1
dalle2_00992,test,1,0.35025713,1
dalle2_00993,test,1,0.35025713,1
dalle2_00994,test,1,0.1702897,0
dalle2_00995,test,1,0.35025713,1
dalle2_00996,test,1,0.031088367,0
dalle2_00997,test,1,0.39874187,0
dalle2_00998,test,1,0.35025713,1
dalle2_00999,test,1,0.35025713,1
dalle3_00000,test,1,0.35025713,1
dalle3_00001,test,1,0.35025713,1
dalle3_00002,test,1,0.259807,0
dalle3_00003,test,1,0.33001038,0
dalle3_00004,test,1,0.9610236,0
dalle3_00005,test,1,0.4486241,0
dalle3_00006,test,1,0.35025713,1
dalle3_00007,test,1,0.35025713,1
dalle3_00008,test,1,0.35025713,1
dalle3_00009,test,1,0.29023245,0
dalle3_00010,test,1,0.35025713,1
dalle3_00011,test,1,0.35025713,1
dalle3_00012,test,1,0.35025713,1
dalle3_00013,test,1,0.39589742,0
dalle3_00014,test,1,0.2817577,0
dalle3_00015,test,1,0.35025713,1
dalle3_00016,test,1,0.7928761,0
dalle3_00017,test,1,0.5136021,0
dalle3_00018,test,1,0.0682329,0
dalle3_00019,test,1,0.35025713,1
dalle3_00020,test,1,0.35025713,1
dalle3_00021,test,1,0.045147207,0
dalle3_00022,test,1,0.24882779,0
dalle3_00023,test,1,0.35025713,1
dalle3_00024,test,1,0.35025713,1
dalle3_00025,test,1,0.8259866,0
dalle3_00026,test,1,0.16676244,0
dalle3_00027,test,1,0.19864902,0
dalle3_00028,test,1,0.35025713,1
dalle3_00029,test,1,0.37101734,0
dalle3_00030,test,1,0.35025713,1
dalle3_00031,test,1,0.35025713,1
dalle3_00032,test,1,0.70013994,0
dalle3_00033,test,1,0.35025713,1
dalle3_00034,test,1,0.46516046,0
dalle3_00035,test,1,0.35025713,1
dalle3_00036,test,1,0.35025713,1
dalle3_00037,test,1,0.6103529,0
dalle3_00038,test,1,0.35025713,1
dalle3_00039,test,1,0.6999877,0
dalle3_00040,test,1,0.35025713,1
dalle3_00041,test,1,0.27910918,0
dalle3_00042,test,1,0.35025713,1
dalle3_00043,test,1,0.35025713,1
dalle3_00044,test,1,0.6357471,0
dalle3_00045,test,1,0.092084244,0
dalle3_00046,test,1,0.14106098,0
dalle3_00047,test,1,0.35025713,1
dalle3_00048,test,1,0.12608677,0
dalle3_00049,test,1,0.7340314,0
dalle3_00050,test,1,0.14499679,0
dalle3_00051,test,1,0.06197106,0
dalle3_00052,test,1,0.63415706,0
dalle3_00053,test,1,0.35025713,1
dalle3_00054,test,1,0.6557443,0
dalle3_00055,test,1,0.04354349,0
dalle3_00056,test,1,0.35025713,1
dalle3_00057,test,1,0.23968074,0
dalle3_00058,test,1,0.953876,0
dalle3_00059,test,1,0.93844163,0
dalle3_00060,test,1,0.35025713,1
dalle3_00061,test,1,0.35025713,1
dalle3_00062,test,1,0.35025713,1
dalle3_00063,test,1,0.16186072,0
dalle3_00064,test,1,0.35025713,1
dalle3_00065,test,1,0.6922443,0
dalle3_00066,test,1,0.35025713,1
dalle3_00067,test,1,0.72951895,0
dalle3_00068,test,1,0.35025713,1
dalle3_00069,test,1,0.53666407,0
dalle3_00070,test,1,0.28239444,0
dalle3_00071,test,1,0.5002161,0
dalle3_00072,test,1,0.49401027,0
dalle3_00073,test,1,0.4082161,0
dalle3_00074,test,1,0.35025713,1
dalle3_00075,test,1,0.35025713,1
dalle3_00076,test,1,0.35025713,1
dalle3_00077,test,1,0.09892367,1
dalle3_00078,test,1,0.35025713,1
dalle3_00079,test,1,0.35025713,1
dalle3_00080,test,1,0.1700372,0
dalle3_00081,test,1,0.19897215,0
dalle3_00082,test,1,0.30308476,0
dalle3_00083,test,1,0.35025713,1
dalle3_00084,test,1,0.41848284,0
dalle3_00085,test,1,0.35025713,1
dalle3_00086,test,1,0.038781907,0
dalle3_00087,test,1,0.024319012,0
dalle3_00088,test,1,0.048331246,0
dalle3_00089,test,1,0.35025713,1
dalle3_00090,test,1,0.35025713,1
dalle3_00091,test,1,0.47734773,0
dalle3_00092,test,1,0.35025713,1
dalle3_00093,test,1,0.105510056,1
dalle3_00094,test,1,0.5987394,0
dalle3_00095,test,1,0.2824246,0
dalle3_00096,test,1,0.35025713,1
dalle3_00097,test,1,0.13203612,0
dalle3_00098,test,1,0.35025713,1
dalle3_00099,test,1,0.20484199,0
dalle3_00100,test,1,0.24819575,0
dalle3_00101,test,1,0.3785238,0
dalle3_00102,test,1,0.10926086,0
dalle3_00103,test,1,0.35796058,0
dalle3_00104,test,1,0.35025713,1
dalle3_00105,test,1,0.027036043,0
dalle3_00106,test,1,0.46434096,0
dalle3_00107,test,1,0.35025713,1
dalle3_00108,test,1,0.18271743,0
dalle3_00109,test,1,0.4750692,0
dalle3_00110,test,1,0.35025713,1
dalle3_00111,test,1,0.009072232,0
dalle3_00112,test,1,0.6905699,0
dalle3_00113,test,1,0.35025713,1
dalle3_00114,test,1,0.0076736338,0
dalle3_00115,test,1,0.18893144,0
dalle3_00116,test,1,0.45641026,0
dalle3_00117,test,1,0.35025713,1
dalle3_00118,test,1,0.6819215,0
dalle3_00119,test,1,0.042728867,0
dalle3_00120,test,1,0.15469328,0
dalle3_00121,test,1,0.35025713,1
dalle3_00122,test,1,0.35025713,1
dalle3_00123,test,1,0.35025713,1
dalle3_00124,test,1,0.35025713,1
dalle3_00125,test,1,0.14770614,0
dalle3_00126,test,1,0.13123763,0
dalle3_00127,test,1,0.5419733,0
dalle3_00128,test,1,0.35025713,1
dalle3_00129,test,1,0.6685436,0
dalle3_00130,test,1,0.9050512,0
dalle3_00131,test,1,0.35025713,1
dalle3_00132,test,1,0.35025713,1
dalle3_00133,test,1,0.35025713,1
dalle3_00134,test,1,0.31754154,0
dalle3_00135,test,1,0.30077052,0
dalle3_00136,test,1,0.006023713,0
dalle3_00137,test,1,0.35025713,1
dalle3_00138,test,1,0.43976846,0
dalle3_00139,test,1,0.35025713,1
dalle3_00140,test,1,0.49318418,0
dalle3_00141,test,1,0.055718154,0
dalle3_00142,test,1,0.7919856,0
dalle3_00143,test,1,0.35025713,1
dalle3_00144,test,1,0.1504614,0
dalle3_00145,test,1,0.35025713,1
dalle3_00146,test,1,0.35025713,1
dalle3_00147,test,1,0.13856134,0
dalle3_00148,test,1,0.35025713,1
dalle3_00149,test,1,0.35025713,1
dalle3_00150,test,1,0.03969657,0
dalle3_00151,test,1,0.35025713,1
dalle3_00152,test,1,0.35025713,1
dalle3_00153,test,1,0.7774158,0
dalle3_00154,test,1,0.35025713,1
dalle3_00155,test,1,0.35025713,1
dalle3_00156,test,1,0.91469663,0
dalle3_00157,test,1,0.3842038,0
dalle3_00158,test,1,0.49613398,0
dalle3_00159,test,1,0.20790312,0
dalle3_00160,test,1,0.1603383,0
dalle3_00161,test,1,0.38574967,0
dalle3_00162,test,1,0.0010912976,0
dalle3_00163,test,1,0.35025713,1
dalle3_00164,test,1,0.72879386,0
dalle3_00165,test,1,0.35025713,1
dalle3_00166,test,1,0.35025713,1
dalle3_00167,test,1,0.35025713,1
dalle3_00168,test,1,0.91880584,0
dalle3_00169,test,1,0.6422815,0
dalle3_00170,test,1,0.014967811,0
dalle3_00171,test,1,0.18669209,0
dalle3_00172,test,1,0.35025713,1
dalle3_00173,test,1,0.004649713,0
dalle3_00174,test,1,0.35025713,1
dalle3_00175,test,1,0.35025713,1
dalle3_00176,test,1,0.35025713,1
dalle3_00177,test,1,0.16688073,0
dalle3_00178,test,1,0.35025713,1
dalle3_00179,test,1,0.06185749,0
dalle3_00180,test,1,0.055216823,0
dalle3_00181,test,1,0.8103108,0
dalle3_00182,test,1,0.2797919,0
dalle3_00183,test,1,0.10895982,0
dalle3_00184,test,1,0.52757394,0
dalle3_00185,test,1,0.35025713,1
dalle3_00186,test,1,0.22852577,1
dalle3_00187,test,1,0.011997593,0
dalle3_00188,test,1,0.391647,0
dalle3_00189,test,1,0.99075127,0
dalle3_00190,test,1,0.6255341,0
dalle3_00191,test,1,0.35025713,1
dalle3_00192,test,1,0.35025713,1
dalle3_00193,test,1,0.35025713,1
dalle3_00194,test,1,0.35025713,1
dalle3_00195,test,1,0.08724084,0
dalle3_00196,test,1,0.35025713,1
dalle3_00197,test,1,0.157522,0
dalle3_00198,test,1,0.35025713,1
dalle3_00199,test,1,0.35025713,1
dalle3_00200,test,1,0.35025713,1
dalle3_00201,test,1,0.0666575,0
dalle3_00202,test,1,0.032758832,0
dalle3_00203,test,1,0.20935224,0
dalle3_00204,test,1,0.18164442,0
dalle3_00205,test,1,0.5937428,0
dalle3_00206,test,1,0.37746015,0
dalle3_00207,test,1,0.41296694,0
dalle3_00208,test,1,0.4240945,0
dalle3_00209,test,1,0.35025713,1
dalle3_00210,test,1,0.35025713,1
dalle3_00211,test,1,0.121271595,0
dalle3_00212,test,1,0.35025713,1
dalle3_00213,test,1,0.50577325,0
dalle3_00214,test,1,0.4133253,0
dalle3_00215,test,1,0.35025713,1
dalle3_00216,test,1,0.3626823,0
dalle3_00217,test,1,0.03688033,0
dalle3_00218,test,1,0.5845367,0
dalle3_00219,test,1,0.060200363,0
dalle3_00220,test,1,0.30435356,0
dalle3_00221,test,1,0.9533951,0
dalle3_00222,test,1,0.35025713,1
dalle3_00223,test,1,0.6202379,0
dalle3_00224,test,1,0.35025713,1
dalle3_00225,test,1,0.3956858,0
dalle3_00226,test,1,0.35025713,1
dalle3_00227,test,1,0.38123617,0
dalle3_00228,test,1,0.3041424,0
dalle3_00229,test,1,0.35025713,1
dalle3_00230,test,1,0.03358528,0
dalle3_00231,test,1,0.35025713,1
dalle3_00232,test,1,0.52377903,0
dalle3_00233,test,1,0.35025713,1
dalle3_00234,test,1,0.35025713,1
dalle3_00235,test,1,2.8317505e-05,0
dalle3_00236,test,1,0.3336781,0
dalle3_00237,test,1,0.35025713,1
dalle3_00238,test,1,0.2700851,0
dalle3_00239,test,1,0.023802334,0
dalle3_00240,test,1,0.35025713,1
dalle3_00241,test,1,0.7560608,0
dalle3_00242,test,1,0.35025713,1
dalle3_00243,test,1,0.3471876,0
dalle3_00244,test,1,0.871739,0
dalle3_00245,test,1,0.35025713,1
dalle3_00246,test,1,0.35025713,1
dalle3_00247,test,1,0.35025713,1
dalle3_00248,test,1,0.7966256,0
dalle3_00249,test,1,0.28222778,0
dalle3_00250,test,1,0.89214224,0
dalle3_00251,test,1,0.67376214,0
dalle3_00252,test,1,0.35025713,1
dalle3_00253,test,1,0.90367645,0
dalle3_00254,test,1,0.13739057,0
dalle3_00255,test,1,0.35025713,1
dalle3_00256,test,1,0.18097407,0
dalle3_00257,test,1,0.35025713,1
dalle3_00258,test,1,0.35025713,1
dalle3_00259,test,1,0.9426526,0
dalle3_00260,test,1,0.25284815,0
dalle3_00261,test,1,0.35025713,1
dalle3_00262,test,1,0.35025713,1
dalle3_00263,test,1,0.35025713,1
dalle3_00264,test,1,0.35025713,1
dalle3_00265,test,1,0.12269359,0
dalle3_00266,test,1,0.115921274,0
dalle3_00267,test,1,0.23563057,1
dalle3_00268,test,1,0.35025713,1
dalle3_00269,test,1,0.2793766,1
dalle3_00270,test,1,0.35025713,1
dalle3_00271,test,1,0.35025713,1
dalle3_00272,test,1,0.36691943,0
dalle3_00273,test,1,0.35025713,1
dalle3_00274,test,1,0.35025713,1
dalle3_00275,test,1,0.06406112,0
dalle3_00276,test,1,0.17842415,0
dalle3_00277,test,1,0.14641245,0
dalle3_00278,test,1,0.12576507,0
dalle3_00279,test,1,0.43860933,0
dalle3_00280,test,1,0.9337543,0
dalle3_00281,test,1,0.21899632,0
dalle3_00282,test,1,0.35025713,1
dalle3_00283,test,1,0.35025713,1
dalle3_00284,test,1,0.35025713,1
dalle3_00285,test,1,0.22362345,0
dalle3_00286,test,1,0.35025713,1
dalle3_00287,test,1,0.35025713,1
dalle3_00288,test,1,0.35025713,1
dalle3_00289,test,1,0.6371328,0
dalle3_00290,test,1,0.35025713,1
dalle3_00291,test,1,0.35025713,1
dalle3_00292,test,1,0.2091187,0
dalle3_00293,test,1,0.84668434,0
dalle3_00294,test,1,0.47819945,0
dalle3_00295,test,1,0.71172076,0
dalle3_00296,test,1,0.07324952,0
dalle3_00297,test,1,0.7585036,0
dalle3_00298,test,1,0.35025713,1
dalle3_00299,test,1,0.27208382,0
dalle3_00300,test,1,0.06540142,0
dalle3_00301,test,1,0.35025713,1
dalle3_00302,test,1,0.35025713,1
dalle3_00303,test,1,0.05098309,0
dalle3_00304,test,1,0.35025713,1
dalle3_00305,test,1,0.7256063,0
dalle3_00306,test,1,0.35025713,1
dalle3_00307,test,1,0.466473,0
dalle3_00308,test,1,0.34956032,0
dalle3_00309,test,1,0.6501645,0
dalle3_00310,test,1,0.07043613,0
dalle3_00311,test,1,0.09474682,0
dalle3_00312,test,1,0.04625943,0
dalle3_00313,test,1,0.35025713,1
dalle3_00314,test,1,0.35025713,1
dalle3_00315,test,1,0.35025713,1
dalle3_00316,test,1,0.35025713,1
dalle3_00317,test,1,0.35025713,1
dalle3_00318,test,1,0.042284355,0
dalle3_00319,test,1,0.62839764,0
dalle3_00320,test,1,0.44273126,0
dalle3_00321,test,1,0.35025713,1
dalle3_00322,test,1,0.9804465,0
dalle3_00323,test,1,0.08626244,0
dalle3_00324,test,1,0.65216863,0
dalle3_00325,test,1,0.8040724,0
dalle3_00326,test,1,0.35025713,1
dalle3_00327,test,1,0.15236026,0
dalle3_00328,test,1,0.045441978,0
dalle3_00329,test,1,0.35025713,1
dalle3_00330,test,1,0.35025713,1
dalle3_00331,test,1,0.9072882,0
dalle3_00332,test,1,0.29671246,0
dalle3_00333,test,1,0.35025713,1
dalle3_00334,test,1,0.27159402,0
dalle3_00335,test,1,0.009308205,0
dalle3_00336,test,1,0.35025713,1
dalle3_00337,test,1,0.10229249,0
dalle3_00338,test,1,0.9975304,0
dalle3_00339,test,1,0.286813,0
dalle3_00340,test,1,0.15541892,0
dalle3_00341,test,1,0.35025713,1
dalle3_00342,test,1,0.36876336,0
dalle3_00343,test,1,0.19162907,0
dalle3_00344,test,1,0.35025713,1
dalle3_00345,test,1,0.0440406,0
dalle3_00346,test,1,0.84078646,0
dalle3_00347,test,1,0.35025713,1
dalle3_00348,test,1,0.060214303,0
dalle3_00349,test,1,0.33638588,0
dalle3_00350,test,1,0.35025713,1
dalle3_00351,test,1,0.0034461564,0
dalle3_00352,test,1,0.72958386,0
dalle3_00353,test,1,0.42114714,0
dalle3_00354,test,1,0.94183403,0
dalle3_00355,test,1,0.35025713,1
dalle3_00356,test,1,0.20091611,0
dalle3_00357,test,1,0.08480987,0
dalle3_00358,test,1,0.066072196,0
dalle3_00359,test,1,0.5565327,0
dalle3_00360,test,1,0.03586382,0
dalle3_00361,test,1,0.35025713,1
dalle3_00362,test,1,0.46271065,0
dalle3_00363,test,1,0.594772,0
dalle3_00364,test,1,0.2678195,0
dalle3_00365,test,1,0.35025713,1
dalle3_00366,test,1,0.35025713,1
dalle3_00367,test,1,0.35025713,1
dalle3_00368,test,1,0.058786266,0
dalle3_00369,test,1,0.081165045,0
dalle3_00370,test,1,0.35025713,1
dalle3_00371,test,1,0.30368766,0
dalle3_00372,test,1,0.35025713,1
dalle3_00373,test,1,0.9539903,0
dalle3_00374,test,1,0.35025713,1
dalle3_00375,test,1,0.35025713,1
dalle3_00376,test,1,0.19026238,0
dalle3_00377,test,1,0.35025713,1
dalle3_00378,test,1,0.35025713,1
dalle3_00379,test,1,0.35025713,1
dalle3_00380,test,1,0.35025713,1
dalle3_00381,test,1,0.35025713,1
dalle3_00382,test,1,0.4413589,0
dalle3_00383,test,1,0.35025713,1
dalle3_00384,test,1,0.35025713,1
dalle3_00385,test,1,0.35025713,1
dalle3_00386,test,1,0.35025713,1
dalle3_00387,test,1,0.35025713,1
dalle3_00388,test,1,0.08266593,0
dalle3_00389,test,1,0.65677667,0
dalle3_00390,test,1,0.35025713,1
dalle3_00391,test,1,0.35025713,1
dalle3_00392,test,1,0.9929635,0
dalle3_00393,test,1,0.35025713,1
dalle3_00394,test,1,0.046038445,0
dalle3_00395,test,1,0.35025713,1
dalle3_00396,test,1,0.20354164,0
dalle3_00397,test,1,0.09236206,0
dalle3_00398,test,1,0.1469664,0
dalle3_00399,test,1,0.5447693,0
dalle3_00400,test,1,0.034931116,0
dalle3_00401,test,1,0.35025713,1
dalle3_00402,test,1,0.06865064,0
dalle3_00403,test,1,0.8170063,0
dalle3_00404,test,1,0.35025713,1
dalle3_00405,test,1,0.35025713,1
dalle3_00406,test,1,0.024836024,0
dalle3_00407,test,1,0.35025713,1
dalle3_00408,test,1,0.35025713,1
dalle3_00409,test,1,0.40221804,0
dalle3_00410,test,1,0.6660055,0
dalle3_00411,test,1,0.165835,0
dalle3_00412,test,1,0.46783617,0
dalle3_00413,test,1,0.3452095,0
dalle3_00414,test,1,0.050099302,0
dalle3_00415,test,1,0.10637023,0
dalle3_00416,test,1,0.35025713,1
dalle3_00417,test,1,0.39122882,0
dalle3_00418,test,1,0.59304816,0
dalle3_00419,test,1,0.13645783,0
dalle3_00420,test,1,0.35025713,1
dalle3_00421,test,1,0.35025713,1
dalle3_00422,test,1,0.35025713,1
dalle3_00423,test,1,0.17051955,0
dalle3_00424,test,1,0.35025713,1
dalle3_00425,test,1,0.979431,0
dalle3_00426,test,1,0.35025713,1
dalle3_00427,test,1,0.3305494,0
dalle3_00428,test,1,0.30423227,0
dalle3_00429,test,1,0.8971147,0
dalle3_00430,test,1,0.12478459,0
dalle3_00431,test,1,0.29687715,0
dalle3_00432,test,1,0.031453297,0
dalle3_00433,test,1,0.16572556,0
dalle3_00434,test,1,0.31524143,0
dalle3_00435,test,1,0.24466108,0
dalle3_00436,test,1,0.35025713,1
dalle3_00437,test,1,0.28123078,0
dalle3_00438,test,1,0.35025713,1
dalle3_00439,test,1,0.33858937,0
dalle3_00440,test,1,0.38537103,0
dalle3_00441,test,1,0.35025713,1
dalle3_00442,test,1,0.9966979,0
dalle3_00443,test,1,0.35025713,1
dalle3_00444,test,1,0.038100187,0
dalle3_00445,test,1,0.35025713,1
dalle3_00446,test,1,0.07525238,0
dalle3_00447,test,1,0.45225707,0
dalle3_00448,test,1,0.13964048,0
dalle3_00449,test,1,0.35025713,1
dalle3_00450,test,1,0.35025713,1
dalle3_00451,test,1,0.26305446,0
dalle3_00452,test,1,0.18419002,0
dalle3_00453,test,1,0.93049747,0
dalle3_00454,test,1,0.35025713,1
dalle3_00455,test,1,0.35025713,1
dalle3_00456,test,1,0.29579306,0
dalle3_00457,test,1,0.21989076,0
dalle3_00458,test,1,0.35025713,1
dalle3_00459,test,1,0.997988,0
dalle3_00460,test,1,0.35025713,1
dalle3_00461,test,1,0.94166595,0
dalle3_00462,test,1,0.28869626,0
dalle3_00463,test,1,0.0015359329,0
dalle3_00464,test,1,0.15008476,0
dalle3_00465,test,1,0.35025713,1
dalle3_00466,test,1,0.35025713,1
dalle3_00467,test,1,0.35025713,1
dalle3_00468,test,1,0.35025713,1
dalle3_00469,test,1,0.88280505,0
dalle3_00470,test,1,0.35025713,1
dalle3_00471,test,1,0.8734783,0
dalle3_00472,test,1,0.35025713,1
dalle3_00473,test,1,0.98824,0
dalle3_00474,test,1,0.9177169,0
dalle3_00475,test,1,0.9116984,0
dalle3_00476,test,1,0.29477304,0
dalle3_00477,test,1,0.35025713,1
dalle3_00478,test,1,0.7850267,0
dalle3_00479,test,1,0.35025713,1
dalle3_00480,test,1,0.09076953,0
dalle3_00481,test,1,0.35025713,1
dalle3_00482,test,1,0.59643435,0
dalle3_00483,test,1,0.9993298,0
dalle3_00484,test,1,0.35025713,1
dalle3_00485,test,1,0.35025713,1
dalle3_00486,test,1,0.10236824,0
dalle3_00487,test,1,0.11781005,0
dalle3_00488,test,1,0.90975916,0
dalle3_00489,test,1,0.31337628,0
dalle3_00490,test,1,0.10784232,0
dalle3_00491,test,1,0.35025713,1
dalle3_00492,test,1,0.35025713,1
dalle3_00493,test,1,0.4227022,0
dalle3_00494,test,1,0.35025713,1
dalle3_00495,test,1,0.97338265,0
dalle3_00496,test,1,0.8477164,0
dalle3_00497,test,1,0.44508478,0
dalle3_00498,test,1,0.88274145,0
dalle3_00499,test,1,0.35025713,1
dalle3_00500,test,1,0.35025713,1
dalle3_00501,test,1,0.09197822,0
dalle3_00502,test,1,0.41352114,0
dalle3_00503,test,1,0.06009505,0
dalle3_00504,test,1,0.32417879,0
dalle3_00505,test,1,0.35025713,1
dalle3_00506,test,1,0.35025713,1
dalle3_00507,test,1,0.80759764,0
dalle3_00508,test,1,0.055088706,0
dalle3_00509,test,1,0.35025713,1
dalle3_00510,test,1,0.18236259,0
dalle3_00511,test,1,0.35025713,1
dalle3_00512,test,1,0.35025713,1
dalle3_00513,test,1,0.35025713,1
dalle3_00514,test,1,0.35025713,1
dalle3_00515,test,1,0.35025713,1
dalle3_00516,test,1,0.35025713,1
dalle3_00517,test,1,0.35025713,1
dalle3_00518,test,1,0.35025713,1
dalle3_00519,test,1,0.35025713,1
dalle3_00520,test,1,0.35025713,1
dalle3_00521,test,1,0.3229453,0
dalle3_00522,test,1,0.35025713,1
dalle3_00523,test,1,0.5337057,0
dalle3_00524,test,1,0.35025713,1
dalle3_00525,test,1,0.74377376,0
dalle3_00526,test,1,0.35025713,1
dalle3_00527,test,1,0.20082258,0
dalle3_00528,test,1,0.9694436,0
dalle3_00529,test,1,0.35025713,1
dalle3_00530,test,1,0.32682648,0
dalle3_00531,test,1,0.38307932,0
dalle3_00532,test,1,0.80145067,0
dalle3_00533,test,1,0.99655724,0
dalle3_00534,test,1,0.43022653,1
dalle3_00535,test,1,0.35025713,1
dalle3_00536,test,1,0.32160762,0
dalle3_00537,test,1,0.35025713,1
dalle3_00538,test,1,0.25733307,0
dalle3_00539,test,1,0.0695018,0
dalle3_00540,test,1,0.06634891,0
dalle3_00541,test,1,0.33687282,0
dalle3_00542,test,1,0.831654,0
dalle3_00543,test,1,0.35025713,1
dalle3_00544,test,1,0.649464,0
dalle3_00545,test,1,0.35025713,1
dalle3_00546,test,1,0.9590159,0
dalle3_00547,test,1,0.5831827,0
dalle3_00548,test,1,0.3795049,0
dalle3_00549,test,1,0.71203864,0
dalle3_00550,test,1,0.799272,0
dalle3_00551,test,1,0.043670326,0
dalle3_00552,test,1,0.659945,0
dalle3_00553,test,1,0.35025713,1
dalle3_00554,test,1,0.75421983,0
dalle3_00555,test,1,0.13006435,0
dalle3_00556,test,1,0.7045011,0
dalle3_00557,test,1,0.9855537,0
dalle3_00558,test,1,0.9963714,0
dalle3_00559,test,1,0.35025713,1
dalle3_00560,test,1,0.25356805,0
dalle3_00561,test,1,0.9084581,0
dalle3_00562,test,1,0.35025713,1
dalle3_00563,test,1,0.9928098,0
dalle3_00564,test,1,0.35025713,1
dalle3_00565,test,1,0.35025713,1
dalle3_00566,test,1,0.35025713,1
dalle3_00567,test,1,0.35025713,1
dalle3_00568,test,1,0.20833631,0
dalle3_00569,test,1,0.09954667,0
dalle3_00570,test,1,0.099624984,0
dalle3_00571,test,1,0.0039089615,0
dalle3_00572,test,1,0.35025713,1
dalle3_00573,test,1,0.35025713,1
dalle3_00574,test,1,0.35025713,1
dalle3_00575,test,1,0.101989575,0
dalle3_00576,test,1,0.5013071,0
dalle3_00577,test,1,0.21913116,0
dalle3_00578,test,1,0.35025713,1
dalle3_00579,test,1,0.35025713,1
dalle3_00580,test,1,0.60882574,0
dalle3_00581,test,1,0.09699826,0
dalle3_00582,test,1,0.35025713,1
dalle3_00583,test,1,0.35025713,1
dalle3_00584,test,1,0.35025713,1
dalle3_00585,test,1,0.35025713,1
dalle3_00586,test,1,0.44276363,0
dalle3_00587,test,1,0.43126845,0
dalle3_00588,test,1,0.09299794,0
dalle3_00589,test,1,0.49524036,0
dalle3_00590,test,1,0.35025713,1
dalle3_00591,test,1,0.056048997,1
dalle3_00592,test,1,0.95202875,0
dalle3_00593,test,1,0.9887644,0
dalle3_00594,test,1,0.008692562,0
dalle3_00595,test,1,0.35025713,1
dalle3_00596,test,1,0.35025713,1
dalle3_00597,test,1,0.5175089,0
dalle3_00598,test,1,0.5614021,0
dalle3_00599,test,1,0.06394551,0
dalle3_00600,test,1,0.35025713,1
dalle3_00601,test,1,0.0036247117,0
dalle3_00602,test,1,0.23706917,0
dalle3_00603,test,1,0.35025713,1
dalle3_00604,test,1,0.2613518,0
dalle3_00605,test,1,0.2674088,0
dalle3_00606,test,1,0.61239773,0
dalle3_00607,test,1,0.95034575,0
dalle3_00608,test,1,0.35025713,1
dalle3_00609,test,1,0.39917165,0
dalle3_00610,test,1,0.04665494,0
dalle3_00611,test,1,0.35025713,1
dalle3_00612,test,1,0.35025713,1
dalle3_00613,test,1,0.35025713,1
dalle3_00614,test,1,0.35025713,1
dalle3_00615,test,1,0.35025713,1
dalle3_00616,test,1,0.33772764,0
dalle3_00617,test,1,0.14938873,0
dalle3_00618,test,1,0.008589301,0
dalle3_00619,test,1,0.35025713,1
dalle3_00620,test,1,0.6415919,0
dalle3_00621,test,1,0.14207284,0
dalle3_00622,test,1,0.23549648,0
dalle3_00623,test,1,0.9738221,0
dalle3_00624,test,1,0.35025713,1
dalle3_00625,test,1,0.35025713,1
dalle3_00626,test,1,0.2301225,0
dalle3_00627,test,1,0.3097295,0
dalle3_00628,test,1,0.35025713,1
dalle3_00629,test,1,0.35025713,1
dalle3_00630,test,1,0.765421,0
dalle3_00631,test,1,0.51277727,0
dalle3_00632,test,1,0.35025713,1
dalle3_00633,test,1,0.11300867,0
dalle3_00634,test,1,0.35025713,1
dalle3_00635,test,1,0.35025713,1
dalle3_00636,test,1,0.45624426,1
dalle3_00637,test,1,0.56398827,0
dalle3_00638,test,1,0.15692212,0
dalle3_00639,test,1,0.11563345,0
dalle3_00640,test,1,0.35025713,1
dalle3_00641,test,1,0.35025713,1
dalle3_00642,test,1,0.11971813,0
dalle3_00643,test,1,0.99874145,0
dalle3_00644,test,1,0.16003162,0
dalle3_00645,test,1,0.5395577,0
dalle3_00646,test,1,0.35025713,1
dalle3_00647,test,1,0.35025713,1
dalle3_00648,test,1,0.033538856,0
dalle3_00649,test,1,0.35025713,1
dalle3_00650,test,1,0.35025713,1
dalle3_00651,test,1,0.37910855,0
dalle3_00652,test,1,0.35025713,1
dalle3_00653,test,1,0.31560645,0
dalle3_00654,test,1,0.35025713,1
dalle3_00655,test,1,0.35025713,1
dalle3_00656,test,1,0.07929502,0
dalle3_00657,test,1,0.2727739,0
dalle3_00658,test,1,0.35025713,1
dalle3_00659,test,1,0.15693301,0
dalle3_00660,test,1,0.009596242,0
dalle3_00661,test,1,0.42188603,0
dalle3_00662,test,1,0.0091671925,0
dalle3_00663,test,1,0.13668253,0
dalle3_00664,test,1,0.049049348,0
dalle3_00665,test,1,0.6464554,0
dalle3_00666,test,1,0.03223897,0
dalle3_00667,test,1,0.061051592,0
dalle3_00668,test,1,0.22090594,0
dalle3_00669,test,1,0.20657565,0
dalle3_00670,test,1,0.35025713,1
dalle3_00671,test,1,0.25766182,0
dalle3_00672,test,1,0.35025713,1
dalle3_00673,test,1,0.35025713,1
dalle3_00674,test,1,0.008259806,0
dalle3_00675,test,1,0.5798588,0
dalle3_00676,test,1,0.35025713,1
dalle3_00677,test,1,0.30406374,0
dalle3_00678,test,1,0.35025713,1
dalle3_00679,test,1,0.029468905,0
dalle3_00680,test,1,0.56088406,0
dalle3_00681,test,1,0.8759088,0
dalle3_00682,test,1,0.82537174,0
dalle3_00683,test,1,0.18078387,0
dalle3_00684,test,1,0.35025713,1
dalle3_00685,test,1,0.35025713,1
dalle3_00686,test,1,0.04434053,0
dalle3_00687,test,1,0.4461678,0
dalle3_00688,test,1,0.35025713,1
dalle3_00689,test,1,0.3530565,1
dalle3_00690,test,1,0.43098512,0
dalle3_00691,test,1,0.27476987,0
dalle3_00692,test,1,0.35025713,1
dalle3_00693,test,1,0.95794857,0
dalle3_00694,test,1,0.11351221,0
dalle3_00695,test,1,0.35025713,1
dalle3_00696,test,1,0.018250791,0
dalle3_00697,test,1,0.35025713,1
dalle3_00698,test,1,0.35025713,1
dalle3_00699,test,1,0.35025713,1
dalle3_00700,test,1,0.35025713,1
dalle3_00701,test,1,0.40756625,0
dalle3_00702,test,1,0.1283558,0
dalle3_00703,test,1,0.012385535,0
dalle3_00704,test,1,0.14648525,0
dalle3_00705,test,1,0.35025713,1
dalle3_00706,test,1,0.09467209,0
dalle3_00707,test,1,0.0047948416,0
dalle3_00708,test,1,0.18225576,0
dalle3_00709,test,1,0.35025713,1
dalle3_00710,test,1,0.21935134,0
dalle3_00711,test,1,0.88085604,0
dalle3_00712,test,1,0.31081012,0
dalle3_00713,test,1,0.04778074,0
dalle3_00714,test,1,0.6554871,0
dalle3_00715,test,1,0.26460242,0
dalle3_00716,test,1,0.022979232,0
dalle3_00717,test,1,0.21597259,0
dalle3_00718,test,1,0.46599293,0
dalle3_00719,test,1,0.16663666,0
dalle3_00720,test,1,0.71231925,0
dalle3_00721,test,1,0.29748496,0
dalle3_00722,test,1,0.35025713,1
dalle3_00723,test,1,0.078535035,0
dalle3_00724,test,1,0.5066122,0
dalle3_00725,test,1,0.7674874,0
dalle3_00726,test,1,0.35025713,1
dalle3_00727,test,1,0.35025713,1
dalle3_00728,test,1,0.6804582,0
dalle3_00729,test,1,0.35025713,1
dalle3_00730,test,1,0.35025713,1
dalle3_00731,test,1,0.43627906,0
dalle3_00732,test,1,0.42371404,0
dalle3_00733,test,1,0.35025713,1
dalle3_00734,test,1,0.70590353,0
dalle3_00735,test,1,0.1253521,0
dalle3_00736,test,1,0.35025713,1
dalle3_00737,test,1,0.35593978,0
dalle3_00738,test,1,0.35025713,1
dalle3_00739,test,1,0.35025713,1
dalle3_00740,test,1,0.35025713,1
dalle3_00741,test,1,0.848469,0
dalle3_00742,test,1,0.015355751,0
dalle3_00743,test,1,0.35025713,1
dalle3_00744,test,1,0.94304174,0
dalle3_00745,test,1,0.38786986,0
dalle3_00746,test,1,0.96751195,0
dalle3_00747,test,1,0.35025713,1
dalle3_00748,test,1,0.26539668,0
dalle3_00749,test,1,0.35025713,1
dalle3_00750,test,1,0.9332046,0
dalle3_00751,test,1,0.022280037,0
dalle3_00752,test,1,0.35025713,1
dalle3_00753,test,1,0.35025713,1
dalle3_00754,test,1,0.26725283,0
dalle3_00755,test,1,0.35025713,1
dalle3_00756,test,1,0.057377245,0
dalle3_00757,test,1,0.18297091,0
dalle3_00758,test,1,0.35025713,1
dalle3_00759,test,1,0.10725339,0
dalle3_00760,test,1,0.92798483,0
dalle3_00761,test,1,0.22946139,0
dalle3_00762,test,1,0.09752205,0
dalle3_00763,test,1,0.35025713,1
dalle3_00764,test,1,0.35025713,1
dalle3_00765,test,1,0.0960597,0
dalle3_00766,test,1,0.35025713,1
dalle3_00767,test,1,0.060173586,0
dalle3_00768,test,1,0.35025713,1
dalle3_00769,test,1,0.0027991417,0
dalle3_00770,test,1,0.64695805,0
dalle3_00771,test,1,0.7693072,0
dalle3_00772,test,1,0.35025713,1
dalle3_00773,test,1,0.38609394,0
dalle3_00774,test,1,0.35025713,1
dalle3_00775,test,1,0.35025713,1
dalle3_00776,test,1,0.4150143,0
dalle3_00777,test,1,0.33280498,0
dalle3_00778,test,1,0.998769,0
dalle3_00779,test,1,0.35025713,1
dalle3_00780,test,1,0.35025713,1
dalle3_00781,test,1,0.13574386,0
dalle3_00782,test,1,0.35025713,1
dalle3_00783,test,1,0.53543204,0
dalle3_00784,test,1,0.7610943,0
dalle3_00785,test,1,0.9561854,0
dalle3_00786,test,1,0.03807439,0
dalle3_00787,test,1,0.35025713,1
dalle3_00788,test,1,0.35025713,1
dalle3_00789,test,1,0.00121793,0
dalle3_00790,test,1,0.35025713,1
dalle3_00791,test,1,0.0556985,0
dalle3_00792,test,1,0.2279786,0
dalle3_00793,test,1,0.35025713,1
dalle3_00794,test,1,0.4109263,0
dalle3_00795,test,1,0.15955237,0
dalle3_00796,test,1,0.35025713,1
dalle3_00797,test,1,0.96600056,0
dalle3_00798,test,1,0.35025713,1
dalle3_00799,test,1,0.35025713,1
dalle3_00800,test,1,0.03324521,0
dalle3_00801,test,1,0.803033,0
dalle3_00802,test,1,0.7457474,0
dalle3_00803,test,1,0.1971649,0
dalle3_00804,test,1,0.3952485,0
dalle3_00805,test,1,0.46635816,0
dalle3_00806,test,1,0.35025713,1
dalle3_00807,test,1,0.9792572,0
dalle3_00808,test,1,0.35025713,1
dalle3_00809,test,1,0.09821227,0
dalle3_00810,test,1,0.59990335,0
dalle3_00811,test,1,0.35025713,1
dalle3_00812,test,1,0.35025713,1
dalle3_00813,test,1,0.42317662,0
dalle3_00814,test,1,0.2791955,0
dalle3_00815,test,1,0.35025713,1
dalle3_00816,test,1,0.99799097,0
dalle3_00817,test,1,0.20694566,0
dalle3_00818,test,1,0.87068456,0
dalle3_00819,test,1,0.021072447,0
dalle3_00820,test,1,0.6251968,0
dalle3_00821,test,1,0.35025713,1
dalle3_00822,test,1,0.35025713,1
dalle3_00823,test,1,0.63140905,0
dalle3_00824,test,1,0.64821935,0
dalle3_00825,test,1,0.3732074,0
dalle3_00826,test,1,0.27263784,0
dalle3_00827,test,1,0.35025713,1
dalle3_00828,test,1,0.86124223,0
dalle3_00829,test,1,0.09497114,0
dalle3_00830,test,1,0.6296977,0
dalle3_00831,test,1,0.059488934,0
dalle3_00832,test,1,0.5434958,0
dalle3_00833,test,1,0.16242926,0
dalle3_00834,test,1,0.19307218,0
dalle3_00835,test,1,0.35025713,1
dalle3_00836,test,1,0.35025713,1
dalle3_00837,test,1,0.182442,0
dalle3_00838,test,1,0.35025713,1
dalle3_00839,test,1,0.28151947,0
dalle3_00840,test,1,0.3237107,0
dalle3_00841,test,1,0.2572183,0
dalle3_00842,test,1,0.5519524,0
dalle3_00843,test,1,0.2635804,0
dalle3_00844,test,1,0.35025713,1
dalle3_00845,test,1,0.35025713,1
dalle3_00846,test,1,0.040359512,0
dalle3_00847,test,1,0.15042177,0
dalle3_00848,test,1,0.35025713,1
dalle3_00849,test,1,0.6501043,0
dalle3_00850,test,1,0.06751382,0
dalle3_00851,test,1,0.7047397,0
dalle3_00852,test,1,0.16185707,0
dalle3_00853,test,1,0.35025713,1
dalle3_00854,test,1,0.423139,0
dalle3_00855,test,1,0.35025713,1
dalle3_00856,test,1,0.1508601,0
dalle3_00857,test,1,0.35025713,1
dalle3_00858,test,1,0.35025713,1
dalle3_00859,test,1,0.18805557,1
dalle3_00860,test,1,0.14504628,0
dalle3_00861,test,1,0.14216222,0
dalle3_00862,test,1,0.92992926,0
dalle3_00863,test,1,0.09863901,0
dalle3_00864,test,1,0.40129998,0
dalle3_00865,test,1,0.6445681,0
dalle3_00866,test,1,0.35025713,1
dalle3_00867,test,1,0.043953612,0
dalle3_00868,test,1,0.78773874,0
dalle3_00869,test,1,0.07914097,0
dalle3_00870,test,1,0.061338075,0
dalle3_00871,test,1,0.35025713,1
dalle3_00872,test,1,0.0620484,0
dalle3_00873,test,1,0.3985779,0
dalle3_00874,test,1,0.35025713,1
dalle3_00875,test,1,0.35025713,1
dalle3_00876,test,1,0.13707554,0
dalle3_00877,test,1,0.35025713,1
dalle3_00878,test,1,0.35025713,1
dalle3_00879,test,1,0.35025713,1
dalle3_00880,test,1,0.1711785,0
dalle3_00881,test,1,0.28922248,0
dalle3_00882,test,1,0.35025713,1
dalle3_00883,test,1,0.35025713,1
dalle3_00884,test,1,0.10283699,0
dalle3_00885,test,1,0.35025713,1
dalle3_00886,test,1,0.35025713,1
dalle3_00887,test,1,0.35025713,1
dalle3_00888,test,1,0.0042919884,0
dalle3_00889,test,1,0.3000439,0
dalle3_00890,test,1,0.93962425,0
dalle3_00891,test,1,0.03018064,0
dalle3_00892,test,1,0.74783605,0
dalle3_00893,test,1,0.35025713,1
dalle3_00894,test,1,0.35025713,1
dalle3_00895,test,1,0.35025713,1
dalle3_00896,test,1,0.3050101,0
dalle3_00897,test,1,0.35025713,1
dalle3_00898,test,1,0.35025713,1
dalle3_00899,test,1,0.57375675,0
dalle3_00900,test,1,0.038015205,0
dalle3_00901,test,1,0.045394484,0
dalle3_00902,test,1,0.058740757,0
dalle3_00903,test,1,0.6798753,0
dalle3_00904,test,1,0.27222878,0
dalle3_00905,test,1,0.35025713,1
dalle3_00906,test,1,0.35025713,1
dalle3_00907,test,1,0.31073022,0
dalle3_00908,test,1,0.35025713,1
dalle3_00909,test,1,0.088343084,0
dalle3_00910,test,1,0.35025713,1
dalle3_00911,test,1,0.9001506,0
dalle3_00912,test,1,0.20875451,0
dalle3_00913,test,1,0.062622234,0
dalle3_00914,test,1,0.8155308,0
dalle3_00915,test,1,0.35025713,1
dalle3_00916,test,1,0.35025713,1
dalle3_00917,test,1,0.76605,0
dalle3_00918,test,1,0.031283583,0
dalle3_00919,test,1,0.22982684,0
dalle3_00920,test,1,0.35025713,1
dalle3_00921,test,1,0.35025713,1
dalle3_00922,test,1,0.37100685,0
dalle3_00923,test,1,0.35025713,1
dalle3_00924,test,1,0.36363524,0
dalle3_00925,test,1,0.14349492,0
dalle3_00926,test,1,0.16891716,0
dalle3_00927,test,1,0.053498186,0
dalle3_00928,test,1,0.53213984,0
dalle3_00929,test,1,0.35025713,1
dalle3_00930,test,1,0.052330382,0
dalle3_00931,test,1,0.9511,0
dalle3_00932,test,1,0.35025713,1
dalle3_00933,test,1,0.113016106,0
dalle3_00934,test,1,0.78933287,0
dalle3_00935,test,1,0.38731974,0
dalle3_00936,test,1,0.31619632,0
dalle3_00937,test,1,0.35025713,1
dalle3_00938,test,1,0.16068828,0
dalle3_00939,test,1,0.15984218,0
dalle3_00940,test,1,0.4264811,0
dalle3_00941,test,1,0.13136527,0
dalle3_00942,test,1,0.5141225,0
dalle3_00943,test,1,0.25971484,0
dalle3_00944,test,1,0.3725231,0
dalle3_00945,test,1,0.2835562,0
dalle3_00946,test,1,0.23740914,0
dalle3_00947,test,1,0.62808764,0
dalle3_00948,test,1,0.086223714,0
dalle3_00949,test,1,0.84996325,0
dalle3_00950,test,1,0.35025713,1
dalle3_00951,test,1,0.35025713,1
dalle3_00952,test,1,0.12412936,0
dalle3_00953,test,1,0.35025713,1
dalle3_00954,test,1,0.7693534,0
dalle3_00955,test,1,0.4934045,0
dalle3_00956,test,1,0.35025713,1
dalle3_00957,test,1,0.35025713,1
dalle3_00958,test,1,0.4268398,0
dalle3_00959,test,1,0.034261305,0
dalle3_00960,test,1,0.35025713,1
dalle3_00961,test,1,0.0078194775,0
dalle3_00962,test,1,0.023783315,0
dalle3_00963,test,1,0.35025713,1
dalle3_00964,test,1,0.35025713,1
dalle3_00965,test,1,0.35025713,1
dalle3_00966,test,1,0.21660528,0
dalle3_00967,test,1,0.42835084,0
dalle3_00968,test,1,0.6043661,0
dalle3_00969,test,1,0.35025713,1
dalle3_00970,test,1,0.72409105,0
dalle3_00971,test,1,0.35025713,1
dalle3_00972,test,1,0.35025713,1
dalle3_00973,test,1,0.392837,0
dalle3_00974,test,1,0.3164538,0
dalle3_00975,test,1,0.35025713,1
dalle3_00976,test,1,0.04287532,0
dalle3_00977,test,1,0.35025713,1
dalle3_00978,test,1,0.35025713,1
dalle3_00979,test,1,0.55042607,0
dalle3_00980,test,1,0.11809432,0
dalle3_00981,test,1,0.35025713,1
dalle3_00982,test,1,0.44491848,0
dalle3_00983,test,1,0.56350297,0
dalle3_00984,test,1,0.35025713,1
dalle3_00985,test,1,0.47104967,0
dalle3_00986,test,1,0.9632595,0
dalle3_00987,test,1,0.6531915,0
dalle3_00988,test,1,0.35025713,1
dalle3_00989,test,1,0.35025713,1
dalle3_00990,test,1,0.31619045,0
dalle3_00991,test,1,0.9371273,0
dalle3_00992,test,1,0.019179896,0
dalle3_00993,test,1,0.35025713,1
dalle3_00994,test,1,0.35025713,1
dalle3_00995,test,1,0.35025713,1
dalle3_00996,test,1,0.35025713,1
dalle3_00997,test,1,0.31762385,0
dalle3_00998,test,1,0.35025713,1
dalle3_00999,test,1,0.19612093,0
flux_00000,test,1,0.24284254,0
flux_00001,test,1,0.43106526,0
flux_00002,test,1,0.35025713,1
flux_00003,test,1,0.35025713,1
flux_00004,test,1,0.35025713,1
flux_00005,test,1,0.3039426,0
flux_00006,test,1,0.15241273,0
flux_00007,test,1,0.21102622,0
flux_00008,test,1,0.02402129,0
flux_00009,test,1,0.15957634,0
flux_00010,test,1,0.84575444,0
flux_00011,test,1,0.35025713,1
flux_00012,test,1,0.35025713,1
flux_00013,test,1,0.3968413,0
flux_00014,test,1,0.10321107,0
flux_00015,test,1,0.88870347,0
flux_00016,test,1,0.35025713,1
flux_00017,test,1,0.35025713,1
flux_00018,test,1,0.52760196,0
flux_00019,test,1,0.88534635,0
flux_00020,test,1,0.010530686,0
flux_00021,test,1,0.39363554,0
flux_00022,test,1,0.022468613,0
flux_00023,test,1,0.27864018,0
flux_00024,test,1,0.35025713,1
flux_00025,test,1,0.44791737,0
flux_00026,test,1,0.35025713,1
flux_00027,test,1,0.35025713,1
flux_00028,test,1,0.9134965,0
flux_00029,test,1,0.0117759565,0
flux_00030,test,1,0.9428195,0
flux_00031,test,1,0.8830257,0
flux_00032,test,1,0.20195995,0
flux_00033,test,1,0.11305351,0
flux_00034,test,1,0.39482796,0
flux_00035,test,1,0.35025713,1
flux_00036,test,1,0.35025713,1
flux_00037,test,1,0.36254284,0
flux_00038,test,1,0.35025713,1
flux_00039,test,1,0.9982456,0
flux_00040,test,1,0.35025713,1
flux_00041,test,1,0.51832026,0
flux_00042,test,1,0.27531183,0
flux_00043,test,1,0.35025713,1
flux_00044,test,1,0.9703929,0
flux_00045,test,1,0.7413614,0
flux_00046,test,1,0.65652764,0
flux_00047,test,1,0.35025713,1
flux_00048,test,1,0.27523896,0
flux_00049,test,1,0.9884621,0
flux_00050,test,1,0.54906505,0
flux_00051,test,1,0.35025713,1
flux_00052,test,1,0.35025713,1
flux_00053,test,1,0.330236,0
flux_00054,test,1,0.5809954,0
flux_00055,test,1,0.7214104,0
flux_00056,test,1,0.35025713,1
flux_00057,test,1,0.17008281,0
flux_00058,test,1,0.35025713,1
flux_00059,test,1,0.35025713,1
flux_00060,test,1,0.35025713,1
flux_00061,test,1,0.35025713,1
flux_00062,test,1,0.35025713,1
flux_00063,test,1,0.35025713,1
flux_00064,test,1,0.35025713,1
flux_00065,test,1,0.35025713,1
flux_00066,test,1,0.35025713,1
flux_00067,test,1,0.5603423,0
flux_00068,test,1,0.35025713,1
flux_00069,test,1,0.9904503,0
flux_00070,test,1,0.59383255,0
flux_00071,test,1,0.35025713,1
flux_00072,test,1,0.5982854,0
flux_00073,test,1,0.35025713,1
flux_00074,test,1,0.35025713,1
flux_00075,test,1,0.35025713,1
flux_00076,test,1,0.35025713,1
flux_00077,test,1,0.88513607,0
flux_00078,test,1,0.35025713,1
flux_00079,test,1,0.35025713,1
flux_00080,test,1,0.35025713,1
flux_00081,test,1,0.35025713,1
flux_00082,test,1,0.6654132,0
flux_00083,test,1,0.35025713,1
flux_00084,test,1,0.35025713,1
flux_00085,test,1,0.35025713,1
flux_00086,test,1,0.35025713,1
flux_00087,test,1,0.35025713,1
flux_00088,test,1,0.1267366,0
flux_00089,test,1,0.35025713,1
flux_00090,test,1,0.6007399,0
flux_00091,test,1,0.85018104,0
flux_00092,test,1,0.0016419651,0
flux_00093,test,1,0.5034397,0
flux_00094,test,1,0.35025713,1
flux_00095,test,1,0.35025713,1
flux_00096,test,1,0.13656865,0
flux_00097,test,1,0.35025713,1
flux_00098,test,1,0.35025713,1
flux_00099,test,1,0.9672773,0
flux_00100,test,1,0.35025713,1
flux_00101,test,1,0.35025713,1
flux_00102,test,1,0.35025713,1
flux_00103,test,1,0.10627751,0
flux_00104,test,1,0.35025713,1
flux_00105,test,1,0.9136265,0
flux_00106,test,1,0.80351037,0
flux_00107,test,1,0.76736563,0
flux_00108,test,1,0.96915364,0
flux_00109,test,1,0.098434344,0
flux_00110,test,1,0.35025713,1
flux_00111,test,1,0.35025713,1
flux_00112,test,1,0.3697392,0
flux_00113,test,1,0.35025713,1
flux_00114,test,1,0.35025713,1
flux_00115,test,1,0.35025713,1
flux_00116,test,1,0.82423466,0
flux_00117,test,1,0.22227164,0
flux_00118,test,1,0.99675363,0
flux_00119,test,1,0.35025713,1
flux_00120,test,1,0.17346069,0
flux_00121,test,1,0.35025713,1
flux_00122,test,1,0.14996806,0
flux_00123,test,1,0.35025713,1
flux_00124,test,1,0.026977148,0
flux_00125,test,1,0.35025713,1
flux_00126,test,1,0.35025713,1
flux_00127,test,1,0.49875954,0
flux_00128,test,1,0.85789806,0
flux_00129,test,1,0.1918996,0
flux_00130,test,1,0.60337657,0
flux_00131,test,1,0.35025713,1
flux_00132,test,1,0.979722,0
flux_00133,test,1,0.031069472,0
flux_00134,test,1,0.35025713,1
flux_00135,test,1,0.35025713,1
flux_00136,test,1,0.25196266,0
flux_00137,test,1,0.35025713,1
flux_00138,test,1,0.38012815,0
flux_00139,test,1,0.35025713,1
flux_00140,test,1,0.05574648,0
flux_00141,test,1,0.14024003,0
flux_00142,test,1,0.35025713,1
flux_00143,test,1,0.35025713,1
flux_00144,test,1,0.35025713,1
flux_00145,test,1,0.061138578,0
flux_00146,test,1,0.83277935,0
flux_00147,test,1,0.35025713,1
flux_00148,test,1,0.35025713,1
flux_00149,test,1,0.35025713,1
flux_00150,test,1,0.058833957,0
flux_00151,test,1,0.35025713,1
flux_00152,test,1,0.9764088,0
flux_00153,test,1,0.35025713,1
flux_00154,test,1,0.43375596,0
flux_00155,test,1,0.35025713,1
flux_00156,test,1,0.53063816,0
flux_00157,test,1,0.23764269,0
flux_00158,test,1,0.35025713,1
flux_00159,test,1,0.35025713,1
flux_00160,test,1,0.013206446,0
flux_00161,test,1,0.98297817,0
flux_00162,test,1,0.45394477,0
flux_00163,test,1,0.21158813,0
flux_00164,test,1,0.35025713,1
flux_00165,test,1,0.35025713,1
flux_00166,test,1,0.35025713,1
flux_00167,test,1,0.35025713,1
flux_00168,test,1,0.82505345,0
flux_00169,test,1,0.29560456,0
flux_00170,test,1,0.35025713,1
flux_00171,test,1,0.35025713,1
flux_00172,test,1,0.35025713,1
flux_00173,test,1,0.35025713,1
flux_00174,test,1,0.55383164,0
flux_00175,test,1,0.24884963,0
flux_00176,test,1,0.47127452,0
flux_00177,test,1,0.9455846,0
flux_00178,test,1,0.5682678,0
flux_00179,test,1,0.014911715,0
flux_00180,test,1,0.94953734,0
flux_00181,test,1,0.9972893,0
flux_00182,test,1,0.35025713,1
flux_00183,test,1,0.35025713,1
flux_00184,test,1,0.1994613,0
flux_00185,test,1,0.35025713,1
flux_00186,test,1,0.35025713,1
flux_00187,test,1,0.76814574,0
flux_00188,test,1,0.35025713,1
flux_00189,test,1,0.35025713,1
flux_00190,test,1,0.483883,0
flux_00191,test,1,0.8830922,0
flux_00192,test,1,0.03336828,0
flux_00193,test,1,0.14767443,0
flux_00194,test,1,0.73944247,0
flux_00195,test,1,0.8813011,0
flux_00196,test,1,0.35025713,1
flux_00197,test,1,0.47387862,0
flux_00198,test,1,0.35025713,1
flux_00199,test,1,0.35025713,1
flux_00200,test,1,0.35025713,1
flux_00201,test,1,0.26172945,0
flux_00202,test,1,0.34371838,0
flux_00203,test,1,0.9599797,0
flux_00204,test,1,0.35025713,1
flux_00205,test,1,0.35025713,1
flux_00206,test,1,0.35025713,1
flux_00207,test,1,0.7426266,0
flux_00208,test,1,0.35025713,1
flux_00209,test,1,0.35025713,1
flux_00210,test,1,0.35025713,1
flux_00211,test,1,0.6085013,0
flux_00212,test,1,0.35025713,1
flux_00213,test,1,0.35025713,1
flux_00214,test,1,0.35025713,1
flux_00215,test,1,0.35025713,1
flux_00216,test,1,0.35025713,1
flux_00217,test,1,0.35025713,1
flux_00218,test,1,0.35025713,1
flux_00219,test,1,0.35025713,1
flux_00220,test,1,0.35025713,1
flux_00221,test,1,0.6379521,0
flux_00222,test,1,0.3069164,0
flux_00223,test,1,0.35025713,1
flux_00224,test,1,0.35025713,1
flux_00225,test,1,0.007903305,0
flux_00226,test,1,0.13780883,0
flux_00227,test,1,0.3167952,0
flux_00228,test,1,0.90487653,0
flux_00229,test,1,0.9917121,0
flux_00230,test,1,0.96911377,0
flux_00231,test,1,0.35025713,1
flux_00232,test,1,0.35025713,1
flux_00233,test,1,0.052168492,0
flux_00234,test,1,0.87109244,0
flux_00235,test,1,0.64355916,0
flux_00236,test,1,0.35025713,1
flux_00237,test,1,0.35025713,1
flux_00238,test,1,0.08777219,0
flux_00239,test,1,0.35025713,1
flux_00240,test,1,0.35025713,1
flux_00241,test,1,0.35025713,1
flux_00242,test,1,0.22326715,0
flux_00243,test,1,0.35025713,1
flux_00244,test,1,0.35025713,1
flux_00245,test,1,0.35025713,1
flux_00246,test,1,0.35025713,1
flux_00247,test,1,0.024470259,0
flux_00248,test,1,0.46768856,0
flux_00249,test,1,0.29120955,0
flux_00250,test,1,0.35025713,1
flux_00251,test,1,0.35025713,1
flux_00252,test,1,0.35025713,1
flux_00253,test,1,0.91896325,0
flux_00254,test,1,0.46679285,0
flux_00255,test,1,0.24524643,0
flux_00256,test,1,0.35025713,1
flux_00257,test,1,0.35025713,1
flux_00258,test,1,0.35025713,1
flux_00259,test,1,0.16130827,0
flux_00260,test,1,0.925758,0
flux_00261,test,1,0.35051864,0
flux_00262,test,1,0.35025713,1
flux_00263,test,1,0.5116567,0
flux_00264,test,1,0.9857287,0
flux_00265,test,1,0.35025713,1
flux_00266,test,1,0.6649636,0
flux_00267,test,1,0.24726069,0
flux_00268,test,1,0.99197173,0
flux_00269,test,1,0.35025713,1
flux_00270,test,1,0.00067263906,0
flux_00271,test,1,0.35025713,1
flux_00272,test,1,0.5882852,0
flux_00273,test,1,0.35025713,1
flux_00274,test,1,0.35025713,1
flux_00275,test,1,0.35025713,1
flux_00276,test,1,0.35025713,1
flux_00277,test,1,0.35025713,1
flux_00278,test,1,0.35025713,1
flux_00279,test,1,0.35025713,1
flux_00280,test,1,0.42877218,0
flux_00281,test,1,0.0023248254,0
flux_00282,test,1,0.35025713,1
flux_00283,test,1,0.13378845,0
flux_00284,test,1,0.35025713,1
flux_00285,test,1,0.0010651058,0
flux_00286,test,1,0.35025713,1
flux_00287,test,1,0.35025713,1
flux_00288,test,1,0.35025713,1
flux_00289,test,1,0.35025713,1
flux_00290,test,1,0.29697216,0
flux_00291,test,1,0.35025713,1
flux_00292,test,1,0.35025713,1
flux_00293,test,1,0.35025713,1
flux_00294,test,1,0.35025713,1
flux_00295,test,1,0.35025713,1
flux_00296,test,1,0.35025713,1
flux_00297,test,1,0.32274824,0
flux_00298,test,1,0.75454324,0
flux_00299,test,1,0.691992,0
flux_00300,test,1,0.35025713,1
flux_00301,test,1,0.35025713,1
flux_00302,test,1,0.43100005,0
flux_00303,test,1,0.8053676,0
flux_00304,test,1,0.35025713,1
flux_00305,test,1,0.27239156,0
flux_00306,test,1,0.35025713,1
flux_00307,test,1,0.012713931,0
flux_00308,test,1,0.19186097,0
flux_00309,test,1,0.3230132,0
flux_00310,test,1,0.18682721,0
flux_00311,test,1,0.9818289,0
flux_00312,test,1,0.35025713,1
flux_00313,test,1,0.35025713,1
flux_00314,test,1,0.35025713,1
flux_00315,test,1,0.35025713,1
flux_00316,test,1,0.2325337,0
flux_00317,test,1,0.35025713,1
flux_00318,test,1,0.35025713,1
flux_00319,test,1,0.35025713,1
flux_00320,test,1,0.37158793,0
flux_00321,test,1,0.35025713,1
flux_00322,test,1,0.014929797,0
flux_00323,test,1,0.35025713,1
flux_00324,test,1,0.35025713,1
flux_00325,test,1,0.35025713,1
flux_00326,test,1,0.0664959,0
flux_00327,test,1,0.35025713,1
flux_00328,test,1,0.7803061,0
flux_00329,test,1,0.6111644,0
flux_00330,test,1,0.35025713,1
flux_00331,test,1,0.35025713,1
flux_00332,test,1,0.7534793,0
flux_00333,test,1,0.89566255,0
flux_00334,test,1,0.5408739,0
flux_00335,test,1,0.35025713,1
flux_00336,test,1,0.04069054,0
flux_00337,test,1,0.73004603,0
flux_00338,test,1,0.7397496,0
flux_00339,test,1,0.35025713,1
flux_00340,test,1,0.84482014,0
flux_00341,test,1,0.35025713,1
flux_00342,test,1,0.34181422,0
flux_00343,test,1,0.65881693,0
flux_00344,test,1,0.994375,0
flux_00345,test,1,0.35025713,1
flux_00346,test,1,0.35025713,1
flux_00347,test,1,0.049256943,0
flux_00348,test,1,0.6852855,0
flux_00349,test,1,0.29158422,0
flux_00350,test,1,0.05081406,0
flux_00351,test,1,0.8878837,0
flux_00352,test,1,0.35025713,1
flux_00353,test,1,0.35025713,1
flux_00354,test,1,0.11273443,0
flux_00355,test,1,0.12970605,0
flux_00356,test,1,0.6582134,0
flux_00357,test,1,0.35025713,1
flux_00358,test,1,0.7076337,0
flux_00359,test,1,0.35025713,1
flux_00360,test,1,0.00095984485,0
flux_00361,test,1,0.570172,0
flux_00362,test,1,0.8923809,0
flux_00363,test,1,0.57561785,0
flux_00364,test,1,0.35025713,1
flux_00365,test,1,0.35025713,1
flux_00366,test,1,0.35025713,1
flux_00367,test,1,0.15899268,0
flux_00368,test,1,0.35025713,1
flux_00369,test,1,0.9081797,0
flux_00370,test,1,0.35025713,1
flux_00371,test,1,0.023818247,0
flux_00372,test,1,0.7218459,0
flux_00373,test,1,0.018047297,0
flux_00374,test,1,0.09163537,0
flux_00375,test,1,0.35025713,1
flux_00376,test,1,0.010223954,0
flux_00377,test,1,0.35025713,1
flux_00378,test,1,0.35025713,1
flux_00379,test,1,0.35025713,1
flux_00380,test,1,0.004879609,0
flux_00381,test,1,0.18133777,0
flux_00382,test,1,0.35025713,1
flux_00383,test,1,0.55704874,0
flux_00384,test,1,0.7674224,0
flux_00385,test,1,0.88542306,0
flux_00386,test,1,0.97519624,0
flux_00387,test,1,0.35025713,1
flux_00388,test,1,0.35025713,1
flux_00389,test,1,0.038788058,0
flux_00390,test,1,0.11237823,0
flux_00391,test,1,0.35025713,1
flux_00392,test,1,0.658605,0
flux_00393,test,1,0.0033419474,0
flux_00394,test,1,0.1216946,0
flux_00395,test,1,0.9241935,0
flux_00396,test,1,0.35025713,1
flux_00397,test,1,0.35025713,1
flux_00398,test,1,0.35025713,1
flux_00399,test,1,0.13245653,0
flux_00400,test,1,0.6261394,0
flux_00401,test,1,0.35025713,1
flux_00402,test,1,0.35025713,1
flux_00403,test,1,0.04753128,0
flux_00404,test,1,0.35025713,1
flux_00405,test,1,0.08826143,0
flux_00406,test,1,0.35025713,1
flux_00407,test,1,0.20186552,0
flux_00408,test,1,0.731165,0
flux_00409,test,1,0.35025713,1
flux_00410,test,1,0.28964764,0
flux_00411,test,1,0.9980622,0
flux_00412,test,1,0.99066144,0
flux_00413,test,1,0.9453459,0
flux_00414,test,1,0.57357323,0
flux_00415,test,1,0.34850708,0
flux_00416,test,1,0.2869974,0
flux_00417,test,1,0.92423457,0
flux_00418,test,1,0.35025713,1
flux_00419,test,1,0.35025713,1
flux_00420,test,1,0.9886614,0
flux_00421,test,1,0.35025713,1
flux_00422,test,1,0.1585917,0
flux_00423,test,1,0.35025713,1
flux_00424,test,1,0.46964377,0
flux_00425,test,1,0.1305421,0
flux_00426,test,1,0.35025713,1
flux_00427,test,1,0.35025713,1
flux_00428,test,1,0.33327958,0
flux_00429,test,1,0.30731332,0
flux_00430,test,1,0.41629258,0
flux_00431,test,1,0.35025713,1
flux_00432,test,1,0.35025713,1
flux_00433,test,1,0.7795001,0
flux_00434,test,1,0.35025713,1
flux_00435,test,1,0.1085093,0
flux_00436,test,1,0.6447015,0
flux_00437,test,1,0.35025713,1
flux_00438,test,1,0.0667954,0
flux_00439,test,1,0.35025713,1
flux_00440,test,1,0.41525128,0
flux_00441,test,1,0.35025713,1
flux_00442,test,1,0.024119277,0
flux_00443,test,1,0.07524373,0
flux_00444,test,1,0.35025713,1
flux_00445,test,1,0.522141,0
flux_00446,test,1,0.11115551,1
flux_00447,test,1,0.3269722,0
flux_00448,test,1,0.35025713,1
flux_00449,test,1,0.4309208,0
flux_00450,test,1,0.68269694,0
flux_00451,test,1,0.35025713,1
flux_00452,test,1,0.35025713,1
flux_00453,test,1,0.35025713,1
flux_00454,test,1,0.9008412,0
flux_00455,test,1,0.161258,0
flux_00456,test,1,0.8007894,0
flux_00457,test,1,0.35025713,1
flux_00458,test,1,0.35025713,1
flux_00459,test,1,0.613758,0
flux_00460,test,1,0.7524333,0
flux_00461,test,1,0.59078914,0
flux_00462,test,1,0.35025713,1
flux_00463,test,1,0.26884377,0
flux_00464,test,1,0.31018293,0
flux_00465,test,1,0.35025713,1
flux_00466,test,1,0.35025713,1
flux_00467,test,1,0.35025713,1
flux_00468,test,1,0.24303213,0
flux_00469,test,1,0.58347756,0
flux_00470,test,1,0.20452592,0
flux_00471,test,1,0.35025713,1
flux_00472,test,1,0.35025713,1
flux_00473,test,1,0.1036629,0
flux_00474,test,1,0.35025713,1
flux_00475,test,1,0.6542321,0
flux_00476,test,1,0.061533157,0
flux_00477,test,1,0.35025713,1
flux_00478,test,1,0.119381465,0
flux_00479,test,1,0.35025713,1
flux_00480,test,1,0.385903,0
flux_00481,test,1,0.23737413,0
flux_00482,test,1,0.35025713,1
flux_00483,test,1,0.35025713,1
flux_00484,test,1,0.62412024,0
flux_00485,test,1,0.35025713,1
flux_00486,test,1,0.35025713,1
flux_00487,test,1,0.17575175,0
flux_00488,test,1,0.020924792,0
flux_00489,test,1,0.35025713,1
flux_00490,test,1,0.35025713,1
flux_00491,test,1,0.35025713,1
flux_00492,test,1,0.35025713,1
flux_00493,test,1,0.2326552,0
flux_00494,test,1,0.35025713,1
flux_00495,test,1,0.35025713,1
flux_00496,test,1,0.35025713,1
flux_00497,test,1,0.12183756,0
flux_00498,test,1,0.35025713,1
flux_00499,test,1,0.6073461,0
flux_00500,test,1,0.9975656,0
flux_00501,test,1,0.35025713,1
flux_00502,test,1,0.726836,0
flux_00503,test,1,0.35025713,1
flux_00504,test,1,0.2236186,0
flux_00505,test,1,0.35025713,1
flux_00506,test,1,0.0049604513,0
flux_00507,test,1,0.35025713,1
flux_00508,test,1,0.35025713,1
flux_00509,test,1,0.08326902,0
flux_00510,test,1,0.82614493,0
flux_00511,test,1,0.35025713,1
flux_00512,test,1,0.72016996,0
flux_00513,test,1,0.35025713,1
flux_00514,test,1,0.35025713,1
flux_00515,test,1,0.26815686,0
flux_00516,test,1,0.14360932,1
flux_00517,test,1,0.49075234,0
flux_00518,test,1,0.6464547,0
flux_00519,test,1,0.35025713,1
flux_00520,test,1,0.64991856,0
flux_00521,test,1,0.017788926,0
flux_00522,test,1,0.6250979,1
flux_00523,test,1,0.35025713,1
flux_00524,test,1,0.4119533,0
flux_00525,test,1,0.6697822,0
flux_00526,test,1,0.35025713,1
flux_00527,test,1,0.34897274,0
flux_00528,test,1,0.35025713,1
flux_00529,test,1,0.35025713,1
flux_00530,test,1,0.9885153,0
flux_00531,test,1,0.99373287,0
flux_00532,test,1,0.35025713,1
flux_00533,test,1,0.87750757,0
flux_00534,test,1,0.982113,0
flux_00535,test,1,0.35025713,1
flux_00536,test,1,0.35025713,1
flux_00537,test,1,0.35025713,1
flux_00538,test,1,0.52093345,0
flux_00539,test,1,0.5188755,0
flux_00540,test,1,0.005585903,0
flux_00541,test,1,0.6998099,0
flux_00542,test,1,0.35025713,1
flux_00543,test,1,0.671669,0
flux_00544,test,1,0.35025713,1
flux_00545,test,1,0.35025713,1
flux_00546,test,1,0.35025713,1
flux_00547,test,1,0.35025713,1
flux_00548,test,1,0.35025713,1
flux_00549,test,1,0.8250004,0
flux_00550,test,1,0.35025713,1
flux_00551,test,1,0.35025713,1
flux_00552,test,1,0.5032529,0
flux_00553,test,1,0.35078627,0
flux_00554,test,1,0.35025713,1
flux_00555,test,1,0.51176554,0
flux_00556,test,1,0.35025713,1
flux_00557,test,1,0.35025713,1
flux_00558,test,1,0.9958118,0
flux_00559,test,1,0.2728282,1
flux_00560,test,1,0.4499274,0
flux_00561,test,1,0.35025713,1
flux_00562,test,1,0.35025713,1
flux_00563,test,1,0.101334155,0
flux_00564,test,1,0.2775133,0
flux_00565,test,1,0.35025713,1
flux_00566,test,1,0.35025713,1
flux_00567,test,1,0.35025713,1
flux_00568,test,1,0.35025713,1
flux_00569,test,1,0.90777016,0
flux_00570,test,1,0.25592574,0
flux_00571,test,1,0.35025713,1
flux_00572,test,1,0.14635827,0
flux_00573,test,1,0.65731436,0
flux_00574,test,1,0.26112422,0
flux_00575,test,1,0.35025713,1
flux_00576,test,1,0.06032388,0
flux_00577,test,1,0.35025713,1
flux_00578,test,1,0.35025713,1
flux_00579,test,1,0.35025713,1
flux_00580,test,1,0.35025713,1
flux_00581,test,1,0.35025713,1
flux_00582,test,1,0.04674182,0
flux_00583,test,1,0.35025713,1
flux_00584,test,1,0.9880827,0
flux_00585,test,1,0.35025713,1
flux_00586,test,1,0.17854752,0
flux_00587,test,1,0.99134177,0
flux_00588,test,1,0.35025713,1
flux_00589,test,1,0.9585921,0
flux_00590,test,1,0.022765493,0
flux_00591,test,1,0.010577667,0
flux_00592,test,1,0.053331494,0
flux_00593,test,1,0.16165273,0
flux_00594,test,1,0.0050231176,0
flux_00595,test,1,0.35025713,1
flux_00596,test,1,0.35025713,1
flux_00597,test,1,0.35025713,1
flux_00598,test,1,0.22973019,0
flux_00599,test,1,0.35025713,1
flux_00600,test,1,0.7439992,0
flux_00601,test,1,0.35025713,1
flux_00602,test,1,0.8264872,0
flux_00603,test,1,0.35498956,0
flux_00604,test,1,0.35025713,1
flux_00605,test,1,0.35025713,1
flux_00606,test,1,0.20087431,0
flux_00607,test,1,0.35025713,1
flux_00608,test,1,0.35025713,1
flux_00609,test,1,0.35025713,1
flux_00610,test,1,0.067359045,0
flux_00611,test,1,0.1738547,0
flux_00612,test,1,0.015441797,0
flux_00613,test,1,0.99028754,0
flux_00614,test,1,0.03838652,0
flux_00615,test,1,0.05797114,0
flux_00616,test,1,0.35025713,1
flux_00617,test,1,0.35025713,1
flux_00618,test,1,0.35025713,1
flux_00619,test,1,0.98806447,0
flux_00620,test,1,0.56443816,0
flux_00621,test,1,0.120836236,0
flux_00622,test,1,0.35025713,1
flux_00623,test,1,0.35025713,1
flux_00624,test,1,0.35025713,1
flux_00625,test,1,0.35025713,1
flux_00626,test,1,0.26121628,0
flux_00627,test,1,0.95542896,0
flux_00628,test,1,0.19668812,0
flux_00629,test,1,0.35025713,1
flux_00630,test,1,0.35025713,1
flux_00631,test,1,0.06606978,0
flux_00632,test,1,0.35025713,1
flux_00633,test,1,0.659646,0
flux_00634,test,1,0.06190113,0
flux_00635,test,1,0.42531165,0
flux_00636,test,1,0.35025713,1
flux_00637,test,1,0.9651158,0
flux_00638,test,1,0.35025713,1
flux_00639,test,1,0.13906704,0
flux_00640,test,1,0.71074027,0
flux_00641,test,1,0.35025713,1
flux_00642,test,1,0.11415104,0
flux_00643,test,1,0.051577613,0
flux_00644,test,1,0.27177995,0
flux_00645,test,1,0.35025713,1
flux_00646,test,1,0.35025713,1
flux_00647,test,1,0.9939533,0
flux_00648,test,1,0.37171552,0
flux_00649,test,1,0.35025713,1
flux_00650,test,1,0.97767717,0
flux_00651,test,1,0.21476933,0
flux_00652,test,1,0.07154608,0
flux_00653,test,1,0.9988167,0
flux_00654,test,1,0.35025713,1
flux_00655,test,1,0.9962359,0
flux_00656,test,1,0.41857496,0
flux_00657,test,1,0.35025713,1
flux_00658,test,1,0.5021353,0
flux_00659,test,1,0.29097947,0
flux_00660,test,1,0.35025713,1
flux_00661,test,1,0.61843926,0
flux_00662,test,1,0.22924937,0
flux_00663,test,1,0.35025713,1
flux_00664,test,1,0.65433156,0
flux_00665,test,1,0.2724425,0
flux_00666,test,1,0.35025713,1
flux_00667,test,1,0.35025713,1
flux_00668,test,1,0.012139007,0
flux_00669,test,1,0.8453423,0
flux_00670,test,1,0.71266675,0
flux_00671,test,1,0.45082965,0
flux_00672,test,1,0.35025713,1
flux_00673,test,1,0.35025713,1
flux_00674,test,1,0.7654891,0
flux_00675,test,1,0.35025713,1
flux_00676,test,1,0.35025713,1
flux_00677,test,1,0.32071602,0
flux_00678,test,1,0.62830377,0
flux_00679,test,1,0.34522638,0
flux_00680,test,1,0.8434005,0
flux_00681,test,1,0.07675085,0
flux_00682,test,1,0.35025713,1
flux_00683,test,1,0.35025713,1
flux_00684,test,1,0.05886198,0
flux_00685,test,1,0.006955231,0
flux_00686,test,1,0.91320133,0
flux_00687,test,1,0.35025713,1
flux_00688,test,1,0.05383704,0
flux_00689,test,1,0.35025713,1
flux_00690,test,1,0.35025713,1
flux_00691,test,1,0.85059226,0
flux_00692,test,1,0.35025713,1
flux_00693,test,1,0.35025713,1
flux_00694,test,1,0.3532259,0
flux_00695,test,1,0.35025713,1
flux_00696,test,1,0.020970011,0
flux_00697,test,1,0.35025713,1
flux_00698,test,1,0.076006964,0
flux_00699,test,1,0.35025713,1
flux_00700,test,1,0.03396352,0
flux_00701,test,1,0.35025713,1
flux_00702,test,1,0.5522737,0
flux_00703,test,1,0.3858412,0
flux_00704,test,1,0.35025713,1
flux_00705,test,1,0.35025713,1
flux_00706,test,1,0.43733406,0
flux_00707,test,1,0.44908458,0
flux_00708,test,1,0.16699067,0
flux_00709,test,1,0.8008965,0
flux_00710,test,1,0.35025713,1
flux_00711,test,1,0.2978811,0
flux_00712,test,1,0.01964421,0
flux_00713,test,1,0.35025713,1
flux_00714,test,1,0.25595182,0
flux_00715,test,1,0.35025713,1
flux_00716,test,1,0.7733118,0
flux_00717,test,1,0.05492447,0
flux_00718,test,1,0.35025713,1
flux_00719,test,1,0.7772955,0
flux_00720,test,1,0.42446426,0
flux_00721,test,1,0.35025713,1
flux_00722,test,1,0.7947303,0
flux_00723,test,1,0.0031841618,0
flux_00724,test,1,0.35025713,1
flux_00725,test,1,0.35025713,1
flux_00726,test,1,0.35025713,1
flux_00727,test,1,0.35025713,1
flux_00728,test,1,0.9923105,0
flux_00729,test,1,0.35025713,1
flux_00730,test,1,0.9520686,0
flux_00731,test,1,0.31056878,0
flux_00732,test,1,0.62898546,0
flux_00733,test,1,0.19452032,0
flux_00734,test,1,0.35025713,1
flux_00735,test,1,0.35025713,1
flux_00736,test,1,0.35025713,1
flux_00737,test,1,0.35025713,1
flux_00738,test,1,0.20125622,0
flux_00739,test,1,0.102812886,0
flux_00740,test,1,0.0005602735,0
flux_00741,test,1,0.35025713,1
flux_00742,test,1,0.8743556,0
flux_00743,test,1,0.18870237,1
flux_00744,test,1,0.35025713,1
flux_00745,test,1,0.5729161,0
flux_00746,test,1,0.35025713,1
flux_00747,test,1,0.26156038,0
flux_00748,test,1,0.35025713,1
flux_00749,test,1,0.1493402,0
flux_00750,test,1,0.35025713,1
flux_00751,test,1,0.35025713,1
flux_00752,test,1,0.7033237,0
flux_00753,test,1,0.35025713,1
flux_00754,test,1,0.005143367,0
flux_00755,test,1,0.35025713,1
flux_00756,test,1,0.19786859,0
flux_00757,test,1,0.25871387,0
flux_00758,test,1,0.365882,0
flux_00759,test,1,0.089198574,0
flux_00760,test,1,0.047582723,0
flux_00761,test,1,0.122002855,0
flux_00762,test,1,0.35025713,1
flux_00763,test,1,0.8337392,0
flux_00764,test,1,0.8832297,0
flux_00765,test,1,0.35025713,1
flux_00766,test,1,0.8900748,0
flux_00767,test,1,0.012930524,0
flux_00768,test,1,0.34336197,0
flux_00769,test,1,0.8467385,0
flux_00770,test,1,0.35025713,1
flux_00771,test,1,0.8355563,0
flux_00772,test,1,0.18137218,0
flux_00773,test,1,0.12280059,0
flux_00774,test,1,0.2812113,0
flux_00775,test,1,0.35025713,1
flux_00776,test,1,0.006588542,0
flux_00777,test,1,0.99701715,0
flux_00778,test,1,0.35025713,1
flux_00779,test,1,0.35025713,1
flux_00780,test,1,0.35025713,1
flux_00781,test,1,0.56517595,0
flux_00782,test,1,0.35025713,1
flux_00783,test,1,0.35025713,1
flux_00784,test,1,0.27389532,0
flux_00785,test,1,0.24086979,0
flux_00786,test,1,0.03484893,0
flux_00787,test,1,0.35025713,1
flux_00788,test,1,0.35025713,1
flux_00789,test,1,0.3116713,0
flux_00790,test,1,0.35025713,1
flux_00791,test,1,0.2086174,0
flux_00792,test,1,0.3670113,0
flux_00793,test,1,0.20641765,0
flux_00794,test,1,0.076883875,0
flux_00795,test,1,0.21804936,0
flux_00796,test,1,0.06646204,0
flux_00797,test,1,0.35025713,1
flux_00798,test,1,0.2821247,0
flux_00799,test,1,0.8669231,0
flux_00800,test,1,0.35025713,1
flux_00801,test,1,0.9843992,0
flux_00802,test,1,0.99194133,0
flux_00803,test,1,0.35025713,1
flux_00804,test,1,0.14316109,0
flux_00805,test,1,0.35025713,1
flux_00806,test,1,0.15019903,0
flux_00807,test,1,0.35025713,1
flux_00808,test,1,0.9656543,0
flux_00809,test,1,0.11341351,0
flux_00810,test,1,0.034999322,0
flux_00811,test,1,0.35025713,1
flux_00812,test,1,0.44667706,0
flux_00813,test,1,0.8152843,0
flux_00814,test,1,0.35025713,1
flux_00815,test,1,0.95795095,0
flux_00816,test,1,0.42120564,0
flux_00817,test,1,0.35025713,1
flux_00818,test,1,0.1493898,0
flux_00819,test,1,0.82779753,0
flux_00820,test,1,0.15840137,0
flux_00821,test,1,0.9750632,0
flux_00822,test,1,0.35025713,1
flux_00823,test,1,0.35025713,1
flux_00824,test,1,0.937407,0
flux_00825,test,1,0.35025713,1
flux_00826,test,1,0.79882026,0
flux_00827,test,1,0.92318976,0
flux_00828,test,1,0.9050911,0
flux_00829,test,1,0.54861283,0
flux_00830,test,1,0.94663167,0
flux_00831,test,1,0.5176604,0
flux_00832,test,1,0.35025713,1
flux_00833,test,1,0.35025713,1
flux_00834,test,1,0.35025713,1
flux_00835,test,1,0.8203701,0
flux_00836,test,1,0.41701716,0
flux_00837,test,1,0.9961792,0
flux_00838,test,1,0.9996153,0
flux_00839,test,1,0.5288949,0
flux_00840,test,1,0.37583554,0
flux_00841,test,1,0.042677253,0
flux_00842,test,1,0.18498075,0
flux_00843,test,1,0.35025713,1
flux_00844,test,1,0.35025713,1
flux_00845,test,1,0.99323785,0
flux_00846,test,1,0.35025713,1
flux_00847,test,1,0.35025713,1
flux_00848,test,1,0.35025713,1
flux_00849,test,1,0.11018645,0
flux_00850,test,1,0.35025713,1
flux_00851,test,1,0.2904,0
flux_00852,test,1,0.35025713,1
flux_00853,test,1,0.37263224,0
flux_00854,test,1,0.35025713,1
flux_00855,test,1,0.72685814,0
flux_00856,test,1,0.17911908,0
flux_00857,test,1,0.35025713,1
flux_00858,test,1,0.4576497,0
flux_00859,test,1,0.6212641,0
flux_00860,test,1,0.35025713,1
flux_00861,test,1,0.35025713,1
flux_00862,test,1,0.29701975,0
flux_00863,test,1,0.96219516,0
flux_00864,test,1,0.9214021,0
flux_00865,test,1,0.48149467,0
flux_00866,test,1,0.0059706722,0
flux_00867,test,1,0.8154879,0
flux_00868,test,1,0.35025713,1
flux_00869,test,1,0.34533042,0
flux_00870,test,1,0.08383961,0
flux_00871,test,1,0.35025713,1
flux_00872,test,1,0.35025713,1
flux_00873,test,1,0.18014567,0
flux_00874,test,1,0.35025713,1
flux_00875,test,1,0.9514548,0
flux_00876,test,1,0.79207665,0
flux_00877,test,1,0.35025713,1
flux_00878,test,1,0.9667122,0
flux_00879,test,1,0.29295665,0
flux_00880,test,1,0.35025713,1
flux_00881,test,1,0.012906213,0
flux_00882,test,1,0.35025713,1
flux_00883,test,1,0.35025713,1
flux_00884,test,1,0.1473991,0
flux_00885,test,1,0.35025713,1
flux_00886,test,1,0.35025713,1
flux_00887,test,1,0.23397048,0
flux_00888,test,1,0.35025713,1
flux_00889,test,1,0.35025713,1
flux_00890,test,1,0.98874694,0
flux_00891,test,1,0.35025713,1
flux_00892,test,1,0.5962507,0
flux_00893,test,1,0.35025713,1
flux_00894,test,1,0.056060657,0
flux_00895,test,1,0.91314584,0
flux_00896,test,1,0.72572905,0
flux_00897,test,1,0.69737583,0
flux_00898,test,1,0.35025713,1
flux_00899,test,1,0.9935482,0
flux_00900,test,1,0.35025713,1
flux_00901,test,1,0.35025713,1
flux_00902,test,1,0.6846863,0
flux_00903,test,1,0.35649544,0
flux_00904,test,1,0.3118456,0
flux_00905,test,1,0.045522254,0
flux_00906,test,1,0.37172753,0
flux_00907,test,1,0.29872927,0
flux_00908,test,1,0.29091722,0
flux_00909,test,1,0.43201688,1
flux_00910,test,1,0.14515635,0
flux_00911,test,1,0.44395128,0
flux_00912,test,1,0.21949929,0
flux_00913,test,1,0.35025713,1
flux_00914,test,1,0.24324481,0
flux_00915,test,1,0.35025713,1
flux_00916,test,1,0.35025713,1
flux_00917,test,1,0.11585803,0
flux_00918,test,1,0.05620167,0
flux_00919,test,1,0.35025713,1
flux_00920,test,1,0.35025713,1
flux_00921,test,1,0.3642926,0
flux_00922,test,1,0.06667847,0
flux_00923,test,1,0.9804181,0
flux_00924,test,1,0.26402196,0
flux_00925,test,1,0.35025713,1
flux_00926,test,1,0.94865006,0
flux_00927,test,1,0.99984014,0
flux_00928,test,1,0.35025713,1
flux_00929,test,1,0.16417547,0
flux_00930,test,1,0.72571,0
flux_00931,test,1,0.9652016,0
flux_00932,test,1,0.7349552,0
flux_00933,test,1,0.35025713,1
flux_00934,test,1,0.35025713,1
flux_00935,test,1,0.35025713,1
flux_00936,test,1,0.35025713,1
flux_00937,test,1,0.35025713,1
flux_00938,test,1,0.101496264,0
flux_00939,test,1,0.35025713,1
flux_00940,test,1,0.35025713,1
flux_00941,test,1,0.35025713,1
flux_00942,test,1,0.35025713,1
flux_00943,test,1,0.35025713,1
flux_00944,test,1,0.35025713,1
flux_00945,test,1,0.14900587,0
flux_00946,test,1,0.35025713,1
flux_00947,test,1,0.35025713,1
flux_00948,test,1,0.6997308,0
flux_00949,test,1,0.35025713,1
flux_00950,test,1,0.9957209,0
flux_00951,test,1,0.38018373,0
flux_00952,test,1,0.31905705,0
flux_00953,test,1,0.24833848,0
flux_00954,test,1,0.3013805,0
flux_00955,test,1,0.35025713,1
flux_00956,test,1,0.7842965,0
flux_00957,test,1,0.060481984,0
flux_00958,test,1,0.35025713,1
flux_00959,test,1,0.35025713,1
flux_00960,test,1,0.35025713,1
flux_00961,test,1,0.35025713,1
flux_00962,test,1,0.35025713,1
flux_00963,test,1,0.10275577,0
flux_00964,test,1,0.35025713,1
flux_00965,test,1,0.86883354,0
flux_00966,test,1,0.35025713,1
flux_00967,test,1,0.197673,0
flux_00968,test,1,0.6008967,0
flux_00969,test,1,0.35025713,1
flux_00970,test,1,0.9504206,0
flux_00971,test,1,0.18812884,0
flux_00972,test,1,0.66217643,0
flux_00973,test,1,0.9342664,0
flux_00974,test,1,0.35025713,1
flux_00975,test,1,0.010609218,0
flux_00976,test,1,0.90355235,0
flux_00977,test,1,0.17857505,0
flux_00978,test,1,0.35025713,1
flux_00979,test,1,0.35025713,1
flux_00980,test,1,0.9208627,0
flux_00981,test,1,0.73401666,0
flux_00982,test,1,0.8422416,0
flux_00983,test,1,0.35025713,1
flux_00984,test,1,0.72938937,0
flux_00985,test,1,0.114178084,0
flux_00986,test,1,0.067025535,0
flux_00987,test,1,0.062028483,0
flux_00988,test,1,0.07438146,1
flux_00989,test,1,0.79151565,0
flux_00990,test,1,0.9900926,0
flux_00991,test,1,0.2545243,0
flux_00992,test,1,0.35025713,1
flux_00993,test,1,0.35025713,1
flux_00994,test,1,0.92182994,0
flux_00995,test,1,0.13679561,0
flux_00996,test,1,0.35025713,1
flux_00997,test,1,0.35025713,1
flux_00998,test,1,0.06522931,0
flux_00999,test,1,0.20037659,0
gigagan_00000,test,1,0.77077305,0
gigagan_00001,test,1,0.97261363,0
gigagan_00002,test,1,0.35025713,1
gigagan_00003,test,1,0.35025713,1
gigagan_00004,test,1,0.35025713,1
gigagan_00005,test,1,0.009059929,0
gigagan_00006,test,1,0.44951665,0
gigagan_00007,test,1,0.060488515,0
gigagan_00008,test,1,0.24722166,0
gigagan_00009,test,1,0.07648567,0
gigagan_00010,test,1,0.35025713,1
gigagan_00011,test,1,0.35025713,1
gigagan_00012,test,1,0.0027885418,0
gigagan_00013,test,1,0.35025713,1
gigagan_00014,test,1,0.27406836,0
gigagan_00015,test,1,0.9174782,0
gigagan_00016,test,1,0.0030590685,0
gigagan_00017,test,1,0.83625484,0
gigagan_00018,test,1,0.35025713,1
gigagan_00019,test,1,0.15754466,0
gigagan_00020,test,1,0.35025713,1
gigagan_00021,test,1,0.03896723,0
gigagan_00022,test,1,0.5421095,0
gigagan_00023,test,1,0.1269756,0
gigagan_00024,test,1,0.35025713,1
gigagan_00025,test,1,0.35025713,1
gigagan_00026,test,1,0.35025713,1
gigagan_00027,test,1,0.35025713,1
gigagan_00028,test,1,0.010448601,0
gigagan_00029,test,1,0.294944,0
gigagan_00030,test,1,0.35025713,1
gigagan_00031,test,1,0.35025713,1
gigagan_00032,test,1,0.35025713,1
gigagan_00033,test,1,0.35025713,1
gigagan_00034,test,1,0.47592795,0
gigagan_00035,test,1,0.35025713,1
gigagan_00036,test,1,0.35025713,1
gigagan_00037,test,1,0.37339735,0
gigagan_00038,test,1,0.35025713,1
gigagan_00039,test,1,0.35025713,1
gigagan_00040,test,1,0.646637,0
gigagan_00041,test,1,0.94184,0
gigagan_00042,test,1,0.022237988,0
gigagan_00043,test,1,0.00048518035,0
gigagan_00044,test,1,0.35025713,1
gigagan_00045,test,1,0.35025713,1
gigagan_00046,test,1,0.014386521,0
gigagan_00047,test,1,0.047888592,0
gigagan_00048,test,1,0.0003861457,0
gigagan_00049,test,1,0.35025713,1
gigagan_00050,test,1,0.018987589,0
gigagan_00051,test,1,0.35025713,1
gigagan_00052,test,1,0.043642692,0
gigagan_00053,test,1,0.35025713,1
gigagan_00054,test,1,0.35025713,1
gigagan_00055,test,1,0.35025713,1
gigagan_00056,test,1,0.35025713,1
gigagan_00057,test,1,0.1287047,0
gigagan_00058,test,1,0.35025713,1
gigagan_00059,test,1,0.35025713,1
gigagan_00060,test,1,0.40694603,0
gigagan_00061,test,1,0.17503062,0
gigagan_00062,test,1,0.35025713,1
gigagan_00063,test,1,0.35025713,1
gigagan_00064,test,1,0.048250318,0
gigagan_00065,test,1,0.8393424,0
gigagan_00066,test,1,0.22026128,0
gigagan_00067,test,1,0.0464548,0
gigagan_00068,test,1,0.11126781,0
gigagan_00069,test,1,0.35025713,1
gigagan_00070,test,1,0.8695566,0
gigagan_00071,test,1,0.35025713,1
gigagan_00072,test,1,0.9499467,0
gigagan_00073,test,1,0.7920901,0
gigagan_00074,test,1,0.29204443,0
gigagan_00075,test,1,0.35025713,1
gigagan_00076,test,1,0.35025713,1
gigagan_00077,test,1,0.35025713,1
gigagan_00078,test,1,0.09852231,0
gigagan_00079,test,1,0.97153765,0
gigagan_00080,test,1,0.35025713,1
gigagan_00081,test,1,0.14810838,0
gigagan_00082,test,1,0.35025713,1
gigagan_00083,test,1,0.3327999,0
gigagan_00084,test,1,0.025209326,0
gigagan_00085,test,1,0.12173875,0
gigagan_00086,test,1,0.35025713,1
gigagan_00087,test,1,0.0048182304,0
gigagan_00088,test,1,0.22441855,0
gigagan_00089,test,1,0.12992556,0
gigagan_00090,test,1,0.47098902,0
gigagan_00091,test,1,0.27998683,0
gigagan_00092,test,1,0.093642525,0
gigagan_00093,test,1,0.35025713,1
gigagan_00094,test,1,0.595474,0
gigagan_00095,test,1,0.35025713,1
gigagan_00096,test,1,0.35025713,1
gigagan_00097,test,1,0.0011424647,0
gigagan_00098,test,1,0.92179996,0
gigagan_00099,test,1,0.24812359,0
gigagan_00100,test,1,0.35025713,1
gigagan_00101,test,1,0.011583312,0
gigagan_00102,test,1,0.025200248,0
gigagan_00103,test,1,0.309585,0
gigagan_00104,test,1,0.0013219757,0
gigagan_00105,test,1,0.9941117,0
gigagan_00106,test,1,0.86426127,0
gigagan_00107,test,1,0.056325886,0
gigagan_00108,test,1,0.5748364,0
gigagan_00109,test,1,0.0059174774,0
gigagan_00110,test,1,0.35025713,1
gigagan_00111,test,1,0.26697606,1
gigagan_00112,test,1,0.7681089,0
gigagan_00113,test,1,0.35025713,1
gigagan_00114,test,1,0.80875397,0
gigagan_00115,test,1,0.35025713,1
gigagan_00116,test,1,0.8122643,0
gigagan_00117,test,1,0.35025713,1
gigagan_00118,test,1,0.33240828,0
gigagan_00119,test,1,0.91442657,0
gigagan_00120,test,1,0.06736791,0
gigagan_00121,test,1,0.35025713,1
gigagan_00122,test,1,0.055129662,0
gigagan_00123,test,1,0.35025713,1
gigagan_00124,test,1,0.063150905,0
gigagan_00125,test,1,0.35025713,1
gigagan_00126,test,1,0.6658174,0
gigagan_00127,test,1,0.35025713,1
gigagan_00128,test,1,0.9385534,0
gigagan_00129,test,1,0.35025713,1
gigagan_00130,test,1,0.6729464,0
gigagan_00131,test,1,0.35025713,1
gigagan_00132,test,1,0.01428137,0
gigagan_00133,test,1,0.23813502,0
gigagan_00134,test,1,0.8010871,0
gigagan_00135,test,1,0.35025713,1
gigagan_00136,test,1,0.35025713,1
gigagan_00137,test,1,0.4720117,0
gigagan_00138,test,1,0.35025713,1
gigagan_00139,test,1,0.20582151,0
gigagan_00140,test,1,0.0030256135,0
gigagan_00141,test,1,0.35025713,1
gigagan_00142,test,1,0.35025713,1
gigagan_00143,test,1,0.01123694,0
gigagan_00144,test,1,0.35025713,1
gigagan_00145,test,1,0.35025713,1
gigagan_00146,test,1,0.35025713,1
gigagan_00147,test,1,0.35025713,1
gigagan_00148,test,1,0.017655145,0
gigagan_00149,test,1,0.35025713,1
gigagan_00150,test,1,0.35025713,1
gigagan_00151,test,1,0.48069265,0
gigagan_00152,test,1,0.35025713,1
gigagan_00153,test,1,0.35025713,1
gigagan_00154,test,1,0.9274823,0
gigagan_00155,test,1,0.35025713,1
gigagan_00156,test,1,0.35025713,1
gigagan_00157,test,1,0.35025713,1
gigagan_00158,test,1,0.094764896,0
gigagan_00159,test,1,0.078115456,0
gigagan_00160,test,1,0.095424645,0
gigagan_00161,test,1,0.35025713,1
gigagan_00162,test,1,0.05553551,0
gigagan_00163,test,1,0.35025713,1
gigagan_00164,test,1,0.3300223,0
gigagan_00165,test,1,0.3795135,0
gigagan_00166,test,1,0.4734041,0
gigagan_00167,test,1,0.22624695,0
gigagan_00168,test,1,0.35025713,1
gigagan_00169,test,1,6.844337e-06,0
gigagan_00170,test,1,0.35025713,1
gigagan_00171,test,1,0.12882182,0
gigagan_00172,test,1,0.104566336,0
gigagan_00173,test,1,0.044435844,0
gigagan_00174,test,1,0.2022543,0
gigagan_00175,test,1,0.35025713,1
gigagan_00176,test,1,0.007923385,0
gigagan_00177,test,1,0.20512669,0
gigagan_00178,test,1,0.011553868,0
gigagan_00179,test,1,0.09183238,0
gigagan_00180,test,1,0.35025713,1
gigagan_00181,test,1,0.35025713,1
gigagan_00182,test,1,0.35025713,1
gigagan_00183,test,1,0.3276922,0
gigagan_00184,test,1,0.35025713,1
gigagan_00185,test,1,0.35025713,1
gigagan_00186,test,1,0.24167123,0
gigagan_00187,test,1,0.35025713,1
gigagan_00188,test,1,0.35025713,1
gigagan_00189,test,1,0.36423373,0
gigagan_00190,test,1,0.9205617,0
gigagan_00191,test,1,0.26546568,0
gigagan_00192,test,1,0.35025713,1
gigagan_00193,test,1,0.79912996,0
gigagan_00194,test,1,0.71164054,0
gigagan_00195,test,1,0.35025713,1
gigagan_00196,test,1,0.554638,0
gigagan_00197,test,1,0.28787467,0
gigagan_00198,test,1,0.35025713,1
gigagan_00199,test,1,0.24980675,0
gigagan_00200,test,1,0.3097609,0
gigagan_00201,test,1,0.009629045,0
gigagan_00202,test,1,0.20553151,1
gigagan_00203,test,1,0.20121428,0
gigagan_00204,test,1,0.0048240866,0
gigagan_00205,test,1,0.35025713,1
gigagan_00206,test,1,0.17731212,0
gigagan_00207,test,1,0.54206413,0
gigagan_00208,test,1,0.10044083,0
gigagan_00209,test,1,0.43995267,0
gigagan_00210,test,1,0.78510326,0
gigagan_00211,test,1,0.8323002,0
gigagan_00212,test,1,0.35025713,1
gigagan_00213,test,1,0.35025713,1
gigagan_00214,test,1,0.0052003097,0
gigagan_00215,test,1,0.35025713,1
gigagan_00216,test,1,0.14040633,0
gigagan_00217,test,1,0.14568695,0
gigagan_00218,test,1,0.0007050003,0
gigagan_00219,test,1,0.35025713,1
gigagan_00220,test,1,0.06761033,0
gigagan_00221,test,1,0.092616625,0
gigagan_00222,test,1,0.49506167,0
gigagan_00223,test,1,0.34520534,0
gigagan_00224,test,1,0.35025713,1
gigagan_00225,test,1,0.35025713,1
gigagan_00226,test,1,0.36886424,0
gigagan_00227,test,1,0.35025713,1
gigagan_00228,test,1,0.34469098,0
gigagan_00229,test,1,0.14169532,0
gigagan_00230,test,1,0.5247268,0
gigagan_00231,test,1,0.866293,0
gigagan_00232,test,1,0.018106239,0
gigagan_00233,test,1,0.44004062,0
gigagan_00234,test,1,0.7534639,0
gigagan_00235,test,1,0.35025713,1
gigagan_00236,test,1,0.35025713,1
gigagan_00237,test,1,0.35025713,1
gigagan_00238,test,1,0.35025713,1
gigagan_00239,test,1,0.35025713,1
gigagan_00240,test,1,0.9347979,0
gigagan_00241,test,1,0.80705476,0
gigagan_00242,test,1,0.35025713,1
gigagan_00243,test,1,0.35025713,1
gigagan_00244,test,1,0.34625977,0
gigagan_00245,test,1,0.5394869,0
gigagan_00246,test,1,0.35025713,1
gigagan_00247,test,1,0.048575956,0
gigagan_00248,test,1,0.9586642,0
gigagan_00249,test,1,0.35025713,1
gigagan_00250,test,1,0.35025713,1
gigagan_00251,test,1,0.35025713,1
gigagan_00252,test,1,0.016222266,0
gigagan_00253,test,1,0.35025713,1
gigagan_00254,test,1,0.004255977,0
gigagan_00255,test,1,0.35025713,1
gigagan_00256,test,1,0.35025713,1
gigagan_00257,test,1,0.35025713,1
gigagan_00258,test,1,0.03177301,0
gigagan_00259,test,1,0.35025713,1
gigagan_00260,test,1,0.12269418,0
gigagan_00261,test,1,0.16274388,0
gigagan_00262,test,1,0.08760384,1
gigagan_00263,test,1,0.44812882,0
gigagan_00264,test,1,0.35025713,1
gigagan_00265,test,1,0.02706892,0
gigagan_00266,test,1,0.16128607,0
gigagan_00267,test,1,0.35025713,1
gigagan_00268,test,1,0.1803658,0
gigagan_00269,test,1,0.092679255,0
gigagan_00270,test,1,0.35025713,1
gigagan_00271,test,1,0.35025713,1
gigagan_00272,test,1,0.35025713,1
gigagan_00273,test,1,0.4306855,0
gigagan_00274,test,1,0.015715837,0
gigagan_00275,test,1,0.17649196,0
gigagan_00276,test,1,0.9176048,0
gigagan_00277,test,1,0.1686877,0
gigagan_00278,test,1,0.07455939,0
gigagan_00279,test,1,0.35025713,1
gigagan_00280,test,1,0.011224338,0
gigagan_00281,test,1,0.16116937,0
gigagan_00282,test,1,0.35025713,1
gigagan_00283,test,1,0.35025713,1
gigagan_00284,test,1,0.009025916,0
gigagan_00285,test,1,0.5568128,0
gigagan_00286,test,1,0.35025713,1
gigagan_00287,test,1,0.9557549,0
gigagan_00288,test,1,0.28409824,0
gigagan_00289,test,1,0.35025713,1
gigagan_00290,test,1,0.027121393,0
gigagan_00291,test,1,0.3405266,0
gigagan_00292,test,1,0.35025713,1
gigagan_00293,test,1,0.11677073,0
gigagan_00294,test,1,0.93921393,0
gigagan_00295,test,1,0.30438495,0
gigagan_00296,test,1,0.4223342,0
gigagan_00297,test,1,0.9926488,0
gigagan_00298,test,1,0.22429685,0
gigagan_00299,test,1,0.048275683,0
gigagan_00300,test,1,0.35025713,1
gigagan_00301,test,1,0.35025713,1
gigagan_00302,test,1,0.14787947,0
gigagan_00303,test,1,0.35025713,1
gigagan_00304,test,1,0.35025713,1
gigagan_00305,test,1,0.051776454,0
gigagan_00306,test,1,0.35025713,1
gigagan_00307,test,1,0.23371565,0
gigagan_00308,test,1,0.35025713,1
gigagan_00309,test,1,0.013426738,0
gigagan_00310,test,1,0.35043582,0
gigagan_00311,test,1,0.35025713,1
gigagan_00312,test,1,0.35025713,1
gigagan_00313,test,1,0.35025713,1
gigagan_00314,test,1,0.35025713,1
gigagan_00315,test,1,0.93362474,0
gigagan_00316,test,1,0.00012263154,0
gigagan_00317,test,1,0.0037775824,0
gigagan_00318,test,1,0.35025713,1
gigagan_00319,test,1,0.0058601247,0
gigagan_00320,test,1,0.012376242,0
gigagan_00321,test,1,0.35821608,0
gigagan_00322,test,1,0.27697125,0
gigagan_00323,test,1,0.35025713,1
gigagan_00324,test,1,0.10263595,0
gigagan_00325,test,1,0.039273087,0
gigagan_00326,test,1,0.35025713,1
gigagan_00327,test,1,0.35025713,1
gigagan_00328,test,1,0.046092357,0
gigagan_00329,test,1,0.47444615,0
gigagan_00330,test,1,0.35025713,1
gigagan_00331,test,1,0.04608625,0
gigagan_00332,test,1,0.35025713,1
gigagan_00333,test,1,0.07147025,0
gigagan_00334,test,1,0.35025713,1
gigagan_00335,test,1,0.20830242,0
gigagan_00336,test,1,0.35025713,1
gigagan_00337,test,1,0.35025713,1
gigagan_00338,test,1,0.35025713,1
gigagan_00339,test,1,0.35025713,1
gigagan_00340,test,1,0.35025713,1
gigagan_00341,test,1,0.0058548986,0
gigagan_00342,test,1,0.07362199,0
gigagan_00343,test,1,0.68876207,0
gigagan_00344,test,1,0.00023380476,0
gigagan_00345,test,1,0.8744856,0
gigagan_00346,test,1,0.10283691,0
gigagan_00347,test,1,0.034759987,0
gigagan_00348,test,1,0.35025713,1
gigagan_00349,test,1,0.35025713,1
gigagan_00350,test,1,0.015182174,0
gigagan_00351,test,1,0.12072742,0
gigagan_00352,test,1,0.0035669736,0
gigagan_00353,test,1,0.35025713,1
gigagan_00354,test,1,0.15534073,0
gigagan_00355,test,1,0.103978924,0
gigagan_00356,test,1,0.02392713,0
gigagan_00357,test,1,0.7137755,0
gigagan_00358,test,1,0.008813408,0
gigagan_00359,test,1,0.36418,0
gigagan_00360,test,1,0.25920165,0
gigagan_00361,test,1,0.15306203,0
gigagan_00362,test,1,0.35025713,1
gigagan_00363,test,1,0.35025713,1
gigagan_00364,test,1,0.5084955,0
gigagan_00365,test,1,0.35025713,1
gigagan_00366,test,1,0.35025713,1
gigagan_00367,test,1,0.35025713,1
gigagan_00368,test,1,0.35025713,1
gigagan_00369,test,1,0.19078733,0
gigagan_00370,test,1,0.35025713,1
gigagan_00371,test,1,0.17233832,0
gigagan_00372,test,1,0.35025713,1
gigagan_00373,test,1,0.35025713,1
gigagan_00374,test,1,0.35025713,1
gigagan_00375,test,1,0.025285874,0
gigagan_00376,test,1,0.95095897,0
gigagan_00377,test,1,0.35025713,1
gigagan_00378,test,1,0.35025713,1
gigagan_00379,test,1,0.35025713,1
gigagan_00380,test,1,0.35025713,1
gigagan_00381,test,1,0.0027564936,0
gigagan_00382,test,1,0.112294875,0
gigagan_00383,test,1,0.17387396,0
gigagan_00384,test,1,0.0594861,0
gigagan_00385,test,1,0.33495402,0
gigagan_00386,test,1,0.35025713,1
gigagan_00387,test,1,0.35025713,1
gigagan_00388,test,1,0.35025713,1
gigagan_00389,test,1,0.06890299,0
gigagan_00390,test,1,0.8912158,0
gigagan_00391,test,1,0.08286359,0
gigagan_00392,test,1,0.90744513,0
gigagan_00393,test,1,0.01667567,0
gigagan_00394,test,1,0.35025713,1
gigagan_00395,test,1,0.35025713,1
gigagan_00396,test,1,0.12240134,0
gigagan_00397,test,1,0.5306472,0
gigagan_00398,test,1,0.24269144,0
gigagan_00399,test,1,0.14213468,0
gigagan_00400,test,1,0.01893636,1
gigagan_00401,test,1,0.13381957,0
gigagan_00402,test,1,0.0040253354,0
gigagan_00403,test,1,0.35025713,1
gigagan_00404,test,1,0.35025713,1
gigagan_00405,test,1,0.18513486,0
gigagan_00406,test,1,0.0014713095,0
gigagan_00407,test,1,0.010756249,0
gigagan_00408,test,1,0.35025713,1
gigagan_00409,test,1,0.35025713,1
gigagan_00410,test,1,0.6493884,0
gigagan_00411,test,1,0.17829655,0
gigagan_00412,test,1,0.35025713,1
gigagan_00413,test,1,0.8959848,0
gigagan_00414,test,1,0.14285482,0
gigagan_00415,test,1,0.12529172,0
gigagan_00416,test,1,0.35025713,1
gigagan_00417,test,1,0.35025713,1
gigagan_00418,test,1,0.36825174,0
gigagan_00419,test,1,0.952551,0
gigagan_00420,test,1,0.35025713,1
gigagan_00421,test,1,0.35025713,1
gigagan_00422,test,1,0.35025713,1
gigagan_00423,test,1,0.004885902,0
gigagan_00424,test,1,0.14293745,0
gigagan_00425,test,1,0.35025713,1
gigagan_00426,test,1,0.35025713,1
gigagan_00427,test,1,0.35025713,1
gigagan_00428,test,1,0.39810103,0
gigagan_00429,test,1,0.71806115,0
gigagan_00430,test,1,0.35025713,1
gigagan_00431,test,1,0.17147484,0
gigagan_00432,test,1,0.10190824,0
gigagan_00433,test,1,0.080396876,0
gigagan_00434,test,1,0.35025713,1
gigagan_00435,test,1,0.35025713,1
gigagan_00436,test,1,0.35025713,1
gigagan_00437,test,1,0.016668651,0
gigagan_00438,test,1,0.68244946,0
gigagan_00439,test,1,0.9836595,0
gigagan_00440,test,1,0.35025713,1
gigagan_00441,test,1,0.35025713,1
gigagan_00442,test,1,0.007185857,0
gigagan_00443,test,1,0.11444861,0
gigagan_00444,test,1,0.8819191,0
gigagan_00445,test,1,0.0012901238,0
gigagan_00446,test,1,0.35025713,1
gigagan_00447,test,1,0.24684313,0
gigagan_00448,test,1,0.35025713,1
gigagan_00449,test,1,0.35025713,1
gigagan_00450,test,1,0.35025713,1
gigagan_00451,test,1,0.35025713,1
gigagan_00452,test,1,0.005788673,0
gigagan_00453,test,1,0.00090065174,0
gigagan_00454,test,1,0.35025713,1
gigagan_00455,test,1,0.11136363,0
gigagan_00456,test,1,0.35025713,1
gigagan_00457,test,1,0.35025713,1
gigagan_00458,test,1,0.35025713,1
gigagan_00459,test,1,0.009177828,0
gigagan_00460,test,1,0.35025713,1
gigagan_00461,test,1,0.35025713,1
gigagan_00462,test,1,0.5353822,0
gigagan_00463,test,1,0.61781555,0
gigagan_00464,test,1,0.35025713,1
gigagan_00465,test,1,0.35025713,1
gigagan_00466,test,1,0.024807248,0
gigagan_00467,test,1,0.008156757,0
gigagan_00468,test,1,0.35025713,1
gigagan_00469,test,1,0.2977879,0
gigagan_00470,test,1,0.35025713,1
gigagan_00471,test,1,0.5662117,0
gigagan_00472,test,1,0.35025713,1
gigagan_00473,test,1,0.73878,0
gigagan_00474,test,1,0.35025713,1
gigagan_00475,test,1,0.4550334,0
gigagan_00476,test,1,0.5415047,0
gigagan_00477,test,1,0.83728236,0
gigagan_00478,test,1,0.82372427,0
gigagan_00479,test,1,0.35025713,1
gigagan_00480,test,1,0.35025713,1
gigagan_00481,test,1,0.29779845,0
gigagan_00482,test,1,0.35025713,1
gigagan_00483,test,1,0.35025713,1
gigagan_00484,test,1,0.35025713,1
gigagan_00485,test,1,0.35025713,1
gigagan_00486,test,1,0.001367807,0
gigagan_00487,test,1,0.35025713,1
gigagan_00488,test,1,0.00247371,0
gigagan_00489,test,1,0.35025713,1
gigagan_00490,test,1,0.70745987,0
gigagan_00491,test,1,0.025570154,0
gigagan_00492,test,1,0.08835616,0
gigagan_00493,test,1,0.7601296,0
gigagan_00494,test,1,0.35025713,1
gigagan_00495,test,1,0.09516191,0
gigagan_00496,test,1,0.35025713,1
gigagan_00497,test,1,0.38221207,0
gigagan_00498,test,1,0.12338026,0
gigagan_00499,test,1,0.35025713,1
gigagan_00500,test,1,0.022137502,0
gigagan_00501,test,1,0.15827045,0
gigagan_00502,test,1,0.35025713,1
gigagan_00503,test,1,0.6811882,0
gigagan_00504,test,1,0.35025713,1
gigagan_00505,test,1,0.011032758,0
gigagan_00506,test,1,0.6088011,0
gigagan_00507,test,1,0.5936088,0
gigagan_00508,test,1,0.38111034,0
gigagan_00509,test,1,0.11381543,0
gigagan_00510,test,1,0.35025713,1
gigagan_00511,test,1,0.8843888,0
gigagan_00512,test,1,0.35025713,1
gigagan_00513,test,1,0.35025713,1
gigagan_00514,test,1,0.021535736,0
gigagan_00515,test,1,0.062914394,0
gigagan_00516,test,1,0.38019672,0
gigagan_00517,test,1,0.18188637,0
gigagan_00518,test,1,0.14990792,0
gigagan_00519,test,1,0.35025713,1
gigagan_00520,test,1,0.35025713,1
gigagan_00521,test,1,0.57869875,0
gigagan_00522,test,1,0.8572588,0
gigagan_00523,test,1,0.2952102,0
gigagan_00524,test,1,0.22415584,0
gigagan_00525,test,1,0.44426036,0
gigagan_00526,test,1,0.35025713,1
gigagan_00527,test,1,0.009741375,0
gigagan_00528,test,1,0.58875346,0
gigagan_00529,test,1,0.35025713,1
gigagan_00530,test,1,0.9499748,0
gigagan_00531,test,1,0.35025713,1
gigagan_00532,test,1,0.026545744,0
gigagan_00533,test,1,0.35025713,1
gigagan_00534,test,1,0.35025713,1
gigagan_00535,test,1,0.35025713,1
gigagan_00536,test,1,0.06447091,0
gigagan_00537,test,1,0.00584109,0
gigagan_00538,test,1,0.58632064,0
gigagan_00539,test,1,0.03241387,0
gigagan_00540,test,1,0.35025713,1
gigagan_00541,test,1,0.69266534,0
gigagan_00542,test,1,0.46424264,0
gigagan_00543,test,1,0.35025713,1
gigagan_00544,test,1,0.0236969,0
gigagan_00545,test,1,0.35025713,1
gigagan_00546,test,1,0.039429802,0
gigagan_00547,test,1,0.49877128,0
gigagan_00548,test,1,0.35025713,1
gigagan_00549,test,1,0.35025713,1
gigagan_00550,test,1,0.35025713,1
gigagan_00551,test,1,0.00024148295,0
gigagan_00552,test,1,0.35025713,1
gigagan_00553,test,1,0.35025713,1
gigagan_00554,test,1,0.35025713,1
gigagan_00555,test,1,0.09784853,0
gigagan_00556,test,1,0.4162058,0
gigagan_00557,test,1,0.7372849,0
gigagan_00558,test,1,0.054613307,0
gigagan_00559,test,1,0.35025713,1
gigagan_00560,test,1,0.8828349,0
gigagan_00561,test,1,0.35025713,1
gigagan_00562,test,1,0.0032807693,0
gigagan_00563,test,1,0.35025713,1
gigagan_00564,test,1,0.80558455,0
gigagan_00565,test,1,0.35025713,1
gigagan_00566,test,1,0.8965164,0
gigagan_00567,test,1,0.02961882,0
gigagan_00568,test,1,0.01754539,0
gigagan_00569,test,1,0.35025713,1
gigagan_00570,test,1,0.35025713,1
gigagan_00571,test,1,0.35025713,1
gigagan_00572,test,1,0.2913825,0
gigagan_00573,test,1,0.35025713,1
gigagan_00574,test,1,0.28927565,0
gigagan_00575,test,1,0.0992112,0
gigagan_00576,test,1,0.35025713,1
gigagan_00577,test,1,0.41911295,0
gigagan_00578,test,1,0.38996765,0
gigagan_00579,test,1,0.37568006,0
gigagan_00580,test,1,0.35025713,1
gigagan_00581,test,1,0.35025713,1
gigagan_00582,test,1,0.8459365,0
gigagan_00583,test,1,0.0037135633,0
gigagan_00584,test,1,0.35025713,1
gigagan_00585,test,1,0.13120143,0
gigagan_00586,test,1,0.04222688,0
gigagan_00587,test,1,0.8717406,0
gigagan_00588,test,1,0.35025713,1
gigagan_00589,test,1,0.35025713,1
gigagan_00590,test,1,0.93594223,0
gigagan_00591,test,1,0.18260708,0
gigagan_00592,test,1,0.35025713,1
gigagan_00593,test,1,0.35025713,1
gigagan_00594,test,1,0.6253462,0
gigagan_00595,test,1,0.57217926,0
gigagan_00596,test,1,0.04948062,0
gigagan_00597,test,1,0.35025713,1
gigagan_00598,test,1,0.10641417,0
gigagan_00599,test,1,0.05435107,0
gigagan_00600,test,1,0.043945,0
gigagan_00601,test,1,0.35025713,1
gigagan_00602,test,1,0.026502848,0
gigagan_00603,test,1,0.26989755,0
gigagan_00604,test,1,0.3575482,0
gigagan_00605,test,1,0.76097655,0
gigagan_00606,test,1,0.30194464,0
gigagan_00607,test,1,0.35025713,1
gigagan_00608,test,1,0.13419124,0
gigagan_00609,test,1,0.35025713,1
gigagan_00610,test,1,0.35025713,1
gigagan_00611,test,1,0.023635989,0
gigagan_00612,test,1,0.22910818,0
gigagan_00613,test,1,0.54982907,0
gigagan_00614,test,1,0.049816944,0
gigagan_00615,test,1,0.35025713,1
gigagan_00616,test,1,0.35025713,1
gigagan_00617,test,1,0.35025713,1
gigagan_00618,test,1,0.007896645,0
gigagan_00619,test,1,0.35025713,1
gigagan_00620,test,1,0.35025713,1
gigagan_00621,test,1,0.35025713,1
gigagan_00622,test,1,0.35025713,1
gigagan_00623,test,1,0.35025713,1
gigagan_00624,test,1,0.05341129,0
gigagan_00625,test,1,0.04179639,0
gigagan_00626,test,1,0.051599666,0
gigagan_00627,test,1,0.27249634,0
gigagan_00628,test,1,0.24607916,0
gigagan_00629,test,1,0.012448276,0
gigagan_00630,test,1,0.35025713,1
gigagan_00631,test,1,0.256349,0
gigagan_00632,test,1,0.6704728,0
gigagan_00633,test,1,0.5877492,0
gigagan_00634,test,1,0.35025713,1
gigagan_00635,test,1,0.35025713,1
gigagan_00636,test,1,0.49156886,0
gigagan_00637,test,1,0.35025713,1
gigagan_00638,test,1,0.09949286,0
gigagan_00639,test,1,0.5522798,0
gigagan_00640,test,1,0.13180678,0
gigagan_00641,test,1,0.0044646487,0
gigagan_00642,test,1,0.41052112,0
gigagan_00643,test,1,0.44897494,0
gigagan_00644,test,1,0.11006092,0
gigagan_00645,test,1,0.112769924,0
gigagan_00646,test,1,0.35025713,1
gigagan_00647,test,1,0.27143347,0
gigagan_00648,test,1,0.26997796,0
gigagan_00649,test,1,0.2174431,0
gigagan_00650,test,1,0.35025713,1
gigagan_00651,test,1,0.35025713,1
gigagan_00652,test,1,0.031182863,0
gigagan_00653,test,1,0.74443054,0
gigagan_00654,test,1,0.3480525,0
gigagan_00655,test,1,0.35025713,1
gigagan_00656,test,1,0.35025713,1
gigagan_00657,test,1,0.063385755,0
gigagan_00658,test,1,0.9521105,0
gigagan_00659,test,1,0.6164117,0
gigagan_00660,test,1,0.24081318,0
gigagan_00661,test,1,0.7471565,0
gigagan_00662,test,1,0.87412256,0
gigagan_00663,test,1,0.35025713,1
gigagan_00664,test,1,0.35025713,1
gigagan_00665,test,1,0.35025713,1
gigagan_00666,test,1,0.35025713,1
gigagan_00667,test,1,0.0013972824,0
gigagan_00668,test,1,0.35025713,1
gigagan_00669,test,1,0.2992628,0
gigagan_00670,test,1,0.35025713,1
gigagan_00671,test,1,0.35025713,1
gigagan_00672,test,1,0.35025713,1
gigagan_00673,test,1,0.35025713,1
gigagan_00674,test,1,0.0041232537,0
gigagan_00675,test,1,0.35025713,1
gigagan_00676,test,1,0.035591405,0
gigagan_00677,test,1,0.09952854,0
gigagan_00678,test,1,0.015196412,0
gigagan_00679,test,1,0.030776316,0
gigagan_00680,test,1,0.0003640354,0
gigagan_00681,test,1,0.8100676,0
gigagan_00682,test,1,0.017894814,0
gigagan_00683,test,1,0.90851885,0
gigagan_00684,test,1,0.35025713,1
gigagan_00685,test,1,0.35025713,1
gigagan_00686,test,1,0.05415276,0
gigagan_00687,test,1,0.35025713,1
gigagan_00688,test,1,0.35025713,1
gigagan_00689,test,1,0.35025713,1
gigagan_00690,test,1,0.35025713,1
gigagan_00691,test,1,0.9913564,0
gigagan_00692,test,1,0.35025713,1
gigagan_00693,test,1,0.1033838,0
gigagan_00694,test,1,0.35025713,1
gigagan_00695,test,1,0.05300335,0
gigagan_00696,test,1,0.35025713,1
gigagan_00697,test,1,0.35025713,1
gigagan_00698,test,1,0.35025713,1
gigagan_00699,test,1,0.21025272,0
gigagan_00700,test,1,0.8996816,0
gigagan_00701,test,1,0.35025713,1
gigagan_00702,test,1,0.35025713,1
gigagan_00703,test,1,0.020537807,0
gigagan_00704,test,1,0.57262594,0
gigagan_00705,test,1,0.35025713,1
gigagan_00706,test,1,0.35025713,1
gigagan_00707,test,1,0.2141822,0
gigagan_00708,test,1,0.35025713,1
gigagan_00709,test,1,0.35025713,1
gigagan_00710,test,1,0.35025713,1
gigagan_00711,test,1,0.35025713,1
gigagan_00712,test,1,0.009526606,0
gigagan_00713,test,1,0.35025713,1
gigagan_00714,test,1,0.084809765,0
gigagan_00715,test,1,0.20555744,0
gigagan_00716,test,1,0.71011466,0
gigagan_00717,test,1,0.35025713,1
gigagan_00718,test,1,0.052174218,0
gigagan_00719,test,1,0.57116693,0
gigagan_00720,test,1,0.35025713,1
gigagan_00721,test,1,0.5308316,0
gigagan_00722,test,1,0.9631666,0
gigagan_00723,test,1,0.0064099925,0
gigagan_00724,test,1,0.8826227,0
gigagan_00725,test,1,0.35025713,1
gigagan_00726,test,1,0.35025713,1
gigagan_00727,test,1,0.0013039482,0
gigagan_00728,test,1,0.011997694,0
gigagan_00729,test,1,0.21468006,0
gigagan_00730,test,1,0.35025713,1
gigagan_00731,test,1,0.44705653,0
gigagan_00732,test,1,0.45168182,0
gigagan_00733,test,1,0.35025713,1
gigagan_00734,test,1,0.35025713,1
gigagan_00735,test,1,0.30327982,0
gigagan_00736,test,1,0.35025713,1
gigagan_00737,test,1,0.35025713,1
gigagan_00738,test,1,0.35025713,1
gigagan_00739,test,1,0.04727664,0
gigagan_00740,test,1,0.35025713,1
gigagan_00741,test,1,0.35025713,1
gigagan_00742,test,1,0.35025713,1
gigagan_00743,test,1,0.7404041,0
gigagan_00744,test,1,0.39002553,0
gigagan_00745,test,1,0.35025713,1
gigagan_00746,test,1,0.35025713,1
gigagan_00747,test,1,0.35025713,1
gigagan_00748,test,1,0.35025713,1
gigagan_00749,test,1,0.35025713,1
gigagan_00750,test,1,0.35025713,1
gigagan_00751,test,1,0.26476437,0
gigagan_00752,test,1,0.35025713,1
gigagan_00753,test,1,0.025673678,0
gigagan_00754,test,1,0.40276578,0
gigagan_00755,test,1,0.495082,0
gigagan_00756,test,1,0.2216473,0
gigagan_00757,test,1,0.008483605,0
gigagan_00758,test,1,0.08870474,0
gigagan_00759,test,1,0.35025713,1
gigagan_00760,test,1,0.35025713,1
gigagan_00761,test,1,0.7194375,0
gigagan_00762,test,1,0.35025713,1
gigagan_00763,test,1,0.6061587,0
gigagan_00764,test,1,0.35025713,1
gigagan_00765,test,1,0.9856036,0
gigagan_00766,test,1,0.35025713,1
gigagan_00767,test,1,0.4136022,0
gigagan_00768,test,1,0.1982289,0
gigagan_00769,test,1,0.35025713,1
gigagan_00770,test,1,0.04466774,0
gigagan_00771,test,1,0.7832951,0
gigagan_00772,test,1,0.35025713,1
gigagan_00773,test,1,0.29114893,0
gigagan_00774,test,1,0.012250111,0
gigagan_00775,test,1,0.35025713,1
gigagan_00776,test,1,0.35025713,1
gigagan_00777,test,1,0.35025713,1
gigagan_00778,test,1,0.35025713,1
gigagan_00779,test,1,0.35699356,0
gigagan_00780,test,1,0.35025713,1
gigagan_00781,test,1,0.00699534,0
gigagan_00782,test,1,0.35025713,1
gigagan_00783,test,1,0.51893455,0
gigagan_00784,test,1,0.80840033,0
gigagan_00785,test,1,0.9687659,0
gigagan_00786,test,1,0.23818131,0
gigagan_00787,test,1,0.30549446,0
gigagan_00788,test,1,0.35025713,1
gigagan_00789,test,1,0.40742487,0
gigagan_00790,test,1,0.35025713,1
gigagan_00791,test,1,0.00017446696,0
gigagan_00792,test,1,0.35025713,1
gigagan_00793,test,1,0.35025713,1
gigagan_00794,test,1,0.35025713,1
gigagan_00795,test,1,0.21511391,0
gigagan_00796,test,1,0.35025713,1
gigagan_00797,test,1,0.35025713,1
gigagan_00798,test,1,0.23586062,0
gigagan_00799,test,1,0.012663036,0
gigagan_00800,test,1,0.095046714,0
gigagan_00801,test,1,0.35025713,1
gigagan_00802,test,1,0.60883987,0
gigagan_00803,test,1,0.50575787,0
gigagan_00804,test,1,0.64977455,0
gigagan_00805,test,1,0.35025713,1
gigagan_00806,test,1,0.35025713,1
gigagan_00807,test,1,0.35025713,1
gigagan_00808,test,1,0.68175954,0
gigagan_00809,test,1,0.6904599,0
gigagan_00810,test,1,0.35025713,1
gigagan_00811,test,1,0.41720358,0
gigagan_00812,test,1,0.35025713,1
gigagan_00813,test,1,0.03963887,0
gigagan_00814,test,1,0.050027825,0
gigagan_00815,test,1,0.027207037,0
gigagan_00816,test,1,0.35025713,1
gigagan_00817,test,1,0.004537889,0
gigagan_00818,test,1,0.5758712,0
gigagan_00819,test,1,0.088987805,0
gigagan_00820,test,1,0.35025713,1
gigagan_00821,test,1,0.6831891,0
gigagan_00822,test,1,0.044698585,0
gigagan_00823,test,1,0.35025713,1
gigagan_00824,test,1,0.057697535,0
gigagan_00825,test,1,0.6429817,0
gigagan_00826,test,1,0.35025713,1
gigagan_00827,test,1,0.35025713,1
gigagan_00828,test,1,0.78607255,0
gigagan_00829,test,1,0.3236642,0
gigagan_00830,test,1,0.35025713,1
gigagan_00831,test,1,0.35025713,1
gigagan_00832,test,1,0.28974453,0
gigagan_00833,test,1,0.35025713,1
gigagan_00834,test,1,0.01587488,0
gigagan_00835,test,1,0.028225616,0
gigagan_00836,test,1,0.36924237,0
gigagan_00837,test,1,0.1452564,0
gigagan_00838,test,1,0.9574438,0
gigagan_00839,test,1,0.35025713,1
gigagan_00840,test,1,0.064863764,0
gigagan_00841,test,1,0.09124584,0
gigagan_00842,test,1,0.35025713,1
gigagan_00843,test,1,0.35025713,1
gigagan_00844,test,1,0.009050776,0
gigagan_00845,test,1,0.52818865,0
gigagan_00846,test,1,0.35025713,1
gigagan_00847,test,1,0.35025713,1
gigagan_00848,test,1,0.35025713,1
gigagan_00849,test,1,0.35025713,1
gigagan_00850,test,1,0.005231633,0
gigagan_00851,test,1,0.030985931,0
gigagan_00852,test,1,0.35025713,1
gigagan_00853,test,1,0.06008877,0
gigagan_00854,test,1,0.35025713,1
gigagan_00855,test,1,0.35025713,1
gigagan_00856,test,1,0.08386859,0
gigagan_00857,test,1,0.35025713,1
gigagan_00858,test,1,0.5611707,0
gigagan_00859,test,1,0.21347703,0
gigagan_00860,test,1,0.10338932,0
gigagan_00861,test,1,0.5114451,0
gigagan_00862,test,1,0.8643741,0
gigagan_00863,test,1,0.35025713,1
gigagan_00864,test,1,0.78031904,0
gigagan_00865,test,1,0.35025713,1
gigagan_00866,test,1,0.35025713,1
gigagan_00867,test,1,0.7548681,0
gigagan_00868,test,1,0.35025713,1
gigagan_00869,test,1,0.35025713,1
gigagan_00870,test,1,0.35025713,1
gigagan_00871,test,1,0.35025713,1
gigagan_00872,test,1,0.00019161958,0
gigagan_00873,test,1,0.35025713,1
gigagan_00874,test,1,0.17307867,0
gigagan_00875,test,1,0.35025713,1
gigagan_00876,test,1,0.13230893,0
gigagan_00877,test,1,0.9913374,0
gigagan_00878,test,1,0.35025713,1
gigagan_00879,test,1,0.35025713,1
gigagan_00880,test,1,0.42956382,0
gigagan_00881,test,1,0.35025713,1
gigagan_00882,test,1,0.032402556,0
gigagan_00883,test,1,0.72290933,0
gigagan_00884,test,1,0.2656287,0
gigagan_00885,test,1,0.35025713,1
gigagan_00886,test,1,0.24222873,1
gigagan_00887,test,1,0.35025713,1
gigagan_00888,test,1,0.2694021,0
gigagan_00889,test,1,0.0043199677,0
gigagan_00890,test,1,0.35025713,1
gigagan_00891,test,1,0.35025713,1
gigagan_00892,test,1,0.35025713,1
gigagan_00893,test,1,0.13744281,0
gigagan_00894,test,1,0.25176913,0
gigagan_00895,test,1,0.050130147,0
gigagan_00896,test,1,0.35025713,1
gigagan_00897,test,1,0.021946095,0
gigagan_00898,test,1,0.35025713,1
gigagan_00899,test,1,0.44301626,0
gigagan_00900,test,1,0.35025713,1
gigagan_00901,test,1,0.3642229,0
gigagan_00902,test,1,0.35025713,1
gigagan_00903,test,1,0.06624282,0
gigagan_00904,test,1,0.93116856,0
gigagan_00905,test,1,0.35025713,1
gigagan_00906,test,1,0.35025713,1
gigagan_00907,test,1,0.12649925,0
gigagan_00908,test,1,0.35025713,1
gigagan_00909,test,1,0.35025713,1
gigagan_00910,test,1,0.0074761356,0
gigagan_00911,test,1,0.10491172,0
gigagan_00912,test,1,0.35025713,1
gigagan_00913,test,1,0.35025713,1
gigagan_00914,test,1,0.35025713,1
gigagan_00915,test,1,0.03493011,0
gigagan_00916,test,1,0.12534636,0
gigagan_00917,test,1,0.0681368,0
gigagan_00918,test,1,0.35025713,1
gigagan_00919,test,1,0.35025713,1
gigagan_00920,test,1,0.20405567,0
gigagan_00921,test,1,0.0048687523,0
gigagan_00922,test,1,0.016960287,0
gigagan_00923,test,1,0.35025713,1
gigagan_00924,test,1,0.80629015,0
gigagan_00925,test,1,0.08727413,0
gigagan_00926,test,1,0.35025713,1
gigagan_00927,test,1,0.08845871,0
gigagan_00928,test,1,0.35025713,1
gigagan_00929,test,1,0.37423393,0
gigagan_00930,test,1,0.35025713,1
gigagan_00931,test,1,0.35025713,1
gigagan_00932,test,1,0.13776924,0
gigagan_00933,test,1,0.35025713,1
gigagan_00934,test,1,0.34962237,0
gigagan_00935,test,1,0.008006757,0
gigagan_00936,test,1,0.3866641,0
gigagan_00937,test,1,0.35025713,1
gigagan_00938,test,1,0.35025713,1
gigagan_00939,test,1,0.94285834,0
gigagan_00940,test,1,0.4257335,0
gigagan_00941,test,1,0.35025713,1
gigagan_00942,test,1,0.08502604,0
gigagan_00943,test,1,0.35025713,1
gigagan_00944,test,1,0.35025713,1
gigagan_00945,test,1,0.11998315,0
gigagan_00946,test,1,0.0028205693,0
gigagan_00947,test,1,0.025851632,0
gigagan_00948,test,1,0.012710161,0
gigagan_00949,test,1,0.35025713,1
gigagan_00950,test,1,0.43728018,0
gigagan_00951,test,1,0.35025713,1
gigagan_00952,test,1,0.0064799017,0
gigagan_00953,test,1,0.35025713,1
gigagan_00954,test,1,0.35025713,1
gigagan_00955,test,1,0.070545495,0
gigagan_00956,test,1,0.060721975,0
gigagan_00957,test,1,0.35025713,1
gigagan_00958,test,1,0.34295443,0
gigagan_00959,test,1,0.90376604,0
gigagan_00960,test,1,0.45942408,0
gigagan_00961,test,1,0.35025713,1
gigagan_00962,test,1,0.5075418,0
gigagan_00963,test,1,0.7382677,0
gigagan_00964,test,1,0.03263319,0
gigagan_00965,test,1,0.35025713,1
gigagan_00966,test,1,0.951941,0
gigagan_00967,test,1,0.20917653,0
gigagan_00968,test,1,0.35025713,1
gigagan_00969,test,1,0.039136052,0
gigagan_00970,test,1,0.50795656,0
gigagan_00971,test,1,0.35025713,1
gigagan_00972,test,1,0.00882115,0
gigagan_00973,test,1,0.031229349,0
gigagan_00974,test,1,0.35025713,1
gigagan_00975,test,1,0.008286573,0
gigagan_00976,test,1,1.614463e-05,0
gigagan_00977,test,1,0.006277034,0
gigagan_00978,test,1,0.35025713,1
gigagan_00979,test,1,0.05624782,0
gigagan_00980,test,1,0.938879,0
gigagan_00981,test,1,0.3144955,0
gigagan_00982,test,1,0.15076259,0
gigagan_00983,test,1,0.35025713,1
gigagan_00984,test,1,0.059427448,0
gigagan_00985,test,1,0.11148868,0
gigagan_00986,test,1,0.35025713,1
gigagan_00987,test,1,0.32267767,0
gigagan_00988,test,1,0.01258476,0
gigagan_00989,test,1,0.15168902,0
gigagan_00990,test,1,0.9239031,0
gigagan_00991,test,1,0.35025713,1
gigagan_00992,test,1,0.12133255,0
gigagan_00993,test,1,0.35025713,1
gigagan_00994,test,1,0.35025713,1
gigagan_00995,test,1,0.40130937,0
gigagan_00996,test,1,0.35025713,1
gigagan_00997,test,1,0.051872574,0
gigagan_00998,test,1,0.6625621,0
gigagan_00999,test,1,0.35025713,1
midjourney_v5_00000,test,1,0.78411984,0
midjourney_v5_00001,test,1,0.35025713,1
midjourney_v5_00002,test,1,0.53043187,0
midjourney_v5_00003,test,1,0.5081492,0
midjourney_v5_00004,test,1,0.8777125,0
midjourney_v5_00005,test,1,0.9116522,0
midjourney_v5_00006,test,1,0.35025713,1
midjourney_v5_00007,test,1,0.7842982,0
midjourney_v5_00008,test,1,0.21346487,0
midjourney_v5_00009,test,1,0.35025713,1
midjourney_v5_00010,test,1,0.56122947,0
midjourney_v5_00011,test,1,0.0142921405,0
midjourney_v5_00012,test,1,0.35025713,1
midjourney_v5_00013,test,1,0.12833035,0
midjourney_v5_00014,test,1,0.35025713,1
midjourney_v5_00015,test,1,0.35025713,1
midjourney_v5_00016,test,1,0.35025713,1
midjourney_v5_00017,test,1,0.35025713,1
midjourney_v5_00018,test,1,0.35025713,1
midjourney_v5_00019,test,1,0.35025713,1
midjourney_v5_00020,test,1,0.022458633,0
midjourney_v5_00021,test,1,0.35025713,1
midjourney_v5_00022,test,1,0.21246205,0
midjourney_v5_00023,test,1,0.9915916,0
midjourney_v5_00024,test,1,0.6950004,0
midjourney_v5_00025,test,1,0.35025713,1
midjourney_v5_00026,test,1,0.6714498,0
midjourney_v5_00027,test,1,0.35025713,1
midjourney_v5_00028,test,1,0.35025713,1
midjourney_v5_00029,test,1,0.24541347,0
midjourney_v5_00030,test,1,0.8791564,0
midjourney_v5_00031,test,1,0.35025713,1
midjourney_v5_00032,test,1,0.35025713,1
midjourney_v5_00033,test,1,0.35025713,1
midjourney_v5_00034,test,1,0.4748674,0
midjourney_v5_00035,test,1,0.12926987,0
midjourney_v5_00036,test,1,0.35025713,1
midjourney_v5_00037,test,1,0.32817072,0
midjourney_v5_00038,test,1,0.35025713,1
midjourney_v5_00039,test,1,0.2489896,0
midjourney_v5_00040,test,1,0.16380604,0
midjourney_v5_00041,test,1,0.35025713,1
midjourney_v5_00042,test,1,0.19052231,0
midjourney_v5_00043,test,1,0.23785776,0
midjourney_v5_00044,test,1,0.4995339,0
midjourney_v5_00045,test,1,0.35025713,1
midjourney_v5_00046,test,1,0.35025713,1
midjourney_v5_00047,test,1,0.35025713,1
midjourney_v5_00048,test,1,0.35025713,1
midjourney_v5_00049,test,1,0.7891227,0
midjourney_v5_00050,test,1,0.015972434,0
midjourney_v5_00051,test,1,0.05825408,0
midjourney_v5_00052,test,1,0.35025713,1
midjourney_v5_00053,test,1,0.6054494,0
midjourney_v5_00054,test,1,0.35025713,1
midjourney_v5_00055,test,1,0.09522327,0
midjourney_v5_00056,test,1,0.35025713,1
midjourney_v5_00057,test,1,0.25622368,0
midjourney_v5_00058,test,1,0.62802833,0
midjourney_v5_00059,test,1,0.29832363,0
midjourney_v5_00060,test,1,0.6974787,0
midjourney_v5_00061,test,1,0.9669439,0
midjourney_v5_00062,test,1,0.35025713,1
midjourney_v5_00063,test,1,0.20963202,0
midjourney_v5_00064,test,1,0.6166955,0
midjourney_v5_00065,test,1,0.35025713,1
midjourney_v5_00066,test,1,0.9940402,0
midjourney_v5_00067,test,1,0.35025713,1
midjourney_v5_00068,test,1,0.611802,0
midjourney_v5_00069,test,1,0.35025713,1
midjourney_v5_00070,test,1,0.15866293,1
midjourney_v5_00071,test,1,0.35025713,1
midjourney_v5_00072,test,1,0.0764806,0
midjourney_v5_00073,test,1,0.17056438,0
midjourney_v5_00074,test,1,0.1514578,0
midjourney_v5_00075,test,1,0.35025713,1
midjourney_v5_00076,test,1,0.35025713,1
midjourney_v5_00077,test,1,0.35025713,1
midjourney_v5_00078,test,1,0.35025713,1
midjourney_v5_00079,test,1,0.35025713,1
midjourney_v5_00080,test,1,0.35031027,0
midjourney_v5_00081,test,1,0.17775734,0
midjourney_v5_00082,test,1,0.35025713,1
midjourney_v5_00083,test,1,0.10119181,0
midjourney_v5_00084,test,1,0.26600888,0
midjourney_v5_00085,test,1,0.0155103905,0
midjourney_v5_00086,test,1,0.35025713,1
midjourney_v5_00087,test,1,0.10380655,0
midjourney_v5_00088,test,1,0.70765656,0
midjourney_v5_00089,test,1,0.30866724,0
midjourney_v5_00090,test,1,0.00826712,0
midjourney_v5_00091,test,1,0.35025713,1
midjourney_v5_00092,test,1,0.35025713,1
midjourney_v5_00093,test,1,0.5179735,0
midjourney_v5_00094,test,1,0.113676645,0
midjourney_v5_00095,test,1,0.5524593,0
midjourney_v5_00096,test,1,0.35025713,1
midjourney_v5_00097,test,1,0.31363264,0
midjourney_v5_00098,test,1,0.29347527,0
midjourney_v5_00099,test,1,0.053201724,0
midjourney_v5_00100,test,1,0.05266893,0
midjourney_v5_00101,test,1,0.35025713,1
midjourney_v5_00102,test,1,0.7061382,0
midjourney_v5_00103,test,1,0.86245894,0
midjourney_v5_00104,test,1,0.35025713,1
midjourney_v5_00105,test,1,0.35025713,1
midjourney_v5_00106,test,1,0.2852554,0
midjourney_v5_00107,test,1,0.35025713,1
midjourney_v5_00108,test,1,0.35025713,1
midjourney_v5_00109,test,1,0.7943538,0
midjourney_v5_00110,test,1,0.28786018,0
midjourney_v5_00111,test,1,0.35025713,1
midjourney_v5_00112,test,1,0.35025713,1
midjourney_v5_00113,test,1,0.15873721,0
midjourney_v5_00114,test,1,0.10819633,0
midjourney_v5_00115,test,1,0.85135186,0
midjourney_v5_00116,test,1,0.35025713,1
midjourney_v5_00117,test,1,0.026444905,0
midjourney_v5_00118,test,1,0.03789902,0
midjourney_v5_00119,test,1,0.029739061,0
midjourney_v5_00120,test,1,0.49200752,0
midjourney_v5_00121,test,1,0.35025713,1
midjourney_v5_00122,test,1,0.13326316,0
midjourney_v5_00123,test,1,0.02101846,0
midjourney_v5_00124,test,1,0.35025713,1
midjourney_v5_00125,test,1,0.35025713,1
midjourney_v5_00126,test,1,0.94501615,0
midjourney_v5_00127,test,1,0.35025713,1
midjourney_v5_00128,test,1,0.35025713,1
midjourney_v5_00129,test,1,0.16437148,0
midjourney_v5_00130,test,1,0.17928934,0
midjourney_v5_00131,test,1,0.33770922,0
midjourney_v5_00132,test,1,0.35025713,1
midjourney_v5_00133,test,1,0.35025713,1
midjourney_v5_00134,test,1,0.18102454,0
midjourney_v5_00135,test,1,0.35025713,1
midjourney_v5_00136,test,1,0.35025713,1
midjourney_v5_00137,test,1,0.30416578,0
midjourney_v5_00138,test,1,0.35025713,1
midjourney_v5_00139,test,1,0.4215669,0
midjourney_v5_00140,test,1,0.003848195,0
midjourney_v5_00141,test,1,0.053731333,0
midjourney_v5_00142,test,1,0.14408076,0
midjourney_v5_00143,test,1,0.35025713,1
midjourney_v5_00144,test,1,0.35025713,1
midjourney_v5_00145,test,1,0.35025713,1
midjourney_v5_00146,test,1,0.52255636,0
midjourney_v5_00147,test,1,0.35025713,1
midjourney_v5_00148,test,1,0.35025713,1
midjourney_v5_00149,test,1,0.35025713,1
midjourney_v5_00150,test,1,0.35025713,1
midjourney_v5_00151,test,1,0.35025713,1
midjourney_v5_00152,test,1,0.104794934,0
midjourney_v5_00153,test,1,0.9875475,0
midjourney_v5_00154,test,1,0.35025713,1
midjourney_v5_00155,test,1,0.07576922,0
midjourney_v5_00156,test,1,0.35025713,1
midjourney_v5_00157,test,1,0.35025713,1
midjourney_v5_00158,test,1,0.11532433,0
midjourney_v5_00159,test,1,0.3539726,0
midjourney_v5_00160,test,1,0.41269436,0
midjourney_v5_00161,test,1,0.53049034,0
midjourney_v5_00162,test,1,0.14783193,0
midjourney_v5_00163,test,1,0.35025713,1
midjourney_v5_00164,test,1,0.62111896,0
midjourney_v5_00165,test,1,0.35025713,1
midjourney_v5_00166,test,1,0.35025713,1
midjourney_v5_00167,test,1,0.10593158,0
midjourney_v5_00168,test,1,0.35025713,1
midjourney_v5_00169,test,1,0.12152453,0
midjourney_v5_00170,test,1,0.35025713,1
midjourney_v5_00171,test,1,0.37720996,0
midjourney_v5_00172,test,1,0.35025713,1
midjourney_v5_00173,test,1,0.6010517,0
midjourney_v5_00174,test,1,0.35025713,1
midjourney_v5_00175,test,1,0.35025713,1
midjourney_v5_00176,test,1,0.35025713,1
midjourney_v5_00177,test,1,0.40925932,0
midjourney_v5_00178,test,1,0.35025713,1
midjourney_v5_00179,test,1,0.35025713,1
midjourney_v5_00180,test,1,0.5375007,0
midjourney_v5_00181,test,1,0.35025713,1
midjourney_v5_00182,test,1,0.35025713,1
midjourney_v5_00183,test,1,0.35025713,1
midjourney_v5_00184,test,1,0.35025713,1
midjourney_v5_00185,test,1,0.047311626,0
midjourney_v5_00186,test,1,0.27742797,0
midjourney_v5_00187,test,1,0.102084905,0
midjourney_v5_00188,test,1,0.08803511,0
midjourney_v5_00189,test,1,0.35025713,1
midjourney_v5_00190,test,1,0.11301691,0
midjourney_v5_00191,test,1,0.03902758,0
midjourney_v5_00192,test,1,0.35025713,1
midjourney_v5_00193,test,1,0.7494618,0
midjourney_v5_00194,test,1,0.6775258,0
midjourney_v5_00195,test,1,0.011340208,0
midjourney_v5_00196,test,1,0.18104404,0
midjourney_v5_00197,test,1,0.35025713,1
midjourney_v5_00198,test,1,0.35025713,1
midjourney_v5_00199,test,1,0.014867777,0
midjourney_v5_00200,test,1,0.48532018,0
midjourney_v5_00201,test,1,0.35771242,0
midjourney_v5_00202,test,1,0.35025713,1
midjourney_v5_00203,test,1,0.51858485,0
midjourney_v5_00204,test,1,0.35025713,1
midjourney_v5_00205,test,1,0.35025713,1
midjourney_v5_00206,test,1,0.35025713,1
midjourney_v5_00207,test,1,0.076124325,0
midjourney_v5_00208,test,1,0.35025713,1
midjourney_v5_00209,test,1,0.35025713,1
midjourney_v5_00210,test,1,0.37592894,0
midjourney_v5_00211,test,1,0.35025713,1
midjourney_v5_00212,test,1,0.35025713,1
midjourney_v5_00213,test,1,0.35025713,1
midjourney_v5_00214,test,1,0.35025713,1
midjourney_v5_00215,test,1,0.35025713,1
midjourney_v5_00216,test,1,0.35025713,1
midjourney_v5_00217,test,1,0.35025713,1
midjourney_v5_00218,test,1,0.35025713,1
midjourney_v5_00219,test,1,0.17647456,0
midjourney_v5_00220,test,1,0.35025713,1
midjourney_v5_00221,test,1,0.2476909,0
midjourney_v5_00222,test,1,0.35025713,1
midjourney_v5_00223,test,1,0.027230375,0
midjourney_v5_00224,test,1,0.35025713,1
midjourney_v5_00225,test,1,0.35025713,1
midjourney_v5_00226,test,1,0.35025713,1
midjourney_v5_00227,test,1,0.13586119,0
midjourney_v5_00228,test,1,0.35025713,1
midjourney_v5_00229,test,1,0.3015336,0
midjourney_v5_00230,test,1,0.49441063,0
midjourney_v5_00231,test,1,0.35025713,1
midjourney_v5_00232,test,1,0.04014122,0
midjourney_v5_00233,test,1,0.35025713,1
midjourney_v5_00234,test,1,0.97557133,0
midjourney_v5_00235,test,1,0.92553586,0
midjourney_v5_00236,test,1,0.19643119,0
midjourney_v5_00237,test,1,0.015622581,0
midjourney_v5_00238,test,1,0.23346938,0
midjourney_v5_00239,test,1,0.88777995,0
midjourney_v5_00240,test,1,0.35025713,1
midjourney_v5_00241,test,1,0.30448246,0
midjourney_v5_00242,test,1,0.009638975,0
midjourney_v5_00243,test,1,0.35025713,1
midjourney_v5_00244,test,1,0.6986125,0
midjourney_v5_00245,test,1,0.35025713,1
midjourney_v5_00246,test,1,0.35025713,1
midjourney_v5_00247,test,1,0.17744076,0
midjourney_v5_00248,test,1,0.22041659,0
midjourney_v5_00249,test,1,0.26776162,0
midjourney_v5_00250,test,1,0.35025713,1
midjourney_v5_00251,test,1,0.3410513,0
midjourney_v5_00252,test,1,0.35025713,1
midjourney_v5_00253,test,1,0.79827976,0
midjourney_v5_00254,test,1,0.21797481,0
midjourney_v5_00255,test,1,0.35025713,1
midjourney_v5_00256,test,1,0.39173973,0
midjourney_v5_00257,test,1,0.35025713,1
midjourney_v5_00258,test,1,0.27000383,0
midjourney_v5_00259,test,1,0.35025713,1
midjourney_v5_00260,test,1,0.21946058,0
midjourney_v5_00261,test,1,0.46595767,0
midjourney_v5_00262,test,1,0.3965794,0
midjourney_v5_00263,test,1,0.35025713,1
midjourney_v5_00264,test,1,0.28717735,0
midjourney_v5_00265,test,1,0.35025713,1
midjourney_v5_00266,test,1,0.35025713,1
midjourney_v5_00267,test,1,0.35025713,1
midjourney_v5_00268,test,1,0.35025713,1
midjourney_v5_00269,test,1,0.050086148,0
midjourney_v5_00270,test,1,0.35025713,1
midjourney_v5_00271,test,1,0.35025713,1
midjourney_v5_00272,test,1,0.35025713,1
midjourney_v5_00273,test,1,0.35025713,1
midjourney_v5_00274,test,1,0.35025713,1
midjourney_v5_00275,test,1,0.35025713,1
midjourney_v5_00276,test,1,0.35025713,1
midjourney_v5_00277,test,1,0.35025713,1
midjourney_v5_00278,test,1,0.35025713,1
midjourney_v5_00279,test,1,0.6012454,0
midjourney_v5_00280,test,1,0.9383798,0
midjourney_v5_00281,test,1,0.06899821,0
midjourney_v5_00282,test,1,0.35025713,1
midjourney_v5_00283,test,1,0.266767,0
midjourney_v5_00284,test,1,0.016603578,0
midjourney_v5_00285,test,1,0.35025713,1
midjourney_v5_00286,test,1,0.35025713,1
midjourney_v5_00287,test,1,0.27289873,0
midjourney_v5_00288,test,1,0.35025713,1
midjourney_v5_00289,test,1,0.35025713,1
midjourney_v5_00290,test,1,0.35025713,1
midjourney_v5_00291,test,1,0.35025713,1
midjourney_v5_00292,test,1,0.31152725,0
midjourney_v5_00293,test,1,0.09030983,0
midjourney_v5_00294,test,1,0.6343768,0
midjourney_v5_00295,test,1,0.35025713,1
midjourney_v5_00296,test,1,0.76826024,0
midjourney_v5_00297,test,1,0.34038356,0
midjourney_v5_00298,test,1,0.35025713,1
midjourney_v5_00299,test,1,0.35025713,1
midjourney_v5_00300,test,1,0.0067965016,0
midjourney_v5_00301,test,1,0.35025713,1
midjourney_v5_00302,test,1,0.35025713,1
midjourney_v5_00303,test,1,0.35025713,1
midjourney_v5_00304,test,1,0.35025713,1
midjourney_v5_00305,test,1,0.35025713,1
midjourney_v5_00306,test,1,0.013799959,0
midjourney_v5_00307,test,1,0.35025713,1
midjourney_v5_00308,test,1,0.35025713,1
midjourney_v5_00309,test,1,0.5508899,0
midjourney_v5_00310,test,1,0.35025713,1
midjourney_v5_00311,test,1,0.083713375,0
midjourney_v5_00312,test,1,0.35025713,1
midjourney_v5_00313,test,1,0.36522606,0
midjourney_v5_00314,test,1,0.35025713,1
midjourney_v5_00315,test,1,0.35025713,1
midjourney_v5_00316,test,1,0.35025713,1
midjourney_v5_00317,test,1,0.35025713,1
midjourney_v5_00318,test,1,0.10658957,0
midjourney_v5_00319,test,1,0.15469196,0
midjourney_v5_00320,test,1,0.6903035,0
midjourney_v5_00321,test,1,0.48865885,0
midjourney_v5_00322,test,1,0.41655874,0
midjourney_v5_00323,test,1,0.19694625,0
midjourney_v5_00324,test,1,0.79402167,0
midjourney_v5_00325,test,1,0.30163962,0
midjourney_v5_00326,test,1,0.78149235,0
midjourney_v5_00327,test,1,0.35025713,1
midjourney_v5_00328,test,1,0.09616324,0
midjourney_v5_00329,test,1,0.35025713,1
midjourney_v5_00330,test,1,0.24276212,0
midjourney_v5_00331,test,1,0.35025713,1
midjourney_v5_00332,test,1,0.35025713,1
midjourney_v5_00333,test,1,0.22485916,0
midjourney_v5_00334,test,1,0.35025713,1
midjourney_v5_00335,test,1,0.42084032,0
midjourney_v5_00336,test,1,0.35025713,1
midjourney_v5_00337,test,1,0.35025713,1
midjourney_v5_00338,test,1,0.037745044,0
midjourney_v5_00339,test,1,0.35025713,1
midjourney_v5_00340,test,1,0.35025713,1
midjourney_v5_00341,test,1,0.0406377,0
midjourney_v5_00342,test,1,0.9668892,0
midjourney_v5_00343,test,1,0.96530294,0
midjourney_v5_00344,test,1,0.35025713,1
midjourney_v5_00345,test,1,0.35025713,1
midjourney_v5_00346,test,1,0.703193,0
midjourney_v5_00347,test,1,0.09746622,0
midjourney_v5_00348,test,1,0.35025713,1
midjourney_v5_00349,test,1,0.35025713,1
midjourney_v5_00350,test,1,0.028523471,0
midjourney_v5_00351,test,1,0.67620695,0
midjourney_v5_00352,test,1,0.97279525,0
midjourney_v5_00353,test,1,0.12153463,0
midjourney_v5_00354,test,1,0.9991492,0
midjourney_v5_00355,test,1,0.35025713,1
midjourney_v5_00356,test,1,0.6954307,0
midjourney_v5_00357,test,1,0.35025713,1
midjourney_v5_00358,test,1,0.35025713,1
midjourney_v5_00359,test,1,0.9536162,0
midjourney_v5_00360,test,1,0.35025713,1
midjourney_v5_00361,test,1,0.35025713,1
midjourney_v5_00362,test,1,0.35025713,1
midjourney_v5_00363,test,1,0.8074274,0
midjourney_v5_00364,test,1,0.008942662,0
midjourney_v5_00365,test,1,0.35025713,1
midjourney_v5_00366,test,1,0.35025713,1
midjourney_v5_00367,test,1,0.35025713,1
midjourney_v5_00368,test,1,0.00016715488,0
midjourney_v5_00369,test,1,0.08656244,0
midjourney_v5_00370,test,1,0.00051799475,0
midjourney_v5_00371,test,1,0.35025713,1
midjourney_v5_00372,test,1,0.2901741,0
midjourney_v5_00373,test,1,0.35025713,1
midjourney_v5_00374,test,1,0.059552614,0
midjourney_v5_00375,test,1,0.101894364,0
midjourney_v5_00376,test,1,0.12942001,0
midjourney_v5_00377,test,1,0.35025713,1
midjourney_v5_00378,test,1,0.35025713,1
midjourney_v5_00379,test,1,0.35025713,1
midjourney_v5_00380,test,1,0.35025713,1
midjourney_v5_00381,test,1,0.26205418,0
midjourney_v5_00382,test,1,0.35025713,1
midjourney_v5_00383,test,1,0.1431649,0
midjourney_v5_00384,test,1,0.41988865,0
midjourney_v5_00385,test,1,0.35025713,1
midjourney_v5_00386,test,1,0.22300835,0
midjourney_v5_00387,test,1,0.35025713,1
midjourney_v5_00388,test,1,0.00307802,0
midjourney_v5_00389,test,1,0.14835979,0
midjourney_v5_00390,test,1,0.0293142,0
midjourney_v5_00391,test,1,0.060869157,0
midjourney_v5_00392,test,1,0.35025713,1
midjourney_v5_00393,test,1,0.35025713,1
midjourney_v5_00394,test,1,0.35025713,1
midjourney_v5_00395,test,1,0.35025713,1
midjourney_v5_00396,test,1,0.15119481,0
midjourney_v5_00397,test,1,0.9561454,0
midjourney_v5_00398,test,1,0.35025713,1
midjourney_v5_00399,test,1,0.5558059,0
midjourney_v5_00400,test,1,0.35025713,1
midjourney_v5_00401,test,1,0.35025713,1
midjourney_v5_00402,test,1,0.35025713,1
midjourney_v5_00403,test,1,0.11560509,0
midjourney_v5_00404,test,1,0.35025713,1
midjourney_v5_00405,test,1,0.35025713,1
midjourney_v5_00406,test,1,0.1551468,0
midjourney_v5_00407,test,1,0.35025713,1
midjourney_v5_00408,test,1,0.35025713,1
midjourney_v5_00409,test,1,0.07608587,0
midjourney_v5_00410,test,1,0.35025713,1
midjourney_v5_00411,test,1,0.35025713,1
midjourney_v5_00412,test,1,0.35025713,1
midjourney_v5_00413,test,1,0.3285922,0
midjourney_v5_00414,test,1,0.42668813,0
midjourney_v5_00415,test,1,0.35025713,1
midjourney_v5_00416,test,1,0.35025713,1
midjourney_v5_00417,test,1,0.35025713,1
midjourney_v5_00418,test,1,0.01945114,0
midjourney_v5_00419,test,1,0.7872477,0
midjourney_v5_00420,test,1,0.35025713,1
midjourney_v5_00421,test,1,0.35025713,1
midjourney_v5_00422,test,1,0.35025713,1
midjourney_v5_00423,test,1,0.35025713,1
midjourney_v5_00424,test,1,0.5331258,0
midjourney_v5_00425,test,1,0.4343455,0
midjourney_v5_00426,test,1,0.5075883,0
midjourney_v5_00427,test,1,0.3222583,0
midjourney_v5_00428,test,1,0.48313543,0
midjourney_v5_00429,test,1,0.35025713,1
midjourney_v5_00430,test,1,0.35025713,1
midjourney_v5_00431,test,1,0.35025713,1
midjourney_v5_00432,test,1,0.0438277,0
midjourney_v5_00433,test,1,0.0046645207,0
midjourney_v5_00434,test,1,0.5263008,0
midjourney_v5_00435,test,1,0.35025713,1
midjourney_v5_00436,test,1,0.35025713,1
midjourney_v5_00437,test,1,0.34726766,0
midjourney_v5_00438,test,1,0.35025713,1
midjourney_v5_00439,test,1,0.034114905,0
midjourney_v5_00440,test,1,0.20342532,1
midjourney_v5_00441,test,1,0.35025713,1
midjourney_v5_00442,test,1,0.35025713,1
midjourney_v5_00443,test,1,0.53139037,0
midjourney_v5_00444,test,1,0.35025713,1
midjourney_v5_00445,test,1,0.38721535,0
midjourney_v5_00446,test,1,0.9808188,0
midjourney_v5_00447,test,1,0.38067818,0
midjourney_v5_00448,test,1,0.35025713,1
midjourney_v5_00449,test,1,0.35025713,1
midjourney_v5_00450,test,1,0.35025713,1
midjourney_v5_00451,test,1,0.35025713,1
midjourney_v5_00452,test,1,0.35025713,1
midjourney_v5_00453,test,1,0.1574014,0
midjourney_v5_00454,test,1,0.011851858,0
midjourney_v5_00455,test,1,0.35025713,1
midjourney_v5_00456,test,1,0.35025713,1
midjourney_v5_00457,test,1,0.44526124,0
midjourney_v5_00458,test,1,0.36476016,0
midjourney_v5_00459,test,1,0.4015898,0
midjourney_v5_00460,test,1,0.35025713,1
midjourney_v5_00461,test,1,0.27769113,0
midjourney_v5_00462,test,1,0.35025713,1
midjourney_v5_00463,test,1,0.010347125,0
midjourney_v5_00464,test,1,0.077215664,0
midjourney_v5_00465,test,1,0.33806047,0
midjourney_v5_00466,test,1,0.070175864,0
midjourney_v5_00467,test,1,0.35025713,1
midjourney_v5_00468,test,1,0.35025713,1
midjourney_v5_00469,test,1,0.72414196,0
midjourney_v5_00470,test,1,0.35025713,1
midjourney_v5_00471,test,1,0.35025713,1
midjourney_v5_00472,test,1,0.7669923,0
midjourney_v5_00473,test,1,0.54475915,0
midjourney_v5_00474,test,1,0.6313828,0
midjourney_v5_00475,test,1,0.35025713,1
midjourney_v5_00476,test,1,0.09605902,0
midjourney_v5_00477,test,1,0.35025713,1
midjourney_v5_00478,test,1,0.35025713,1
midjourney_v5_00479,test,1,0.35025713,1
midjourney_v5_00480,test,1,0.35025713,1
midjourney_v5_00481,test,1,0.7273234,0
midjourney_v5_00482,test,1,0.35025713,1
midjourney_v5_00483,test,1,0.06198085,0
midjourney_v5_00484,test,1,0.10862816,0
midjourney_v5_00485,test,1,0.27936247,0
midjourney_v5_00486,test,1,0.9908375,0
midjourney_v5_00487,test,1,0.35025713,1
midjourney_v5_00488,test,1,0.35025713,1
midjourney_v5_00489,test,1,0.6347535,0
midjourney_v5_00490,test,1,0.84617513,0
midjourney_v5_00491,test,1,0.35025713,1
midjourney_v5_00492,test,1,0.35025713,1
midjourney_v5_00493,test,1,0.35025713,1
midjourney_v5_00494,test,1,0.35025713,1
midjourney_v5_00495,test,1,0.5646848,0
midjourney_v5_00496,test,1,0.7080439,0
midjourney_v5_00497,test,1,0.19219078,0
midjourney_v5_00498,test,1,0.35025713,1
midjourney_v5_00499,test,1,0.35025713,1
midjourney_v5_00500,test,1,0.35025713,1
midjourney_v5_00501,test,1,0.2323644,0
midjourney_v5_00502,test,1,0.35025713,1
midjourney_v5_00503,test,1,0.025357246,0
midjourney_v5_00504,test,1,0.14428514,0
midjourney_v5_00505,test,1,0.35025713,1
midjourney_v5_00506,test,1,0.35025713,1
midjourney_v5_00507,test,1,0.64911157,0
midjourney_v5_00508,test,1,0.35025713,1
midjourney_v5_00509,test,1,0.35025713,1
midjourney_v5_00510,test,1,0.35025713,1
midjourney_v5_00511,test,1,0.43302312,0
midjourney_v5_00512,test,1,0.35025713,1
midjourney_v5_00513,test,1,0.37688035,0
midjourney_v5_00514,test,1,0.35025713,1
midjourney_v5_00515,test,1,0.93897074,0
midjourney_v5_00516,test,1,0.35025713,1
midjourney_v5_00517,test,1,0.02429032,0
midjourney_v5_00518,test,1,0.5572081,0
midjourney_v5_00519,test,1,0.9010662,0
midjourney_v5_00520,test,1,0.35025713,1
midjourney_v5_00521,test,1,0.35025713,1
midjourney_v5_00522,test,1,0.47290432,0
midjourney_v5_00523,test,1,0.71599877,0
midjourney_v5_00524,test,1,0.35025713,1
midjourney_v5_00525,test,1,0.35025713,1
midjourney_v5_00526,test,1,0.093325935,0
midjourney_v5_00527,test,1,0.35025713,1
midjourney_v5_00528,test,1,0.41192114,0
midjourney_v5_00529,test,1,0.35025713,1
midjourney_v5_00530,test,1,0.35025713,1
midjourney_v5_00531,test,1,0.35025713,1
midjourney_v5_00532,test,1,0.1203182,0
midjourney_v5_00533,test,1,0.014027784,0
midjourney_v5_00534,test,1,0.35025713,1
midjourney_v5_00535,test,1,0.49837914,0
midjourney_v5_00536,test,1,0.35025713,1
midjourney_v5_00537,test,1,0.22263244,0
midjourney_v5_00538,test,1,0.35025713,1
midjourney_v5_00539,test,1,0.35025713,1
midjourney_v5_00540,test,1,0.35025713,1
midjourney_v5_00541,test,1,0.23480368,0
midjourney_v5_00542,test,1,0.15973382,0
midjourney_v5_00543,test,1,0.76448137,0
midjourney_v5_00544,test,1,0.060436804,0
midjourney_v5_00545,test,1,0.35025713,1
midjourney_v5_00546,test,1,0.07059344,0
midjourney_v5_00547,test,1,0.93500334,0
midjourney_v5_00548,test,1,0.015770152,0
midjourney_v5_00549,test,1,0.19438913,0
midjourney_v5_00550,test,1,0.12800744,0
midjourney_v5_00551,test,1,0.35025713,1
midjourney_v5_00552,test,1,0.12831911,0
midjourney_v5_00553,test,1,0.35025713,1
midjourney_v5_00554,test,1,0.9917898,0
midjourney_v5_00555,test,1,0.09042637,0
midjourney_v5_00556,test,1,0.11019055,0
midjourney_v5_00557,test,1,0.036044482,0
midjourney_v5_00558,test,1,0.31167746,1
midjourney_v5_00559,test,1,0.35025713,1
midjourney_v5_00560,test,1,0.35025713,1
midjourney_v5_00561,test,1,0.99026567,0
midjourney_v5_00562,test,1,0.19141027,1
midjourney_v5_00563,test,1,0.22463708,0
midjourney_v5_00564,test,1,0.47949597,0
midjourney_v5_00565,test,1,0.35025713,1
midjourney_v5_00566,test,1,0.35025713,1
midjourney_v5_00567,test,1,0.044683926,0
midjourney_v5_00568,test,1,0.35025713,1
midjourney_v5_00569,test,1,0.84965914,0
midjourney_v5_00570,test,1,0.14321536,0
midjourney_v5_00571,test,1,0.013538491,0
midjourney_v5_00572,test,1,0.12597814,0
midjourney_v5_00573,test,1,0.35025713,1
midjourney_v5_00574,test,1,0.35025713,1
midjourney_v5_00575,test,1,0.116733626,0
midjourney_v5_00576,test,1,0.44502327,0
midjourney_v5_00577,test,1,0.35025713,1
midjourney_v5_00578,test,1,0.35025713,1
midjourney_v5_00579,test,1,0.35025713,1
midjourney_v5_00580,test,1,0.35025713,1
midjourney_v5_00581,test,1,0.8375768,0
midjourney_v5_00582,test,1,0.35025713,1
midjourney_v5_00583,test,1,0.19750455,0
midjourney_v5_00584,test,1,0.35025713,1
midjourney_v5_00585,test,1,0.07084614,0
midjourney_v5_00586,test,1,0.35025713,1
midjourney_v5_00587,test,1,0.4227914,0
midjourney_v5_00588,test,1,0.7645321,0
midjourney_v5_00589,test,1,0.22177888,0
midjourney_v5_00590,test,1,0.35025713,1
midjourney_v5_00591,test,1,0.025032096,0
midjourney_v5_00592,test,1,0.31154057,0
midjourney_v5_00593,test,1,0.36714125,0
midjourney_v5_00594,test,1,0.02839311,0
midjourney_v5_00595,test,1,0.06209257,0
midjourney_v5_00596,test,1,0.35025713,1
midjourney_v5_00597,test,1,0.35025713,1
midjourney_v5_00598,test,1,0.35025713,1
midjourney_v5_00599,test,1,0.35025713,1
midjourney_v5_00600,test,1,0.35025713,1
midjourney_v5_00601,test,1,0.35025713,1
midjourney_v5_00602,test,1,0.7037846,0
midjourney_v5_00603,test,1,0.35025713,1
midjourney_v5_00604,test,1,0.35025713,1
midjourney_v5_00605,test,1,0.34743863,0
midjourney_v5_00606,test,1,0.23928736,0
midjourney_v5_00607,test,1,0.15891998,0
midjourney_v5_00608,test,1,0.1158335,0
midjourney_v5_00609,test,1,0.023060758,0
midjourney_v5_00610,test,1,0.12460868,0
midjourney_v5_00611,test,1,0.35025713,1
midjourney_v5_00612,test,1,0.35025713,1
midjourney_v5_00613,test,1,0.35025713,1
midjourney_v5_00614,test,1,0.35025713,1
midjourney_v5_00615,test,1,0.4210536,0
midjourney_v5_00616,test,1,0.35025713,1
midjourney_v5_00617,test,1,0.026366662,0
midjourney_v5_00618,test,1,0.20856847,0
midjourney_v5_00619,test,1,0.10065807,0
midjourney_v5_00620,test,1,0.61964995,0
midjourney_v5_00621,test,1,0.35025713,1
midjourney_v5_00622,test,1,0.35025713,1
midjourney_v5_00623,test,1,0.031027779,0
midjourney_v5_00624,test,1,0.16556887,0
midjourney_v5_00625,test,1,0.35025713,1
midjourney_v5_00626,test,1,0.26978436,0
midjourney_v5_00627,test,1,0.35025713,1
midjourney_v5_00628,test,1,0.7028762,0
midjourney_v5_00629,test,1,0.35025713,1
midjourney_v5_00630,test,1,0.9302903,0
midjourney_v5_00631,test,1,0.4935133,0
midjourney_v5_00632,test,1,0.35025713,1
midjourney_v5_00633,test,1,0.5430635,0
midjourney_v5_00634,test,1,0.35025713,1
midjourney_v5_00635,test,1,0.19117934,0
midjourney_v5_00636,test,1,0.9134244,0
midjourney_v5_00637,test,1,0.58116686,0
midjourney_v5_00638,test,1,0.35025713,1
midjourney_v5_00639,test,1,0.44645596,0
midjourney_v5_00640,test,1,0.7625054,0
midjourney_v5_00641,test,1,0.010543766,0
midjourney_v5_00642,test,1,0.35025713,1
midjourney_v5_00643,test,1,0.5736133,0
midjourney_v5_00644,test,1,0.0014242891,0
midjourney_v5_00645,test,1,0.7908206,0
midjourney_v5_00646,test,1,0.35025713,1
midjourney_v5_00647,test,1,0.19178946,0
midjourney_v5_00648,test,1,0.06739362,0
midjourney_v5_00649,test,1,0.0325949,0
midjourney_v5_00650,test,1,0.61407495,0
midjourney_v5_00651,test,1,0.14714262,0
midjourney_v5_00652,test,1,0.61914927,0
midjourney_v5_00653,test,1,0.31845385,0
midjourney_v5_00654,test,1,0.35025713,1
midjourney_v5_00655,test,1,0.28741965,0
midjourney_v5_00656,test,1,0.35025713,1
midjourney_v5_00657,test,1,0.5484224,0
midjourney_v5_00658,test,1,0.35025713,1
midjourney_v5_00659,test,1,0.76602215,0
midjourney_v5_00660,test,1,0.26430088,0
midjourney_v5_00661,test,1,0.90266067,0
midjourney_v5_00662,test,1,0.02181088,0
midjourney_v5_00663,test,1,0.35025713,1
midjourney_v5_00664,test,1,0.35025713,1
midjourney_v5_00665,test,1,0.53911114,0
midjourney_v5_00666,test,1,0.35025713,1
midjourney_v5_00667,test,1,0.019053016,0
midjourney_v5_00668,test,1,0.31176266,0
midjourney_v5_00669,test,1,0.35025713,1
midjourney_v5_00670,test,1,0.35025713,1
midjourney_v5_00671,test,1,0.35025713,1
midjourney_v5_00672,test,1,0.35025713,1
midjourney_v5_00673,test,1,0.03034041,0
midjourney_v5_00674,test,1,0.737531,0
midjourney_v5_00675,test,1,0.15987445,0
midjourney_v5_00676,test,1,0.23281473,0
midjourney_v5_00677,test,1,0.35025713,1
midjourney_v5_00678,test,1,0.0007296854,0
midjourney_v5_00679,test,1,0.11682173,0
midjourney_v5_00680,test,1,0.031070624,0
midjourney_v5_00681,test,1,0.09223848,0
midjourney_v5_00682,test,1,0.06898022,0
midjourney_v5_00683,test,1,0.35025713,1
midjourney_v5_00684,test,1,0.35025713,1
midjourney_v5_00685,test,1,0.35025713,1
midjourney_v5_00686,test,1,0.35025713,1
midjourney_v5_00687,test,1,0.35025713,1
midjourney_v5_00688,test,1,0.35025713,1
midjourney_v5_00689,test,1,0.35025713,1
midjourney_v5_00690,test,1,0.80449694,0
midjourney_v5_00691,test,1,0.45069554,0
midjourney_v5_00692,test,1,0.35025713,1
midjourney_v5_00693,test,1,0.46488348,0
midjourney_v5_00694,test,1,0.35025713,1
midjourney_v5_00695,test,1,0.35025713,1
midjourney_v5_00696,test,1,0.35025713,1
midjourney_v5_00697,test,1,0.5917177,0
midjourney_v5_00698,test,1,0.35025713,1
midjourney_v5_00699,test,1,0.13324107,0
midjourney_v5_00700,test,1,0.35025713,1
midjourney_v5_00701,test,1,0.10589098,0
midjourney_v5_00702,test,1,0.28598496,0
midjourney_v5_00703,test,1,0.9485678,0
midjourney_v5_00704,test,1,0.022746073,0
midjourney_v5_00705,test,1,0.35025713,1
midjourney_v5_00706,test,1,0.14121048,0
midjourney_v5_00707,test,1,0.35025713,1
midjourney_v5_00708,test,1,0.24335393,0
midjourney_v5_00709,test,1,0.11037078,0
midjourney_v5_00710,test,1,0.35025713,1
midjourney_v5_00711,test,1,0.57700485,0
midjourney_v5_00712,test,1,0.38880655,0
midjourney_v5_00713,test,1,0.35025713,1
midjourney_v5_00714,test,1,0.35025713,1
midjourney_v5_00715,test,1,0.35025713,1
midjourney_v5_00716,test,1,0.059731606,0
midjourney_v5_00717,test,1,0.35025713,1
midjourney_v5_00718,test,1,0.35025713,1
midjourney_v5_00719,test,1,0.35025713,1
midjourney_v5_00720,test,1,0.35025713,1
midjourney_v5_00721,test,1,0.35025713,1
midjourney_v5_00722,test,1,0.22304681,0
midjourney_v5_00723,test,1,0.81849355,0
midjourney_v5_00724,test,1,0.040799227,0
midjourney_v5_00725,test,1,0.35025713,1
midjourney_v5_00726,test,1,0.09100127,0
midjourney_v5_00727,test,1,0.06340904,0
midjourney_v5_00728,test,1,0.041830886,0
midjourney_v5_00729,test,1,0.085794084,0
midjourney_v5_00730,test,1,0.34867865,0
midjourney_v5_00731,test,1,0.35025713,1
midjourney_v5_00732,test,1,0.17063509,0
midjourney_v5_00733,test,1,0.35025713,1
midjourney_v5_00734,test,1,0.07665724,0
midjourney_v5_00735,test,1,0.05336844,0
midjourney_v5_00736,test,1,0.35025713,1
midjourney_v5_00737,test,1,0.52923447,0
midjourney_v5_00738,test,1,0.8540968,0
midjourney_v5_00739,test,1,0.35025713,1
midjourney_v5_00740,test,1,0.4944182,0
midjourney_v5_00741,test,1,0.49518508,0
midjourney_v5_00742,test,1,0.0037527066,0
midjourney_v5_00743,test,1,0.35025713,1
midjourney_v5_00744,test,1,0.49518508,0
midjourney_v5_00745,test,1,0.6936216,0
midjourney_v5_00746,test,1,0.026736325,0
midjourney_v5_00747,test,1,0.35025713,1
midjourney_v5_00748,test,1,0.35025713,1
midjourney_v5_00749,test,1,0.08016341,0
midjourney_v5_00750,test,1,0.97976536,0
midjourney_v5_00751,test,1,0.79545444,0
midjourney_v5_00752,test,1,0.012347888,0
midjourney_v5_00753,test,1,0.35025713,1
midjourney_v5_00754,test,1,0.7237917,0
midjourney_v5_00755,test,1,0.36705467,0
midjourney_v5_00756,test,1,0.35025713,1
midjourney_v5_00757,test,1,0.05591491,0
midjourney_v5_00758,test,1,0.35025713,1
midjourney_v5_00759,test,1,0.32469395,0
midjourney_v5_00760,test,1,0.06859599,0
midjourney_v5_00761,test,1,0.17444815,0
midjourney_v5_00762,test,1,0.35025713,1
midjourney_v5_00763,test,1,0.35025713,1
midjourney_v5_00764,test,1,0.35025713,1
midjourney_v5_00765,test,1,0.08195075,0
midjourney_v5_00766,test,1,0.35025713,1
midjourney_v5_00767,test,1,0.35025713,1
midjourney_v5_00768,test,1,0.35025713,1
midjourney_v5_00769,test,1,0.17138687,0
midjourney_v5_00770,test,1,0.35025713,1
midjourney_v5_00771,test,1,0.35025713,1
midjourney_v5_00772,test,1,0.35025713,1
midjourney_v5_00773,test,1,0.7455315,0
midjourney_v5_00774,test,1,0.35025713,1
midjourney_v5_00775,test,1,0.35025713,1
midjourney_v5_00776,test,1,0.008626323,0
midjourney_v5_00777,test,1,0.10310655,0
midjourney_v5_00778,test,1,0.35025713,1
midjourney_v5_00779,test,1,0.35025713,1
midjourney_v5_00780,test,1,0.13510555,0
midjourney_v5_00781,test,1,0.088749275,0
midjourney_v5_00782,test,1,0.145902,0
midjourney_v5_00783,test,1,0.04830616,0
midjourney_v5_00784,test,1,0.35025713,1
midjourney_v5_00785,test,1,0.6706177,0
midjourney_v5_00786,test,1,0.057694193,0
midjourney_v5_00787,test,1,0.35025713,1
midjourney_v5_00788,test,1,0.73299336,0
midjourney_v5_00789,test,1,0.35025713,1
midjourney_v5_00790,test,1,0.35025713,1
midjourney_v5_00791,test,1,0.11814637,0
midjourney_v5_00792,test,1,0.35025713,1
midjourney_v5_00793,test,1,0.35025713,1
midjourney_v5_00794,test,1,0.35025713,1
midjourney_v5_00795,test,1,0.12955733,0
midjourney_v5_00796,test,1,0.2756504,0
midjourney_v5_00797,test,1,0.75303245,0
midjourney_v5_00798,test,1,0.35025713,1
midjourney_v5_00799,test,1,0.5379792,0
midjourney_v5_00800,test,1,0.29472497,0
midjourney_v5_00801,test,1,0.35025713,1
midjourney_v5_00802,test,1,0.35025713,1
midjourney_v5_00803,test,1,0.35025713,1
midjourney_v5_00804,test,1,0.05318267,1
midjourney_v5_00805,test,1,0.087714,0
midjourney_v5_00806,test,1,0.02827878,0
midjourney_v5_00807,test,1,0.5802698,0
midjourney_v5_00808,test,1,0.35025713,1
midjourney_v5_00809,test,1,0.35025713,1
midjourney_v5_00810,test,1,0.18129435,0
midjourney_v5_00811,test,1,0.75999874,0
midjourney_v5_00812,test,1,0.35025713,1
midjourney_v5_00813,test,1,0.007701016,0
midjourney_v5_00814,test,1,0.35025713,1
midjourney_v5_00815,test,1,0.22976364,0
midjourney_v5_00816,test,1,0.34685075,0
midjourney_v5_00817,test,1,0.7846812,0
midjourney_v5_00818,test,1,0.35025713,1
midjourney_v5_00819,test,1,0.03452996,0
midjourney_v5_00820,test,1,0.3127021,0
midjourney_v5_00821,test,1,0.35025713,1
midjourney_v5_00822,test,1,0.35025713,1
midjourney_v5_00823,test,1,0.35025713,1
midjourney_v5_00824,test,1,0.38101837,0
midjourney_v5_00825,test,1,0.09276561,0
midjourney_v5_00826,test,1,0.35025713,1
midjourney_v5_00827,test,1,0.14218658,0
midjourney_v5_00828,test,1,0.35025713,1
midjourney_v5_00829,test,1,0.16732536,0
midjourney_v5_00830,test,1,0.61060715,0
midjourney_v5_00831,test,1,0.31790134,0
midjourney_v5_00832,test,1,0.35025713,1
midjourney_v5_00833,test,1,0.17609018,0
midjourney_v5_00834,test,1,0.35025713,1
midjourney_v5_00835,test,1,0.35025713,1
midjourney_v5_00836,test,1,0.6157233,0
midjourney_v5_00837,test,1,0.35025713,1
midjourney_v5_00838,test,1,0.35025713,1
midjourney_v5_00839,test,1,0.35025713,1
midjourney_v5_00840,test,1,0.836302,0
midjourney_v5_00841,test,1,0.056281943,0
midjourney_v5_00842,test,1,0.6690008,0
midjourney_v5_00843,test,1,0.35025713,1
midjourney_v5_00844,test,1,0.63081485,0
midjourney_v5_00845,test,1,0.007363999,0
midjourney_v5_00846,test,1,0.82172704,0
midjourney_v5_00847,test,1,0.35025713,1
midjourney_v5_00848,test,1,0.45965236,0
midjourney_v5_00849,test,1,0.3259596,0
midjourney_v5_00850,test,1,0.060007527,0
midjourney_v5_00851,test,1,0.101069964,0
midjourney_v5_00852,test,1,0.35025713,1
midjourney_v5_00853,test,1,0.35025713,1
midjourney_v5_00854,test,1,0.40868142,0
midjourney_v5_00855,test,1,0.073155604,0
midjourney_v5_00856,test,1,0.77031875,0
midjourney_v5_00857,test,1,0.007678276,0
midjourney_v5_00858,test,1,0.35025713,1
midjourney_v5_00859,test,1,0.35025713,1
midjourney_v5_00860,test,1,0.35025713,1
midjourney_v5_00861,test,1,0.85190594,0
midjourney_v5_00862,test,1,0.25252694,0
midjourney_v5_00863,test,1,0.35025713,1
midjourney_v5_00864,test,1,0.15336686,0
midjourney_v5_00865,test,1,0.19307491,0
midjourney_v5_00866,test,1,0.037876498,0
midjourney_v5_00867,test,1,0.35025713,1
midjourney_v5_00868,test,1,0.8624105,0
midjourney_v5_00869,test,1,0.04147945,0
midjourney_v5_00870,test,1,0.35025713,1
midjourney_v5_00871,test,1,0.35025713,1
midjourney_v5_00872,test,1,0.35025713,1
midjourney_v5_00873,test,1,0.36495873,0
midjourney_v5_00874,test,1,0.2797635,0
midjourney_v5_00875,test,1,0.35025713,1
midjourney_v5_00876,test,1,0.10586511,0
midjourney_v5_00877,test,1,0.22899891,0
midjourney_v5_00878,test,1,0.35025713,1
midjourney_v5_00879,test,1,0.35025713,1
midjourney_v5_00880,test,1,0.03500402,0
midjourney_v5_00881,test,1,0.35025713,1
midjourney_v5_00882,test,1,0.35025713,1
midjourney_v5_00883,test,1,0.35025713,1
midjourney_v5_00884,test,1,0.35025713,1
midjourney_v5_00885,test,1,0.15642653,0
midjourney_v5_00886,test,1,0.2797269,0
midjourney_v5_00887,test,1,0.35025713,1
midjourney_v5_00888,test,1,0.35025713,1
midjourney_v5_00889,test,1,0.35025713,1
midjourney_v5_00890,test,1,0.35025713,1
midjourney_v5_00891,test,1,0.35025713,1
midjourney_v5_00892,test,1,0.043720692,0
midjourney_v5_00893,test,1,0.35025713,1
midjourney_v5_00894,test,1,0.8183858,0
midjourney_v5_00895,test,1,0.35025713,1
midjourney_v5_00896,test,1,0.35025713,1
midjourney_v5_00897,test,1,0.35025713,1
midjourney_v5_00898,test,1,0.35025713,1
midjourney_v5_00899,test,1,0.11949846,0
midjourney_v5_00900,test,1,0.3384535,0
midjourney_v5_00901,test,1,0.06739428,0
midjourney_v5_00902,test,1,0.060710773,0
midjourney_v5_00903,test,1,0.32617572,1
midjourney_v5_00904,test,1,0.35025713,1
midjourney_v5_00905,test,1,0.35025713,1
midjourney_v5_00906,test,1,0.08449585,0
midjourney_v5_00907,test,1,0.029181115,0
midjourney_v5_00908,test,1,0.023275403,0
midjourney_v5_00909,test,1,0.35025713,1
midjourney_v5_00910,test,1,0.39452538,0
midjourney_v5_00911,test,1,0.42053297,0
midjourney_v5_00912,test,1,0.05332796,0
midjourney_v5_00913,test,1,0.3386871,0
midjourney_v5_00914,test,1,0.7956122,0
midjourney_v5_00915,test,1,0.08069803,0
midjourney_v5_00916,test,1,0.35025713,1
midjourney_v5_00917,test,1,0.003654422,0
midjourney_v5_00918,test,1,0.1412477,0
midjourney_v5_00919,test,1,0.35025713,1
midjourney_v5_00920,test,1,0.45117065,0
midjourney_v5_00921,test,1,0.17792116,0
midjourney_v5_00922,test,1,0.30160657,0
midjourney_v5_00923,test,1,0.35025713,1
midjourney_v5_00924,test,1,0.06856961,0
midjourney_v5_00925,test,1,0.010120103,0
midjourney_v5_00926,test,1,0.08783653,0
midjourney_v5_00927,test,1,0.11561118,0
midjourney_v5_00928,test,1,0.63024473,0
midjourney_v5_00929,test,1,0.08242357,0
midjourney_v5_00930,test,1,0.35025713,1
midjourney_v5_00931,test,1,0.23474993,0
midjourney_v5_00932,test,1,0.35025713,1
midjourney_v5_00933,test,1,0.043118667,0
midjourney_v5_00934,test,1,0.29004425,0
midjourney_v5_00935,test,1,0.9696125,0
midjourney_v5_00936,test,1,0.35025713,1
midjourney_v5_00937,test,1,0.35025713,1
midjourney_v5_00938,test,1,0.24274789,0
midjourney_v5_00939,test,1,0.35025713,1
midjourney_v5_00940,test,1,0.35025713,1
midjourney_v5_00941,test,1,0.25328615,0
midjourney_v5_00942,test,1,0.32934818,0
midjourney_v5_00943,test,1,0.14095052,0
midjourney_v5_00944,test,1,0.4800336,0
midjourney_v5_00945,test,1,0.35025713,1
midjourney_v5_00946,test,1,0.45859644,0
midjourney_v5_00947,test,1,0.35025713,1
midjourney_v5_00948,test,1,0.35025713,1
midjourney_v5_00949,test,1,0.3465527,0
midjourney_v5_00950,test,1,0.35025713,1
midjourney_v5_00951,test,1,0.35025713,1
midjourney_v5_00952,test,1,0.13136344,0
midjourney_v5_00953,test,1,0.6750417,0
midjourney_v5_00954,test,1,0.64809614,0
midjourney_v5_00955,test,1,0.23348948,1
midjourney_v5_00956,test,1,0.35025713,1
midjourney_v5_00957,test,1,0.35025713,1
midjourney_v5_00958,test,1,0.35025713,1
midjourney_v5_00959,test,1,0.023129955,0
midjourney_v5_00960,test,1,0.3265699,0
midjourney_v5_00961,test,1,0.15845546,0
midjourney_v5_00962,test,1,0.35025713,1
midjourney_v5_00963,test,1,0.04198331,0
midjourney_v5_00964,test,1,0.35025713,1
midjourney_v5_00965,test,1,0.07803043,0
midjourney_v5_00966,test,1,0.15040125,0
midjourney_v5_00967,test,1,0.0014357489,0
midjourney_v5_00968,test,1,0.34302235,0
midjourney_v5_00969,test,1,0.07112849,0
midjourney_v5_00970,test,1,0.5995568,0
midjourney_v5_00971,test,1,0.35025713,1
midjourney_v5_00972,test,1,0.35025713,1
midjourney_v5_00973,test,1,0.35025713,1
midjourney_v5_00974,test,1,0.34932524,0
midjourney_v5_00975,test,1,0.35025713,1
midjourney_v5_00976,test,1,0.35025713,1
midjourney_v5_00977,test,1,0.35025713,1
midjourney_v5_00978,test,1,0.35025713,1
midjourney_v5_00979,test,1,0.39345402,0
midjourney_v5_00980,test,1,0.497099,0
midjourney_v5_00981,test,1,0.35025713,1
midjourney_v5_00982,test,1,0.004334841,0
midjourney_v5_00983,test,1,0.35025713,1
midjourney_v5_00984,test,1,0.48755553,0
midjourney_v5_00985,test,1,0.2009461,0
midjourney_v5_00986,test,1,0.18868022,0
midjourney_v5_00987,test,1,0.53083307,0
midjourney_v5_00988,test,1,0.35025713,1
midjourney_v5_00989,test,1,0.35025713,1
midjourney_v5_00990,test,1,0.29396242,0
midjourney_v5_00991,test,1,0.35025713,1
midjourney_v5_00992,test,1,0.06096063,0
midjourney_v5_00993,test,1,0.35025713,1
midjourney_v5_00994,test,1,0.35025713,1
midjourney_v5_00995,test,1,0.35025713,1
midjourney_v5_00996,test,1,0.505985,1
midjourney_v5_00997,test,1,0.07109064,0
midjourney_v5_00998,test,1,0.03397771,0
midjourney_v5_00999,test,1,0.04069379,0
midjourney_v6_1_00000,test,1,0.41099098,0
midjourney_v6_1_00001,test,1,0.35025713,1
midjourney_v6_1_00002,test,1,0.6764583,0
midjourney_v6_1_00003,test,1,0.35025713,1
midjourney_v6_1_00004,test,1,0.034606796,0
midjourney_v6_1_00005,test,1,0.35025713,1
midjourney_v6_1_00006,test,1,0.8544029,0
midjourney_v6_1_00007,test,1,0.1426903,0
midjourney_v6_1_00008,test,1,0.8209806,0
midjourney_v6_1_00009,test,1,0.58228385,0
midjourney_v6_1_00010,test,1,0.69226015,0
midjourney_v6_1_00011,test,1,0.35025713,1
midjourney_v6_1_00012,test,1,0.5640993,0
midjourney_v6_1_00013,test,1,0.35025713,1
midjourney_v6_1_00014,test,1,0.35025713,1
midjourney_v6_1_00015,test,1,0.3757093,0
midjourney_v6_1_00016,test,1,0.87408066,0
midjourney_v6_1_00017,test,1,0.9057752,0
midjourney_v6_1_00018,test,1,0.35025713,1
midjourney_v6_1_00019,test,1,0.35025713,1
midjourney_v6_1_00020,test,1,0.35025713,1
midjourney_v6_1_00021,test,1,0.02876865,0
midjourney_v6_1_00022,test,1,0.18861198,0
midjourney_v6_1_00023,test,1,0.35025713,1
midjourney_v6_1_00024,test,1,0.036035858,0
midjourney_v6_1_00025,test,1,0.35025713,1
midjourney_v6_1_00026,test,1,0.1524871,0
midjourney_v6_1_00027,test,1,0.35025713,1
midjourney_v6_1_00028,test,1,0.43064612,0
midjourney_v6_1_00029,test,1,0.35025713,1
midjourney_v6_1_00030,test,1,0.35025713,1
midjourney_v6_1_00031,test,1,0.35025713,1
midjourney_v6_1_00032,test,1,0.35025713,1
midjourney_v6_1_00033,test,1,0.37575817,0
midjourney_v6_1_00034,test,1,0.5047313,0
midjourney_v6_1_00035,test,1,0.015609967,0
midjourney_v6_1_00036,test,1,0.35025713,1
midjourney_v6_1_00037,test,1,0.08768442,0
midjourney_v6_1_00038,test,1,0.6873095,0
midjourney_v6_1_00039,test,1,0.35025713,1
midjourney_v6_1_00040,test,1,0.39235932,0
midjourney_v6_1_00041,test,1,0.35025713,1
midjourney_v6_1_00042,test,1,0.35025713,1
midjourney_v6_1_00043,test,1,0.35025713,1
midjourney_v6_1_00044,test,1,0.35025713,1
midjourney_v6_1_00045,test,1,0.043816213,0
midjourney_v6_1_00046,test,1,0.6238831,0
midjourney_v6_1_00047,test,1,0.041295897,0
midjourney_v6_1_00048,test,1,0.6861722,0
midjourney_v6_1_00049,test,1,0.35025713,1
midjourney_v6_1_00050,test,1,0.33795515,0
midjourney_v6_1_00051,test,1,0.059514794,0
midjourney_v6_1_00052,test,1,0.6489477,0
midjourney_v6_1_00053,test,1,0.7956174,0
midjourney_v6_1_00054,test,1,0.03544428,0
midjourney_v6_1_00055,test,1,0.35025713,1
midjourney_v6_1_00056,test,1,0.35025713,1
midjourney_v6_1_00057,test,1,0.35877898,0
midjourney_v6_1_00058,test,1,0.0078917155,0
midjourney_v6_1_00059,test,1,0.32420802,0
midjourney_v6_1_00060,test,1,0.35025713,1
midjourney_v6_1_00061,test,1,0.8169977,0
midjourney_v6_1_00062,test,1,0.9913288,0
midjourney_v6_1_00063,test,1,0.22311874,0
midjourney_v6_1_00064,test,1,0.35025713,1
midjourney_v6_1_00065,test,1,0.6214281,0
midjourney_v6_1_00066,test,1,0.72902524,0
midjourney_v6_1_00067,test,1,0.28257197,0
midjourney_v6_1_00068,test,1,0.25827733,0
midjourney_v6_1_00069,test,1,0.22368816,0
midjourney_v6_1_00070,test,1,0.12389058,0
midjourney_v6_1_00071,test,1,0.5048997,0
midjourney_v6_1_00072,test,1,0.35025713,1
midjourney_v6_1_00073,test,1,0.3010078,0
midjourney_v6_1_00074,test,1,0.73923767,0
midjourney_v6_1_00075,test,1,0.88386637,0
midjourney_v6_1_00076,test,1,0.24813706,0
midjourney_v6_1_00077,test,1,0.35025713,1
midjourney_v6_1_00078,test,1,0.02023379,0
midjourney_v6_1_00079,test,1,0.97697043,0
midjourney_v6_1_00080,test,1,0.27019712,0
midjourney_v6_1_00081,test,1,0.81313336,0
midjourney_v6_1_00082,test,1,0.35025713,1
midjourney_v6_1_00083,test,1,0.474415,0
midjourney_v6_1_00084,test,1,0.9222638,0
midjourney_v6_1_00085,test,1,0.35025713,1
midjourney_v6_1_00086,test,1,0.35025713,1
midjourney_v6_1_00087,test,1,0.35025713,1
midjourney_v6_1_00088,test,1,0.34190327,0
midjourney_v6_1_00089,test,1,0.07864304,0
midjourney_v6_1_00090,test,1,0.263353,0
midjourney_v6_1_00091,test,1,0.23586076,0
midjourney_v6_1_00092,test,1,0.91552854,0
midjourney_v6_1_00093,test,1,0.6528752,0
midjourney_v6_1_00094,test,1,0.82766634,0
midjourney_v6_1_00095,test,1,0.7214023,0
midjourney_v6_1_00096,test,1,0.049306985,0
midjourney_v6_1_00097,test,1,0.35025713,1
midjourney_v6_1_00098,test,1,0.49973488,0
midjourney_v6_1_00099,test,1,0.35025713,1
midjourney_v6_1_00100,test,1,0.017691007,0
midjourney_v6_1_00101,test,1,0.1632653,0
midjourney_v6_1_00102,test,1,0.11025247,0
midjourney_v6_1_00103,test,1,0.35025713,1
midjourney_v6_1_00104,test,1,0.3233699,0
midjourney_v6_1_00105,test,1,0.09106079,0
midjourney_v6_1_00106,test,1,0.35025713,1
midjourney_v6_1_00107,test,1,0.35025713,1
midjourney_v6_1_00108,test,1,0.01111043,0
midjourney_v6_1_00109,test,1,0.35025713,1
midjourney_v6_1_00110,test,1,0.6889827,0
midjourney_v6_1_00111,test,1,0.35025713,1
midjourney_v6_1_00112,test,1,0.35025713,1
midjourney_v6_1_00113,test,1,0.35025713,1
midjourney_v6_1_00114,test,1,0.35025713,1
midjourney_v6_1_00115,test,1,0.35025713,1
midjourney_v6_1_00116,test,1,0.07248781,0
midjourney_v6_1_00117,test,1,0.35025713,1
midjourney_v6_1_00118,test,1,0.35025713,1
midjourney_v6_1_00119,test,1,0.9207624,0
midjourney_v6_1_00120,test,1,0.35025713,1
midjourney_v6_1_00121,test,1,0.028975451,0
midjourney_v6_1_00122,test,1,0.35025713,1
midjourney_v6_1_00123,test,1,0.71092874,0
midjourney_v6_1_00124,test,1,0.48505437,0
midjourney_v6_1_00125,test,1,0.07226886,0
midjourney_v6_1_00126,test,1,0.81068647,0
midjourney_v6_1_00127,test,1,0.35025713,1
midjourney_v6_1_00128,test,1,0.050870202,0
midjourney_v6_1_00129,test,1,0.35025713,1
midjourney_v6_1_00130,test,1,0.8718653,0
midjourney_v6_1_00131,test,1,0.101801656,0
midjourney_v6_1_00132,test,1,0.1861557,0
midjourney_v6_1_00133,test,1,0.35025713,1
midjourney_v6_1_00134,test,1,0.95205617,0
midjourney_v6_1_00135,test,1,0.35025713,1
midjourney_v6_1_00136,test,1,0.35025713,1
midjourney_v6_1_00137,test,1,0.35025713,1
midjourney_v6_1_00138,test,1,0.13101289,0
midjourney_v6_1_00139,test,1,0.35025713,1
midjourney_v6_1_00140,test,1,0.273182,0
midjourney_v6_1_00141,test,1,0.04030207,0
midjourney_v6_1_00142,test,1,0.18751663,0
midjourney_v6_1_00143,test,1,0.24529113,0
midjourney_v6_1_00144,test,1,0.00078146695,0
midjourney_v6_1_00145,test,1,0.35025713,1
midjourney_v6_1_00146,test,1,0.07536963,0
midjourney_v6_1_00147,test,1,0.19822058,0
midjourney_v6_1_00148,test,1,0.112802476,0
midjourney_v6_1_00149,test,1,0.07585824,0
midjourney_v6_1_00150,test,1,0.35025713,1
midjourney_v6_1_00151,test,1,0.03003415,0
midjourney_v6_1_00152,test,1,0.05012168,0
midjourney_v6_1_00153,test,1,0.8681721,0
midjourney_v6_1_00154,test,1,0.7132783,0
midjourney_v6_1_00155,test,1,0.6202464,0
midjourney_v6_1_00156,test,1,0.35025713,1
midjourney_v6_1_00157,test,1,0.26208532,0
midjourney_v6_1_00158,test,1,0.003167036,0
midjourney_v6_1_00159,test,1,0.1817957,0
midjourney_v6_1_00160,test,1,0.35025713,1
midjourney_v6_1_00161,test,1,0.51155365,0
midjourney_v6_1_00162,test,1,0.65477824,0
midjourney_v6_1_00163,test,1,0.35025713,1
midjourney_v6_1_00164,test,1,0.011917874,0
midjourney_v6_1_00165,test,1,0.35025713,1
midjourney_v6_1_00166,test,1,0.7800033,0
midjourney_v6_1_00167,test,1,0.11738338,0
midjourney_v6_1_00168,test,1,0.35025713,1
midjourney_v6_1_00169,test,1,0.35025713,1
midjourney_v6_1_00170,test,1,0.010987626,0
midjourney_v6_1_00171,test,1,0.35025713,1
midjourney_v6_1_00172,test,1,0.35025713,1
midjourney_v6_1_00173,test,1,0.35025713,1
midjourney_v6_1_00174,test,1,0.52289844,0
midjourney_v6_1_00175,test,1,0.35025713,1
midjourney_v6_1_00176,test,1,0.35025713,1
midjourney_v6_1_00177,test,1,0.35025713,1
midjourney_v6_1_00178,test,1,0.35025713,1
midjourney_v6_1_00179,test,1,0.9035562,0
midjourney_v6_1_00180,test,1,0.054286525,0
midjourney_v6_1_00181,test,1,0.43102548,0
midjourney_v6_1_00182,test,1,0.7956474,0
midjourney_v6_1_00183,test,1,0.22715248,0
midjourney_v6_1_00184,test,1,0.35025713,1
midjourney_v6_1_00185,test,1,0.57427835,0
midjourney_v6_1_00186,test,1,0.35025713,1
midjourney_v6_1_00187,test,1,0.021673929,0
midjourney_v6_1_00188,test,1,0.35025713,1
midjourney_v6_1_00189,test,1,0.8241994,0
midjourney_v6_1_00190,test,1,0.8573729,0
midjourney_v6_1_00191,test,1,0.26166987,0
midjourney_v6_1_00192,test,1,0.6209595,0
midjourney_v6_1_00193,test,1,0.19441326,0
midjourney_v6_1_00194,test,1,0.49310598,0
midjourney_v6_1_00195,test,1,0.35025713,1
midjourney_v6_1_00196,test,1,0.97743964,0
midjourney_v6_1_00197,test,1,0.12202436,0
midjourney_v6_1_00198,test,1,0.9647387,0
midjourney_v6_1_00199,test,1,0.35025713,1
midjourney_v6_1_00200,test,1,0.15618627,0
midjourney_v6_1_00201,test,1,0.36191642,0
midjourney_v6_1_00202,test,1,0.35025713,1
midjourney_v6_1_00203,test,1,0.66241354,0
midjourney_v6_1_00204,test,1,0.35025713,1
midjourney_v6_1_00205,test,1,0.708898,0
midjourney_v6_1_00206,test,1,0.35025713,1
midjourney_v6_1_00207,test,1,0.35025713,1
midjourney_v6_1_00208,test,1,0.66423154,0
midjourney_v6_1_00209,test,1,0.35025713,1
midjourney_v6_1_00210,test,1,0.13626976,0
midjourney_v6_1_00211,test,1,0.5757338,0
midjourney_v6_1_00212,test,1,0.35025713,1
midjourney_v6_1_00213,test,1,0.35025713,1
midjourney_v6_1_00214,test,1,0.35025713,1
midjourney_v6_1_00215,test,1,0.10258231,0
midjourney_v6_1_00216,test,1,0.102675825,0
midjourney_v6_1_00217,test,1,0.60187423,0
midjourney_v6_1_00218,test,1,0.35025713,1
midjourney_v6_1_00219,test,1,0.0015726885,0
midjourney_v6_1_00220,test,1,0.1878119,0
midjourney_v6_1_00221,test,1,0.24926299,0
midjourney_v6_1_00222,test,1,0.35025713,1
midjourney_v6_1_00223,test,1,0.35025713,1
midjourney_v6_1_00224,test,1,0.6017101,0
midjourney_v6_1_00225,test,1,0.0157089,0
midjourney_v6_1_00226,test,1,0.5810225,0
midjourney_v6_1_00227,test,1,0.35025713,1
midjourney_v6_1_00228,test,1,0.35025713,1
midjourney_v6_1_00229,test,1,0.35025713,1
midjourney_v6_1_00230,test,1,0.35025713,1
midjourney_v6_1_00231,test,1,0.47939008,0
midjourney_v6_1_00232,test,1,0.35025713,1
midjourney_v6_1_00233,test,1,0.35025713,1
midjourney_v6_1_00234,test,1,0.35025713,1
midjourney_v6_1_00235,test,1,0.35025713,1
midjourney_v6_1_00236,test,1,0.13597123,0
midjourney_v6_1_00237,test,1,0.35025713,1
midjourney_v6_1_00238,test,1,0.08181163,0
midjourney_v6_1_00239,test,1,0.35025713,1
midjourney_v6_1_00240,test,1,0.35025713,1
midjourney_v6_1_00241,test,1,0.34622088,0
midjourney_v6_1_00242,test,1,0.35025713,1
midjourney_v6_1_00243,test,1,0.35025713,1
midjourney_v6_1_00244,test,1,0.028144628,0
midjourney_v6_1_00245,test,1,0.8108385,0
midjourney_v6_1_00246,test,1,0.9741101,0
midjourney_v6_1_00247,test,1,0.30026555,0
midjourney_v6_1_00248,test,1,0.35025713,1
midjourney_v6_1_00249,test,1,0.35025713,1
midjourney_v6_1_00250,test,1,0.0930118,0
midjourney_v6_1_00251,test,1,0.2544554,0
midjourney_v6_1_00252,test,1,0.3311855,0
midjourney_v6_1_00253,test,1,0.35025713,1
midjourney_v6_1_00254,test,1,0.35025713,1
midjourney_v6_1_00255,test,1,0.35025713,1
midjourney_v6_1_00256,test,1,0.02030756,0
midjourney_v6_1_00257,test,1,0.056828946,0
midjourney_v6_1_00258,test,1,0.6171758,0
midjourney_v6_1_00259,test,1,0.01707231,0
midjourney_v6_1_00260,test,1,0.6181414,0
midjourney_v6_1_00261,test,1,0.994191,0
midjourney_v6_1_00262,test,1,0.8932847,0
midjourney_v6_1_00263,test,1,0.9705029,0
midjourney_v6_1_00264,test,1,0.6588342,0
midjourney_v6_1_00265,test,1,0.35025713,1
midjourney_v6_1_00266,test,1,0.35025713,1
midjourney_v6_1_00267,test,1,0.21688166,0
midjourney_v6_1_00268,test,1,0.35025713,1
midjourney_v6_1_00269,test,1,0.18316707,1
midjourney_v6_1_00270,test,1,0.3167995,0
midjourney_v6_1_00271,test,1,0.35025713,1
midjourney_v6_1_00272,test,1,0.25317344,0
midjourney_v6_1_00273,test,1,0.35025713,1
midjourney_v6_1_00274,test,1,0.09578027,0
midjourney_v6_1_00275,test,1,0.35025713,1
midjourney_v6_1_00276,test,1,0.35025713,1
midjourney_v6_1_00277,test,1,0.35025713,1
midjourney_v6_1_00278,test,1,0.35953468,0
midjourney_v6_1_00279,test,1,0.6522226,0
midjourney_v6_1_00280,test,1,0.35025713,1
midjourney_v6_1_00281,test,1,0.11217333,0
midjourney_v6_1_00282,test,1,0.35025713,1
midjourney_v6_1_00283,test,1,0.46562654,0
midjourney_v6_1_00284,test,1,0.35025713,1
midjourney_v6_1_00285,test,1,0.35025713,1
midjourney_v6_1_00286,test,1,0.35025713,1
midjourney_v6_1_00287,test,1,0.35025713,1
midjourney_v6_1_00288,test,1,0.4564521,0
midjourney_v6_1_00289,test,1,0.998212,0
midjourney_v6_1_00290,test,1,0.35025713,1
midjourney_v6_1_00291,test,1,0.35025713,1
midjourney_v6_1_00292,test,1,0.64256865,0
midjourney_v6_1_00293,test,1,0.030983102,0
midjourney_v6_1_00294,test,1,0.35025713,1
midjourney_v6_1_00295,test,1,0.16827099,0
midjourney_v6_1_00296,test,1,0.35025713,1
midjourney_v6_1_00297,test,1,0.797876,0
midjourney_v6_1_00298,test,1,0.5069375,0
midjourney_v6_1_00299,test,1,0.35025713,1
midjourney_v6_1_00300,test,1,0.16386579,0
midjourney_v6_1_00301,test,1,0.6860367,0
midjourney_v6_1_00302,test,1,0.35025713,1
midjourney_v6_1_00303,test,1,0.35025713,1
midjourney_v6_1_00304,test,1,0.4266705,0
midjourney_v6_1_00305,test,1,0.32095015,0
midjourney_v6_1_00306,test,1,0.35025713,1
midjourney_v6_1_00307,test,1,0.35025713,1
midjourney_v6_1_00308,test,1,0.35025713,1
midjourney_v6_1_00309,test,1,0.35025713,1
midjourney_v6_1_00310,test,1,0.35025713,1
midjourney_v6_1_00311,test,1,0.03116124,0
midjourney_v6_1_00312,test,1,0.35025713,1
midjourney_v6_1_00313,test,1,0.35025713,1
midjourney_v6_1_00314,test,1,0.21421428,0
midjourney_v6_1_00315,test,1,0.59800917,0
midjourney_v6_1_00316,test,1,0.35025713,1
midjourney_v6_1_00317,test,1,0.69788617,0
midjourney_v6_1_00318,test,1,0.35025713,1
midjourney_v6_1_00319,test,1,0.13404618,0
midjourney_v6_1_00320,test,1,0.35025713,1
midjourney_v6_1_00321,test,1,0.35025713,1
midjourney_v6_1_00322,test,1,0.21281473,0
midjourney_v6_1_00323,test,1,0.57067597,0
midjourney_v6_1_00324,test,1,0.031069588,0
midjourney_v6_1_00325,test,1,0.35327113,0
midjourney_v6_1_00326,test,1,0.35025713,1
midjourney_v6_1_00327,test,1,0.35025713,1
midjourney_v6_1_00328,test,1,0.33819753,0
midjourney_v6_1_00329,test,1,0.034959566,0
midjourney_v6_1_00330,test,1,0.35025713,1
midjourney_v6_1_00331,test,1,0.35025713,1
midjourney_v6_1_00332,test,1,0.35025713,1
midjourney_v6_1_00333,test,1,0.41550577,0
midjourney_v6_1_00334,test,1,0.35025713,1
midjourney_v6_1_00335,test,1,0.35025713,1
midjourney_v6_1_00336,test,1,0.35025713,1
midjourney_v6_1_00337,test,1,0.35025713,1
midjourney_v6_1_00338,test,1,0.93874264,0
midjourney_v6_1_00339,test,1,0.35025713,1
midjourney_v6_1_00340,test,1,0.35025713,1
midjourney_v6_1_00341,test,1,0.036023475,0
midjourney_v6_1_00342,test,1,0.35025713,1
midjourney_v6_1_00343,test,1,0.35025713,1
midjourney_v6_1_00344,test,1,0.35025713,1
midjourney_v6_1_00345,test,1,0.35025713,1
midjourney_v6_1_00346,test,1,0.35025713,1
midjourney_v6_1_00347,test,1,0.35025713,1
midjourney_v6_1_00348,test,1,0.091016226,0
midjourney_v6_1_00349,test,1,0.35025713,1
midjourney_v6_1_00350,test,1,0.35025713,1
midjourney_v6_1_00351,test,1,0.35025713,1
midjourney_v6_1_00352,test,1,0.35025713,1
midjourney_v6_1_00353,test,1,0.04154644,0
midjourney_v6_1_00354,test,1,0.41458437,0
midjourney_v6_1_00355,test,1,0.039199345,0
midjourney_v6_1_00356,test,1,0.8163896,0
midjourney_v6_1_00357,test,1,0.3107728,0
midjourney_v6_1_00358,test,1,0.35025713,1
midjourney_v6_1_00359,test,1,0.35025713,1
midjourney_v6_1_00360,test,1,0.6158899,0
midjourney_v6_1_00361,test,1,0.54438007,0
midjourney_v6_1_00362,test,1,0.35025713,1
midjourney_v6_1_00363,test,1,0.35025713,1
midjourney_v6_1_00364,test,1,0.5445348,0
midjourney_v6_1_00365,test,1,0.18759319,0
midjourney_v6_1_00366,test,1,0.35025713,1
midjourney_v6_1_00367,test,1,0.1457951,1
midjourney_v6_1_00368,test,1,0.35025713,1
midjourney_v6_1_00369,test,1,0.35025713,1
midjourney_v6_1_00370,test,1,0.90603375,0
midjourney_v6_1_00371,test,1,0.9666131,0
midjourney_v6_1_00372,test,1,0.35025713,1
midjourney_v6_1_00373,test,1,0.40151048,0
midjourney_v6_1_00374,test,1,0.20141199,0
midjourney_v6_1_00375,test,1,0.99814713,0
midjourney_v6_1_00376,test,1,0.6739294,0
midjourney_v6_1_00377,test,1,0.99410003,0
midjourney_v6_1_00378,test,1,0.005827679,0
midjourney_v6_1_00379,test,1,0.58137137,0
midjourney_v6_1_00380,test,1,0.35025713,1
midjourney_v6_1_00381,test,1,0.35025713,1
midjourney_v6_1_00382,test,1,0.35025713,1
midjourney_v6_1_00383,test,1,0.35025713,1
midjourney_v6_1_00384,test,1,0.35025713,1
midjourney_v6_1_00385,test,1,0.35025713,1
midjourney_v6_1_00386,test,1,0.35025713,1
midjourney_v6_1_00387,test,1,0.35025713,1
midjourney_v6_1_00388,test,1,0.12821037,0
midjourney_v6_1_00389,test,1,0.35025713,1
midjourney_v6_1_00390,test,1,0.35025713,1
midjourney_v6_1_00391,test,1,0.35025713,1
midjourney_v6_1_00392,test,1,0.35025713,1
midjourney_v6_1_00393,test,1,0.35025713,1
midjourney_v6_1_00394,test,1,0.35025713,1
midjourney_v6_1_00395,test,1,0.35025713,1
midjourney_v6_1_00396,test,1,0.84614193,0
midjourney_v6_1_00397,test,1,0.8576145,0
midjourney_v6_1_00398,test,1,0.9079435,0
midjourney_v6_1_00399,test,1,0.35025713,1
midjourney_v6_1_00400,test,1,0.35025713,1
midjourney_v6_1_00401,test,1,0.00012234459,0
midjourney_v6_1_00402,test,1,0.35025713,1
midjourney_v6_1_00403,test,1,0.35025713,1
midjourney_v6_1_00404,test,1,0.8661433,0
midjourney_v6_1_00405,test,1,0.9904597,0
midjourney_v6_1_00406,test,1,0.35025713,1
midjourney_v6_1_00407,test,1,0.31787133,0
midjourney_v6_1_00408,test,1,0.70082575,0
midjourney_v6_1_00409,test,1,0.35025713,1
midjourney_v6_1_00410,test,1,0.35025713,1
midjourney_v6_1_00411,test,1,0.35025713,1
midjourney_v6_1_00412,test,1,0.35025713,1
midjourney_v6_1_00413,test,1,0.009652574,0
midjourney_v6_1_00414,test,1,0.793747,0
midjourney_v6_1_00415,test,1,0.8360443,0
midjourney_v6_1_00416,test,1,0.35025713,1
midjourney_v6_1_00417,test,1,0.19364168,0
midjourney_v6_1_00418,test,1,0.35025713,1
midjourney_v6_1_00419,test,1,0.061493862,0
midjourney_v6_1_00420,test,1,0.35025713,1
midjourney_v6_1_00421,test,1,0.35025713,1
midjourney_v6_1_00422,test,1,0.35025713,1
midjourney_v6_1_00423,test,1,0.35025713,1
midjourney_v6_1_00424,test,1,0.35025713,1
midjourney_v6_1_00425,test,1,0.20030467,0
midjourney_v6_1_00426,test,1,0.8624683,0
midjourney_v6_1_00427,test,1,0.42500612,0
midjourney_v6_1_00428,test,1,0.66074646,0
midjourney_v6_1_00429,test,1,0.35025713,1
midjourney_v6_1_00430,test,1,0.24036895,0
midjourney_v6_1_00431,test,1,0.35025713,1
midjourney_v6_1_00432,test,1,0.32566318,0
midjourney_v6_1_00433,test,1,0.35025713,1
midjourney_v6_1_00434,test,1,0.35025713,1
midjourney_v6_1_00435,test,1,0.35025713,1
midjourney_v6_1_00436,test,1,0.7600087,0
midjourney_v6_1_00437,test,1,0.11771745,0
midjourney_v6_1_00438,test,1,0.013234301,0
midjourney_v6_1_00439,test,1,0.21405706,0
midjourney_v6_1_00440,test,1,0.35025713,1
midjourney_v6_1_00441,test,1,0.35025713,1
midjourney_v6_1_00442,test,1,0.35025713,1
midjourney_v6_1_00443,test,1,0.35025713,1
midjourney_v6_1_00444,test,1,0.35025713,1
midjourney_v6_1_00445,test,1,0.35025713,1
midjourney_v6_1_00446,test,1,0.35025713,1
midjourney_v6_1_00447,test,1,0.3519825,0
midjourney_v6_1_00448,test,1,0.35025713,1
midjourney_v6_1_00449,test,1,0.85305536,0
midjourney_v6_1_00450,test,1,0.7891928,0
midjourney_v6_1_00451,test,1,0.2517985,0
midjourney_v6_1_00452,test,1,0.35025713,1
midjourney_v6_1_00453,test,1,0.9930282,0
midjourney_v6_1_00454,test,1,0.35025713,1
midjourney_v6_1_00455,test,1,0.6387922,0
midjourney_v6_1_00456,test,1,0.24894287,0
midjourney_v6_1_00457,test,1,0.35025713,1
midjourney_v6_1_00458,test,1,0.10322233,0
midjourney_v6_1_00459,test,1,0.13984503,0
midjourney_v6_1_00460,test,1,0.09706711,0
midjourney_v6_1_00461,test,1,0.041001655,0
midjourney_v6_1_00462,test,1,0.35025713,1
midjourney_v6_1_00463,test,1,0.45203567,0
midjourney_v6_1_00464,test,1,0.35025713,1
midjourney_v6_1_00465,test,1,0.17878294,0
midjourney_v6_1_00466,test,1,0.35025713,1
midjourney_v6_1_00467,test,1,0.35025713,1
midjourney_v6_1_00468,test,1,0.096410245,0
midjourney_v6_1_00469,test,1,0.8811812,0
midjourney_v6_1_00470,test,1,0.35025713,1
midjourney_v6_1_00471,test,1,0.62096244,0
midjourney_v6_1_00472,test,1,0.5924858,0
midjourney_v6_1_00473,test,1,0.28062603,0
midjourney_v6_1_00474,test,1,0.70658976,0
midjourney_v6_1_00475,test,1,0.18290864,0
midjourney_v6_1_00476,test,1,0.35025713,1
midjourney_v6_1_00477,test,1,0.35025713,1
midjourney_v6_1_00478,test,1,0.5363668,0
midjourney_v6_1_00479,test,1,0.4501456,0
midjourney_v6_1_00480,test,1,0.45190898,0
midjourney_v6_1_00481,test,1,0.35025713,1
midjourney_v6_1_00482,test,1,0.36339763,0
midjourney_v6_1_00483,test,1,0.35025713,1
midjourney_v6_1_00484,test,1,0.35025713,1
midjourney_v6_1_00485,test,1,0.29414815,0
midjourney_v6_1_00486,test,1,0.91810936,0
midjourney_v6_1_00487,test,1,0.14152227,0
midjourney_v6_1_00488,test,1,0.95533866,0
midjourney_v6_1_00489,test,1,0.11188862,0
midjourney_v6_1_00490,test,1,0.35025713,1
midjourney_v6_1_00491,test,1,0.88932014,0
midjourney_v6_1_00492,test,1,0.3841709,0
midjourney_v6_1_00493,test,1,0.97451925,0
midjourney_v6_1_00494,test,1,0.35025713,1
midjourney_v6_1_00495,test,1,0.35025713,1
midjourney_v6_1_00496,test,1,0.6198049,0
midjourney_v6_1_00497,test,1,0.35025713,1
midjourney_v6_1_00498,test,1,0.090692475,0
midjourney_v6_1_00499,test,1,0.0067562563,0
midjourney_v6_1_00500,test,1,0.35025713,1
midjourney_v6_1_00501,test,1,0.35025713,1
midjourney_v6_1_00502,test,1,0.9949478,0
midjourney_v6_1_00503,test,1,0.38784263,0
midjourney_v6_1_00504,test,1,0.74229217,0
midjourney_v6_1_00505,test,1,0.35025713,1
midjourney_v6_1_00506,test,1,0.058377642,0
midjourney_v6_1_00507,test,1,0.8566704,0
midjourney_v6_1_00508,test,1,0.6466061,0
midjourney_v6_1_00509,test,1,0.62744254,0
midjourney_v6_1_00510,test,1,0.021686219,0
midjourney_v6_1_00511,test,1,0.35025713,1
midjourney_v6_1_00512,test,1,0.95845675,0
midjourney_v6_1_00513,test,1,0.3704274,0
midjourney_v6_1_00514,test,1,0.41656372,0
midjourney_v6_1_00515,test,1,0.8406002,0
midjourney_v6_1_00516,test,1,0.3112219,0
midjourney_v6_1_00517,test,1,0.28939798,1
midjourney_v6_1_00518,test,1,0.08552754,0
midjourney_v6_1_00519,test,1,0.9044379,0
midjourney_v6_1_00520,test,1,0.35025713,1
midjourney_v6_1_00521,test,1,0.1359203,0
midjourney_v6_1_00522,test,1,0.35025713,1
midjourney_v6_1_00523,test,1,0.106562264,0
midjourney_v6_1_00524,test,1,0.35025713,1
midjourney_v6_1_00525,test,1,0.35025713,1
midjourney_v6_1_00526,test,1,0.35025713,1
midjourney_v6_1_00527,test,1,0.35025713,1
midjourney_v6_1_00528,test,1,0.089758836,0
midjourney_v6_1_00529,test,1,0.09203709,0
midjourney_v6_1_00530,test,1,0.060081422,0
midjourney_v6_1_00531,test,1,0.35025713,1
midjourney_v6_1_00532,test,1,0.24105097,0
midjourney_v6_1_00533,test,1,0.132496,0
midjourney_v6_1_00534,test,1,0.057920974,0
midjourney_v6_1_00535,test,1,0.031427212,0
midjourney_v6_1_00536,test,1,0.0178221,0
midjourney_v6_1_00537,test,1,0.20626965,0
midjourney_v6_1_00538,test,1,0.35025713,1
midjourney_v6_1_00539,test,1,0.37804174,0
midjourney_v6_1_00540,test,1,0.3607223,0
midjourney_v6_1_00541,test,1,0.06960586,0
midjourney_v6_1_00542,test,1,0.97785836,0
midjourney_v6_1_00543,test,1,0.35025713,1
midjourney_v6_1_00544,test,1,0.4163782,0
midjourney_v6_1_00545,test,1,0.9344474,0
midjourney_v6_1_00546,test,1,0.35025713,1
midjourney_v6_1_00547,test,1,0.31151116,0
midjourney_v6_1_00548,test,1,0.35025713,1
midjourney_v6_1_00549,test,1,0.35025713,1
midjourney_v6_1_00550,test,1,0.35025713,1
midjourney_v6_1_00551,test,1,0.35025713,1
midjourney_v6_1_00552,test,1,0.35025713,1
midjourney_v6_1_00553,test,1,0.3154971,1
midjourney_v6_1_00554,test,1,0.35025713,1
midjourney_v6_1_00555,test,1,0.35025713,1
midjourney_v6_1_00556,test,1,0.60355127,0
midjourney_v6_1_00557,test,1,0.08796775,0
midjourney_v6_1_00558,test,1,0.35025713,1
midjourney_v6_1_00559,test,1,0.35025713,1
midjourney_v6_1_00560,test,1,0.5844985,0
midjourney_v6_1_00561,test,1,0.37187505,0
midjourney_v6_1_00562,test,1,0.3477569,0
midjourney_v6_1_00563,test,1,0.35025713,1
midjourney_v6_1_00564,test,1,0.27473378,0
midjourney_v6_1_00565,test,1,0.87286,0
midjourney_v6_1_00566,test,1,0.35025713,1
midjourney_v6_1_00567,test,1,0.016918799,0
midjourney_v6_1_00568,test,1,0.35025713,1
midjourney_v6_1_00569,test,1,0.35025713,1
midjourney_v6_1_00570,test,1,0.35025713,1
midjourney_v6_1_00571,test,1,0.2618485,0
midjourney_v6_1_00572,test,1,0.694429,0
midjourney_v6_1_00573,test,1,0.011942573,0
midjourney_v6_1_00574,test,1,0.35025713,1
midjourney_v6_1_00575,test,1,0.35025713,1
midjourney_v6_1_00576,test,1,0.35025713,1
midjourney_v6_1_00577,test,1,0.49531835,0
midjourney_v6_1_00578,test,1,0.4951381,0
midjourney_v6_1_00579,test,1,0.7102228,0
midjourney_v6_1_00580,test,1,0.38732,0
midjourney_v6_1_00581,test,1,0.72572666,0
midjourney_v6_1_00582,test,1,0.022361826,0
midjourney_v6_1_00583,test,1,0.35025713,1
midjourney_v6_1_00584,test,1,0.6605101,0
midjourney_v6_1_00585,test,1,0.40439394,0
midjourney_v6_1_00586,test,1,0.044569124,0
midjourney_v6_1_00587,test,1,0.49017513,0
midjourney_v6_1_00588,test,1,0.37647414,0
midjourney_v6_1_00589,test,1,0.12732193,0
midjourney_v6_1_00590,test,1,0.16646008,0
midjourney_v6_1_00591,test,1,0.3137464,0
midjourney_v6_1_00592,test,1,0.20450678,0
midjourney_v6_1_00593,test,1,0.4354904,0
midjourney_v6_1_00594,test,1,0.35025713,1
midjourney_v6_1_00595,test,1,0.43261904,0
midjourney_v6_1_00596,test,1,0.32605597,0
midjourney_v6_1_00597,test,1,0.35025713,1
midjourney_v6_1_00598,test,1,0.35025713,1
midjourney_v6_1_00599,test,1,0.35025713,1
midjourney_v6_1_00600,test,1,0.35025713,1
midjourney_v6_1_00601,test,1,0.5953961,0
midjourney_v6_1_00602,test,1,0.0038861833,0
midjourney_v6_1_00603,test,1,0.9818923,0
midjourney_v6_1_00604,test,1,0.35025713,1
midjourney_v6_1_00605,test,1,0.35025713,1
midjourney_v6_1_00606,test,1,0.7204787,0
midjourney_v6_1_00607,test,1,0.6134937,0
midjourney_v6_1_00608,test,1,0.35025713,1
midjourney_v6_1_00609,test,1,0.75069404,0
midjourney_v6_1_00610,test,1,0.35025713,1
midjourney_v6_1_00611,test,1,0.35025713,1
midjourney_v6_1_00612,test,1,0.35025713,1
midjourney_v6_1_00613,test,1,0.35025713,1
midjourney_v6_1_00614,test,1,0.35025713,1
midjourney_v6_1_00615,test,1,0.32703924,0
midjourney_v6_1_00616,test,1,0.35025713,1
midjourney_v6_1_00617,test,1,0.9470133,0
midjourney_v6_1_00618,test,1,0.5869079,0
midjourney_v6_1_00619,test,1,0.96093875,0
midjourney_v6_1_00620,test,1,0.35025713,1
midjourney_v6_1_00621,test,1,0.43859854,0
midjourney_v6_1_00622,test,1,0.35025713,1
midjourney_v6_1_00623,test,1,0.35025713,1
midjourney_v6_1_00624,test,1,0.35025713,1
midjourney_v6_1_00625,test,1,0.86783683,0
midjourney_v6_1_00626,test,1,0.35025713,1
midjourney_v6_1_00627,test,1,0.35025713,1
midjourney_v6_1_00628,test,1,0.35025713,1
midjourney_v6_1_00629,test,1,0.35025713,1
midjourney_v6_1_00630,test,1,0.35025713,1
midjourney_v6_1_00631,test,1,0.35025713,1
midjourney_v6_1_00632,test,1,0.35025713,1
midjourney_v6_1_00633,test,1,0.7102817,0
midjourney_v6_1_00634,test,1,0.35025713,1
midjourney_v6_1_00635,test,1,0.12092863,0
midjourney_v6_1_00636,test,1,0.35025713,1
midjourney_v6_1_00637,test,1,0.555535,0
stable_diffusion_1_3_00000,test,1,0.8878494,0
stable_diffusion_1_3_00001,test,1,0.5747107,0
stable_diffusion_1_3_00002,test,1,0.35025713,1
stable_diffusion_1_3_00003,test,1,0.35025713,1
stable_diffusion_1_3_00004,test,1,0.07807825,0
stable_diffusion_1_3_00005,test,1,0.005529312,0
stable_diffusion_1_3_00006,test,1,0.013393113,0
stable_diffusion_1_3_00007,test,1,0.60769486,0
stable_diffusion_1_3_00008,test,1,0.35025713,1
stable_diffusion_1_3_00009,test,1,0.14382356,0
stable_diffusion_1_3_00010,test,1,0.28197753,0
stable_diffusion_1_3_00011,test,1,0.35025713,1
stable_diffusion_1_3_00012,test,1,0.0073442967,0
stable_diffusion_1_3_00013,test,1,0.11090028,0
stable_diffusion_1_3_00014,test,1,0.35025713,1
stable_diffusion_1_3_00015,test,1,0.17601356,0
stable_diffusion_1_3_00016,test,1,0.35025713,1
stable_diffusion_1_3_00017,test,1,0.0076916893,0
stable_diffusion_1_3_00018,test,1,0.35025713,1
stable_diffusion_1_3_00019,test,1,0.066005476,0
stable_diffusion_1_3_00020,test,1,0.7213815,0
stable_diffusion_1_3_00021,test,1,0.35025713,1
stable_diffusion_1_3_00022,test,1,0.17678316,0
stable_diffusion_1_3_00023,test,1,0.58626616,0
stable_diffusion_1_3_00024,test,1,0.35025713,1
stable_diffusion_1_3_00025,test,1,0.0068900427,0
stable_diffusion_1_3_00026,test,1,0.04726414,0
stable_diffusion_1_3_00027,test,1,0.35025713,1
stable_diffusion_1_3_00028,test,1,0.35025713,1
stable_diffusion_1_3_00029,test,1,0.35025713,1
stable_diffusion_1_3_00030,test,1,0.35417026,0
stable_diffusion_1_3_00031,test,1,0.35025713,1
stable_diffusion_1_3_00032,test,1,0.35025713,1
stable_diffusion_1_3_00033,test,1,0.35025713,1
stable_diffusion_1_3_00034,test,1,0.35025713,1
stable_diffusion_1_3_00035,test,1,0.0072896746,0
stable_diffusion_1_3_00036,test,1,0.09168339,0
stable_diffusion_1_3_00037,test,1,0.8748497,0
stable_diffusion_1_3_00038,test,1,0.1307304,0
stable_diffusion_1_3_00039,test,1,0.4265699,0
stable_diffusion_1_3_00040,test,1,0.010120623,0
stable_diffusion_1_3_00041,test,1,0.35025713,1
stable_diffusion_1_3_00042,test,1,0.35025713,1
stable_diffusion_1_3_00043,test,1,0.0013278933,0
stable_diffusion_1_3_00044,test,1,0.11507921,0
stable_diffusion_1_3_00045,test,1,0.7206075,0
stable_diffusion_1_3_00046,test,1,0.35025713,1
stable_diffusion_1_3_00047,test,1,0.35025713,1
stable_diffusion_1_3_00048,test,1,0.35025713,1
stable_diffusion_1_3_00049,test,1,0.5337051,0
stable_diffusion_1_3_00050,test,1,0.35025713,1
stable_diffusion_1_3_00051,test,1,0.3740147,0
stable_diffusion_1_3_00052,test,1,0.066945374,0
stable_diffusion_1_3_00053,test,1,0.35025713,1
stable_diffusion_1_3_00054,test,1,0.5376759,0
stable_diffusion_1_3_00055,test,1,0.6998239,0
stable_diffusion_1_3_00056,test,1,0.35025713,1
stable_diffusion_1_3_00057,test,1,0.35025713,1
stable_diffusion_1_3_00058,test,1,0.61884767,0
stable_diffusion_1_3_00059,test,1,0.35025713,1
stable_diffusion_1_3_00060,test,1,0.35025713,1
stable_diffusion_1_3_00061,test,1,0.35025713,1
stable_diffusion_1_3_00062,test,1,0.35025713,1
stable_diffusion_1_3_00063,test,1,0.35025713,1
stable_diffusion_1_3_00064,test,1,0.12232318,0
stable_diffusion_1_3_00065,test,1,0.103900865,0
stable_diffusion_1_3_00066,test,1,0.68713564,0
stable_diffusion_1_3_00067,test,1,0.35025713,1
stable_diffusion_1_3_00068,test,1,0.35025713,1
stable_diffusion_1_3_00069,test,1,0.35025713,1
stable_diffusion_1_3_00070,test,1,0.058670256,0
stable_diffusion_1_3_00071,test,1,0.35025713,1
stable_diffusion_1_3_00072,test,1,0.031682678,0
stable_diffusion_1_3_00073,test,1,0.7762114,0
stable_diffusion_1_3_00074,test,1,0.35025713,1
stable_diffusion_1_3_00075,test,1,0.35025713,1
stable_diffusion_1_3_00076,test,1,0.20690611,0
stable_diffusion_1_3_00077,test,1,0.19524555,0
stable_diffusion_1_3_00078,test,1,0.35025713,1
stable_diffusion_1_3_00079,test,1,0.03791084,0
stable_diffusion_1_3_00080,test,1,0.9848957,0
stable_diffusion_1_3_00081,test,1,0.24993165,0
stable_diffusion_1_3_00082,test,1,0.11441726,0
stable_diffusion_1_3_00083,test,1,0.012338971,0
stable_diffusion_1_3_00084,test,1,0.039209414,0
stable_diffusion_1_3_00085,test,1,0.35025713,1
stable_diffusion_1_3_00086,test,1,0.35025713,1
stable_diffusion_1_3_00087,test,1,0.84724486,0
stable_diffusion_1_3_00088,test,1,0.95132655,0
stable_diffusion_1_3_00089,test,1,0.35025713,1
stable_diffusion_1_3_00090,test,1,0.35025713,1
stable_diffusion_1_3_00091,test,1,0.35025713,1
stable_diffusion_1_3_00092,test,1,0.35025713,1
stable_diffusion_1_3_00093,test,1,0.35025713,1
stable_diffusion_1_3_00094,test,1,0.03144033,0
stable_diffusion_1_3_00095,test,1,0.21642838,0
stable_diffusion_1_3_00096,test,1,0.35025713,1
stable_diffusion_1_3_00097,test,1,0.061954748,0
stable_diffusion_1_3_00098,test,1,0.35025713,1
stable_diffusion_1_3_00099,test,1,0.35025713,1
stable_diffusion_1_3_00100,test,1,0.35025713,1
stable_diffusion_1_3_00101,test,1,0.9239097,0
stable_diffusion_1_3_00102,test,1,0.35025713,1
stable_diffusion_1_3_00103,test,1,0.13905205,0
stable_diffusion_1_3_00104,test,1,0.80518466,0
stable_diffusion_1_3_00105,test,1,0.0012563798,0
stable_diffusion_1_3_00106,test,1,0.9961785,0
stable_diffusion_1_3_00107,test,1,0.022179853,0
stable_diffusion_1_3_00108,test,1,0.35025713,1
stable_diffusion_1_3_00109,test,1,0.00893418,0
stable_diffusion_1_3_00110,test,1,0.35025713,1
stable_diffusion_1_3_00111,test,1,0.3835259,0
stable_diffusion_1_3_00112,test,1,0.11664035,0
stable_diffusion_1_3_00113,test,1,0.07725264,0
stable_diffusion_1_3_00114,test,1,0.16087851,0
stable_diffusion_1_3_00115,test,1,0.93510616,0
stable_diffusion_1_3_00116,test,1,0.14868952,0
stable_diffusion_1_3_00117,test,1,0.35025713,1
stable_diffusion_1_3_00118,test,1,0.23686436,0
stable_diffusion_1_3_00119,test,1,0.2897188,0
stable_diffusion_1_3_00120,test,1,0.1603631,0
stable_diffusion_1_3_00121,test,1,0.111601435,1
stable_diffusion_1_3_00122,test,1,0.2562576,0
stable_diffusion_1_3_00123,test,1,0.35025713,1
stable_diffusion_1_3_00124,test,1,0.012968012,0
stable_diffusion_1_3_00125,test,1,0.4807149,0
stable_diffusion_1_3_00126,test,1,0.35025713,1
stable_diffusion_1_3_00127,test,1,0.35025713,1
stable_diffusion_1_3_00128,test,1,0.024761667,0
stable_diffusion_1_3_00129,test,1,0.23190023,0
stable_diffusion_1_3_00130,test,1,0.14829591,0
stable_diffusion_1_3_00131,test,1,0.28063586,0
stable_diffusion_1_3_00132,test,1,0.35025713,1
stable_diffusion_1_3_00133,test,1,0.033540394,0
stable_diffusion_1_3_00134,test,1,0.21384856,0
stable_diffusion_1_3_00135,test,1,0.026090862,0
stable_diffusion_1_3_00136,test,1,0.35025713,1
stable_diffusion_1_3_00137,test,1,0.35025713,1
stable_diffusion_1_3_00138,test,1,0.35025713,1
stable_diffusion_1_3_00139,test,1,0.39252532,0
stable_diffusion_1_3_00140,test,1,0.16033216,0
stable_diffusion_1_3_00141,test,1,0.35025713,1
stable_diffusion_1_3_00142,test,1,0.35025713,1
stable_diffusion_1_3_00143,test,1,0.35025713,1
stable_diffusion_1_3_00144,test,1,0.030859347,0
stable_diffusion_1_3_00145,test,1,0.35025713,1
stable_diffusion_1_3_00146,test,1,0.35025713,1
stable_diffusion_1_3_00147,test,1,0.35025713,1
stable_diffusion_1_3_00148,test,1,0.060558166,0
stable_diffusion_1_3_00149,test,1,0.35025713,1
stable_diffusion_1_3_00150,test,1,0.35025713,1
stable_diffusion_1_3_00151,test,1,0.35025713,1
stable_diffusion_1_3_00152,test,1,0.35025713,1
stable_diffusion_1_3_00153,test,1,0.56518567,0
stable_diffusion_1_3_00154,test,1,0.35025713,1
stable_diffusion_1_3_00155,test,1,0.35025713,1
stable_diffusion_1_3_00156,test,1,0.35025713,1
stable_diffusion_1_3_00157,test,1,0.35025713,1
stable_diffusion_1_3_00158,test,1,0.54988194,1
stable_diffusion_1_3_00159,test,1,0.35025713,1
stable_diffusion_1_3_00160,test,1,0.35025713,1
stable_diffusion_1_3_00161,test,1,0.1297173,0
stable_diffusion_1_3_00162,test,1,0.35025713,1
stable_diffusion_1_3_00163,test,1,0.35025713,1
stable_diffusion_1_3_00164,test,1,0.13273877,0
stable_diffusion_1_3_00165,test,1,0.35025713,1
stable_diffusion_1_3_00166,test,1,0.67208296,0
stable_diffusion_1_3_00167,test,1,0.35025713,1
stable_diffusion_1_3_00168,test,1,0.21891302,0
stable_diffusion_1_3_00169,test,1,0.01470834,0
stable_diffusion_1_3_00170,test,1,0.35025713,1
stable_diffusion_1_3_00171,test,1,0.35025713,1
stable_diffusion_1_3_00172,test,1,0.06378761,0
stable_diffusion_1_3_00173,test,1,0.35025713,1
stable_diffusion_1_3_00174,test,1,0.35025713,1
stable_diffusion_1_3_00175,test,1,0.35025713,1
stable_diffusion_1_3_00176,test,1,0.35025713,1
stable_diffusion_1_3_00177,test,1,0.45849055,0
stable_diffusion_1_3_00178,test,1,0.35025713,1
stable_diffusion_1_3_00179,test,1,0.1329698,0
stable_diffusion_1_3_00180,test,1,0.35025713,1
stable_diffusion_1_3_00181,test,1,0.17479214,0
stable_diffusion_1_3_00182,test,1,0.35025713,1
stable_diffusion_1_3_00183,test,1,0.10922619,0
stable_diffusion_1_3_00184,test,1,0.18914308,0
stable_diffusion_1_3_00185,test,1,0.7397192,0
stable_diffusion_1_3_00186,test,1,0.0035241148,0
stable_diffusion_1_3_00187,test,1,0.35025713,1
stable_diffusion_1_3_00188,test,1,0.6309648,0
stable_diffusion_1_3_00189,test,1,0.35025713,1
stable_diffusion_1_3_00190,test,1,0.058955338,0
stable_diffusion_1_3_00191,test,1,0.4851859,0
stable_diffusion_1_3_00192,test,1,0.35025713,1
stable_diffusion_1_3_00193,test,1,0.4893104,0
stable_diffusion_1_3_00194,test,1,0.5192917,0
stable_diffusion_1_3_00195,test,1,0.35025713,1
stable_diffusion_1_3_00196,test,1,0.35025713,1
stable_diffusion_1_3_00197,test,1,0.35025713,1
stable_diffusion_1_3_00198,test,1,0.60108596,0
stable_diffusion_1_3_00199,test,1,0.35025713,1
stable_diffusion_1_3_00200,test,1,0.9780709,0
stable_diffusion_1_3_00201,test,1,0.35025713,1
stable_diffusion_1_3_00202,test,1,0.052950714,0
stable_diffusion_1_3_00203,test,1,0.2372973,0
stable_diffusion_1_3_00204,test,1,0.73768955,0
stable_diffusion_1_3_00205,test,1,0.21658984,0
stable_diffusion_1_3_00206,test,1,0.35025713,1
stable_diffusion_1_3_00207,test,1,0.35025713,1
stable_diffusion_1_3_00208,test,1,0.35025713,1
stable_diffusion_1_3_00209,test,1,0.35025713,1
stable_diffusion_1_3_00210,test,1,0.52469796,0
stable_diffusion_1_3_00211,test,1,0.32766727,0
stable_diffusion_1_3_00212,test,1,0.35025713,1
stable_diffusion_1_3_00213,test,1,0.82128024,0
stable_diffusion_1_3_00214,test,1,0.35025713,1
stable_diffusion_1_3_00215,test,1,0.35025713,1
stable_diffusion_1_3_00216,test,1,0.35025713,1
stable_diffusion_1_3_00217,test,1,0.35025713,1
stable_diffusion_1_3_00218,test,1,0.06728171,0
stable_diffusion_1_3_00219,test,1,0.032439202,0
stable_diffusion_1_3_00220,test,1,0.35025713,1
stable_diffusion_1_3_00221,test,1,0.35025713,1
stable_diffusion_1_3_00222,test,1,0.24144469,0
stable_diffusion_1_3_00223,test,1,0.35025713,1
stable_diffusion_1_3_00224,test,1,0.35025713,1
stable_diffusion_1_3_00225,test,1,0.76097935,0
stable_diffusion_1_3_00226,test,1,0.35025713,1
stable_diffusion_1_3_00227,test,1,0.35025713,1
stable_diffusion_1_3_00228,test,1,0.35025713,1
stable_diffusion_1_3_00229,test,1,0.029993303,0
stable_diffusion_1_3_00230,test,1,0.35025713,1
stable_diffusion_1_3_00231,test,1,0.24844702,0
stable_diffusion_1_3_00232,test,1,0.35025713,1
stable_diffusion_1_3_00233,test,1,0.13790636,0
stable_diffusion_1_3_00234,test,1,0.7327278,0
stable_diffusion_1_3_00235,test,1,0.35025713,1
stable_diffusion_1_3_00236,test,1,0.27980986,0
stable_diffusion_1_3_00237,test,1,0.1017606,0
stable_diffusion_1_3_00238,test,1,0.08869178,0
stable_diffusion_1_3_00239,test,1,0.9789565,0
stable_diffusion_1_3_00240,test,1,0.35025713,1
stable_diffusion_1_3_00241,test,1,0.7341878,0
stable_diffusion_1_3_00242,test,1,0.35025713,1
stable_diffusion_1_3_00243,test,1,0.35025713,1
stable_diffusion_1_3_00244,test,1,0.35025713,1
stable_diffusion_1_3_00245,test,1,0.35025713,1
stable_diffusion_1_3_00246,test,1,0.19376323,0
stable_diffusion_1_3_00247,test,1,0.35025713,1
stable_diffusion_1_3_00248,test,1,0.0629424,0
stable_diffusion_1_3_00249,test,1,0.28100762,1
stable_diffusion_1_3_00250,test,1,0.35025713,1
stable_diffusion_1_3_00251,test,1,0.35025713,1
stable_diffusion_1_3_00252,test,1,0.35025713,1
stable_diffusion_1_3_00253,test,1,0.21742007,0
stable_diffusion_1_3_00254,test,1,0.22479463,0
stable_diffusion_1_3_00255,test,1,0.35025713,1
stable_diffusion_1_3_00256,test,1,0.26762855,0
stable_diffusion_1_3_00257,test,1,0.35025713,1
stable_diffusion_1_3_00258,test,1,0.15990417,0
stable_diffusion_1_3_00259,test,1,0.35025713,1
stable_diffusion_1_3_00260,test,1,0.35025713,1
stable_diffusion_1_3_00261,test,1,0.35025713,1
stable_diffusion_1_3_00262,test,1,0.35025713,1
stable_diffusion_1_3_00263,test,1,0.35025713,1
stable_diffusion_1_3_00264,test,1,0.121024646,0
stable_diffusion_1_3_00265,test,1,0.35025713,1
stable_diffusion_1_3_00266,test,1,0.9560903,0
stable_diffusion_1_3_00267,test,1,0.022850195,0
stable_diffusion_1_3_00268,test,1,0.80995303,0
stable_diffusion_1_3_00269,test,1,0.35025713,1
stable_diffusion_1_3_00270,test,1,0.35025713,1
stable_diffusion_1_3_00271,test,1,0.35025713,1
stable_diffusion_1_3_00272,test,1,0.17079076,1
stable_diffusion_1_3_00273,test,1,0.07157187,0
stable_diffusion_1_3_00274,test,1,0.35025713,1
stable_diffusion_1_3_00275,test,1,0.35025713,1
stable_diffusion_1_3_00276,test,1,0.35025713,1
stable_diffusion_1_3_00277,test,1,0.9377943,0
stable_diffusion_1_3_00278,test,1,0.35025713,1
stable_diffusion_1_3_00279,test,1,0.35025713,1
stable_diffusion_1_3_00280,test,1,0.35025713,1
stable_diffusion_1_3_00281,test,1,0.21456634,0
stable_diffusion_1_3_00282,test,1,0.20075002,0
stable_diffusion_1_3_00283,test,1,0.14777143,0
stable_diffusion_1_3_00284,test,1,0.35025713,1
stable_diffusion_1_3_00285,test,1,0.35025713,1
stable_diffusion_1_3_00286,test,1,0.35025713,1
stable_diffusion_1_3_00287,test,1,0.31729877,0
stable_diffusion_1_3_00288,test,1,0.35025713,1
stable_diffusion_1_3_00289,test,1,0.19204554,0
stable_diffusion_1_3_00290,test,1,0.35025713,1
stable_diffusion_1_3_00291,test,1,0.013099271,0
stable_diffusion_1_3_00292,test,1,0.35025713,1
stable_diffusion_1_3_00293,test,1,0.25055236,0
stable_diffusion_1_3_00294,test,1,0.54438233,0
stable_diffusion_1_3_00295,test,1,0.0673219,0
stable_diffusion_1_3_00296,test,1,0.27710935,0
stable_diffusion_1_3_00297,test,1,0.1058896,0
stable_diffusion_1_3_00298,test,1,0.35025713,1
stable_diffusion_1_3_00299,test,1,0.35025713,1
stable_diffusion_1_3_00300,test,1,0.35025713,1
stable_diffusion_1_3_00301,test,1,0.068205245,0
stable_diffusion_1_3_00302,test,1,0.35025713,1
stable_diffusion_1_3_00303,test,1,0.35025713,1
stable_diffusion_1_3_00304,test,1,0.35025713,1
stable_diffusion_1_3_00305,test,1,0.47833976,0
stable_diffusion_1_3_00306,test,1,0.35025713,1
stable_diffusion_1_3_00307,test,1,0.35025713,1
stable_diffusion_1_3_00308,test,1,0.35025713,1
stable_diffusion_1_3_00309,test,1,0.35025713,1
stable_diffusion_1_3_00310,test,1,0.35025713,1
stable_diffusion_1_3_00311,test,1,0.35025713,1
stable_diffusion_1_3_00312,test,1,0.09500596,0
stable_diffusion_1_3_00313,test,1,0.12279907,0
stable_diffusion_1_3_00314,test,1,0.35025713,1
stable_diffusion_1_3_00315,test,1,0.35025713,1
stable_diffusion_1_3_00316,test,1,0.35025713,1
stable_diffusion_1_3_00317,test,1,0.35025713,1
stable_diffusion_1_3_00318,test,1,0.35025713,1
stable_diffusion_1_3_00319,test,1,0.039077412,0
stable_diffusion_1_3_00320,test,1,0.14985114,0
stable_diffusion_1_3_00321,test,1,0.35025713,1
stable_diffusion_1_3_00322,test,1,0.35025713,1
stable_diffusion_1_3_00323,test,1,0.5856317,0
stable_diffusion_1_3_00324,test,1,0.23926523,0
stable_diffusion_1_3_00325,test,1,0.35025713,1
stable_diffusion_1_3_00326,test,1,0.19728272,0
stable_diffusion_1_3_00327,test,1,0.6860206,0
stable_diffusion_1_3_00328,test,1,0.005921294,0
stable_diffusion_1_3_00329,test,1,0.35025713,1
stable_diffusion_1_3_00330,test,1,0.9467492,0
stable_diffusion_1_3_00331,test,1,0.005461986,0
stable_diffusion_1_3_00332,test,1,0.35025713,1
stable_diffusion_1_3_00333,test,1,0.18492202,0
stable_diffusion_1_3_00334,test,1,0.35025713,1
stable_diffusion_1_3_00335,test,1,0.18513243,0
stable_diffusion_1_3_00336,test,1,0.35025713,1
stable_diffusion_1_3_00337,test,1,0.35025713,1
stable_diffusion_1_3_00338,test,1,0.019861972,0
stable_diffusion_1_3_00339,test,1,0.35025713,1
stable_diffusion_1_3_00340,test,1,0.35025713,1
stable_diffusion_1_3_00341,test,1,0.07256569,0
stable_diffusion_1_3_00342,test,1,0.35025713,1
stable_diffusion_1_3_00343,test,1,0.16736862,0
stable_diffusion_1_3_00344,test,1,0.35025713,1
stable_diffusion_1_3_00345,test,1,0.08931898,0
stable_diffusion_1_3_00346,test,1,0.35025713,1
stable_diffusion_1_3_00347,test,1,0.38304922,0
stable_diffusion_1_3_00348,test,1,0.35025713,1
stable_diffusion_1_3_00349,test,1,0.35025713,1
stable_diffusion_1_3_00350,test,1,0.35025713,1
stable_diffusion_1_3_00351,test,1,0.35025713,1
stable_diffusion_1_3_00352,test,1,0.058999885,0
stable_diffusion_1_3_00353,test,1,0.35025713,1
stable_diffusion_1_3_00354,test,1,0.35025713,1
stable_diffusion_1_3_00355,test,1,0.35025713,1
stable_diffusion_1_3_00356,test,1,0.06176707,0
stable_diffusion_1_3_00357,test,1,0.35025713,1
stable_diffusion_1_3_00358,test,1,0.35025713,1
stable_diffusion_1_3_00359,test,1,0.3575313,0
stable_diffusion_1_3_00360,test,1,0.35025713,1
stable_diffusion_1_3_00361,test,1,0.29906562,0
stable_diffusion_1_3_00362,test,1,0.35025713,1
stable_diffusion_1_3_00363,test,1,0.35842717,0
stable_diffusion_1_3_00364,test,1,0.25304925,0
stable_diffusion_1_3_00365,test,1,0.35025713,1
stable_diffusion_1_3_00366,test,1,0.02369169,0
stable_diffusion_1_3_00367,test,1,0.35025713,1
stable_diffusion_1_3_00368,test,1,0.46452385,0
stable_diffusion_1_3_00369,test,1,0.08508201,1
stable_diffusion_1_3_00370,test,1,0.35025713,1
stable_diffusion_1_3_00371,test,1,0.35025713,1
stable_diffusion_1_3_00372,test,1,0.35025713,1
stable_diffusion_1_3_00373,test,1,0.22961536,0
stable_diffusion_1_3_00374,test,1,0.35025713,1
stable_diffusion_1_3_00375,test,1,0.35025713,1
stable_diffusion_1_3_00376,test,1,0.35025713,1
stable_diffusion_1_3_00377,test,1,0.35025713,1
stable_diffusion_1_3_00378,test,1,0.012920169,0
stable_diffusion_1_3_00379,test,1,0.35025713,1
stable_diffusion_1_3_00380,test,1,0.35025713,1
stable_diffusion_1_3_00381,test,1,0.35025713,1
stable_diffusion_1_3_00382,test,1,0.35025713,1
stable_diffusion_1_3_00383,test,1,0.35025713,1
stable_diffusion_1_3_00384,test,1,0.06961784,0
stable_diffusion_1_3_00385,test,1,0.35025713,1
stable_diffusion_1_3_00386,test,1,0.4150868,0
stable_diffusion_1_3_00387,test,1,0.35025713,1
stable_diffusion_1_3_00388,test,1,0.36751753,0
stable_diffusion_1_3_00389,test,1,0.7959627,0
stable_diffusion_1_3_00390,test,1,0.35025713,1
stable_diffusion_1_3_00391,test,1,0.037750546,0
stable_diffusion_1_3_00392,test,1,0.35025713,1
stable_diffusion_1_3_00393,test,1,0.35025713,1
stable_diffusion_1_3_00394,test,1,0.49076074,0
stable_diffusion_1_3_00395,test,1,0.35025713,1
stable_diffusion_1_3_00396,test,1,0.35025713,1
stable_diffusion_1_3_00397,test,1,0.08110279,0
stable_diffusion_1_3_00398,test,1,0.35025713,1
stable_diffusion_1_3_00399,test,1,0.31569383,0
stable_diffusion_1_3_00400,test,1,0.092734605,0
stable_diffusion_1_3_00401,test,1,0.35025713,1
stable_diffusion_1_3_00402,test,1,0.25290778,0
stable_diffusion_1_3_00403,test,1,0.10160685,0
stable_diffusion_1_3_00404,test,1,0.35025713,1
stable_diffusion_1_3_00405,test,1,0.027033335,0
stable_diffusion_1_3_00406,test,1,0.3421161,0
stable_diffusion_1_3_00407,test,1,0.35025713,1
stable_diffusion_1_3_00408,test,1,0.04909013,0
stable_diffusion_1_3_00409,test,1,0.35025713,1
stable_diffusion_1_3_00410,test,1,0.29272375,0
stable_diffusion_1_3_00411,test,1,0.21357203,0
stable_diffusion_1_3_00412,test,1,0.35025713,1
stable_diffusion_1_3_00413,test,1,0.06621908,0
stable_diffusion_1_3_00414,test,1,0.07475838,0
stable_diffusion_1_3_00415,test,1,0.51344734,0
stable_diffusion_1_3_00416,test,1,0.35025713,1
stable_diffusion_1_3_00417,test,1,0.6321844,0
stable_diffusion_1_3_00418,test,1,0.35025713,1
stable_diffusion_1_3_00419,test,1,0.725576,0
stable_diffusion_1_3_00420,test,1,0.35025713,1
stable_diffusion_1_3_00421,test,1,0.35025713,1
stable_diffusion_1_3_00422,test,1,0.35025713,1
stable_diffusion_1_3_00423,test,1,0.35025713,1
stable_diffusion_1_3_00424,test,1,0.35025713,1
stable_diffusion_1_3_00425,test,1,0.14336361,0
stable_diffusion_1_3_00426,test,1,0.35025713,1
stable_diffusion_1_3_00427,test,1,0.3485861,0
stable_diffusion_1_3_00428,test,1,0.12245485,0
stable_diffusion_1_3_00429,test,1,0.040835127,0
stable_diffusion_1_3_00430,test,1,0.35025713,1
stable_diffusion_1_3_00431,test,1,0.35025713,1
stable_diffusion_1_3_00432,test,1,0.35025713,1
stable_diffusion_1_3_00433,test,1,0.35025713,1
stable_diffusion_1_3_00434,test,1,0.35025713,1
stable_diffusion_1_3_00435,test,1,0.35025713,1
stable_diffusion_1_3_00436,test,1,0.35025713,1
stable_diffusion_1_3_00437,test,1,0.13308263,0
stable_diffusion_1_3_00438,test,1,0.35025713,1
stable_diffusion_1_3_00439,test,1,0.93590736,0
stable_diffusion_1_3_00440,test,1,0.35025713,1
stable_diffusion_1_3_00441,test,1,0.35025713,1
stable_diffusion_1_3_00442,test,1,0.44657242,0
stable_diffusion_1_3_00443,test,1,0.6931222,0
stable_diffusion_1_3_00444,test,1,0.35025713,1
stable_diffusion_1_3_00445,test,1,0.097175784,0
stable_diffusion_1_3_00446,test,1,0.8292184,0
stable_diffusion_1_3_00447,test,1,0.35025713,1
stable_diffusion_1_3_00448,test,1,0.0026706553,0
stable_diffusion_1_3_00449,test,1,0.35025713,1
stable_diffusion_1_3_00450,test,1,0.35025713,1
stable_diffusion_1_3_00451,test,1,0.35025713,1
stable_diffusion_1_3_00452,test,1,0.8336495,0
stable_diffusion_1_3_00453,test,1,0.91735905,0
stable_diffusion_1_3_00454,test,1,0.35025713,1
stable_diffusion_1_3_00455,test,1,0.35025713,1
stable_diffusion_1_3_00456,test,1,0.21591443,0
stable_diffusion_1_3_00457,test,1,0.35025713,1
stable_diffusion_1_3_00458,test,1,0.35025713,1
stable_diffusion_1_3_00459,test,1,0.46237627,0
stable_diffusion_1_3_00460,test,1,0.35025713,1
stable_diffusion_1_3_00461,test,1,0.7987194,0
stable_diffusion_1_3_00462,test,1,0.35025713,1
stable_diffusion_1_3_00463,test,1,0.51119685,0
stable_diffusion_1_3_00464,test,1,0.35025713,1
stable_diffusion_1_3_00465,test,1,0.35025713,1
stable_diffusion_1_3_00466,test,1,0.09872852,0
stable_diffusion_1_3_00467,test,1,0.35025713,1
stable_diffusion_1_3_00468,test,1,0.35025713,1
stable_diffusion_1_3_00469,test,1,0.915781,0
stable_diffusion_1_3_00470,test,1,0.35025713,1
stable_diffusion_1_3_00471,test,1,0.16983382,0
stable_diffusion_1_3_00472,test,1,0.35025713,1
stable_diffusion_1_3_00473,test,1,0.0010621379,0
stable_diffusion_1_3_00474,test,1,0.35025713,1
stable_diffusion_1_3_00475,test,1,0.35025713,1
stable_diffusion_1_3_00476,test,1,0.074546665,0
stable_diffusion_1_3_00477,test,1,0.35025713,1
stable_diffusion_1_3_00478,test,1,0.35025713,1
stable_diffusion_1_3_00479,test,1,0.9701176,0
stable_diffusion_1_3_00480,test,1,0.25445035,0
stable_diffusion_1_3_00481,test,1,0.63191944,0
stable_diffusion_1_3_00482,test,1,0.35025713,1
stable_diffusion_1_3_00483,test,1,0.8736019,0
stable_diffusion_1_3_00484,test,1,0.35025713,1
stable_diffusion_1_3_00485,test,1,0.35025713,1
stable_diffusion_1_3_00486,test,1,0.02219056,0
stable_diffusion_1_3_00487,test,1,0.35025713,1
stable_diffusion_1_3_00488,test,1,0.28562102,0
stable_diffusion_1_3_00489,test,1,0.35025713,1
stable_diffusion_1_3_00490,test,1,0.52214164,0
stable_diffusion_1_3_00491,test,1,0.35025713,1
stable_diffusion_1_3_00492,test,1,0.35025713,1
stable_diffusion_1_3_00493,test,1,0.019073118,0
stable_diffusion_1_3_00494,test,1,0.35025713,1
stable_diffusion_1_3_00495,test,1,0.024935927,0
stable_diffusion_1_3_00496,test,1,0.39186072,0
stable_diffusion_1_3_00497,test,1,0.96379286,0
stable_diffusion_1_3_00498,test,1,0.35025713,1
stable_diffusion_1_3_00499,test,1,0.35025713,1
stable_diffusion_1_3_00500,test,1,0.35025713,1
stable_diffusion_1_3_00501,test,1,0.31845087,0
stable_diffusion_1_3_00502,test,1,0.062141333,0
stable_diffusion_1_3_00503,test,1,0.47268325,0
stable_diffusion_1_3_00504,test,1,0.0023887085,0
stable_diffusion_1_3_00505,test,1,0.44515455,0
stable_diffusion_1_3_00506,test,1,0.013874488,0
stable_diffusion_1_3_00507,test,1,0.35025713,1
stable_diffusion_1_3_00508,test,1,0.32852477,0
stable_diffusion_1_3_00509,test,1,0.35025713,1
stable_diffusion_1_3_00510,test,1,0.35025713,1
stable_diffusion_1_3_00511,test,1,0.20272137,1
stable_diffusion_1_3_00512,test,1,0.3231241,0
stable_diffusion_1_3_00513,test,1,0.35025713,1
stable_diffusion_1_3_00514,test,1,0.35025713,1
stable_diffusion_1_3_00515,test,1,0.35025713,1
stable_diffusion_1_3_00516,test,1,0.35025713,1
stable_diffusion_1_3_00517,test,1,0.35025713,1
stable_diffusion_1_3_00518,test,1,0.3445784,0
stable_diffusion_1_3_00519,test,1,0.07064593,0
stable_diffusion_1_3_00520,test,1,0.35025713,1
stable_diffusion_1_3_00521,test,1,0.036495965,0
stable_diffusion_1_3_00522,test,1,0.35025713,1
stable_diffusion_1_3_00523,test,1,0.039668947,0
stable_diffusion_1_3_00524,test,1,0.35025713,1
stable_diffusion_1_3_00525,test,1,0.05243756,1
stable_diffusion_1_3_00526,test,1,0.35025713,1
stable_diffusion_1_3_00527,test,1,0.05107033,0
stable_diffusion_1_3_00528,test,1,0.77007353,0
stable_diffusion_1_3_00529,test,1,0.35025713,1
stable_diffusion_1_3_00530,test,1,0.35025713,1
stable_diffusion_1_3_00531,test,1,0.35025713,1
stable_diffusion_1_3_00532,test,1,0.13369137,0
stable_diffusion_1_3_00533,test,1,0.42755815,0
stable_diffusion_1_3_00534,test,1,0.35025713,1
stable_diffusion_1_3_00535,test,1,0.35025713,1
stable_diffusion_1_3_00536,test,1,0.35025713,1
stable_diffusion_1_3_00537,test,1,0.9430653,0
stable_diffusion_1_3_00538,test,1,0.112365216,0
stable_diffusion_1_3_00539,test,1,0.35025713,1
stable_diffusion_1_3_00540,test,1,0.35025713,1
stable_diffusion_1_3_00541,test,1,0.067809984,0
stable_diffusion_1_3_00542,test,1,0.8909404,0
stable_diffusion_1_3_00543,test,1,0.05901132,0
stable_diffusion_1_3_00544,test,1,0.55032444,0
stable_diffusion_1_3_00545,test,1,0.13485031,0
stable_diffusion_1_3_00546,test,1,0.35025713,1
stable_diffusion_1_3_00547,test,1,0.21695857,0
stable_diffusion_1_3_00548,test,1,0.35025713,1
stable_diffusion_1_3_00549,test,1,0.84519786,0
stable_diffusion_1_3_00550,test,1,0.35025713,1
stable_diffusion_1_3_00551,test,1,0.040809058,0
stable_diffusion_1_3_00552,test,1,0.13911964,0
stable_diffusion_1_3_00553,test,1,0.35025713,1
stable_diffusion_1_3_00554,test,1,0.8295585,0
stable_diffusion_1_3_00555,test,1,0.35025713,1
stable_diffusion_1_3_00556,test,1,0.35025713,1
stable_diffusion_1_3_00557,test,1,0.22322638,0
stable_diffusion_1_3_00558,test,1,0.59664863,0
stable_diffusion_1_3_00559,test,1,0.35025713,1
stable_diffusion_1_3_00560,test,1,0.35025713,1
stable_diffusion_1_3_00561,test,1,0.08686456,0
stable_diffusion_1_3_00562,test,1,0.43320656,0
stable_diffusion_1_3_00563,test,1,0.21295339,1
stable_diffusion_1_3_00564,test,1,0.35025713,1
stable_diffusion_1_3_00565,test,1,0.19103117,1
stable_diffusion_1_3_00566,test,1,0.35025713,1
stable_diffusion_1_3_00567,test,1,0.06329128,0
stable_diffusion_1_3_00568,test,1,0.35025713,1
stable_diffusion_1_3_00569,test,1,0.4045051,0
stable_diffusion_1_3_00570,test,1,0.35025713,1
stable_diffusion_1_3_00571,test,1,0.05335248,0
stable_diffusion_1_3_00572,test,1,0.49649197,0
stable_diffusion_1_3_00573,test,1,0.56271404,0
stable_diffusion_1_3_00574,test,1,0.604122,0
stable_diffusion_1_3_00575,test,1,0.15764119,0
stable_diffusion_1_3_00576,test,1,0.5985618,0
stable_diffusion_1_3_00577,test,1,0.35025713,1
stable_diffusion_1_3_00578,test,1,0.13562638,0
stable_diffusion_1_3_00579,test,1,0.93097043,0
stable_diffusion_1_3_00580,test,1,0.35025713,1
stable_diffusion_1_3_00581,test,1,9.880323e-05,0
stable_diffusion_1_3_00582,test,1,0.35025713,1
stable_diffusion_1_3_00583,test,1,0.30590868,0
stable_diffusion_1_3_00584,test,1,0.35025713,1
stable_diffusion_1_3_00585,test,1,0.35025713,1
stable_diffusion_1_3_00586,test,1,0.15380688,0
stable_diffusion_1_3_00587,test,1,0.32172224,0
stable_diffusion_1_3_00588,test,1,0.2885716,0
stable_diffusion_1_3_00589,test,1,0.7533907,0
stable_diffusion_1_3_00590,test,1,0.35025713,1
stable_diffusion_1_3_00591,test,1,0.10201552,0
stable_diffusion_1_3_00592,test,1,0.09357838,0
stable_diffusion_1_3_00593,test,1,0.35025713,1
stable_diffusion_1_3_00594,test,1,0.06414178,0
stable_diffusion_1_3_00595,test,1,0.35025713,1
stable_diffusion_1_3_00596,test,1,0.35025713,1
stable_diffusion_1_3_00597,test,1,0.15088998,0
stable_diffusion_1_3_00598,test,1,0.13517539,0
stable_diffusion_1_3_00599,test,1,0.35025713,1
stable_diffusion_1_3_00600,test,1,0.35025713,1
stable_diffusion_1_3_00601,test,1,0.13392879,0
stable_diffusion_1_3_00602,test,1,0.7006462,0
stable_diffusion_1_3_00603,test,1,0.35025713,1
stable_diffusion_1_3_00604,test,1,0.20410028,0
stable_diffusion_1_3_00605,test,1,0.35025713,1
stable_diffusion_1_3_00606,test,1,0.35025713,1
stable_diffusion_1_3_00607,test,1,0.044823397,0
stable_diffusion_1_3_00608,test,1,0.35025713,1
stable_diffusion_1_3_00609,test,1,0.08795229,0
stable_diffusion_1_3_00610,test,1,0.14914833,0
stable_diffusion_1_3_00611,test,1,0.35025713,1
stable_diffusion_1_3_00612,test,1,0.9203832,0
stable_diffusion_1_3_00613,test,1,0.35025713,1
stable_diffusion_1_3_00614,test,1,0.35025713,1
stable_diffusion_1_3_00615,test,1,0.32059127,0
stable_diffusion_1_3_00616,test,1,0.718964,0
stable_diffusion_1_3_00617,test,1,0.35025713,1
stable_diffusion_1_3_00618,test,1,0.03392322,0
stable_diffusion_1_3_00619,test,1,0.35025713,1
stable_diffusion_1_3_00620,test,1,0.35025713,1
stable_diffusion_1_3_00621,test,1,0.35025713,1
stable_diffusion_1_3_00622,test,1,0.81324,0
stable_diffusion_1_3_00623,test,1,0.06205166,0
stable_diffusion_1_3_00624,test,1,0.35025713,1
stable_diffusion_1_3_00625,test,1,0.48418328,0
stable_diffusion_1_3_00626,test,1,0.049416553,0
stable_diffusion_1_3_00627,test,1,0.35025713,1
stable_diffusion_1_3_00628,test,1,0.35025713,1
stable_diffusion_1_3_00629,test,1,0.51510674,0
stable_diffusion_1_3_00630,test,1,0.066232026,0
stable_diffusion_1_3_00631,test,1,0.04028605,0
stable_diffusion_1_3_00632,test,1,0.35025713,1
stable_diffusion_1_3_00633,test,1,0.35025713,1
stable_diffusion_1_3_00634,test,1,0.14057237,0
stable_diffusion_1_3_00635,test,1,0.35025713,1
stable_diffusion_1_3_00636,test,1,0.9413012,0
stable_diffusion_1_3_00637,test,1,0.35025713,1
stable_diffusion_1_3_00638,test,1,0.35025713,1
stable_diffusion_1_3_00639,test,1,0.35025713,1
stable_diffusion_1_3_00640,test,1,0.6570366,0
stable_diffusion_1_3_00641,test,1,0.35025713,1
stable_diffusion_1_3_00642,test,1,0.009577031,0
stable_diffusion_1_3_00643,test,1,0.52779,0
stable_diffusion_1_3_00644,test,1,0.0013613013,0
stable_diffusion_1_3_00645,test,1,0.3466051,0
stable_diffusion_1_3_00646,test,1,0.35025713,1
stable_diffusion_1_3_00647,test,1,0.35025713,1
stable_diffusion_1_3_00648,test,1,0.35025713,1
stable_diffusion_1_3_00649,test,1,0.35025713,1
stable_diffusion_1_3_00650,test,1,0.35025713,1
stable_diffusion_1_3_00651,test,1,0.35025713,1
stable_diffusion_1_3_00652,test,1,0.44461742,0
stable_diffusion_1_3_00653,test,1,0.7584972,0
stable_diffusion_1_3_00654,test,1,0.35025713,1
stable_diffusion_1_3_00655,test,1,0.35025713,1
stable_diffusion_1_3_00656,test,1,0.16083789,0
stable_diffusion_1_3_00657,test,1,0.103941984,0
stable_diffusion_1_3_00658,test,1,0.35025713,1
stable_diffusion_1_3_00659,test,1,0.07885911,0
stable_diffusion_1_3_00660,test,1,0.14661479,1
stable_diffusion_1_3_00661,test,1,0.35025713,1
stable_diffusion_1_3_00662,test,1,0.0002828565,0
stable_diffusion_1_3_00663,test,1,0.35025713,1
stable_diffusion_1_3_00664,test,1,0.25505567,0
stable_diffusion_1_3_00665,test,1,0.5528631,0
stable_diffusion_1_3_00666,test,1,0.35025713,1
stable_diffusion_1_3_00667,test,1,0.5924826,0
stable_diffusion_1_3_00668,test,1,0.73583364,0
stable_diffusion_1_3_00669,test,1,0.35025713,1
stable_diffusion_1_3_00670,test,1,0.12830475,0
stable_diffusion_1_3_00671,test,1,0.05669844,0
stable_diffusion_1_3_00672,test,1,0.35025713,1
stable_diffusion_1_3_00673,test,1,0.35025713,1
stable_diffusion_1_3_00674,test,1,0.013046878,0
stable_diffusion_1_3_00675,test,1,0.3716478,0
stable_diffusion_1_3_00676,test,1,0.35025713,1
stable_diffusion_1_3_00677,test,1,0.35025713,1
stable_diffusion_1_3_00678,test,1,0.01334368,0
stable_diffusion_1_3_00679,test,1,0.453574,0
stable_diffusion_1_3_00680,test,1,0.4038091,0
stable_diffusion_1_3_00681,test,1,0.08721139,0
stable_diffusion_1_3_00682,test,1,0.12297037,0
stable_diffusion_1_3_00683,test,1,0.35025713,1
stable_diffusion_1_3_00684,test,1,0.35025713,1
stable_diffusion_1_3_00685,test,1,0.35025713,1
stable_diffusion_1_3_00686,test,1,0.35025713,1
stable_diffusion_1_3_00687,test,1,0.35025713,1
stable_diffusion_1_3_00688,test,1,0.35025713,1
stable_diffusion_1_3_00689,test,1,0.35025713,1
stable_diffusion_1_3_00690,test,1,0.7923905,0
stable_diffusion_1_3_00691,test,1,0.013552061,0
stable_diffusion_1_3_00692,test,1,0.12773275,0
stable_diffusion_1_3_00693,test,1,0.35025713,1
stable_diffusion_1_3_00694,test,1,0.18503237,0
stable_diffusion_1_3_00695,test,1,0.0511547,0
stable_diffusion_1_3_00696,test,1,0.35025713,1
stable_diffusion_1_3_00697,test,1,0.11663195,0
stable_diffusion_1_3_00698,test,1,0.35025713,1
stable_diffusion_1_3_00699,test,1,0.35025713,1
stable_diffusion_1_3_00700,test,1,0.35025713,1
stable_diffusion_1_3_00701,test,1,0.35025713,1
stable_diffusion_1_3_00702,test,1,0.35025713,1
stable_diffusion_1_3_00703,test,1,0.0061198543,0
stable_diffusion_1_3_00704,test,1,0.082349464,0
stable_diffusion_1_3_00705,test,1,0.03368267,0
stable_diffusion_1_3_00706,test,1,0.24386214,0
stable_diffusion_1_3_00707,test,1,0.35025713,1
stable_diffusion_1_3_00708,test,1,0.6964707,0
stable_diffusion_1_3_00709,test,1,0.35025713,1
stable_diffusion_1_3_00710,test,1,0.23357789,0
stable_diffusion_1_3_00711,test,1,0.0007818462,0
stable_diffusion_1_3_00712,test,1,0.88148075,0
stable_diffusion_1_3_00713,test,1,0.35025713,1
stable_diffusion_1_3_00714,test,1,0.8020339,0
stable_diffusion_1_3_00715,test,1,0.0032930123,0
stable_diffusion_1_3_00716,test,1,0.35025713,1
stable_diffusion_1_3_00717,test,1,0.016153866,0
stable_diffusion_1_3_00718,test,1,0.35025713,1
stable_diffusion_1_3_00719,test,1,0.02275592,0
stable_diffusion_1_3_00720,test,1,0.24844782,0
stable_diffusion_1_3_00721,test,1,0.35025713,1
stable_diffusion_1_3_00722,test,1,0.35025713,1
stable_diffusion_1_3_00723,test,1,0.35025713,1
stable_diffusion_1_3_00724,test,1,0.35025713,1
stable_diffusion_1_3_00725,test,1,0.047513753,0
stable_diffusion_1_3_00726,test,1,0.09666232,0
stable_diffusion_1_3_00727,test,1,0.35025713,1
stable_diffusion_1_3_00728,test,1,0.35025713,1
stable_diffusion_1_3_00729,test,1,0.3073885,1
stable_diffusion_1_3_00730,test,1,0.36739337,0
stable_diffusion_1_3_00731,test,1,0.35025713,1
stable_diffusion_1_3_00732,test,1,0.16998011,0
stable_diffusion_1_3_00733,test,1,0.35025713,1
stable_diffusion_1_3_00734,test,1,0.35025713,1
stable_diffusion_1_3_00735,test,1,0.028856296,0
stable_diffusion_1_3_00736,test,1,0.35025713,1
stable_diffusion_1_3_00737,test,1,0.060448702,0
stable_diffusion_1_3_00738,test,1,0.35025713,1
stable_diffusion_1_3_00739,test,1,0.35025713,1
stable_diffusion_1_3_00740,test,1,0.8968488,0
stable_diffusion_1_3_00741,test,1,0.35025713,1
stable_diffusion_1_3_00742,test,1,0.37950367,0
stable_diffusion_1_3_00743,test,1,0.35025713,1
stable_diffusion_1_3_00744,test,1,0.35025713,1
stable_diffusion_1_3_00745,test,1,0.04394076,0
stable_diffusion_1_3_00746,test,1,0.35025713,1
stable_diffusion_1_3_00747,test,1,0.35025713,1
stable_diffusion_1_3_00748,test,1,0.28460923,0
stable_diffusion_1_3_00749,test,1,0.5166354,0
stable_diffusion_1_3_00750,test,1,0.35025713,1
stable_diffusion_1_3_00751,test,1,0.2733806,0
stable_diffusion_1_3_00752,test,1,0.9691085,0
stable_diffusion_1_3_00753,test,1,0.35025713,1
stable_diffusion_1_3_00754,test,1,0.35025713,1
stable_diffusion_1_3_00755,test,1,0.24038605,0
stable_diffusion_1_3_00756,test,1,0.35025713,1
stable_diffusion_1_3_00757,test,1,0.32329202,0
stable_diffusion_1_3_00758,test,1,0.23943432,0
stable_diffusion_1_3_00759,test,1,0.12530309,0
stable_diffusion_1_3_00760,test,1,0.010294168,0
stable_diffusion_1_3_00761,test,1,0.35025713,1
stable_diffusion_1_3_00762,test,1,0.41429302,0
stable_diffusion_1_3_00763,test,1,0.35025713,1
stable_diffusion_1_3_00764,test,1,0.35025713,1
stable_diffusion_1_3_00765,test,1,0.0037813345,0
stable_diffusion_1_3_00766,test,1,0.35025713,1
stable_diffusion_1_3_00767,test,1,0.35025713,1
stable_diffusion_1_3_00768,test,1,0.35025713,1
stable_diffusion_1_3_00769,test,1,0.35025713,1
stable_diffusion_1_3_00770,test,1,0.4211481,0
stable_diffusion_1_3_00771,test,1,0.35025713,1
stable_diffusion_1_3_00772,test,1,0.35025713,1
stable_diffusion_1_3_00773,test,1,0.35025713,1
stable_diffusion_1_3_00774,test,1,0.35025713,1
stable_diffusion_1_3_00775,test,1,0.8025085,0
stable_diffusion_1_3_00776,test,1,0.40452033,0
stable_diffusion_1_3_00777,test,1,0.2682116,0
stable_diffusion_1_3_00778,test,1,0.09131731,0
stable_diffusion_1_3_00779,test,1,0.35025713,1
stable_diffusion_1_3_00780,test,1,0.35025713,1
stable_diffusion_1_3_00781,test,1,0.1926217,0
stable_diffusion_1_3_00782,test,1,0.35025713,1
stable_diffusion_1_3_00783,test,1,0.35025713,1
stable_diffusion_1_3_00784,test,1,0.35025713,1
stable_diffusion_1_3_00785,test,1,0.11589061,0
stable_diffusion_1_3_00786,test,1,0.0035761101,0
stable_diffusion_1_3_00787,test,1,0.35025713,1
stable_diffusion_1_3_00788,test,1,0.9864016,0
stable_diffusion_1_3_00789,test,1,0.98451984,0
stable_diffusion_1_3_00790,test,1,0.15813792,0
stable_diffusion_1_3_00791,test,1,0.23889309,0
stable_diffusion_1_3_00792,test,1,0.04170697,0
stable_diffusion_1_3_00793,test,1,0.35025713,1
stable_diffusion_1_3_00794,test,1,0.35025713,1
stable_diffusion_1_3_00795,test,1,0.5797404,0
stable_diffusion_1_3_00796,test,1,0.92553216,0
stable_diffusion_1_3_00797,test,1,0.013386783,0
stable_diffusion_1_3_00798,test,1,0.35025713,1
stable_diffusion_1_3_00799,test,1,0.35025713,1
stable_diffusion_1_3_00800,test,1,0.070608236,0
stable_diffusion_1_3_00801,test,1,0.35025713,1
stable_diffusion_1_3_00802,test,1,0.35025713,1
stable_diffusion_1_3_00803,test,1,0.35025713,1
stable_diffusion_1_3_00804,test,1,0.35025713,1
stable_diffusion_1_3_00805,test,1,0.35025713,1
stable_diffusion_1_3_00806,test,1,0.35025713,1
stable_diffusion_1_3_00807,test,1,0.20262589,0
stable_diffusion_1_3_00808,test,1,0.08430588,0
stable_diffusion_1_3_00809,test,1,0.35025713,1
stable_diffusion_1_3_00810,test,1,0.35025713,1
stable_diffusion_1_3_00811,test,1,0.35025713,1
stable_diffusion_1_3_00812,test,1,0.35025713,1
stable_diffusion_1_3_00813,test,1,0.19885398,0
stable_diffusion_1_3_00814,test,1,0.35025713,1
stable_diffusion_1_3_00815,test,1,0.20665279,0
stable_diffusion_1_3_00816,test,1,0.009306253,0
stable_diffusion_1_3_00817,test,1,0.35025713,1
stable_diffusion_1_3_00818,test,1,0.35025713,1
stable_diffusion_1_3_00819,test,1,0.35025713,1
stable_diffusion_1_3_00820,test,1,0.35025713,1
stable_diffusion_1_3_00821,test,1,0.29666042,0
stable_diffusion_1_3_00822,test,1,0.35025713,1
stable_diffusion_1_3_00823,test,1,0.35025713,1
stable_diffusion_1_3_00824,test,1,0.025890542,0
stable_diffusion_1_3_00825,test,1,0.35025713,1
stable_diffusion_1_3_00826,test,1,0.06600705,0
stable_diffusion_1_3_00827,test,1,0.35025713,1
stable_diffusion_1_3_00828,test,1,0.008042948,0
stable_diffusion_1_3_00829,test,1,0.35025713,1
stable_diffusion_1_3_00830,test,1,0.81907946,0
stable_diffusion_1_3_00831,test,1,0.35025713,1
stable_diffusion_1_3_00832,test,1,0.35025713,1
stable_diffusion_1_3_00833,test,1,0.35025713,1
stable_diffusion_1_3_00834,test,1,0.35025713,1
stable_diffusion_1_3_00835,test,1,0.35025713,1
stable_diffusion_1_3_00836,test,1,0.561859,0
stable_diffusion_1_3_00837,test,1,0.35025713,1
stable_diffusion_1_3_00838,test,1,0.35025713,1
stable_diffusion_1_3_00839,test,1,0.35025713,1
stable_diffusion_1_3_00840,test,1,0.35025713,1
stable_diffusion_1_3_00841,test,1,0.35025713,1
stable_diffusion_1_3_00842,test,1,0.08386122,0
stable_diffusion_1_3_00843,test,1,0.2049855,0
stable_diffusion_1_3_00844,test,1,0.01079471,0
stable_diffusion_1_3_00845,test,1,0.35025713,1
stable_diffusion_1_3_00846,test,1,0.061209284,0
stable_diffusion_1_3_00847,test,1,0.35025713,1
stable_diffusion_1_3_00848,test,1,0.3487019,0
stable_diffusion_1_3_00849,test,1,0.35025713,1
stable_diffusion_1_3_00850,test,1,0.35025713,1
stable_diffusion_1_3_00851,test,1,0.16206081,0
stable_diffusion_1_3_00852,test,1,0.115881555,0
stable_diffusion_1_3_00853,test,1,0.94653654,0
stable_diffusion_1_3_00854,test,1,0.46649063,0
stable_diffusion_1_3_00855,test,1,0.030868335,0
stable_diffusion_1_3_00856,test,1,0.006283792,0
stable_diffusion_1_3_00857,test,1,0.35025713,1
stable_diffusion_1_3_00858,test,1,0.014749817,0
stable_diffusion_1_3_00859,test,1,0.35025713,1
stable_diffusion_1_3_00860,test,1,0.35025713,1
stable_diffusion_1_3_00861,test,1,0.7976317,0
stable_diffusion_1_3_00862,test,1,0.7764803,0
stable_diffusion_1_3_00863,test,1,0.078029804,0
stable_diffusion_1_3_00864,test,1,0.10691763,0
stable_diffusion_1_3_00865,test,1,0.35025713,1
stable_diffusion_1_3_00866,test,1,0.35025713,1
stable_diffusion_1_3_00867,test,1,0.6228507,0
stable_diffusion_1_3_00868,test,1,0.3980941,0
stable_diffusion_1_3_00869,test,1,0.35025713,1
stable_diffusion_1_3_00870,test,1,0.15408525,0
stable_diffusion_1_3_00871,test,1,0.3368666,0
stable_diffusion_1_3_00872,test,1,0.35025713,1
stable_diffusion_1_3_00873,test,1,0.21994181,0
stable_diffusion_1_3_00874,test,1,0.35025713,1
stable_diffusion_1_3_00875,test,1,0.35025713,1
stable_diffusion_1_3_00876,test,1,0.9616362,0
stable_diffusion_1_3_00877,test,1,0.34244233,0
stable_diffusion_1_3_00878,test,1,0.042051528,0
stable_diffusion_1_3_00879,test,1,0.35025713,1
stable_diffusion_1_3_00880,test,1,0.08470698,0
stable_diffusion_1_3_00881,test,1,0.6722232,0
stable_diffusion_1_3_00882,test,1,0.10432093,0
stable_diffusion_1_3_00883,test,1,0.13168678,0
stable_diffusion_1_3_00884,test,1,0.35025713,1
stable_diffusion_1_3_00885,test,1,0.35025713,1
stable_diffusion_1_3_00886,test,1,0.35025713,1
stable_diffusion_1_3_00887,test,1,0.35025713,1
stable_diffusion_1_3_00888,test,1,0.14206678,0
stable_diffusion_1_3_00889,test,1,0.17058848,0
stable_diffusion_1_3_00890,test,1,0.6427971,0
stable_diffusion_1_3_00891,test,1,0.35025713,1
stable_diffusion_1_3_00892,test,1,0.038146228,0
stable_diffusion_1_3_00893,test,1,0.35025713,1
stable_diffusion_1_3_00894,test,1,0.35025713,1
stable_diffusion_1_3_00895,test,1,0.35025713,1
stable_diffusion_1_3_00896,test,1,0.31830415,0
stable_diffusion_1_3_00897,test,1,0.35025713,1
stable_diffusion_1_3_00898,test,1,0.4836247,0
stable_diffusion_1_3_00899,test,1,0.60689694,0
stable_diffusion_1_3_00900,test,1,0.35025713,1
stable_diffusion_1_3_00901,test,1,0.040341545,0
stable_diffusion_1_3_00902,test,1,0.73116434,0
stable_diffusion_1_3_00903,test,1,0.35025713,1
stable_diffusion_1_3_00904,test,1,0.044210233,0
stable_diffusion_1_3_00905,test,1,0.08648401,0
stable_diffusion_1_3_00906,test,1,0.0012380936,0
stable_diffusion_1_3_00907,test,1,0.19470184,0
stable_diffusion_1_3_00908,test,1,0.12873255,0
stable_diffusion_1_3_00909,test,1,0.35025713,1
stable_diffusion_1_3_00910,test,1,0.98223925,0
stable_diffusion_1_3_00911,test,1,0.35025713,1
stable_diffusion_1_3_00912,test,1,0.2280649,0
stable_diffusion_1_3_00913,test,1,0.0006554933,0
stable_diffusion_1_3_00914,test,1,0.35025713,1
stable_diffusion_1_3_00915,test,1,0.35025713,1
stable_diffusion_1_3_00916,test,1,0.35025713,1
stable_diffusion_1_3_00917,test,1,0.35025713,1
stable_diffusion_1_3_00918,test,1,0.26099458,0
stable_diffusion_1_3_00919,test,1,0.35025713,1
stable_diffusion_1_3_00920,test,1,0.35025713,1
stable_diffusion_1_3_00921,test,1,0.35025713,1
stable_diffusion_1_3_00922,test,1,0.13368422,0
stable_diffusion_1_3_00923,test,1,0.35025713,1
stable_diffusion_1_3_00924,test,1,0.5364658,0
stable_diffusion_1_3_00925,test,1,0.23169589,0
stable_diffusion_1_3_00926,test,1,0.06481792,0
stable_diffusion_1_3_00927,test,1,0.35025713,1
stable_diffusion_1_3_00928,test,1,0.35025713,1
stable_diffusion_1_3_00929,test,1,0.35025713,1
stable_diffusion_1_3_00930,test,1,0.22610265,0
stable_diffusion_1_3_00931,test,1,0.65726554,0
stable_diffusion_1_3_00932,test,1,0.35025713,1
stable_diffusion_1_3_00933,test,1,0.35025713,1
stable_diffusion_1_3_00934,test,1,0.35025713,1
stable_diffusion_1_3_00935,test,1,0.80114734,0
stable_diffusion_1_3_00936,test,1,0.35025713,1
stable_diffusion_1_3_00937,test,1,0.110839,0
stable_diffusion_1_3_00938,test,1,0.24599233,0
stable_diffusion_1_3_00939,test,1,0.8913654,0
stable_diffusion_1_3_00940,test,1,0.35025713,1
stable_diffusion_1_3_00941,test,1,0.35025713,1
stable_diffusion_1_3_00942,test,1,0.35025713,1
stable_diffusion_1_3_00943,test,1,0.35025713,1
stable_diffusion_1_3_00944,test,1,0.675077,0
stable_diffusion_1_3_00945,test,1,0.20244265,0
stable_diffusion_1_3_00946,test,1,0.2193487,0
stable_diffusion_1_3_00947,test,1,0.35025713,1
stable_diffusion_1_3_00948,test,1,0.35025713,1
stable_diffusion_1_3_00949,test,1,0.0041328184,0
stable_diffusion_1_3_00950,test,1,0.0015898227,0
stable_diffusion_1_3_00951,test,1,0.35025713,1
stable_diffusion_1_3_00952,test,1,0.35025713,1
stable_diffusion_1_3_00953,test,1,0.35025713,1
stable_diffusion_1_3_00954,test,1,0.6927354,0
stable_diffusion_1_3_00955,test,1,0.35025713,1
stable_diffusion_1_3_00956,test,1,0.8454167,0
stable_diffusion_1_3_00957,test,1,0.84154105,0
stable_diffusion_1_3_00958,test,1,0.35025713,1
stable_diffusion_1_3_00959,test,1,0.30839655,1
stable_diffusion_1_3_00960,test,1,0.2978854,0
stable_diffusion_1_3_00961,test,1,0.8408445,0
stable_diffusion_1_3_00962,test,1,0.35025713,1
stable_diffusion_1_3_00963,test,1,0.35025713,1
stable_diffusion_1_3_00964,test,1,0.35025713,1
stable_diffusion_1_3_00965,test,1,0.35025713,1
stable_diffusion_1_3_00966,test,1,0.35025713,1
stable_diffusion_1_3_00967,test,1,0.06821452,0
stable_diffusion_1_3_00968,test,1,0.8109096,0
stable_diffusion_1_3_00969,test,1,0.12062288,0
stable_diffusion_1_3_00970,test,1,0.027937079,0
stable_diffusion_1_3_00971,test,1,0.35025713,1
stable_diffusion_1_3_00972,test,1,0.4517912,0
stable_diffusion_1_3_00973,test,1,0.0037417037,0
stable_diffusion_1_3_00974,test,1,0.3372298,0
stable_diffusion_1_3_00975,test,1,0.47200093,0
stable_diffusion_1_3_00976,test,1,0.35025713,1
stable_diffusion_1_3_00977,test,1,0.015420237,0
stable_diffusion_1_3_00978,test,1,0.35025713,1
stable_diffusion_1_3_00979,test,1,0.2537752,0
stable_diffusion_1_3_00980,test,1,0.15425853,0
stable_diffusion_1_3_00981,test,1,0.35025713,1
stable_diffusion_1_3_00982,test,1,0.35025713,1
stable_diffusion_1_3_00983,test,1,0.35025713,1
stable_diffusion_1_3_00984,test,1,0.35025713,1
stable_diffusion_1_3_00985,test,1,0.6330141,0
stable_diffusion_1_3_00986,test,1,0.35025713,1
stable_diffusion_1_3_00987,test,1,0.35025713,1
stable_diffusion_1_3_00988,test,1,0.03289364,0
stable_diffusion_1_3_00989,test,1,0.35025713,1
stable_diffusion_1_3_00990,test,1,0.10278226,0
stable_diffusion_1_3_00991,test,1,0.5397953,1
stable_diffusion_1_3_00992,test,1,0.16063592,0
stable_diffusion_1_3_00993,test,1,0.35025713,1
stable_diffusion_1_3_00994,test,1,0.15524743,0
stable_diffusion_1_3_00995,test,1,0.015515678,0
stable_diffusion_1_3_00996,test,1,0.35025713,1
stable_diffusion_1_3_00997,test,1,0.07732407,0
stable_diffusion_1_3_00998,test,1,0.011123273,0
stable_diffusion_1_3_00999,test,1,0.35025713,1
stable_diffusion_1_4_00000,test,1,0.009901162,0
stable_diffusion_1_4_00001,test,1,0.35025713,1
stable_diffusion_1_4_00002,test,1,0.2646348,0
stable_diffusion_1_4_00003,test,1,0.35025713,1
stable_diffusion_1_4_00004,test,1,0.26099554,0
stable_diffusion_1_4_00005,test,1,0.027877862,0
stable_diffusion_1_4_00006,test,1,0.35025713,1
stable_diffusion_1_4_00007,test,1,0.21984483,0
stable_diffusion_1_4_00008,test,1,0.955634,0
stable_diffusion_1_4_00009,test,1,0.35025713,1
stable_diffusion_1_4_00010,test,1,0.38222596,0
stable_diffusion_1_4_00011,test,1,0.35025713,1
stable_diffusion_1_4_00012,test,1,0.35025713,1
stable_diffusion_1_4_00013,test,1,0.27106515,0
stable_diffusion_1_4_00014,test,1,0.35025713,1
stable_diffusion_1_4_00015,test,1,0.35025713,1
stable_diffusion_1_4_00016,test,1,0.35025713,1
stable_diffusion_1_4_00017,test,1,0.025374973,0
stable_diffusion_1_4_00018,test,1,0.35025713,1
stable_diffusion_1_4_00019,test,1,0.09312078,0
stable_diffusion_1_4_00020,test,1,0.13198443,0
stable_diffusion_1_4_00021,test,1,0.35025713,1
stable_diffusion_1_4_00022,test,1,0.35025713,1
stable_diffusion_1_4_00023,test,1,0.1666957,0
stable_diffusion_1_4_00024,test,1,0.7563352,0
stable_diffusion_1_4_00025,test,1,0.35025713,1
stable_diffusion_1_4_00026,test,1,0.02014804,0
stable_diffusion_1_4_00027,test,1,0.19005951,0
stable_diffusion_1_4_00028,test,1,0.35025713,1
stable_diffusion_1_4_00029,test,1,0.3530474,0
stable_diffusion_1_4_00030,test,1,0.4032384,0
stable_diffusion_1_4_00031,test,1,0.35025713,1
stable_diffusion_1_4_00032,test,1,0.35025713,1
stable_diffusion_1_4_00033,test,1,0.6609027,0
stable_diffusion_1_4_00034,test,1,0.17276934,0
stable_diffusion_1_4_00035,test,1,0.013877691,0
stable_diffusion_1_4_00036,test,1,0.035147216,0
stable_diffusion_1_4_00037,test,1,0.8057629,0
stable_diffusion_1_4_00038,test,1,0.35025713,1
stable_diffusion_1_4_00039,test,1,0.81141675,0
stable_diffusion_1_4_00040,test,1,0.35025713,1
stable_diffusion_1_4_00041,test,1,0.35025713,1
stable_diffusion_1_4_00042,test,1,0.35025713,1
stable_diffusion_1_4_00043,test,1,0.019112032,0
stable_diffusion_1_4_00044,test,1,0.35025713,1
stable_diffusion_1_4_00045,test,1,0.78143966,0
stable_diffusion_1_4_00046,test,1,0.35025713,1
stable_diffusion_1_4_00047,test,1,0.35025713,1
stable_diffusion_1_4_00048,test,1,0.35025713,1
stable_diffusion_1_4_00049,test,1,0.35025713,1
stable_diffusion_1_4_00050,test,1,0.11934772,0
stable_diffusion_1_4_00051,test,1,0.94633865,0
stable_diffusion_1_4_00052,test,1,0.023224443,0
stable_diffusion_1_4_00053,test,1,0.35025713,1
stable_diffusion_1_4_00054,test,1,0.9104516,0
stable_diffusion_1_4_00055,test,1,0.47573438,0
stable_diffusion_1_4_00056,test,1,0.35025713,1
stable_diffusion_1_4_00057,test,1,0.35025713,1
stable_diffusion_1_4_00058,test,1,0.8980285,0
stable_diffusion_1_4_00059,test,1,0.441953,0
stable_diffusion_1_4_00060,test,1,0.35025713,1
stable_diffusion_1_4_00061,test,1,0.11361882,0
stable_diffusion_1_4_00062,test,1,0.35025713,1
stable_diffusion_1_4_00063,test,1,0.063888654,0
stable_diffusion_1_4_00064,test,1,0.9341606,0
stable_diffusion_1_4_00065,test,1,0.35025713,1
stable_diffusion_1_4_00066,test,1,0.35025713,1
stable_diffusion_1_4_00067,test,1,0.35025713,1
stable_diffusion_1_4_00068,test,1,0.35025713,1
stable_diffusion_1_4_00069,test,1,0.35025713,1
stable_diffusion_1_4_00070,test,1,0.35025713,1
stable_diffusion_1_4_00071,test,1,0.35025713,1
stable_diffusion_1_4_00072,test,1,0.35025713,1
stable_diffusion_1_4_00073,test,1,0.08539153,0
stable_diffusion_1_4_00074,test,1,0.21097012,0
stable_diffusion_1_4_00075,test,1,0.06591963,0
stable_diffusion_1_4_00076,test,1,0.07817054,0
stable_diffusion_1_4_00077,test,1,0.0034794128,0
stable_diffusion_1_4_00078,test,1,0.0053063408,0
stable_diffusion_1_4_00079,test,1,0.35025713,1
stable_diffusion_1_4_00080,test,1,0.023356492,0
stable_diffusion_1_4_00081,test,1,0.47357497,0
stable_diffusion_1_4_00082,test,1,0.35025713,1
stable_diffusion_1_4_00083,test,1,0.35025713,1
stable_diffusion_1_4_00084,test,1,0.5729542,0
stable_diffusion_1_4_00085,test,1,0.35025713,1
stable_diffusion_1_4_00086,test,1,0.038394757,0
stable_diffusion_1_4_00087,test,1,0.01793489,0
stable_diffusion_1_4_00088,test,1,0.9962541,0
stable_diffusion_1_4_00089,test,1,0.35025713,1
stable_diffusion_1_4_00090,test,1,0.35025713,1
stable_diffusion_1_4_00091,test,1,0.04334521,0
stable_diffusion_1_4_00092,test,1,0.35025713,1
stable_diffusion_1_4_00093,test,1,0.35025713,1
stable_diffusion_1_4_00094,test,1,0.35025713,1
stable_diffusion_1_4_00095,test,1,0.35025713,1
stable_diffusion_1_4_00096,test,1,0.35025713,1
stable_diffusion_1_4_00097,test,1,0.35025713,1
stable_diffusion_1_4_00098,test,1,0.35025713,1
stable_diffusion_1_4_00099,test,1,0.35025713,1
stable_diffusion_1_4_00100,test,1,0.56865436,0
stable_diffusion_1_4_00101,test,1,0.8042584,0
stable_diffusion_1_4_00102,test,1,0.35025713,1
stable_diffusion_1_4_00103,test,1,0.050285112,0
stable_diffusion_1_4_00104,test,1,0.84573483,0
stable_diffusion_1_4_00105,test,1,0.3886752,0
stable_diffusion_1_4_00106,test,1,0.5525203,0
stable_diffusion_1_4_00107,test,1,0.35025713,1
stable_diffusion_1_4_00108,test,1,0.35025713,1
stable_diffusion_1_4_00109,test,1,0.0813098,0
stable_diffusion_1_4_00110,test,1,0.06706473,0
stable_diffusion_1_4_00111,test,1,0.20667845,0
stable_diffusion_1_4_00112,test,1,0.009509151,0
stable_diffusion_1_4_00113,test,1,0.35025713,1
stable_diffusion_1_4_00114,test,1,0.8925367,0
stable_diffusion_1_4_00115,test,1,0.35025713,1
stable_diffusion_1_4_00116,test,1,0.5877137,0
stable_diffusion_1_4_00117,test,1,0.35025713,1
stable_diffusion_1_4_00118,test,1,0.35025713,1
stable_diffusion_1_4_00119,test,1,0.22090879,0
stable_diffusion_1_4_00120,test,1,0.21555011,0
stable_diffusion_1_4_00121,test,1,0.35025713,1
stable_diffusion_1_4_00122,test,1,0.22994724,0
stable_diffusion_1_4_00123,test,1,0.17221189,0
stable_diffusion_1_4_00124,test,1,0.35025713,1
stable_diffusion_1_4_00125,test,1,0.20087263,1
stable_diffusion_1_4_00126,test,1,0.40485606,0
stable_diffusion_1_4_00127,test,1,0.04367318,0
stable_diffusion_1_4_00128,test,1,0.35025713,1
stable_diffusion_1_4_00129,test,1,0.48333055,0
stable_diffusion_1_4_00130,test,1,0.75800043,0
stable_diffusion_1_4_00131,test,1,0.35025713,1
stable_diffusion_1_4_00132,test,1,0.35025713,1
stable_diffusion_1_4_00133,test,1,0.35025713,1
stable_diffusion_1_4_00134,test,1,0.08715406,0
stable_diffusion_1_4_00135,test,1,0.35025713,1
stable_diffusion_1_4_00136,test,1,0.1104535,0
stable_diffusion_1_4_00137,test,1,0.35025713,1
stable_diffusion_1_4_00138,test,1,0.35025713,1
stable_diffusion_1_4_00139,test,1,0.021761052,0
stable_diffusion_1_4_00140,test,1,0.2486692,0
stable_diffusion_1_4_00141,test,1,0.3490481,0
stable_diffusion_1_4_00142,test,1,0.35025713,1
stable_diffusion_1_4_00143,test,1,0.11802653,0
stable_diffusion_1_4_00144,test,1,0.35025713,1
stable_diffusion_1_4_00145,test,1,0.09907411,0
stable_diffusion_1_4_00146,test,1,0.35025713,1
stable_diffusion_1_4_00147,test,1,0.35025713,1
stable_diffusion_1_4_00148,test,1,0.33681217,0
stable_diffusion_1_4_00149,test,1,0.35025713,1
stable_diffusion_1_4_00150,test,1,0.35025713,1
stable_diffusion_1_4_00151,test,1,0.35025713,1
stable_diffusion_1_4_00152,test,1,0.35025713,1
stable_diffusion_1_4_00153,test,1,0.42364752,0
stable_diffusion_1_4_00154,test,1,0.35025713,1
stable_diffusion_1_4_00155,test,1,0.35025713,1
stable_diffusion_1_4_00156,test,1,0.8738781,0
stable_diffusion_1_4_00157,test,1,0.35025713,1
stable_diffusion_1_4_00158,test,1,0.35025713,1
stable_diffusion_1_4_00159,test,1,0.0014923406,0
stable_diffusion_1_4_00160,test,1,0.012452784,0
stable_diffusion_1_4_00161,test,1,0.35025713,1
stable_diffusion_1_4_00162,test,1,0.38080883,0
stable_diffusion_1_4_00163,test,1,0.06962991,0
stable_diffusion_1_4_00164,test,1,0.35025713,1
stable_diffusion_1_4_00165,test,1,0.35025713,1
stable_diffusion_1_4_00166,test,1,0.15694547,0
stable_diffusion_1_4_00167,test,1,0.35025713,1
stable_diffusion_1_4_00168,test,1,0.08454264,0
stable_diffusion_1_4_00169,test,1,0.24093069,0
stable_diffusion_1_4_00170,test,1,0.35025713,1
stable_diffusion_1_4_00171,test,1,0.022259146,0
stable_diffusion_1_4_00172,test,1,0.35025713,1
stable_diffusion_1_4_00173,test,1,0.35025713,1
stable_diffusion_1_4_00174,test,1,0.35025713,1
stable_diffusion_1_4_00175,test,1,0.6986159,0
stable_diffusion_1_4_00176,test,1,0.35025713,1
stable_diffusion_1_4_00177,test,1,0.35025713,1
stable_diffusion_1_4_00178,test,1,0.012797759,0
stable_diffusion_1_4_00179,test,1,0.35025713,1
stable_diffusion_1_4_00180,test,1,0.35025713,1
stable_diffusion_1_4_00181,test,1,0.0070849266,0
stable_diffusion_1_4_00182,test,1,0.018605735,0
stable_diffusion_1_4_00183,test,1,0.35025713,1
stable_diffusion_1_4_00184,test,1,0.027523799,0
stable_diffusion_1_4_00185,test,1,0.5231542,0
stable_diffusion_1_4_00186,test,1,0.35025713,1
stable_diffusion_1_4_00187,test,1,0.09487722,0
stable_diffusion_1_4_00188,test,1,0.35025713,1
stable_diffusion_1_4_00189,test,1,0.35025713,1
stable_diffusion_1_4_00190,test,1,0.35025713,1
stable_diffusion_1_4_00191,test,1,0.6651808,0
stable_diffusion_1_4_00192,test,1,0.60358703,0
stable_diffusion_1_4_00193,test,1,0.75724554,0
stable_diffusion_1_4_00194,test,1,0.35025713,1
stable_diffusion_1_4_00195,test,1,0.007731901,1
stable_diffusion_1_4_00196,test,1,0.35025713,1
stable_diffusion_1_4_00197,test,1,0.35025713,1
stable_diffusion_1_4_00198,test,1,0.07655933,0
stable_diffusion_1_4_00199,test,1,0.35025713,1
stable_diffusion_1_4_00200,test,1,0.35025713,1
stable_diffusion_1_4_00201,test,1,0.35025713,1
stable_diffusion_1_4_00202,test,1,0.27659902,0
stable_diffusion_1_4_00203,test,1,0.35025713,1
stable_diffusion_1_4_00204,test,1,0.35025713,1
stable_diffusion_1_4_00205,test,1,0.003730226,0
stable_diffusion_1_4_00206,test,1,0.35025713,1
stable_diffusion_1_4_00207,test,1,0.94521755,0
stable_diffusion_1_4_00208,test,1,0.35025713,1
stable_diffusion_1_4_00209,test,1,0.5121808,0
stable_diffusion_1_4_00210,test,1,0.038312607,0
stable_diffusion_1_4_00211,test,1,0.35025713,1
stable_diffusion_1_4_00212,test,1,0.35025713,1
stable_diffusion_1_4_00213,test,1,0.1336865,0
stable_diffusion_1_4_00214,test,1,0.35025713,1
stable_diffusion_1_4_00215,test,1,0.35025713,1
stable_diffusion_1_4_00216,test,1,0.28446528,0
stable_diffusion_1_4_00217,test,1,0.35025713,1
stable_diffusion_1_4_00218,test,1,0.3941431,0
stable_diffusion_1_4_00219,test,1,0.0868272,0
stable_diffusion_1_4_00220,test,1,0.009308087,0
stable_diffusion_1_4_00221,test,1,0.35025713,1
stable_diffusion_1_4_00222,test,1,0.35025713,1
stable_diffusion_1_4_00223,test,1,0.35025713,1
stable_diffusion_1_4_00224,test,1,0.35025713,1
stable_diffusion_1_4_00225,test,1,0.123215295,0
stable_diffusion_1_4_00226,test,1,0.24107653,0
stable_diffusion_1_4_00227,test,1,0.07519443,0
stable_diffusion_1_4_00228,test,1,0.35025713,1
stable_diffusion_1_4_00229,test,1,0.01013908,0
stable_diffusion_1_4_00230,test,1,0.35025713,1
stable_diffusion_1_4_00231,test,1,0.35025713,1
stable_diffusion_1_4_00232,test,1,0.35025713,1
stable_diffusion_1_4_00233,test,1,0.054371532,0
stable_diffusion_1_4_00234,test,1,0.35025713,1
stable_diffusion_1_4_00235,test,1,0.35025713,1
stable_diffusion_1_4_00236,test,1,0.02593469,0
stable_diffusion_1_4_00237,test,1,0.35025713,1
stable_diffusion_1_4_00238,test,1,0.29201126,0
stable_diffusion_1_4_00239,test,1,0.5001396,0
stable_diffusion_1_4_00240,test,1,0.35025713,1
stable_diffusion_1_4_00241,test,1,0.015560869,0
stable_diffusion_1_4_00242,test,1,0.03575567,0
stable_diffusion_1_4_00243,test,1,0.5766271,0
stable_diffusion_1_4_00244,test,1,0.35025713,1
stable_diffusion_1_4_00245,test,1,0.35025713,1
stable_diffusion_1_4_00246,test,1,0.050211623,0
stable_diffusion_1_4_00247,test,1,0.35025713,1
stable_diffusion_1_4_00248,test,1,0.35025713,1
stable_diffusion_1_4_00249,test,1,0.09751914,0
stable_diffusion_1_4_00250,test,1,0.19281912,0
stable_diffusion_1_4_00251,test,1,0.35025713,1
stable_diffusion_1_4_00252,test,1,0.35025713,1
stable_diffusion_1_4_00253,test,1,0.29895577,0
stable_diffusion_1_4_00254,test,1,0.35025713,1
stable_diffusion_1_4_00255,test,1,0.35025713,1
stable_diffusion_1_4_00256,test,1,0.35025713,1
stable_diffusion_1_4_00257,test,1,0.35025713,1
stable_diffusion_1_4_00258,test,1,0.44504687,0
stable_diffusion_1_4_00259,test,1,0.35025713,1
stable_diffusion_1_4_00260,test,1,0.008354996,0
stable_diffusion_1_4_00261,test,1,0.04898044,0
stable_diffusion_1_4_00262,test,1,0.35025713,1
stable_diffusion_1_4_00263,test,1,0.35025713,1
stable_diffusion_1_4_00264,test,1,0.35025713,1
stable_diffusion_1_4_00265,test,1,0.35025713,1
stable_diffusion_1_4_00266,test,1,0.2184684,0
stable_diffusion_1_4_00267,test,1,0.7434695,0
stable_diffusion_1_4_00268,test,1,0.35025713,1
stable_diffusion_1_4_00269,test,1,0.02631436,0
stable_diffusion_1_4_00270,test,1,0.35025713,1
stable_diffusion_1_4_00271,test,1,0.35025713,1
stable_diffusion_1_4_00272,test,1,0.21353382,0
stable_diffusion_1_4_00273,test,1,0.4119173,0
stable_diffusion_1_4_00274,test,1,0.35025713,1
stable_diffusion_1_4_00275,test,1,0.5773793,0
stable_diffusion_1_4_00276,test,1,0.09350192,0
stable_diffusion_1_4_00277,test,1,0.05300635,0
stable_diffusion_1_4_00278,test,1,0.0318262,0
stable_diffusion_1_4_00279,test,1,0.030082809,0
stable_diffusion_1_4_00280,test,1,0.35025713,1
stable_diffusion_1_4_00281,test,1,0.35025713,1
stable_diffusion_1_4_00282,test,1,0.084382735,0
stable_diffusion_1_4_00283,test,1,0.5718037,0
stable_diffusion_1_4_00284,test,1,0.35025713,1
stable_diffusion_1_4_00285,test,1,0.35025713,1
stable_diffusion_1_4_00286,test,1,0.35025713,1
stable_diffusion_1_4_00287,test,1,0.0006286579,0
stable_diffusion_1_4_00288,test,1,0.012391982,0
stable_diffusion_1_4_00289,test,1,0.89412546,0
stable_diffusion_1_4_00290,test,1,0.35025713,1
stable_diffusion_1_4_00291,test,1,0.19649856,0
stable_diffusion_1_4_00292,test,1,0.35025713,1
stable_diffusion_1_4_00293,test,1,0.046010915,0
stable_diffusion_1_4_00294,test,1,0.41413957,0
stable_diffusion_1_4_00295,test,1,0.41352823,0
stable_diffusion_1_4_00296,test,1,0.4474595,0
stable_diffusion_1_4_00297,test,1,0.9356319,0
stable_diffusion_1_4_00298,test,1,0.35025713,1
stable_diffusion_1_4_00299,test,1,0.35025713,1
stable_diffusion_1_4_00300,test,1,0.4994884,0
stable_diffusion_1_4_00301,test,1,0.35025713,1
stable_diffusion_1_4_00302,test,1,0.096880555,0
stable_diffusion_1_4_00303,test,1,0.35025713,1
stable_diffusion_1_4_00304,test,1,0.35025713,1
stable_diffusion_1_4_00305,test,1,0.35025713,1
stable_diffusion_1_4_00306,test,1,0.35025713,1
stable_diffusion_1_4_00307,test,1,0.07597164,0
stable_diffusion_1_4_00308,test,1,0.35025713,1
stable_diffusion_1_4_00309,test,1,0.07741631,0
stable_diffusion_1_4_00310,test,1,0.35025713,1
stable_diffusion_1_4_00311,test,1,0.07965317,0
stable_diffusion_1_4_00312,test,1,0.012523131,0
stable_diffusion_1_4_00313,test,1,0.35025713,1
stable_diffusion_1_4_00314,test,1,0.35025713,1
stable_diffusion_1_4_00315,test,1,0.35025713,1
stable_diffusion_1_4_00316,test,1,0.35025713,1
stable_diffusion_1_4_00317,test,1,0.35025713,1
stable_diffusion_1_4_00318,test,1,0.35025713,1
stable_diffusion_1_4_00319,test,1,0.35025713,1
stable_diffusion_1_4_00320,test,1,0.35025713,1
stable_diffusion_1_4_00321,test,1,0.35025713,1
stable_diffusion_1_4_00322,test,1,0.35025713,1
stable_diffusion_1_4_00323,test,1,0.03369277,0
stable_diffusion_1_4_00324,test,1,0.14577724,0
stable_diffusion_1_4_00325,test,1,0.20008744,0
stable_diffusion_1_4_00326,test,1,0.35025713,1
stable_diffusion_1_4_00327,test,1,0.11376788,0
stable_diffusion_1_4_00328,test,1,0.35025713,1
stable_diffusion_1_4_00329,test,1,0.504722,0
stable_diffusion_1_4_00330,test,1,0.44001263,0
stable_diffusion_1_4_00331,test,1,0.35025713,1
stable_diffusion_1_4_00332,test,1,0.35025713,1
stable_diffusion_1_4_00333,test,1,0.00919697,0
stable_diffusion_1_4_00334,test,1,0.35025713,1
stable_diffusion_1_4_00335,test,1,0.026138786,0
stable_diffusion_1_4_00336,test,1,0.35025713,1
stable_diffusion_1_4_00337,test,1,0.35025713,1
stable_diffusion_1_4_00338,test,1,0.56330186,0
stable_diffusion_1_4_00339,test,1,0.35025713,1
stable_diffusion_1_4_00340,test,1,0.35025713,1
stable_diffusion_1_4_00341,test,1,0.0050807702,0
stable_diffusion_1_4_00342,test,1,0.40031207,0
stable_diffusion_1_4_00343,test,1,0.35025713,1
stable_diffusion_1_4_00344,test,1,0.62442935,0
stable_diffusion_1_4_00345,test,1,0.35025713,1
stable_diffusion_1_4_00346,test,1,0.001373471,0
stable_diffusion_1_4_00347,test,1,0.24967144,0
stable_diffusion_1_4_00348,test,1,0.9181551,0
stable_diffusion_1_4_00349,test,1,0.21852928,0
stable_diffusion_1_4_00350,test,1,0.3216317,1
stable_diffusion_1_4_00351,test,1,0.11617132,0
stable_diffusion_1_4_00352,test,1,0.68421507,0
stable_diffusion_1_4_00353,test,1,0.35025713,1
stable_diffusion_1_4_00354,test,1,0.06172525,0
stable_diffusion_1_4_00355,test,1,0.35025713,1
stable_diffusion_1_4_00356,test,1,0.49435487,0
stable_diffusion_1_4_00357,test,1,0.35025713,1
stable_diffusion_1_4_00358,test,1,0.35025713,1
stable_diffusion_1_4_00359,test,1,0.37416828,0
stable_diffusion_1_4_00360,test,1,0.0031992747,0
stable_diffusion_1_4_00361,test,1,0.35025713,1
stable_diffusion_1_4_00362,test,1,0.35025713,1
stable_diffusion_1_4_00363,test,1,0.1985663,0
stable_diffusion_1_4_00364,test,1,0.3192849,0
stable_diffusion_1_4_00365,test,1,0.35025713,1
stable_diffusion_1_4_00366,test,1,0.005919691,0
stable_diffusion_1_4_00367,test,1,0.032199524,0
stable_diffusion_1_4_00368,test,1,0.01811598,0
stable_diffusion_1_4_00369,test,1,0.34894136,0
stable_diffusion_1_4_00370,test,1,0.35025713,1
stable_diffusion_1_4_00371,test,1,0.35025713,1
stable_diffusion_1_4_00372,test,1,0.35025713,1
stable_diffusion_1_4_00373,test,1,0.51460725,0
stable_diffusion_1_4_00374,test,1,0.35025713,1
stable_diffusion_1_4_00375,test,1,0.35025713,1
stable_diffusion_1_4_00376,test,1,0.35025713,1
stable_diffusion_1_4_00377,test,1,0.35025713,1
stable_diffusion_1_4_00378,test,1,0.35025713,1
stable_diffusion_1_4_00379,test,1,0.042811185,1
stable_diffusion_1_4_00380,test,1,0.35025713,1
stable_diffusion_1_4_00381,test,1,0.35025713,1
stable_diffusion_1_4_00382,test,1,0.35025713,1
stable_diffusion_1_4_00383,test,1,0.35025713,1
stable_diffusion_1_4_00384,test,1,0.009375839,0
stable_diffusion_1_4_00385,test,1,0.35025713,1
stable_diffusion_1_4_00386,test,1,0.083088025,0
stable_diffusion_1_4_00387,test,1,0.35025713,1
stable_diffusion_1_4_00388,test,1,0.12744251,0
stable_diffusion_1_4_00389,test,1,0.35450646,0
stable_diffusion_1_4_00390,test,1,0.35025713,1
stable_diffusion_1_4_00391,test,1,0.017410006,0
stable_diffusion_1_4_00392,test,1,0.4965604,0
stable_diffusion_1_4_00393,test,1,0.10358722,0
stable_diffusion_1_4_00394,test,1,0.35025713,1
stable_diffusion_1_4_00395,test,1,0.35025713,1
stable_diffusion_1_4_00396,test,1,0.35025713,1
stable_diffusion_1_4_00397,test,1,0.028184531,0
stable_diffusion_1_4_00398,test,1,0.082126,1
stable_diffusion_1_4_00399,test,1,0.2018506,0
stable_diffusion_1_4_00400,test,1,0.35025713,1
stable_diffusion_1_4_00401,test,1,0.35025713,1
stable_diffusion_1_4_00402,test,1,0.054978464,0
stable_diffusion_1_4_00403,test,1,0.35025713,1
stable_diffusion_1_4_00404,test,1,0.35025713,1
stable_diffusion_1_4_00405,test,1,0.0011746823,0
stable_diffusion_1_4_00406,test,1,0.35025713,1
stable_diffusion_1_4_00407,test,1,0.35025713,1
stable_diffusion_1_4_00408,test,1,0.7768791,0
stable_diffusion_1_4_00409,test,1,0.35025713,1
stable_diffusion_1_4_00410,test,1,0.35025713,1
stable_diffusion_1_4_00411,test,1,0.35025713,1
stable_diffusion_1_4_00412,test,1,0.20292434,0
stable_diffusion_1_4_00413,test,1,0.23347789,0
stable_diffusion_1_4_00414,test,1,0.35025713,1
stable_diffusion_1_4_00415,test,1,0.35025713,1
stable_diffusion_1_4_00416,test,1,0.35025713,1
stable_diffusion_1_4_00417,test,1,0.36264664,0
stable_diffusion_1_4_00418,test,1,0.35025713,1
stable_diffusion_1_4_00419,test,1,0.56230706,0
stable_diffusion_1_4_00420,test,1,0.35025713,1
stable_diffusion_1_4_00421,test,1,0.35025713,1
stable_diffusion_1_4_00422,test,1,0.35025713,1
stable_diffusion_1_4_00423,test,1,0.35025713,1
stable_diffusion_1_4_00424,test,1,0.3724857,0
stable_diffusion_1_4_00425,test,1,0.039149784,0
stable_diffusion_1_4_00426,test,1,0.35025713,1
stable_diffusion_1_4_00427,test,1,0.20829545,1
stable_diffusion_1_4_00428,test,1,0.075516246,0
stable_diffusion_1_4_00429,test,1,0.00743734,0
stable_diffusion_1_4_00430,test,1,0.4118989,0
stable_diffusion_1_4_00431,test,1,0.35025713,1
stable_diffusion_1_4_00432,test,1,0.03671396,0
stable_diffusion_1_4_00433,test,1,0.35025713,1
stable_diffusion_1_4_00434,test,1,0.8449938,0
stable_diffusion_1_4_00435,test,1,0.08471221,0
stable_diffusion_1_4_00436,test,1,0.35025713,1
stable_diffusion_1_4_00437,test,1,0.35025713,1
stable_diffusion_1_4_00438,test,1,0.35025713,1
stable_diffusion_1_4_00439,test,1,0.92382836,0
stable_diffusion_1_4_00440,test,1,0.35025713,1
stable_diffusion_1_4_00441,test,1,0.16828805,0
stable_diffusion_1_4_00442,test,1,0.08687673,0
stable_diffusion_1_4_00443,test,1,0.35025713,1
stable_diffusion_1_4_00444,test,1,0.35025713,1
stable_diffusion_1_4_00445,test,1,0.11491383,0
stable_diffusion_1_4_00446,test,1,0.51999044,0
stable_diffusion_1_4_00447,test,1,0.004340395,0
stable_diffusion_1_4_00448,test,1,0.35025713,1
stable_diffusion_1_4_00449,test,1,0.4537024,0
stable_diffusion_1_4_00450,test,1,0.35025713,1
stable_diffusion_1_4_00451,test,1,0.35025713,1
stable_diffusion_1_4_00452,test,1,0.35025713,1
stable_diffusion_1_4_00453,test,1,0.027256584,0
stable_diffusion_1_4_00454,test,1,0.35025713,1
stable_diffusion_1_4_00455,test,1,0.35025713,1
stable_diffusion_1_4_00456,test,1,0.35025713,1
stable_diffusion_1_4_00457,test,1,0.29476386,0
stable_diffusion_1_4_00458,test,1,0.35025713,1
stable_diffusion_1_4_00459,test,1,0.35025713,1
stable_diffusion_1_4_00460,test,1,0.17370778,1
stable_diffusion_1_4_00461,test,1,0.14236999,0
stable_diffusion_1_4_00462,test,1,0.32265446,0
stable_diffusion_1_4_00463,test,1,0.049038503,0
stable_diffusion_1_4_00464,test,1,0.35025713,1
stable_diffusion_1_4_00465,test,1,0.059841495,0
stable_diffusion_1_4_00466,test,1,0.021599576,0
stable_diffusion_1_4_00467,test,1,0.35025713,1
stable_diffusion_1_4_00468,test,1,0.17202558,0
stable_diffusion_1_4_00469,test,1,0.104221456,0
stable_diffusion_1_4_00470,test,1,0.35025713,1
stable_diffusion_1_4_00471,test,1,0.3802313,0
stable_diffusion_1_4_00472,test,1,0.35025713,1
stable_diffusion_1_4_00473,test,1,0.053078502,0
stable_diffusion_1_4_00474,test,1,0.35025713,1
stable_diffusion_1_4_00475,test,1,0.35025713,1
stable_diffusion_1_4_00476,test,1,0.008687402,0
stable_diffusion_1_4_00477,test,1,0.35025713,1
stable_diffusion_1_4_00478,test,1,0.2687483,0
stable_diffusion_1_4_00479,test,1,0.13351104,0
stable_diffusion_1_4_00480,test,1,0.44971296,0
stable_diffusion_1_4_00481,test,1,0.19458297,0
stable_diffusion_1_4_00482,test,1,0.35025713,1
stable_diffusion_1_4_00483,test,1,0.1617034,0
stable_diffusion_1_4_00484,test,1,0.35025713,1
stable_diffusion_1_4_00485,test,1,0.35025713,1
stable_diffusion_1_4_00486,test,1,0.63362795,0
stable_diffusion_1_4_00487,test,1,0.088313244,0
stable_diffusion_1_4_00488,test,1,0.35025713,1
stable_diffusion_1_4_00489,test,1,0.42252174,0
stable_diffusion_1_4_00490,test,1,0.35025713,1
stable_diffusion_1_4_00491,test,1,0.032651577,0
stable_diffusion_1_4_00492,test,1,0.35025713,1
stable_diffusion_1_4_00493,test,1,0.35025713,1
stable_diffusion_1_4_00494,test,1,0.35025713,1
stable_diffusion_1_4_00495,test,1,0.15352944,0
stable_diffusion_1_4_00496,test,1,0.35025713,1
stable_diffusion_1_4_00497,test,1,0.35025713,1
stable_diffusion_1_4_00498,test,1,0.35025713,1
stable_diffusion_1_4_00499,test,1,0.10414061,0
stable_diffusion_1_4_00500,test,1,0.35025713,1
stable_diffusion_1_4_00501,test,1,0.35025713,1
stable_diffusion_1_4_00502,test,1,0.35025713,1
stable_diffusion_1_4_00503,test,1,0.35025713,1
stable_diffusion_1_4_00504,test,1,0.30879706,0
stable_diffusion_1_4_00505,test,1,0.35025713,1
stable_diffusion_1_4_00506,test,1,0.35025713,1
stable_diffusion_1_4_00507,test,1,0.35025713,1
stable_diffusion_1_4_00508,test,1,0.44515398,0
stable_diffusion_1_4_00509,test,1,0.35025713,1
stable_diffusion_1_4_00510,test,1,0.35025713,1
stable_diffusion_1_4_00511,test,1,0.35025713,1
stable_diffusion_1_4_00512,test,1,0.307607,0
stable_diffusion_1_4_00513,test,1,0.35025713,1
stable_diffusion_1_4_00514,test,1,0.17926647,0
stable_diffusion_1_4_00515,test,1,0.75482416,0
stable_diffusion_1_4_00516,test,1,0.35025713,1
stable_diffusion_1_4_00517,test,1,0.030678818,0
stable_diffusion_1_4_00518,test,1,0.15219356,1
stable_diffusion_1_4_00519,test,1,0.98979366,0
stable_diffusion_1_4_00520,test,1,0.22244819,0
stable_diffusion_1_4_00521,test,1,0.35025713,1
stable_diffusion_1_4_00522,test,1,0.35025713,1
stable_diffusion_1_4_00523,test,1,0.018884411,0
stable_diffusion_1_4_00524,test,1,0.020092545,0
stable_diffusion_1_4_00525,test,1,0.70053965,0
stable_diffusion_1_4_00526,test,1,0.35025713,1
stable_diffusion_1_4_00527,test,1,0.12732844,0
stable_diffusion_1_4_00528,test,1,0.35025713,1
stable_diffusion_1_4_00529,test,1,0.5602422,0
stable_diffusion_1_4_00530,test,1,0.35025713,1
stable_diffusion_1_4_00531,test,1,0.35025713,1
stable_diffusion_1_4_00532,test,1,0.35025713,1
stable_diffusion_1_4_00533,test,1,0.19939923,0
stable_diffusion_1_4_00534,test,1,0.03355936,0
stable_diffusion_1_4_00535,test,1,0.35025713,1
stable_diffusion_1_4_00536,test,1,0.4557436,0
stable_diffusion_1_4_00537,test,1,0.35025713,1
stable_diffusion_1_4_00538,test,1,0.35025713,1
stable_diffusion_1_4_00539,test,1,0.35025713,1
stable_diffusion_1_4_00540,test,1,0.35025713,1
stable_diffusion_1_4_00541,test,1,0.35025713,1
stable_diffusion_1_4_00542,test,1,0.5338576,0
stable_diffusion_1_4_00543,test,1,0.90147686,0
stable_diffusion_1_4_00544,test,1,0.35025713,1
stable_diffusion_1_4_00545,test,1,0.35025713,1
stable_diffusion_1_4_00546,test,1,0.30425167,0
stable_diffusion_1_4_00547,test,1,0.2448419,0
stable_diffusion_1_4_00548,test,1,0.35025713,1
stable_diffusion_1_4_00549,test,1,0.15514615,0
stable_diffusion_1_4_00550,test,1,0.35025713,1
stable_diffusion_1_4_00551,test,1,0.10457698,0
stable_diffusion_1_4_00552,test,1,0.7478179,0
stable_diffusion_1_4_00553,test,1,0.35025713,1
stable_diffusion_1_4_00554,test,1,0.2978368,0
stable_diffusion_1_4_00555,test,1,0.35025713,1
stable_diffusion_1_4_00556,test,1,0.35025713,1
stable_diffusion_1_4_00557,test,1,0.55680126,0
stable_diffusion_1_4_00558,test,1,0.7211854,0
stable_diffusion_1_4_00559,test,1,0.35025713,1
stable_diffusion_1_4_00560,test,1,0.35025713,1
stable_diffusion_1_4_00561,test,1,0.06620042,0
stable_diffusion_1_4_00562,test,1,0.35025713,1
stable_diffusion_1_4_00563,test,1,0.12786983,0
stable_diffusion_1_4_00564,test,1,0.35025713,1
stable_diffusion_1_4_00565,test,1,0.65882355,0
stable_diffusion_1_4_00566,test,1,0.5443628,0
stable_diffusion_1_4_00567,test,1,0.10174758,0
stable_diffusion_1_4_00568,test,1,0.0020090807,0
stable_diffusion_1_4_00569,test,1,0.1527366,1
stable_diffusion_1_4_00570,test,1,0.35025713,1
stable_diffusion_1_4_00571,test,1,0.35025713,1
stable_diffusion_1_4_00572,test,1,0.30388626,0
stable_diffusion_1_4_00573,test,1,0.35025713,1
stable_diffusion_1_4_00574,test,1,0.03689051,0
stable_diffusion_1_4_00575,test,1,0.118882336,0
stable_diffusion_1_4_00576,test,1,0.39473483,0
stable_diffusion_1_4_00577,test,1,0.38667306,0
stable_diffusion_1_4_00578,test,1,0.284701,0
stable_diffusion_1_4_00579,test,1,0.026811045,0
stable_diffusion_1_4_00580,test,1,0.35025713,1
stable_diffusion_1_4_00581,test,1,0.033088725,0
stable_diffusion_1_4_00582,test,1,0.35025713,1
stable_diffusion_1_4_00583,test,1,0.0029247857,0
stable_diffusion_1_4_00584,test,1,0.35025713,1
stable_diffusion_1_4_00585,test,1,0.53933126,0
stable_diffusion_1_4_00586,test,1,0.35025713,1
stable_diffusion_1_4_00587,test,1,0.35025713,1
stable_diffusion_1_4_00588,test,1,0.35025713,1
stable_diffusion_1_4_00589,test,1,0.35025713,1
stable_diffusion_1_4_00590,test,1,0.14404997,0
stable_diffusion_1_4_00591,test,1,0.16896492,0
stable_diffusion_1_4_00592,test,1,0.35025713,1
stable_diffusion_1_4_00593,test,1,0.35025713,1
stable_diffusion_1_4_00594,test,1,0.0035472452,0
stable_diffusion_1_4_00595,test,1,0.35025713,1
stable_diffusion_1_4_00596,test,1,0.18572597,0
stable_diffusion_1_4_00597,test,1,0.3023874,0
stable_diffusion_1_4_00598,test,1,0.34213203,0
stable_diffusion_1_4_00599,test,1,0.35025713,1
stable_diffusion_1_4_00600,test,1,0.76263976,0
stable_diffusion_1_4_00601,test,1,0.06335624,0
stable_diffusion_1_4_00602,test,1,0.35025713,1
stable_diffusion_1_4_00603,test,1,0.11414348,0
stable_diffusion_1_4_00604,test,1,0.35823604,0
stable_diffusion_1_4_00605,test,1,0.03639307,0
stable_diffusion_1_4_00606,test,1,0.35025713,1
stable_diffusion_1_4_00607,test,1,0.42704877,0
stable_diffusion_1_4_00608,test,1,0.35025713,1
stable_diffusion_1_4_00609,test,1,0.35025713,1
stable_diffusion_1_4_00610,test,1,0.04387189,0
stable_diffusion_1_4_00611,test,1,0.35025713,1
stable_diffusion_1_4_00612,test,1,0.14775859,0
stable_diffusion_1_4_00613,test,1,0.35025713,1
stable_diffusion_1_4_00614,test,1,0.35025713,1
stable_diffusion_1_4_00615,test,1,0.34867734,0
stable_diffusion_1_4_00616,test,1,0.35025713,1
stable_diffusion_1_4_00617,test,1,0.13616443,0
stable_diffusion_1_4_00618,test,1,0.35025713,1
stable_diffusion_1_4_00619,test,1,0.35025713,1
stable_diffusion_1_4_00620,test,1,0.5003751,0
stable_diffusion_1_4_00621,test,1,0.87207144,0
stable_diffusion_1_4_00622,test,1,0.22313523,0
stable_diffusion_1_4_00623,test,1,0.35025713,1
stable_diffusion_1_4_00624,test,1,0.35025713,1
stable_diffusion_1_4_00625,test,1,0.35025713,1
stable_diffusion_1_4_00626,test,1,0.35025713,1
stable_diffusion_1_4_00627,test,1,0.7638542,0
stable_diffusion_1_4_00628,test,1,0.17201371,0
stable_diffusion_1_4_00629,test,1,0.020922342,0
stable_diffusion_1_4_00630,test,1,0.3816152,0
stable_diffusion_1_4_00631,test,1,0.35025713,1
stable_diffusion_1_4_00632,test,1,0.35025713,1
stable_diffusion_1_4_00633,test,1,0.35025713,1
stable_diffusion_1_4_00634,test,1,0.35025713,1
stable_diffusion_1_4_00635,test,1,0.35025713,1
stable_diffusion_1_4_00636,test,1,0.36239058,0
stable_diffusion_1_4_00637,test,1,0.35025713,1
stable_diffusion_1_4_00638,test,1,0.78879553,0
stable_diffusion_1_4_00639,test,1,0.028303841,0
stable_diffusion_1_4_00640,test,1,0.6694276,0
stable_diffusion_1_4_00641,test,1,0.35025713,1
stable_diffusion_1_4_00642,test,1,0.35025713,1
stable_diffusion_1_4_00643,test,1,0.76407194,0
stable_diffusion_1_4_00644,test,1,0.04222812,0
stable_diffusion_1_4_00645,test,1,0.35025713,1
stable_diffusion_1_4_00646,test,1,0.35025713,1
stable_diffusion_1_4_00647,test,1,0.028637767,0
stable_diffusion_1_4_00648,test,1,0.7847351,0
stable_diffusion_1_4_00649,test,1,0.35025713,1
stable_diffusion_1_4_00650,test,1,0.35025713,1
stable_diffusion_1_4_00651,test,1,0.16655216,0
stable_diffusion_1_4_00652,test,1,0.3439552,0
stable_diffusion_1_4_00653,test,1,0.0063700713,0
stable_diffusion_1_4_00654,test,1,0.35025713,1
stable_diffusion_1_4_00655,test,1,0.35025713,1
stable_diffusion_1_4_00656,test,1,0.35025713,1
stable_diffusion_1_4_00657,test,1,0.011367152,0
stable_diffusion_1_4_00658,test,1,0.35025713,1
stable_diffusion_1_4_00659,test,1,0.010782868,0
stable_diffusion_1_4_00660,test,1,0.35025713,1
stable_diffusion_1_4_00661,test,1,0.35025713,1
stable_diffusion_1_4_00662,test,1,0.029020833,0
stable_diffusion_1_4_00663,test,1,0.35025713,1
stable_diffusion_1_4_00664,test,1,0.35025713,1
stable_diffusion_1_4_00665,test,1,0.0143365525,0
stable_diffusion_1_4_00666,test,1,0.35025713,1
stable_diffusion_1_4_00667,test,1,0.35025713,1
stable_diffusion_1_4_00668,test,1,0.35025713,1
stable_diffusion_1_4_00669,test,1,0.35025713,1
stable_diffusion_1_4_00670,test,1,0.35025713,1
stable_diffusion_1_4_00671,test,1,0.4178421,0
stable_diffusion_1_4_00672,test,1,0.35025713,1
stable_diffusion_1_4_00673,test,1,0.35025713,1
stable_diffusion_1_4_00674,test,1,0.66291314,0
stable_diffusion_1_4_00675,test,1,0.13103327,0
stable_diffusion_1_4_00676,test,1,0.23666392,0
stable_diffusion_1_4_00677,test,1,0.35025713,1
stable_diffusion_1_4_00678,test,1,0.54755706,0
stable_diffusion_1_4_00679,test,1,0.35025713,1
stable_diffusion_1_4_00680,test,1,0.35025713,1
stable_diffusion_1_4_00681,test,1,0.04868123,0
stable_diffusion_1_4_00682,test,1,0.15247138,0
stable_diffusion_1_4_00683,test,1,0.35025713,1
stable_diffusion_1_4_00684,test,1,0.35025713,1
stable_diffusion_1_4_00685,test,1,0.13583535,0
stable_diffusion_1_4_00686,test,1,0.35025713,1
stable_diffusion_1_4_00687,test,1,0.35025713,1
stable_diffusion_1_4_00688,test,1,0.35025713,1
stable_diffusion_1_4_00689,test,1,0.35025713,1
stable_diffusion_1_4_00690,test,1,0.6434752,0
stable_diffusion_1_4_00691,test,1,0.56563556,0
stable_diffusion_1_4_00692,test,1,0.12455303,0
stable_diffusion_1_4_00693,test,1,0.35025713,1
stable_diffusion_1_4_00694,test,1,0.11392286,0
stable_diffusion_1_4_00695,test,1,0.11876246,0
stable_diffusion_1_4_00696,test,1,0.35025713,1
stable_diffusion_1_4_00697,test,1,0.012546941,0
stable_diffusion_1_4_00698,test,1,0.35025713,1
stable_diffusion_1_4_00699,test,1,0.35025713,1
stable_diffusion_1_4_00700,test,1,0.024966044,0
stable_diffusion_1_4_00701,test,1,0.35025713,1
stable_diffusion_1_4_00702,test,1,0.40712607,0
stable_diffusion_1_4_00703,test,1,0.74071777,0
stable_diffusion_1_4_00704,test,1,0.48711798,0
stable_diffusion_1_4_00705,test,1,0.01856672,0
stable_diffusion_1_4_00706,test,1,0.35025713,1
stable_diffusion_1_4_00707,test,1,0.35025713,1
stable_diffusion_1_4_00708,test,1,0.32122055,0
stable_diffusion_1_4_00709,test,1,0.35025713,1
stable_diffusion_1_4_00710,test,1,0.059535425,0
stable_diffusion_1_4_00711,test,1,0.051236592,0
stable_diffusion_1_4_00712,test,1,0.35025713,1
stable_diffusion_1_4_00713,test,1,0.35025713,1
stable_diffusion_1_4_00714,test,1,0.9071289,0
stable_diffusion_1_4_00715,test,1,0.13418244,0
stable_diffusion_1_4_00716,test,1,0.35025713,1
stable_diffusion_1_4_00717,test,1,0.8560498,0
stable_diffusion_1_4_00718,test,1,0.35025713,1
stable_diffusion_1_4_00719,test,1,0.029802324,0
stable_diffusion_1_4_00720,test,1,0.10892833,0
stable_diffusion_1_4_00721,test,1,0.28791273,0
stable_diffusion_1_4_00722,test,1,0.35025713,1
stable_diffusion_1_4_00723,test,1,0.17053224,0
stable_diffusion_1_4_00724,test,1,0.041328985,0
stable_diffusion_1_4_00725,test,1,0.54176295,0
stable_diffusion_1_4_00726,test,1,0.35025713,1
stable_diffusion_1_4_00727,test,1,0.35025713,1
stable_diffusion_1_4_00728,test,1,0.029752495,0
stable_diffusion_1_4_00729,test,1,0.35025713,1
stable_diffusion_1_4_00730,test,1,0.30794367,0
stable_diffusion_1_4_00731,test,1,0.55823714,1
stable_diffusion_1_4_00732,test,1,0.01750472,0
stable_diffusion_1_4_00733,test,1,0.86905974,0
stable_diffusion_1_4_00734,test,1,0.35025713,1
stable_diffusion_1_4_00735,test,1,0.0022784532,0
stable_diffusion_1_4_00736,test,1,0.35025713,1
stable_diffusion_1_4_00737,test,1,0.35025713,1
stable_diffusion_1_4_00738,test,1,0.35025713,1
stable_diffusion_1_4_00739,test,1,0.35025713,1
stable_diffusion_1_4_00740,test,1,0.35025713,1
stable_diffusion_1_4_00741,test,1,0.32682136,0
stable_diffusion_1_4_00742,test,1,0.5090742,0
stable_diffusion_1_4_00743,test,1,0.08275071,0
stable_diffusion_1_4_00744,test,1,0.16482158,0
stable_diffusion_1_4_00745,test,1,0.35025713,1
stable_diffusion_1_4_00746,test,1,0.41609684,0
stable_diffusion_1_4_00747,test,1,0.35025713,1
stable_diffusion_1_4_00748,test,1,0.35025713,1
stable_diffusion_1_4_00749,test,1,0.35025713,1
stable_diffusion_1_4_00750,test,1,0.22902769,0
stable_diffusion_1_4_00751,test,1,0.031212853,0
stable_diffusion_1_4_00752,test,1,0.35025713,1
stable_diffusion_1_4_00753,test,1,0.35025713,1
stable_diffusion_1_4_00754,test,1,0.35025713,1
stable_diffusion_1_4_00755,test,1,0.21295372,0
stable_diffusion_1_4_00756,test,1,0.093526825,1
stable_diffusion_1_4_00757,test,1,0.133477,0
stable_diffusion_1_4_00758,test,1,0.35025713,1
stable_diffusion_1_4_00759,test,1,0.030470824,0
stable_diffusion_1_4_00760,test,1,0.5056606,0
stable_diffusion_1_4_00761,test,1,0.35025713,1
stable_diffusion_1_4_00762,test,1,0.35025713,1
stable_diffusion_1_4_00763,test,1,0.35025713,1
stable_diffusion_1_4_00764,test,1,0.35025713,1
stable_diffusion_1_4_00765,test,1,0.35025713,1
stable_diffusion_1_4_00766,test,1,0.35025713,1
stable_diffusion_1_4_00767,test,1,0.35025713,1
stable_diffusion_1_4_00768,test,1,0.35025713,1
stable_diffusion_1_4_00769,test,1,0.35025713,1
stable_diffusion_1_4_00770,test,1,0.35025713,1
stable_diffusion_1_4_00771,test,1,0.35025713,1
stable_diffusion_1_4_00772,test,1,0.35025713,1
stable_diffusion_1_4_00773,test,1,0.35025713,1
stable_diffusion_1_4_00774,test,1,0.35025713,1
stable_diffusion_1_4_00775,test,1,0.81947607,0
stable_diffusion_1_4_00776,test,1,0.48143533,0
stable_diffusion_1_4_00777,test,1,0.62304693,0
stable_diffusion_1_4_00778,test,1,0.35025713,1
stable_diffusion_1_4_00779,test,1,0.35025713,1
stable_diffusion_1_4_00780,test,1,0.35025713,1
stable_diffusion_1_4_00781,test,1,0.35025713,1
stable_diffusion_1_4_00782,test,1,0.35025713,1
stable_diffusion_1_4_00783,test,1,0.05277711,0
stable_diffusion_1_4_00784,test,1,0.35025713,1
stable_diffusion_1_4_00785,test,1,0.552452,0
stable_diffusion_1_4_00786,test,1,0.5071472,0
stable_diffusion_1_4_00787,test,1,0.75519836,0
stable_diffusion_1_4_00788,test,1,0.35025713,1
stable_diffusion_1_4_00789,test,1,0.35025713,1
stable_diffusion_1_4_00790,test,1,0.35025713,1
stable_diffusion_1_4_00791,test,1,0.03306321,0
stable_diffusion_1_4_00792,test,1,0.15481392,1
stable_diffusion_1_4_00793,test,1,0.35025713,1
stable_diffusion_1_4_00794,test,1,0.35025713,1
stable_diffusion_1_4_00795,test,1,0.38361883,0
stable_diffusion_1_4_00796,test,1,0.5253982,0
stable_diffusion_1_4_00797,test,1,0.9676512,0
stable_diffusion_1_4_00798,test,1,0.35025713,1
stable_diffusion_1_4_00799,test,1,0.027416766,0
stable_diffusion_1_4_00800,test,1,0.26948017,0
stable_diffusion_1_4_00801,test,1,0.35025713,1
stable_diffusion_1_4_00802,test,1,0.35025713,1
stable_diffusion_1_4_00803,test,1,0.10631194,0
stable_diffusion_1_4_00804,test,1,0.10283549,0
stable_diffusion_1_4_00805,test,1,0.35025713,1
stable_diffusion_1_4_00806,test,1,0.35025713,1
stable_diffusion_1_4_00807,test,1,0.88102645,0
stable_diffusion_1_4_00808,test,1,0.35025713,1
stable_diffusion_1_4_00809,test,1,0.7550838,0
stable_diffusion_1_4_00810,test,1,0.35025713,1
stable_diffusion_1_4_00811,test,1,0.35025713,1
stable_diffusion_1_4_00812,test,1,0.12406813,0
stable_diffusion_1_4_00813,test,1,0.3653961,0
stable_diffusion_1_4_00814,test,1,0.19127755,0
stable_diffusion_1_4_00815,test,1,0.35889724,0
stable_diffusion_1_4_00816,test,1,0.11275459,0
stable_diffusion_1_4_00817,test,1,0.35025713,1
stable_diffusion_1_4_00818,test,1,0.35025713,1
stable_diffusion_1_4_00819,test,1,0.41912693,0
stable_diffusion_1_4_00820,test,1,0.2888969,0
stable_diffusion_1_4_00821,test,1,0.35025713,1
stable_diffusion_1_4_00822,test,1,0.35025713,1
stable_diffusion_1_4_00823,test,1,0.27686235,0
stable_diffusion_1_4_00824,test,1,0.027981801,0
stable_diffusion_1_4_00825,test,1,0.35025713,1
stable_diffusion_1_4_00826,test,1,0.11446858,0
stable_diffusion_1_4_00827,test,1,0.35025713,1
stable_diffusion_1_4_00828,test,1,0.08040599,0
stable_diffusion_1_4_00829,test,1,0.82562226,0
stable_diffusion_1_4_00830,test,1,0.11225381,0
stable_diffusion_1_4_00831,test,1,0.023773344,0
stable_diffusion_1_4_00832,test,1,0.00480042,0
stable_diffusion_1_4_00833,test,1,0.35025713,1
stable_diffusion_1_4_00834,test,1,0.048743952,0
stable_diffusion_1_4_00835,test,1,0.35025713,1
stable_diffusion_1_4_00836,test,1,0.6415852,0
stable_diffusion_1_4_00837,test,1,0.31401762,0
stable_diffusion_1_4_00838,test,1,0.35025713,1
stable_diffusion_1_4_00839,test,1,0.24426153,0
stable_diffusion_1_4_00840,test,1,0.35025713,1
stable_diffusion_1_4_00841,test,1,0.35025713,1
stable_diffusion_1_4_00842,test,1,0.38081706,0
stable_diffusion_1_4_00843,test,1,0.35025713,1
stable_diffusion_1_4_00844,test,1,0.35025713,1
stable_diffusion_1_4_00845,test,1,0.35025713,1
stable_diffusion_1_4_00846,test,1,0.35025713,1
stable_diffusion_1_4_00847,test,1,0.00073895126,0
stable_diffusion_1_4_00848,test,1,0.2803322,0
stable_diffusion_1_4_00849,test,1,0.051756285,0
stable_diffusion_1_4_00850,test,1,0.35025713,1
stable_diffusion_1_4_00851,test,1,0.35025713,1
stable_diffusion_1_4_00852,test,1,0.13949575,0
stable_diffusion_1_4_00853,test,1,0.4859055,0
stable_diffusion_1_4_00854,test,1,0.17710666,0
stable_diffusion_1_4_00855,test,1,0.25087133,0
stable_diffusion_1_4_00856,test,1,0.103712894,0
stable_diffusion_1_4_00857,test,1,0.35025713,1
stable_diffusion_1_4_00858,test,1,0.35025713,1
stable_diffusion_1_4_00859,test,1,0.35025713,1
stable_diffusion_1_4_00860,test,1,0.35025713,1
stable_diffusion_1_4_00861,test,1,0.27875528,0
stable_diffusion_1_4_00862,test,1,0.47936803,0
stable_diffusion_1_4_00863,test,1,0.0902706,0
stable_diffusion_1_4_00864,test,1,0.35025713,1
stable_diffusion_1_4_00865,test,1,0.35025713,1
stable_diffusion_1_4_00866,test,1,0.9185151,0
stable_diffusion_1_4_00867,test,1,0.02195669,0
stable_diffusion_1_4_00868,test,1,0.41138747,0
stable_diffusion_1_4_00869,test,1,0.009218729,0
stable_diffusion_1_4_00870,test,1,0.10677311,0
stable_diffusion_1_4_00871,test,1,0.1340532,0
stable_diffusion_1_4_00872,test,1,0.35025713,1
stable_diffusion_1_4_00873,test,1,0.16180846,0
stable_diffusion_1_4_00874,test,1,0.04943114,1
stable_diffusion_1_4_00875,test,1,0.35025713,1
stable_diffusion_1_4_00876,test,1,0.046000034,0
stable_diffusion_1_4_00877,test,1,0.8718164,0
stable_diffusion_1_4_00878,test,1,0.11551123,0
stable_diffusion_1_4_00879,test,1,0.17226556,1
stable_diffusion_1_4_00880,test,1,0.35025713,1
stable_diffusion_1_4_00881,test,1,0.09230034,0
stable_diffusion_1_4_00882,test,1,0.35025713,1
stable_diffusion_1_4_00883,test,1,0.35025713,1
stable_diffusion_1_4_00884,test,1,0.61091524,0
stable_diffusion_1_4_00885,test,1,0.22338845,0
stable_diffusion_1_4_00886,test,1,0.35025713,1
stable_diffusion_1_4_00887,test,1,0.35025713,1
stable_diffusion_1_4_00888,test,1,0.35025713,1
stable_diffusion_1_4_00889,test,1,0.12775615,1
stable_diffusion_1_4_00890,test,1,0.35025713,1
stable_diffusion_1_4_00891,test,1,0.123208225,0
stable_diffusion_1_4_00892,test,1,0.80876076,0
stable_diffusion_1_4_00893,test,1,0.35025713,1
stable_diffusion_1_4_00894,test,1,0.35025713,1
stable_diffusion_1_4_00895,test,1,0.35025713,1
stable_diffusion_1_4_00896,test,1,0.35025713,1
stable_diffusion_1_4_00897,test,1,0.35025713,1
stable_diffusion_1_4_00898,test,1,0.35025713,1
stable_diffusion_1_4_00899,test,1,0.7532614,0
stable_diffusion_1_4_00900,test,1,0.35025713,1
stable_diffusion_1_4_00901,test,1,0.998428,0
stable_diffusion_1_4_00902,test,1,0.023793254,0
stable_diffusion_1_4_00903,test,1,0.35025713,1
stable_diffusion_1_4_00904,test,1,0.35025713,1
stable_diffusion_1_4_00905,test,1,0.35025713,1
stable_diffusion_1_4_00906,test,1,0.35025713,1
stable_diffusion_1_4_00907,test,1,0.6545415,0
stable_diffusion_1_4_00908,test,1,0.035360858,0
stable_diffusion_1_4_00909,test,1,0.35025713,1
stable_diffusion_1_4_00910,test,1,0.31541303,0
stable_diffusion_1_4_00911,test,1,0.35025713,1
stable_diffusion_1_4_00912,test,1,0.07574103,0
stable_diffusion_1_4_00913,test,1,0.35827067,0
stable_diffusion_1_4_00914,test,1,0.115165584,0
stable_diffusion_1_4_00915,test,1,0.35025713,1
stable_diffusion_1_4_00916,test,1,0.5275322,0
stable_diffusion_1_4_00917,test,1,0.35025713,1
stable_diffusion_1_4_00918,test,1,0.35025713,1
stable_diffusion_1_4_00919,test,1,0.01822895,0
stable_diffusion_1_4_00920,test,1,0.35025713,1
stable_diffusion_1_4_00921,test,1,0.35025713,1
stable_diffusion_1_4_00922,test,1,0.35025713,1
stable_diffusion_1_4_00923,test,1,0.35025713,1
stable_diffusion_1_4_00924,test,1,0.66692275,0
stable_diffusion_1_4_00925,test,1,0.35025713,1
stable_diffusion_1_4_00926,test,1,0.35025713,1
stable_diffusion_1_4_00927,test,1,0.06734048,0
stable_diffusion_1_4_00928,test,1,0.129127,0
stable_diffusion_1_4_00929,test,1,0.35025713,1
stable_diffusion_1_4_00930,test,1,0.6040117,0
stable_diffusion_1_4_00931,test,1,0.9444523,0
stable_diffusion_1_4_00932,test,1,0.35025713,1
stable_diffusion_1_4_00933,test,1,0.35025713,1
stable_diffusion_1_4_00934,test,1,0.35025713,1
stable_diffusion_1_4_00935,test,1,0.8170143,0
stable_diffusion_1_4_00936,test,1,0.8704104,0
stable_diffusion_1_4_00937,test,1,0.35025713,1
stable_diffusion_1_4_00938,test,1,0.35025713,1
stable_diffusion_1_4_00939,test,1,0.055683468,0
stable_diffusion_1_4_00940,test,1,0.47614905,0
stable_diffusion_1_4_00941,test,1,0.30041847,0
stable_diffusion_1_4_00942,test,1,0.35025713,1
stable_diffusion_1_4_00943,test,1,0.35025713,1
stable_diffusion_1_4_00944,test,1,0.07324006,0
stable_diffusion_1_4_00945,test,1,0.35025713,1
stable_diffusion_1_4_00946,test,1,0.07701886,0
stable_diffusion_1_4_00947,test,1,0.35025713,1
stable_diffusion_1_4_00948,test,1,0.35025713,1
stable_diffusion_1_4_00949,test,1,0.62107307,0
stable_diffusion_1_4_00950,test,1,0.35025713,1
stable_diffusion_1_4_00951,test,1,0.48208052,0
stable_diffusion_1_4_00952,test,1,0.35025713,1
stable_diffusion_1_4_00953,test,1,0.3762174,0
stable_diffusion_1_4_00954,test,1,0.35025713,1
stable_diffusion_1_4_00955,test,1,0.021666346,0
stable_diffusion_1_4_00956,test,1,0.58938086,0
stable_diffusion_1_4_00957,test,1,0.35025713,1
stable_diffusion_1_4_00958,test,1,0.35025713,1
stable_diffusion_1_4_00959,test,1,0.12314454,0
stable_diffusion_1_4_00960,test,1,0.27709997,0
stable_diffusion_1_4_00961,test,1,0.25223517,0
stable_diffusion_1_4_00962,test,1,0.0028922092,0
stable_diffusion_1_4_00963,test,1,0.35025713,1
stable_diffusion_1_4_00964,test,1,0.35025713,1
stable_diffusion_1_4_00965,test,1,0.35025713,1
stable_diffusion_1_4_00966,test,1,0.35025713,1
stable_diffusion_1_4_00967,test,1,0.35025713,1
stable_diffusion_1_4_00968,test,1,0.7433872,0
stable_diffusion_1_4_00969,test,1,0.021375291,0
stable_diffusion_1_4_00970,test,1,0.18176222,0
stable_diffusion_1_4_00971,test,1,0.35025713,1
stable_diffusion_1_4_00972,test,1,0.35025713,1
stable_diffusion_1_4_00973,test,1,0.43630388,0
stable_diffusion_1_4_00974,test,1,0.017397333,0
stable_diffusion_1_4_00975,test,1,0.35025713,1
stable_diffusion_1_4_00976,test,1,0.35025713,1
stable_diffusion_1_4_00977,test,1,0.35025713,1
stable_diffusion_1_4_00978,test,1,0.32678047,0
stable_diffusion_1_4_00979,test,1,0.8413355,0
stable_diffusion_1_4_00980,test,1,0.8207668,0
stable_diffusion_1_4_00981,test,1,0.040521123,0
stable_diffusion_1_4_00982,test,1,0.013992149,0
stable_diffusion_1_4_00983,test,1,0.35025713,1
stable_diffusion_1_4_00984,test,1,0.35025713,1
stable_diffusion_1_4_00985,test,1,0.07185966,0
stable_diffusion_1_4_00986,test,1,0.29652098,0
stable_diffusion_1_4_00987,test,1,0.63671714,0
stable_diffusion_1_4_00988,test,1,0.46439475,0
stable_diffusion_1_4_00989,test,1,0.35025713,1
stable_diffusion_1_4_00990,test,1,0.35025713,1
stable_diffusion_1_4_00991,test,1,0.024888992,0
stable_diffusion_1_4_00992,test,1,0.35025713,1
stable_diffusion_1_4_00993,test,1,0.30151847,0
stable_diffusion_1_4_00994,test,1,0.35025713,1
stable_diffusion_1_4_00995,test,1,0.35025713,1
stable_diffusion_1_4_00996,test,1,0.35025713,1
stable_diffusion_1_4_00997,test,1,0.13541862,0
stable_diffusion_1_4_00998,test,1,0.35025713,1
stable_diffusion_1_4_00999,test,1,0.35025713,1
stable_diffusion_2_00000,test,1,0.20440456,1
stable_diffusion_2_00001,test,1,0.021860948,0
stable_diffusion_2_00002,test,1,0.35025713,1
stable_diffusion_2_00003,test,1,0.35025713,1
stable_diffusion_2_00004,test,1,0.35025713,1
stable_diffusion_2_00005,test,1,0.2497012,1
stable_diffusion_2_00006,test,1,0.35025713,1
stable_diffusion_2_00007,test,1,0.45359528,0
stable_diffusion_2_00008,test,1,0.35025713,1
stable_diffusion_2_00009,test,1,0.35025713,1
stable_diffusion_2_00010,test,1,0.35025713,1
stable_diffusion_2_00011,test,1,0.34176892,1
stable_diffusion_2_00012,test,1,0.35025713,1
stable_diffusion_2_00013,test,1,0.35025713,1
stable_diffusion_2_00014,test,1,0.35025713,1
stable_diffusion_2_00015,test,1,0.35025713,1
stable_diffusion_2_00016,test,1,0.35025713,1
stable_diffusion_2_00017,test,1,0.35025713,1
stable_diffusion_2_00018,test,1,0.35025713,1
stable_diffusion_2_00019,test,1,0.35025713,1
stable_diffusion_2_00020,test,1,0.35025713,1
stable_diffusion_2_00021,test,1,0.35025713,1
stable_diffusion_2_00022,test,1,0.35025713,1
stable_diffusion_2_00023,test,1,0.35025713,1
stable_diffusion_2_00024,test,1,0.35025713,1
stable_diffusion_2_00025,test,1,0.35025713,1
stable_diffusion_2_00026,test,1,0.1297891,0
stable_diffusion_2_00027,test,1,0.35025713,1
stable_diffusion_2_00028,test,1,0.35025713,1
stable_diffusion_2_00029,test,1,0.35025713,1
stable_diffusion_2_00030,test,1,0.35025713,1
stable_diffusion_2_00031,test,1,0.12082914,0
stable_diffusion_2_00032,test,1,0.35025713,1
stable_diffusion_2_00033,test,1,0.35025713,1
stable_diffusion_2_00034,test,1,0.35025713,1
stable_diffusion_2_00035,test,1,0.35025713,1
stable_diffusion_2_00036,test,1,0.35025713,1
stable_diffusion_2_00037,test,1,0.35025713,1
stable_diffusion_2_00038,test,1,0.23325098,0
stable_diffusion_2_00039,test,1,0.1311489,1
stable_diffusion_2_00040,test,1,0.35025713,1
stable_diffusion_2_00041,test,1,0.35025713,1
stable_diffusion_2_00042,test,1,0.3871578,1
stable_diffusion_2_00043,test,1,0.35025713,1
stable_diffusion_2_00044,test,1,0.043168038,0
stable_diffusion_2_00045,test,1,0.35025713,1
stable_diffusion_2_00046,test,1,0.35025713,1
stable_diffusion_2_00047,test,1,0.35025713,1
stable_diffusion_2_00048,test,1,0.040343657,0
stable_diffusion_2_00049,test,1,0.5794748,0
stable_diffusion_2_00050,test,1,0.35025713,1
stable_diffusion_2_00051,test,1,0.009526606,0
stable_diffusion_2_00052,test,1,0.35025713,1
stable_diffusion_2_00053,test,1,0.35025713,1
stable_diffusion_2_00054,test,1,0.35025713,1
stable_diffusion_2_00055,test,1,0.35025713,1
stable_diffusion_2_00056,test,1,0.35025713,1
stable_diffusion_2_00057,test,1,0.5521738,0
stable_diffusion_2_00058,test,1,0.35025713,1
stable_diffusion_2_00059,test,1,0.35025713,1
stable_diffusion_2_00060,test,1,0.35025713,1
stable_diffusion_2_00061,test,1,0.07325379,0
stable_diffusion_2_00062,test,1,0.35025713,1
stable_diffusion_2_00063,test,1,0.38535392,0
stable_diffusion_2_00064,test,1,0.17660013,0
stable_diffusion_2_00065,test,1,0.35025713,1
stable_diffusion_2_00066,test,1,0.35025713,1
stable_diffusion_2_00067,test,1,0.37414098,0
stable_diffusion_2_00068,test,1,0.35025713,1
stable_diffusion_2_00069,test,1,0.35025713,1
stable_diffusion_2_00070,test,1,0.35025713,1
stable_diffusion_2_00071,test,1,0.38126278,0
stable_diffusion_2_00072,test,1,0.35025713,1
stable_diffusion_2_00073,test,1,0.43576878,0
stable_diffusion_2_00074,test,1,0.35025713,1
stable_diffusion_2_00075,test,1,0.37773722,0
stable_diffusion_2_00076,test,1,0.35025713,1
stable_diffusion_2_00077,test,1,0.35025713,1
stable_diffusion_2_00078,test,1,0.35025713,1
stable_diffusion_2_00079,test,1,0.35025713,1
stable_diffusion_2_00080,test,1,0.021743124,0
stable_diffusion_2_00081,test,1,0.10137055,0
stable_diffusion_2_00082,test,1,0.35025713,1
stable_diffusion_2_00083,test,1,0.35025713,1
stable_diffusion_2_00084,test,1,0.35025713,1
stable_diffusion_2_00085,test,1,0.35025713,1
stable_diffusion_2_00086,test,1,0.35025713,1
stable_diffusion_2_00087,test,1,0.2894682,0
stable_diffusion_2_00088,test,1,0.37227717,0
stable_diffusion_2_00089,test,1,0.3326319,1
stable_diffusion_2_00090,test,1,0.35025713,1
stable_diffusion_2_00091,test,1,0.37617338,0
stable_diffusion_2_00092,test,1,0.18592186,1
stable_diffusion_2_00093,test,1,0.16033705,0
stable_diffusion_2_00094,test,1,0.35025713,1
stable_diffusion_2_00095,test,1,0.21072839,1
stable_diffusion_2_00096,test,1,0.35025713,1
stable_diffusion_2_00097,test,1,0.35025713,1
stable_diffusion_2_00098,test,1,0.029577952,0
stable_diffusion_2_00099,test,1,0.35025713,1
stable_diffusion_2_00100,test,1,0.016009275,0
stable_diffusion_2_00101,test,1,0.2562364,0
stable_diffusion_2_00102,test,1,0.35025713,1
stable_diffusion_2_00103,test,1,0.35025713,1
stable_diffusion_2_00104,test,1,0.35025713,1
stable_diffusion_2_00105,test,1,0.74967897,0
stable_diffusion_2_00106,test,1,0.35025713,1
stable_diffusion_2_00107,test,1,0.24151902,0
stable_diffusion_2_00108,test,1,0.35025713,1
stable_diffusion_2_00109,test,1,0.35025713,1
stable_diffusion_2_00110,test,1,0.35025713,1
stable_diffusion_2_00111,test,1,0.35025713,1
stable_diffusion_2_00112,test,1,0.35025713,1
stable_diffusion_2_00113,test,1,0.35025713,1
stable_diffusion_2_00114,test,1,0.35025713,1
stable_diffusion_2_00115,test,1,0.35025713,1
stable_diffusion_2_00116,test,1,0.20140839,0
stable_diffusion_2_00117,test,1,0.35025713,1
stable_diffusion_2_00118,test,1,0.67745894,0
stable_diffusion_2_00119,test,1,0.04754661,0
stable_diffusion_2_00120,test,1,0.11221427,0
stable_diffusion_2_00121,test,1,0.35025713,1
stable_diffusion_2_00122,test,1,0.22040012,0
stable_diffusion_2_00123,test,1,0.35025713,1
stable_diffusion_2_00124,test,1,0.35025713,1
stable_diffusion_2_00125,test,1,0.304209,1
stable_diffusion_2_00126,test,1,0.35025713,1
stable_diffusion_2_00127,test,1,0.2929129,0
stable_diffusion_2_00128,test,1,0.19821478,1
stable_diffusion_2_00129,test,1,0.35025713,1
stable_diffusion_2_00130,test,1,0.35025713,1
stable_diffusion_2_00131,test,1,0.1548117,0
stable_diffusion_2_00132,test,1,0.35025713,1
stable_diffusion_2_00133,test,1,0.28119794,0
stable_diffusion_2_00134,test,1,0.35025713,1
stable_diffusion_2_00135,test,1,0.35025713,1
stable_diffusion_2_00136,test,1,0.35025713,1
stable_diffusion_2_00137,test,1,0.35025713,1
stable_diffusion_2_00138,test,1,0.35025713,1
stable_diffusion_2_00139,test,1,0.35025713,1
stable_diffusion_2_00140,test,1,0.23338298,0
stable_diffusion_2_00141,test,1,0.15665807,0
stable_diffusion_2_00142,test,1,0.35025713,1
stable_diffusion_2_00143,test,1,0.35025713,1
stable_diffusion_2_00144,test,1,0.16571587,1
stable_diffusion_2_00145,test,1,0.35025713,1
stable_diffusion_2_00146,test,1,0.7497291,0
stable_diffusion_2_00147,test,1,0.50360924,1
stable_diffusion_2_00148,test,1,0.35025713,1
stable_diffusion_2_00149,test,1,0.35025713,1
stable_diffusion_2_00150,test,1,0.35025713,1
stable_diffusion_2_00151,test,1,0.41795713,0
stable_diffusion_2_00152,test,1,0.35025713,1
stable_diffusion_2_00153,test,1,0.35025713,1
stable_diffusion_2_00154,test,1,0.35025713,1
stable_diffusion_2_00155,test,1,0.35025713,1
stable_diffusion_2_00156,test,1,0.35025713,1
stable_diffusion_2_00157,test,1,0.06617225,0
stable_diffusion_2_00158,test,1,0.35025713,1
stable_diffusion_2_00159,test,1,0.35025713,1
stable_diffusion_2_00160,test,1,0.27216753,1
stable_diffusion_2_00161,test,1,0.35025713,1
stable_diffusion_2_00162,test,1,0.19349168,0
stable_diffusion_2_00163,test,1,0.35025713,1
stable_diffusion_2_00164,test,1,0.35025713,1
stable_diffusion_2_00165,test,1,0.35025713,1
stable_diffusion_2_00166,test,1,0.35025713,1
stable_diffusion_2_00167,test,1,0.30717134,1
stable_diffusion_2_00168,test,1,0.35025713,1
stable_diffusion_2_00169,test,1,0.104154624,0
stable_diffusion_2_00170,test,1,0.19663487,0
stable_diffusion_2_00171,test,1,0.35025713,1
stable_diffusion_2_00172,test,1,0.35025713,1
stable_diffusion_2_00173,test,1,0.35025713,1
stable_diffusion_2_00174,test,1,0.35025713,1
stable_diffusion_2_00175,test,1,0.35025713,1
stable_diffusion_2_00176,test,1,0.35025713,1
stable_diffusion_2_00177,test,1,0.35025713,1
stable_diffusion_2_00178,test,1,0.35025713,1
stable_diffusion_2_00179,test,1,0.35025713,1
stable_diffusion_2_00180,test,1,0.35025713,1
stable_diffusion_2_00181,test,1,0.091054834,1
stable_diffusion_2_00182,test,1,0.24199732,0
stable_diffusion_2_00183,test,1,0.35025713,1
stable_diffusion_2_00184,test,1,0.14776973,0
stable_diffusion_2_00185,test,1,0.040427625,0
stable_diffusion_2_00186,test,1,0.064944305,0
stable_diffusion_2_00187,test,1,0.35471857,0
stable_diffusion_2_00188,test,1,0.35025713,1
stable_diffusion_2_00189,test,1,0.35025713,1
stable_diffusion_2_00190,test,1,0.35025713,1
stable_diffusion_2_00191,test,1,0.4048405,1
stable_diffusion_2_00192,test,1,0.35025713,1
stable_diffusion_2_00193,test,1,0.35025713,1
stable_diffusion_2_00194,test,1,0.35025713,1
stable_diffusion_2_00195,test,1,0.35025713,1
stable_diffusion_2_00196,test,1,0.35025713,1
stable_diffusion_2_00197,test,1,0.35025713,1
stable_diffusion_2_00198,test,1,0.35025713,1
stable_diffusion_2_00199,test,1,0.35025713,1
stable_diffusion_2_00200,test,1,0.35025713,1
stable_diffusion_2_00201,test,1,0.35025713,1
stable_diffusion_2_00202,test,1,0.07260915,0
stable_diffusion_2_00203,test,1,0.35025713,1
stable_diffusion_2_00204,test,1,0.035476916,0
stable_diffusion_2_00205,test,1,0.12067571,0
stable_diffusion_2_00206,test,1,0.35025713,1
stable_diffusion_2_00207,test,1,0.35025713,1
stable_diffusion_2_00208,test,1,0.35025713,1
stable_diffusion_2_00209,test,1,0.35025713,1
stable_diffusion_2_00210,test,1,0.35025713,1
stable_diffusion_2_00211,test,1,0.25006777,0
stable_diffusion_2_00212,test,1,0.35025713,1
stable_diffusion_2_00213,test,1,0.35025713,1
stable_diffusion_2_00214,test,1,0.35025713,1
stable_diffusion_2_00215,test,1,0.35025713,1
stable_diffusion_2_00216,test,1,0.35025713,1
stable_diffusion_2_00217,test,1,0.35025713,1
stable_diffusion_2_00218,test,1,0.2809869,0
stable_diffusion_2_00219,test,1,0.18413635,0
stable_diffusion_2_00220,test,1,0.22291116,1
stable_diffusion_2_00221,test,1,0.008495013,0
stable_diffusion_2_00222,test,1,0.35025713,1
stable_diffusion_2_00223,test,1,0.35025713,1
stable_diffusion_2_00224,test,1,0.063809365,0
stable_diffusion_2_00225,test,1,0.35025713,1
stable_diffusion_2_00226,test,1,0.19422387,1
stable_diffusion_2_00227,test,1,0.35025713,1
stable_diffusion_2_00228,test,1,0.17684981,0
stable_diffusion_2_00229,test,1,0.09508688,0
stable_diffusion_2_00230,test,1,0.5047398,0
stable_diffusion_2_00231,test,1,0.35025713,1
stable_diffusion_2_00232,test,1,0.35025713,1
stable_diffusion_2_00233,test,1,0.31549245,0
stable_diffusion_2_00234,test,1,0.35025713,1
stable_diffusion_2_00235,test,1,0.35025713,1
stable_diffusion_2_00236,test,1,0.6952843,0
stable_diffusion_2_00237,test,1,0.019238174,0
stable_diffusion_2_00238,test,1,0.05136477,0
stable_diffusion_2_00239,test,1,0.085501224,0
stable_diffusion_2_00240,test,1,0.35025713,1
stable_diffusion_2_00241,test,1,0.012970058,0
stable_diffusion_2_00242,test,1,0.35025713,1
stable_diffusion_2_00243,test,1,0.35025713,1
stable_diffusion_2_00244,test,1,0.35025713,1
stable_diffusion_2_00245,test,1,0.046571642,0
stable_diffusion_2_00246,test,1,0.38126624,0
stable_diffusion_2_00247,test,1,0.35025713,1
stable_diffusion_2_00248,test,1,0.35025713,1
stable_diffusion_2_00249,test,1,0.35025713,1
stable_diffusion_2_00250,test,1,0.35025713,1
stable_diffusion_2_00251,test,1,0.35025713,1
stable_diffusion_2_00252,test,1,0.35025713,1
stable_diffusion_2_00253,test,1,0.25768954,0
stable_diffusion_2_00254,test,1,0.35025713,1
stable_diffusion_2_00255,test,1,0.35025713,1
stable_diffusion_2_00256,test,1,0.040434342,0
stable_diffusion_2_00257,test,1,0.35025713,1
stable_diffusion_2_00258,test,1,0.35025713,1
stable_diffusion_2_00259,test,1,0.3668514,0
stable_diffusion_2_00260,test,1,0.22466469,1
stable_diffusion_2_00261,test,1,0.03741631,0
stable_diffusion_2_00262,test,1,0.35025713,1
stable_diffusion_2_00263,test,1,0.35404718,0
stable_diffusion_2_00264,test,1,0.35025713,1
stable_diffusion_2_00265,test,1,0.2869507,1
stable_diffusion_2_00266,test,1,0.35025713,1
stable_diffusion_2_00267,test,1,0.35025713,1
stable_diffusion_2_00268,test,1,0.35025713,1
stable_diffusion_2_00269,test,1,0.35025713,1
stable_diffusion_2_00270,test,1,0.35025713,1
stable_diffusion_2_00271,test,1,0.35025713,1
stable_diffusion_2_00272,test,1,0.009281114,0
stable_diffusion_2_00273,test,1,0.09540233,0
stable_diffusion_2_00274,test,1,0.35025713,1
stable_diffusion_2_00275,test,1,0.594262,1
stable_diffusion_2_00276,test,1,0.35025713,1
stable_diffusion_2_00277,test,1,0.2887706,1
stable_diffusion_2_00278,test,1,0.35025713,1
stable_diffusion_2_00279,test,1,0.35025713,1
stable_diffusion_2_00280,test,1,0.35025713,1
stable_diffusion_2_00281,test,1,0.35025713,1
stable_diffusion_2_00282,test,1,0.044145763,0
stable_diffusion_2_00283,test,1,0.11728077,0
stable_diffusion_2_00284,test,1,0.35025713,1
stable_diffusion_2_00285,test,1,0.35025713,1
stable_diffusion_2_00286,test,1,0.35025713,1
stable_diffusion_2_00287,test,1,0.35025713,1
stable_diffusion_2_00288,test,1,0.3755922,0
stable_diffusion_2_00289,test,1,0.35025713,1
stable_diffusion_2_00290,test,1,0.35025713,1
stable_diffusion_2_00291,test,1,0.35025713,1
stable_diffusion_2_00292,test,1,0.35025713,1
stable_diffusion_2_00293,test,1,0.35025713,1
stable_diffusion_2_00294,test,1,0.35025713,1
stable_diffusion_2_00295,test,1,0.35025713,1
stable_diffusion_2_00296,test,1,0.8847188,0
stable_diffusion_2_00297,test,1,0.08822452,0
stable_diffusion_2_00298,test,1,0.35025713,1
stable_diffusion_2_00299,test,1,0.35025713,1
stable_diffusion_2_00300,test,1,0.35025713,1
stable_diffusion_2_00301,test,1,0.35025713,1
stable_diffusion_2_00302,test,1,0.35025713,1
stable_diffusion_2_00303,test,1,0.35025713,1
stable_diffusion_2_00304,test,1,0.35025713,1
stable_diffusion_2_00305,test,1,0.35025713,1
stable_diffusion_2_00306,test,1,0.35025713,1
stable_diffusion_2_00307,test,1,0.0032655953,0
stable_diffusion_2_00308,test,1,0.35025713,1
stable_diffusion_2_00309,test,1,0.17625777,0
stable_diffusion_2_00310,test,1,0.35025713,1
stable_diffusion_2_00311,test,1,0.062429063,0
stable_diffusion_2_00312,test,1,0.35025713,1
stable_diffusion_2_00313,test,1,0.20875776,1
stable_diffusion_2_00314,test,1,0.35025713,1
stable_diffusion_2_00315,test,1,0.35025713,1
stable_diffusion_2_00316,test,1,0.35025713,1
stable_diffusion_2_00317,test,1,0.34997982,0
stable_diffusion_2_00318,test,1,0.35025713,1
stable_diffusion_2_00319,test,1,0.35025713,1
stable_diffusion_2_00320,test,1,0.35025713,1
stable_diffusion_2_00321,test,1,0.35025713,1
stable_diffusion_2_00322,test,1,0.014812967,0
stable_diffusion_2_00323,test,1,0.35025713,1
stable_diffusion_2_00324,test,1,0.16500111,0
stable_diffusion_2_00325,test,1,0.35025713,1
stable_diffusion_2_00326,test,1,0.35025713,1
stable_diffusion_2_00327,test,1,0.35025713,1
stable_diffusion_2_00328,test,1,0.39504072,1
stable_diffusion_2_00329,test,1,0.35025713,1
stable_diffusion_2_00330,test,1,0.038938858,0
stable_diffusion_2_00331,test,1,0.05068455,0
stable_diffusion_2_00332,test,1,0.35025713,1
stable_diffusion_2_00333,test,1,0.35025713,1
stable_diffusion_2_00334,test,1,0.35025713,1
stable_diffusion_2_00335,test,1,0.35025713,1
stable_diffusion_2_00336,test,1,0.35025713,1
stable_diffusion_2_00337,test,1,0.35025713,1
stable_diffusion_2_00338,test,1,0.35025713,1
stable_diffusion_2_00339,test,1,0.35025713,1
stable_diffusion_2_00340,test,1,0.35025713,1
stable_diffusion_2_00341,test,1,0.048150647,0
stable_diffusion_2_00342,test,1,0.35025713,1
stable_diffusion_2_00343,test,1,0.35025713,1
stable_diffusion_2_00344,test,1,0.411456,0
stable_diffusion_2_00345,test,1,0.76927084,0
stable_diffusion_2_00346,test,1,0.16133283,0
stable_diffusion_2_00347,test,1,0.35025713,1
stable_diffusion_2_00348,test,1,0.35025713,1
stable_diffusion_2_00349,test,1,0.35025713,1
stable_diffusion_2_00350,test,1,0.35025713,1
stable_diffusion_2_00351,test,1,0.65250367,0
stable_diffusion_2_00352,test,1,0.35025713,1
stable_diffusion_2_00353,test,1,0.35025713,1
stable_diffusion_2_00354,test,1,0.06409296,0
stable_diffusion_2_00355,test,1,0.35025713,1
stable_diffusion_2_00356,test,1,0.35025713,1
stable_diffusion_2_00357,test,1,0.35025713,1
stable_diffusion_2_00358,test,1,0.35025713,1
stable_diffusion_2_00359,test,1,0.35025713,1
stable_diffusion_2_00360,test,1,0.35025713,1
stable_diffusion_2_00361,test,1,0.10956232,0
stable_diffusion_2_00362,test,1,0.35025713,1
stable_diffusion_2_00363,test,1,0.37250677,0
stable_diffusion_2_00364,test,1,0.3203102,0
stable_diffusion_2_00365,test,1,0.35025713,1
stable_diffusion_2_00366,test,1,0.0043897666,0
stable_diffusion_2_00367,test,1,0.35025713,1
stable_diffusion_2_00368,test,1,0.10814794,0
stable_diffusion_2_00369,test,1,0.35025713,1
stable_diffusion_2_00370,test,1,0.35025713,1
stable_diffusion_2_00371,test,1,0.35025713,1
stable_diffusion_2_00372,test,1,0.35025713,1
stable_diffusion_2_00373,test,1,0.35025713,1
stable_diffusion_2_00374,test,1,0.35025713,1
stable_diffusion_2_00375,test,1,0.35025713,1
stable_diffusion_2_00376,test,1,0.35025713,1
stable_diffusion_2_00377,test,1,0.35025713,1
stable_diffusion_2_00378,test,1,0.35025713,1
stable_diffusion_2_00379,test,1,0.35025713,1
stable_diffusion_2_00380,test,1,0.35025713,1
stable_diffusion_2_00381,test,1,0.35025713,1
stable_diffusion_2_00382,test,1,0.35025713,1
stable_diffusion_2_00383,test,1,0.35025713,1
stable_diffusion_2_00384,test,1,0.35025713,1
stable_diffusion_2_00385,test,1,0.28888327,1
stable_diffusion_2_00386,test,1,0.35025713,1
stable_diffusion_2_00387,test,1,0.35025713,1
stable_diffusion_2_00388,test,1,0.35025713,1
stable_diffusion_2_00389,test,1,0.14979456,0
stable_diffusion_2_00390,test,1,0.35025713,1
stable_diffusion_2_00391,test,1,0.35025713,1
stable_diffusion_2_00392,test,1,0.13270006,0
stable_diffusion_2_00393,test,1,0.35025713,1
stable_diffusion_2_00394,test,1,0.35025713,1
stable_diffusion_2_00395,test,1,0.35025713,1
stable_diffusion_2_00396,test,1,0.009542804,0
stable_diffusion_2_00397,test,1,0.7242253,0
stable_diffusion_2_00398,test,1,0.41823277,1
stable_diffusion_2_00399,test,1,0.3089825,0
stable_diffusion_2_00400,test,1,0.35025713,1
stable_diffusion_2_00401,test,1,0.35025713,1
stable_diffusion_2_00402,test,1,0.06107871,1
stable_diffusion_2_00403,test,1,0.35025713,1
stable_diffusion_2_00404,test,1,0.35025713,1
stable_diffusion_2_00405,test,1,0.35025713,1
stable_diffusion_2_00406,test,1,0.49316332,0
stable_diffusion_2_00407,test,1,0.35025713,1
stable_diffusion_2_00408,test,1,0.35025713,1
stable_diffusion_2_00409,test,1,0.35025713,1
stable_diffusion_2_00410,test,1,0.35025713,1
stable_diffusion_2_00411,test,1,0.35025713,1
stable_diffusion_2_00412,test,1,0.019099329,0
stable_diffusion_2_00413,test,1,0.26178193,0
stable_diffusion_2_00414,test,1,0.35025713,1
stable_diffusion_2_00415,test,1,0.35025713,1
stable_diffusion_2_00416,test,1,0.35025713,1
stable_diffusion_2_00417,test,1,0.98858553,0
stable_diffusion_2_00418,test,1,0.35025713,1
stable_diffusion_2_00419,test,1,0.5523929,0
stable_diffusion_2_00420,test,1,0.3925253,0
stable_diffusion_2_00421,test,1,0.35025713,1
stable_diffusion_2_00422,test,1,0.35025713,1
stable_diffusion_2_00423,test,1,0.35025713,1
stable_diffusion_2_00424,test,1,0.35025713,1
stable_diffusion_2_00425,test,1,0.35025713,1
stable_diffusion_2_00426,test,1,0.35025713,1
stable_diffusion_2_00427,test,1,0.11782393,0
stable_diffusion_2_00428,test,1,0.52524984,0
stable_diffusion_2_00429,test,1,0.35025713,1
stable_diffusion_2_00430,test,1,0.35025713,1
stable_diffusion_2_00431,test,1,0.35025713,1
stable_diffusion_2_00432,test,1,0.010944804,0
stable_diffusion_2_00433,test,1,0.35025713,1
stable_diffusion_2_00434,test,1,0.35025713,1
stable_diffusion_2_00435,test,1,0.35025713,1
stable_diffusion_2_00436,test,1,0.35025713,1
stable_diffusion_2_00437,test,1,0.15115951,0
stable_diffusion_2_00438,test,1,0.35025713,1
stable_diffusion_2_00439,test,1,0.35025713,1
stable_diffusion_2_00440,test,1,0.35025713,1
stable_diffusion_2_00441,test,1,0.35025713,1
stable_diffusion_2_00442,test,1,0.35025713,1
stable_diffusion_2_00443,test,1,0.35025713,1
stable_diffusion_2_00444,test,1,0.35025713,1
stable_diffusion_2_00445,test,1,0.35025713,1
stable_diffusion_2_00446,test,1,0.35025713,1
stable_diffusion_2_00447,test,1,0.35025713,1
stable_diffusion_2_00448,test,1,0.35025713,1
stable_diffusion_2_00449,test,1,0.45386964,0
stable_diffusion_2_00450,test,1,0.35025713,1
stable_diffusion_2_00451,test,1,0.35025713,1
stable_diffusion_2_00452,test,1,0.28243726,0
stable_diffusion_2_00453,test,1,0.35025713,1
stable_diffusion_2_00454,test,1,0.44699964,0
stable_diffusion_2_00455,test,1,0.35025713,1
stable_diffusion_2_00456,test,1,0.07276964,0
stable_diffusion_2_00457,test,1,0.35025713,1
stable_diffusion_2_00458,test,1,0.21665028,0
stable_diffusion_2_00459,test,1,0.35025713,1
stable_diffusion_2_00460,test,1,0.35025713,1
stable_diffusion_2_00461,test,1,0.35025713,1
stable_diffusion_2_00462,test,1,0.6348314,0
stable_diffusion_2_00463,test,1,0.35025713,1
stable_diffusion_2_00464,test,1,0.09978742,0
stable_diffusion_2_00465,test,1,0.35025713,1
stable_diffusion_2_00466,test,1,0.13139783,0
stable_diffusion_2_00467,test,1,0.35025713,1
stable_diffusion_2_00468,test,1,0.58490384,0
stable_diffusion_2_00469,test,1,0.98626304,0
stable_diffusion_2_00470,test,1,0.11885023,0
stable_diffusion_2_00471,test,1,0.38695127,0
stable_diffusion_2_00472,test,1,0.35025713,1
stable_diffusion_2_00473,test,1,0.35025713,1
stable_diffusion_2_00474,test,1,0.6170723,0
stable_diffusion_2_00475,test,1,0.35025713,1
stable_diffusion_2_00476,test,1,0.35025713,1
stable_diffusion_2_00477,test,1,0.35025713,1
stable_diffusion_2_00478,test,1,0.35025713,1
stable_diffusion_2_00479,test,1,0.63243824,0
stable_diffusion_2_00480,test,1,0.08464175,0
stable_diffusion_2_00481,test,1,0.35025713,1
stable_diffusion_2_00482,test,1,0.35025713,1
stable_diffusion_2_00483,test,1,0.35025713,1
stable_diffusion_2_00484,test,1,0.35025713,1
stable_diffusion_2_00485,test,1,0.30558586,1
stable_diffusion_2_00486,test,1,0.35025713,1
stable_diffusion_2_00487,test,1,0.35025713,1
stable_diffusion_2_00488,test,1,0.35025713,1
stable_diffusion_2_00489,test,1,0.033155154,0
stable_diffusion_2_00490,test,1,0.36730275,1
stable_diffusion_2_00491,test,1,0.35025713,1
stable_diffusion_2_00492,test,1,0.35025713,1
stable_diffusion_2_00493,test,1,0.30399033,1
stable_diffusion_2_00494,test,1,0.35025713,1
stable_diffusion_2_00495,test,1,0.009706625,0
stable_diffusion_2_00496,test,1,0.35025713,1
stable_diffusion_2_00497,test,1,0.35025713,1
stable_diffusion_2_00498,test,1,0.35025713,1
stable_diffusion_2_00499,test,1,0.23899135,1
stable_diffusion_2_00500,test,1,0.35025713,1
stable_diffusion_2_00501,test,1,0.35025713,1
stable_diffusion_2_00502,test,1,0.35025713,1
stable_diffusion_2_00503,test,1,0.8354136,0
stable_diffusion_2_00504,test,1,0.3527937,0
stable_diffusion_2_00505,test,1,0.35025713,1
stable_diffusion_2_00506,test,1,0.5585884,0
stable_diffusion_2_00507,test,1,0.35025713,1
stable_diffusion_2_00508,test,1,0.2693179,0
stable_diffusion_2_00509,test,1,0.35025713,1
stable_diffusion_2_00510,test,1,0.35025713,1
stable_diffusion_2_00511,test,1,0.35025713,1
stable_diffusion_2_00512,test,1,0.35025713,1
stable_diffusion_2_00513,test,1,0.35025713,1
stable_diffusion_2_00514,test,1,0.35025713,1
stable_diffusion_2_00515,test,1,0.44979092,0
stable_diffusion_2_00516,test,1,0.14973697,0
stable_diffusion_2_00517,test,1,0.524114,0
stable_diffusion_2_00518,test,1,0.14493959,0
stable_diffusion_2_00519,test,1,0.046997596,0
stable_diffusion_2_00520,test,1,0.005940224,0
stable_diffusion_2_00521,test,1,0.41421452,0
stable_diffusion_2_00522,test,1,0.35025713,1
stable_diffusion_2_00523,test,1,0.15552698,0
stable_diffusion_2_00524,test,1,0.35025713,1
stable_diffusion_2_00525,test,1,0.8753577,0
stable_diffusion_2_00526,test,1,0.35025713,1
stable_diffusion_2_00527,test,1,0.35025713,1
stable_diffusion_2_00528,test,1,0.9298705,0
stable_diffusion_2_00529,test,1,0.35025713,1
stable_diffusion_2_00530,test,1,0.35025713,1
stable_diffusion_2_00531,test,1,0.35025713,1
stable_diffusion_2_00532,test,1,0.35025713,1
stable_diffusion_2_00533,test,1,0.39752606,0
stable_diffusion_2_00534,test,1,0.2763637,1
stable_diffusion_2_00535,test,1,0.0066044712,0
stable_diffusion_2_00536,test,1,0.35025713,1
stable_diffusion_2_00537,test,1,0.35025713,1
stable_diffusion_2_00538,test,1,0.35025713,1
stable_diffusion_2_00539,test,1,0.35670418,1
stable_diffusion_2_00540,test,1,0.35025713,1
stable_diffusion_2_00541,test,1,0.35025713,1
stable_diffusion_2_00542,test,1,0.3069095,1
stable_diffusion_2_00543,test,1,0.35025713,1
stable_diffusion_2_00544,test,1,0.20619084,1
stable_diffusion_2_00545,test,1,0.431442,0
stable_diffusion_2_00546,test,1,0.039580975,0
stable_diffusion_2_00547,test,1,0.35025713,1
stable_diffusion_2_00548,test,1,0.35025713,1
stable_diffusion_2_00549,test,1,0.046475884,0
stable_diffusion_2_00550,test,1,0.09640952,0
stable_diffusion_2_00551,test,1,0.42641774,0
stable_diffusion_2_00552,test,1,0.35025713,1
stable_diffusion_2_00553,test,1,0.35025713,1
stable_diffusion_2_00554,test,1,0.35025713,1
stable_diffusion_2_00555,test,1,0.35025713,1
stable_diffusion_2_00556,test,1,0.35025713,1
stable_diffusion_2_00557,test,1,0.065244265,0
stable_diffusion_2_00558,test,1,0.1414985,0
stable_diffusion_2_00559,test,1,0.35025713,1
stable_diffusion_2_00560,test,1,0.35025713,1
stable_diffusion_2_00561,test,1,0.043359514,0
stable_diffusion_2_00562,test,1,0.35025713,1
stable_diffusion_2_00563,test,1,0.35025713,1
stable_diffusion_2_00564,test,1,0.35025713,1
stable_diffusion_2_00565,test,1,0.12158461,0
stable_diffusion_2_00566,test,1,0.07145775,0
stable_diffusion_2_00567,test,1,0.27102607,1
stable_diffusion_2_00568,test,1,0.35025713,1
stable_diffusion_2_00569,test,1,0.35025713,1
stable_diffusion_2_00570,test,1,0.35025713,1
stable_diffusion_2_00571,test,1,0.35025713,1
stable_diffusion_2_00572,test,1,0.26297784,0
stable_diffusion_2_00573,test,1,0.35025713,1
stable_diffusion_2_00574,test,1,0.35025713,1
stable_diffusion_2_00575,test,1,0.25931576,0
stable_diffusion_2_00576,test,1,0.14523098,0
stable_diffusion_2_00577,test,1,0.11805927,0
stable_diffusion_2_00578,test,1,0.5294975,0
stable_diffusion_2_00579,test,1,0.35025713,1
stable_diffusion_2_00580,test,1,0.35025713,1
stable_diffusion_2_00581,test,1,0.16147876,0
stable_diffusion_2_00582,test,1,0.25315222,1
stable_diffusion_2_00583,test,1,0.35025713,1
stable_diffusion_2_00584,test,1,0.35025713,1
stable_diffusion_2_00585,test,1,0.35025713,1
stable_diffusion_2_00586,test,1,0.35025713,1
stable_diffusion_2_00587,test,1,0.35025713,1
stable_diffusion_2_00588,test,1,0.35025713,1
stable_diffusion_2_00589,test,1,0.41602767,0
stable_diffusion_2_00590,test,1,0.009685622,0
stable_diffusion_2_00591,test,1,0.35025713,1
stable_diffusion_2_00592,test,1,0.35025713,1
stable_diffusion_2_00593,test,1,0.35025713,1
stable_diffusion_2_00594,test,1,0.35025713,1
stable_diffusion_2_00595,test,1,0.35025713,1
stable_diffusion_2_00596,test,1,0.19735406,1
stable_diffusion_2_00597,test,1,0.35025713,1
stable_diffusion_2_00598,test,1,0.35025713,1
stable_diffusion_2_00599,test,1,0.35025713,1
stable_diffusion_2_00600,test,1,0.16446316,0
stable_diffusion_2_00601,test,1,0.35025713,1
stable_diffusion_2_00602,test,1,0.115066126,0
stable_diffusion_2_00603,test,1,0.35025713,1
stable_diffusion_2_00604,test,1,0.37175483,0
stable_diffusion_2_00605,test,1,0.35025713,1
stable_diffusion_2_00606,test,1,0.35025713,1
stable_diffusion_2_00607,test,1,0.35025713,1
stable_diffusion_2_00608,test,1,0.35025713,1
stable_diffusion_2_00609,test,1,0.35025713,1
stable_diffusion_2_00610,test,1,0.35025713,1
stable_diffusion_2_00611,test,1,0.35025713,1
stable_diffusion_2_00612,test,1,0.35025713,1
stable_diffusion_2_00613,test,1,0.35025713,1
stable_diffusion_2_00614,test,1,0.35025713,1
stable_diffusion_2_00615,test,1,0.35025713,1
stable_diffusion_2_00616,test,1,0.35025713,1
stable_diffusion_2_00617,test,1,0.53626955,0
stable_diffusion_2_00618,test,1,0.3871375,0
stable_diffusion_2_00619,test,1,0.35025713,1
stable_diffusion_2_00620,test,1,0.35025713,1
stable_diffusion_2_00621,test,1,0.87633693,0
stable_diffusion_2_00622,test,1,0.35025713,1
stable_diffusion_2_00623,test,1,0.49791798,0
stable_diffusion_2_00624,test,1,0.35025713,1
stable_diffusion_2_00625,test,1,0.0080843875,0
stable_diffusion_2_00626,test,1,0.35025713,1
stable_diffusion_2_00627,test,1,0.35025713,1
stable_diffusion_2_00628,test,1,0.35025713,1
stable_diffusion_2_00629,test,1,0.35025713,1
stable_diffusion_2_00630,test,1,0.08708278,0
stable_diffusion_2_00631,test,1,0.5091735,0
stable_diffusion_2_00632,test,1,0.35025713,1
stable_diffusion_2_00633,test,1,0.35025713,1
stable_diffusion_2_00634,test,1,0.10638968,0
stable_diffusion_2_00635,test,1,0.35025713,1
stable_diffusion_2_00636,test,1,0.35025713,1
stable_diffusion_2_00637,test,1,0.35025713,1
stable_diffusion_2_00638,test,1,0.35025713,1
stable_diffusion_2_00639,test,1,0.35025713,1
stable_diffusion_2_00640,test,1,0.35025713,1
stable_diffusion_2_00641,test,1,0.35025713,1
stable_diffusion_2_00642,test,1,0.35025713,1
stable_diffusion_2_00643,test,1,0.18882632,0
stable_diffusion_2_00644,test,1,0.041029118,0
stable_diffusion_2_00645,test,1,0.35025713,1
stable_diffusion_2_00646,test,1,0.35025713,1
stable_diffusion_2_00647,test,1,0.35025713,1
stable_diffusion_2_00648,test,1,0.35025713,1
stable_diffusion_2_00649,test,1,0.35025713,1
stable_diffusion_2_00650,test,1,0.17440471,0
stable_diffusion_2_00651,test,1,0.35025713,1
stable_diffusion_2_00652,test,1,0.35025713,1
stable_diffusion_2_00653,test,1,0.33639503,0
stable_diffusion_2_00654,test,1,0.35025713,1
stable_diffusion_2_00655,test,1,0.35025713,1
stable_diffusion_2_00656,test,1,0.35025713,1
stable_diffusion_2_00657,test,1,0.35025713,1
stable_diffusion_2_00658,test,1,0.35025713,1
stable_diffusion_2_00659,test,1,0.35025713,1
stable_diffusion_2_00660,test,1,0.35025713,1
stable_diffusion_2_00661,test,1,0.35025713,1
stable_diffusion_2_00662,test,1,0.6561929,0
stable_diffusion_2_00663,test,1,0.35025713,1
stable_diffusion_2_00664,test,1,0.35025713,1
stable_diffusion_2_00665,test,1,0.35025713,1
stable_diffusion_2_00666,test,1,0.35025713,1
stable_diffusion_2_00667,test,1,0.35025713,1
stable_diffusion_2_00668,test,1,0.35025713,1
stable_diffusion_2_00669,test,1,0.50272846,1
stable_diffusion_2_00670,test,1,0.13150167,0
stable_diffusion_2_00671,test,1,0.30864897,1
stable_diffusion_2_00672,test,1,0.8791505,0
stable_diffusion_2_00673,test,1,0.35025713,1
stable_diffusion_2_00674,test,1,0.35025713,1
stable_diffusion_2_00675,test,1,0.35025713,1
stable_diffusion_2_00676,test,1,0.35025713,1
stable_diffusion_2_00677,test,1,0.063036256,0
stable_diffusion_2_00678,test,1,0.35025713,1
stable_diffusion_2_00679,test,1,0.9772274,0
stable_diffusion_2_00680,test,1,0.35025713,1
stable_diffusion_2_00681,test,1,0.35025713,1
stable_diffusion_2_00682,test,1,0.35025713,1
stable_diffusion_2_00683,test,1,0.35025713,1
stable_diffusion_2_00684,test,1,0.35025713,1
stable_diffusion_2_00685,test,1,0.35025713,1
stable_diffusion_2_00686,test,1,0.35025713,1
stable_diffusion_2_00687,test,1,0.12456553,0
stable_diffusion_2_00688,test,1,0.8440438,0
stable_diffusion_2_00689,test,1,0.93608576,0
stable_diffusion_2_00690,test,1,0.42478436,0
stable_diffusion_2_00691,test,1,0.35025713,1
stable_diffusion_2_00692,test,1,0.2683152,1
stable_diffusion_2_00693,test,1,0.35025713,1
stable_diffusion_2_00694,test,1,0.35025713,1
stable_diffusion_2_00695,test,1,0.08554014,0
stable_diffusion_2_00696,test,1,0.35025713,1
stable_diffusion_2_00697,test,1,0.0007211269,0
stable_diffusion_2_00698,test,1,0.35025713,1
stable_diffusion_2_00699,test,1,0.13648415,0
stable_diffusion_2_00700,test,1,0.4127816,1
stable_diffusion_2_00701,test,1,0.35025713,1
stable_diffusion_2_00702,test,1,0.06202345,0
stable_diffusion_2_00703,test,1,0.35025713,1
stable_diffusion_2_00704,test,1,0.111639865,0
stable_diffusion_2_00705,test,1,0.35025713,1
stable_diffusion_2_00706,test,1,0.35025713,1
stable_diffusion_2_00707,test,1,0.35025713,1
stable_diffusion_2_00708,test,1,0.30182898,0
stable_diffusion_2_00709,test,1,0.35025713,1
stable_diffusion_2_00710,test,1,0.35025713,1
stable_diffusion_2_00711,test,1,0.112062275,0
stable_diffusion_2_00712,test,1,0.35025713,1
stable_diffusion_2_00713,test,1,0.19816144,1
stable_diffusion_2_00714,test,1,0.35025713,1
stable_diffusion_2_00715,test,1,0.75091636,0
stable_diffusion_2_00716,test,1,0.35025713,1
stable_diffusion_2_00717,test,1,0.35025713,1
stable_diffusion_2_00718,test,1,0.28061318,1
stable_diffusion_2_00719,test,1,0.35025713,1
stable_diffusion_2_00720,test,1,0.35025713,1
stable_diffusion_2_00721,test,1,0.35025713,1
stable_diffusion_2_00722,test,1,0.35025713,1
stable_diffusion_2_00723,test,1,0.35025713,1
stable_diffusion_2_00724,test,1,0.35025713,1
stable_diffusion_2_00725,test,1,0.24928455,0
stable_diffusion_2_00726,test,1,0.64269537,0
stable_diffusion_2_00727,test,1,0.0026448783,0
stable_diffusion_2_00728,test,1,0.35025713,1
stable_diffusion_2_00729,test,1,0.1622567,1
stable_diffusion_2_00730,test,1,0.02858581,0
stable_diffusion_2_00731,test,1,0.35025713,1
stable_diffusion_2_00732,test,1,0.11682924,0
stable_diffusion_2_00733,test,1,0.3180801,0
stable_diffusion_2_00734,test,1,0.35025713,1
stable_diffusion_2_00735,test,1,0.40745842,0
stable_diffusion_2_00736,test,1,0.35025713,1
stable_diffusion_2_00737,test,1,0.35025713,1
stable_diffusion_2_00738,test,1,0.35025713,1
stable_diffusion_2_00739,test,1,0.12944873,0
stable_diffusion_2_00740,test,1,0.35025713,1
stable_diffusion_2_00741,test,1,0.35025713,1
stable_diffusion_2_00742,test,1,0.35025713,1
stable_diffusion_2_00743,test,1,0.35025713,1
stable_diffusion_2_00744,test,1,0.35025713,1
stable_diffusion_2_00745,test,1,0.35025713,1
stable_diffusion_2_00746,test,1,0.35025713,1
stable_diffusion_2_00747,test,1,0.35025713,1
stable_diffusion_2_00748,test,1,0.35025713,1
stable_diffusion_2_00749,test,1,0.72848624,0
stable_diffusion_2_00750,test,1,0.35025713,1
stable_diffusion_2_00751,test,1,0.0037515266,0
stable_diffusion_2_00752,test,1,0.35025713,1
stable_diffusion_2_00753,test,1,0.35025713,1
stable_diffusion_2_00754,test,1,0.35025713,1
stable_diffusion_2_00755,test,1,0.34275004,0
stable_diffusion_2_00756,test,1,0.2935142,1
stable_diffusion_2_00757,test,1,0.35025713,1
stable_diffusion_2_00758,test,1,0.07842964,0
stable_diffusion_2_00759,test,1,0.45977202,0
stable_diffusion_2_00760,test,1,0.39572358,0
stable_diffusion_2_00761,test,1,0.35025713,1
stable_diffusion_2_00762,test,1,0.42641914,0
stable_diffusion_2_00763,test,1,0.35025713,1
stable_diffusion_2_00764,test,1,0.35025713,1
stable_diffusion_2_00765,test,1,0.35025713,1
stable_diffusion_2_00766,test,1,0.35025713,1
stable_diffusion_2_00767,test,1,0.5956154,0
stable_diffusion_2_00768,test,1,0.025226785,0
stable_diffusion_2_00769,test,1,0.35025713,1
stable_diffusion_2_00770,test,1,0.35025713,1
stable_diffusion_2_00771,test,1,0.35025713,1
stable_diffusion_2_00772,test,1,0.35025713,1
stable_diffusion_2_00773,test,1,0.5331134,0
stable_diffusion_2_00774,test,1,0.35025713,1
stable_diffusion_2_00775,test,1,0.35025713,1
stable_diffusion_2_00776,test,1,0.13496569,0
stable_diffusion_2_00777,test,1,0.39554507,0
stable_diffusion_2_00778,test,1,0.068846785,0
stable_diffusion_2_00779,test,1,0.35025713,1
stable_diffusion_2_00780,test,1,0.35025713,1
stable_diffusion_2_00781,test,1,0.35025713,1
stable_diffusion_2_00782,test,1,0.35025713,1
stable_diffusion_2_00783,test,1,0.30552024,1
stable_diffusion_2_00784,test,1,0.35025713,1
stable_diffusion_2_00785,test,1,0.34249917,0
stable_diffusion_2_00786,test,1,0.016710643,0
stable_diffusion_2_00787,test,1,0.24503839,1
stable_diffusion_2_00788,test,1,0.35025713,1
stable_diffusion_2_00789,test,1,0.35025713,1
stable_diffusion_2_00790,test,1,0.303803,1
stable_diffusion_2_00791,test,1,0.7606525,0
stable_diffusion_2_00792,test,1,0.35025713,1
stable_diffusion_2_00793,test,1,0.35025713,1
stable_diffusion_2_00794,test,1,0.35025713,1
stable_diffusion_2_00795,test,1,0.50038517,1
stable_diffusion_2_00796,test,1,0.35025713,1
stable_diffusion_2_00797,test,1,0.35025713,1
stable_diffusion_2_00798,test,1,0.35025713,1
stable_diffusion_2_00799,test,1,0.35025713,1
stable_diffusion_2_00800,test,1,0.1749653,0
stable_diffusion_2_00801,test,1,0.6157484,0
stable_diffusion_2_00802,test,1,0.35025713,1
stable_diffusion_2_00803,test,1,0.35025713,1
stable_diffusion_2_00804,test,1,0.35025713,1
stable_diffusion_2_00805,test,1,0.28205827,1
stable_diffusion_2_00806,test,1,0.35025713,1
stable_diffusion_2_00807,test,1,0.35025713,1
stable_diffusion_2_00808,test,1,0.35025713,1
stable_diffusion_2_00809,test,1,0.35025713,1
stable_diffusion_2_00810,test,1,0.35025713,1
stable_diffusion_2_00811,test,1,0.35025713,1
stable_diffusion_2_00812,test,1,0.35025713,1
stable_diffusion_2_00813,test,1,0.35025713,1
stable_diffusion_2_00814,test,1,0.35025713,1
stable_diffusion_2_00815,test,1,0.35025713,1
stable_diffusion_2_00816,test,1,0.35025713,1
stable_diffusion_2_00817,test,1,0.28296188,0
stable_diffusion_2_00818,test,1,0.35025713,1
stable_diffusion_2_00819,test,1,0.32014447,0
stable_diffusion_2_00820,test,1,0.38638917,0
stable_diffusion_2_00821,test,1,0.35025713,1
stable_diffusion_2_00822,test,1,0.35025713,1
stable_diffusion_2_00823,test,1,0.35025713,1
stable_diffusion_2_00824,test,1,0.14940266,0
stable_diffusion_2_00825,test,1,0.35025713,1
stable_diffusion_2_00826,test,1,0.35025713,1
stable_diffusion_2_00827,test,1,0.16144331,0
stable_diffusion_2_00828,test,1,0.35025713,1
stable_diffusion_2_00829,test,1,0.35025713,1
stable_diffusion_2_00830,test,1,0.61430186,0
stable_diffusion_2_00831,test,1,0.35025713,1
stable_diffusion_2_00832,test,1,0.35025713,1
stable_diffusion_2_00833,test,1,0.35025713,1
stable_diffusion_2_00834,test,1,0.24520369,1
stable_diffusion_2_00835,test,1,0.35025713,1
stable_diffusion_2_00836,test,1,0.232649,1
stable_diffusion_2_00837,test,1,0.35025713,1
stable_diffusion_2_00838,test,1,0.35025713,1
stable_diffusion_2_00839,test,1,0.044350512,0
stable_diffusion_2_00840,test,1,0.35025713,1
stable_diffusion_2_00841,test,1,0.35025713,1
stable_diffusion_2_00842,test,1,0.35025713,1
stable_diffusion_2_00843,test,1,0.26594058,0
stable_diffusion_2_00844,test,1,0.40470868,0
stable_diffusion_2_00845,test,1,0.24934031,0
stable_diffusion_2_00846,test,1,0.73132807,0
stable_diffusion_2_00847,test,1,0.20515113,0
stable_diffusion_2_00848,test,1,0.35025713,1
stable_diffusion_2_00849,test,1,0.35025713,1
stable_diffusion_2_00850,test,1,0.35025713,1
stable_diffusion_2_00851,test,1,0.35025713,1
stable_diffusion_2_00852,test,1,0.13341363,0
stable_diffusion_2_00853,test,1,0.35025713,1
stable_diffusion_2_00854,test,1,0.27994075,0
stable_diffusion_2_00855,test,1,0.35025713,1
stable_diffusion_2_00856,test,1,0.23679234,0
stable_diffusion_2_00857,test,1,0.1555386,0
stable_diffusion_2_00858,test,1,0.35025713,1
stable_diffusion_2_00859,test,1,0.35025713,1
stable_diffusion_2_00860,test,1,0.35025713,1
stable_diffusion_2_00861,test,1,0.8661355,0
stable_diffusion_2_00862,test,1,0.16021843,0
stable_diffusion_2_00863,test,1,0.09954566,0
stable_diffusion_2_00864,test,1,0.12419587,0
stable_diffusion_2_00865,test,1,0.35025713,1
stable_diffusion_2_00866,test,1,0.35025713,1
stable_diffusion_2_00867,test,1,0.35025713,1
stable_diffusion_2_00868,test,1,0.35025713,1
stable_diffusion_2_00869,test,1,0.35025713,1
stable_diffusion_2_00870,test,1,0.35025713,1
stable_diffusion_2_00871,test,1,0.35025713,1
stable_diffusion_2_00872,test,1,0.2696555,0
stable_diffusion_2_00873,test,1,0.14366937,0
stable_diffusion_2_00874,test,1,0.35025713,1
stable_diffusion_2_00875,test,1,0.35025713,1
stable_diffusion_2_00876,test,1,0.35025713,1
stable_diffusion_2_00877,test,1,0.25624612,0
stable_diffusion_2_00878,test,1,0.13825537,0
stable_diffusion_2_00879,test,1,0.35025713,1
stable_diffusion_2_00880,test,1,0.35025713,1
stable_diffusion_2_00881,test,1,0.6630013,0
stable_diffusion_2_00882,test,1,0.20034061,0
stable_diffusion_2_00883,test,1,0.69325185,0
stable_diffusion_2_00884,test,1,0.35025713,1
stable_diffusion_2_00885,test,1,0.07116277,0
stable_diffusion_2_00886,test,1,0.35025713,1
stable_diffusion_2_00887,test,1,0.080388375,0
stable_diffusion_2_00888,test,1,0.35025713,1
stable_diffusion_2_00889,test,1,0.26587045,1
stable_diffusion_2_00890,test,1,0.35025713,1
stable_diffusion_2_00891,test,1,0.010632904,0
stable_diffusion_2_00892,test,1,0.35025713,1
stable_diffusion_2_00893,test,1,0.35025713,1
stable_diffusion_2_00894,test,1,0.35025713,1
stable_diffusion_2_00895,test,1,0.35025713,1
stable_diffusion_2_00896,test,1,0.35025713,1
stable_diffusion_2_00897,test,1,0.32738206,1
stable_diffusion_2_00898,test,1,0.021945972,0
stable_diffusion_2_00899,test,1,0.35025713,1
stable_diffusion_2_00900,test,1,0.35025713,1
stable_diffusion_2_00901,test,1,0.53236675,0
stable_diffusion_2_00902,test,1,0.35025713,1
stable_diffusion_2_00903,test,1,0.20714998,0
stable_diffusion_2_00904,test,1,0.05352241,0
stable_diffusion_2_00905,test,1,0.35025713,1
stable_diffusion_2_00906,test,1,0.35025713,1
stable_diffusion_2_00907,test,1,0.35025713,1
stable_diffusion_2_00908,test,1,0.26485157,1
stable_diffusion_2_00909,test,1,0.35025713,1
stable_diffusion_2_00910,test,1,0.35025713,1
stable_diffusion_2_00911,test,1,0.35025713,1
stable_diffusion_2_00912,test,1,0.35025713,1
stable_diffusion_2_00913,test,1,0.5773976,0
stable_diffusion_2_00914,test,1,0.35025713,1
stable_diffusion_2_00915,test,1,0.1384068,0
stable_diffusion_2_00916,test,1,0.35025713,1
stable_diffusion_2_00917,test,1,0.35025713,1
stable_diffusion_2_00918,test,1,0.35025713,1
stable_diffusion_2_00919,test,1,0.14118129,0
stable_diffusion_2_00920,test,1,0.3585556,0
stable_diffusion_2_00921,test,1,0.35025713,1
stable_diffusion_2_00922,test,1,0.35025713,1
stable_diffusion_2_00923,test,1,0.35025713,1
stable_diffusion_2_00924,test,1,0.19136576,1
stable_diffusion_2_00925,test,1,0.35025713,1
stable_diffusion_2_00926,test,1,0.35025713,1
stable_diffusion_2_00927,test,1,0.35025713,1
stable_diffusion_2_00928,test,1,0.2619697,1
stable_diffusion_2_00929,test,1,0.038850978,0
stable_diffusion_2_00930,test,1,0.014054626,0
stable_diffusion_2_00931,test,1,0.35025713,1
stable_diffusion_2_00932,test,1,0.35025713,1
stable_diffusion_2_00933,test,1,0.35025713,1
stable_diffusion_2_00934,test,1,0.35025713,1
stable_diffusion_2_00935,test,1,0.51615787,0
stable_diffusion_2_00936,test,1,0.9773615,0
stable_diffusion_2_00937,test,1,0.35025713,1
stable_diffusion_2_00938,test,1,0.35025713,1
stable_diffusion_2_00939,test,1,0.35025713,1
stable_diffusion_2_00940,test,1,0.5348296,0
stable_diffusion_2_00941,test,1,0.35025713,1
stable_diffusion_2_00942,test,1,0.35025713,1
stable_diffusion_2_00943,test,1,0.35025713,1
stable_diffusion_2_00944,test,1,0.53973025,0
stable_diffusion_2_00945,test,1,0.32274777,0
stable_diffusion_2_00946,test,1,0.18893905,0
stable_diffusion_2_00947,test,1,0.35025713,1
stable_diffusion_2_00948,test,1,0.35025713,1
stable_diffusion_2_00949,test,1,0.082895674,0
stable_diffusion_2_00950,test,1,0.35025713,1
stable_diffusion_2_00951,test,1,0.35025713,1
stable_diffusion_2_00952,test,1,0.35025713,1
stable_diffusion_2_00953,test,1,0.35025713,1
stable_diffusion_2_00954,test,1,0.35025713,1
stable_diffusion_2_00955,test,1,0.29281202,0
stable_diffusion_2_00956,test,1,0.22279267,0
stable_diffusion_2_00957,test,1,0.35025713,1
stable_diffusion_2_00958,test,1,0.035413038,0
stable_diffusion_2_00959,test,1,0.19859383,0
stable_diffusion_2_00960,test,1,0.29979777,1
stable_diffusion_2_00961,test,1,0.45994893,0
stable_diffusion_2_00962,test,1,0.35025713,1
stable_diffusion_2_00963,test,1,0.66309005,0
stable_diffusion_2_00964,test,1,0.35025713,1
stable_diffusion_2_00965,test,1,0.12319948,1
stable_diffusion_2_00966,test,1,0.34871837,1
stable_diffusion_2_00967,test,1,0.35025713,1
stable_diffusion_2_00968,test,1,0.48230413,1
stable_diffusion_2_00969,test,1,0.22288601,0
stable_diffusion_2_00970,test,1,0.56551987,0
stable_diffusion_2_00971,test,1,0.35025713,1
stable_diffusion_2_00972,test,1,0.35025713,1
stable_diffusion_2_00973,test,1,0.35025713,1
stable_diffusion_2_00974,test,1,0.35025713,1
stable_diffusion_2_00975,test,1,0.35025713,1
stable_diffusion_2_00976,test,1,0.35025713,1
stable_diffusion_2_00977,test,1,0.35025713,1
stable_diffusion_2_00978,test,1,0.2972602,0
stable_diffusion_2_00979,test,1,0.52246314,0
stable_diffusion_2_00980,test,1,0.3371662,0
stable_diffusion_2_00981,test,1,0.35025713,1
stable_diffusion_2_00982,test,1,0.2773663,1
stable_diffusion_2_00983,test,1,0.35025713,1
stable_diffusion_2_00984,test,1,0.35025713,1
stable_diffusion_2_00985,test,1,0.12583293,0
stable_diffusion_2_00986,test,1,0.5616538,0
stable_diffusion_2_00987,test,1,0.0123737585,0
stable_diffusion_2_00988,test,1,0.97997016,0
stable_diffusion_2_00989,test,1,0.35025713,1
stable_diffusion_2_00990,test,1,0.35025713,1
stable_diffusion_2_00991,test,1,0.2685864,1
stable_diffusion_2_00992,test,1,0.35025713,1
stable_diffusion_2_00993,test,1,0.35025713,1
stable_diffusion_2_00994,test,1,0.35025713,1
stable_diffusion_2_00995,test,1,0.35025713,1
stable_diffusion_2_00996,test,1,0.1046665,0
stable_diffusion_2_00997,test,1,0.054299895,0
stable_diffusion_2_00998,test,1,0.025448976,0
stable_diffusion_2_00999,test,1,0.22970611,0
stable_diffusion_3_00000,test,1,0.990234,0
stable_diffusion_3_00001,test,1,0.46732324,0
stable_diffusion_3_00002,test,1,0.35025713,1
stable_diffusion_3_00003,test,1,0.12813859,0
stable_diffusion_3_00004,test,1,0.28632134,0
stable_diffusion_3_00005,test,1,0.35025713,1
stable_diffusion_3_00006,test,1,0.35025713,1
stable_diffusion_3_00007,test,1,0.35025713,1
stable_diffusion_3_00008,test,1,0.120358795,0
stable_diffusion_3_00009,test,1,0.35025713,1
stable_diffusion_3_00010,test,1,0.35025713,1
stable_diffusion_3_00011,test,1,0.22198592,0
stable_diffusion_3_00012,test,1,0.35025713,1
stable_diffusion_3_00013,test,1,0.0115212565,0
stable_diffusion_3_00014,test,1,0.35025713,1
stable_diffusion_3_00015,test,1,0.35025713,1
stable_diffusion_3_00016,test,1,0.35025713,1
stable_diffusion_3_00017,test,1,0.20222375,0
stable_diffusion_3_00018,test,1,0.7478647,0
stable_diffusion_3_00019,test,1,0.35025713,1
stable_diffusion_3_00020,test,1,0.7675302,0
stable_diffusion_3_00021,test,1,0.9763476,0
stable_diffusion_3_00022,test,1,0.27492854,0
stable_diffusion_3_00023,test,1,0.20108114,0
stable_diffusion_3_00024,test,1,0.9087197,0
stable_diffusion_3_00025,test,1,0.35025713,1
stable_diffusion_3_00026,test,1,0.35025713,1
stable_diffusion_3_00027,test,1,0.35025713,1
stable_diffusion_3_00028,test,1,0.35025713,1
stable_diffusion_3_00029,test,1,0.0012714954,0
stable_diffusion_3_00030,test,1,0.40805578,0
stable_diffusion_3_00031,test,1,0.40684503,0
stable_diffusion_3_00032,test,1,0.35025713,1
stable_diffusion_3_00033,test,1,0.35025713,1
stable_diffusion_3_00034,test,1,0.1470761,0
stable_diffusion_3_00035,test,1,0.96377647,0
stable_diffusion_3_00036,test,1,0.9423633,0
stable_diffusion_3_00037,test,1,0.9113352,0
stable_diffusion_3_00038,test,1,0.35025713,1
stable_diffusion_3_00039,test,1,0.30552518,0
stable_diffusion_3_00040,test,1,0.35025713,1
stable_diffusion_3_00041,test,1,0.57674134,0
stable_diffusion_3_00042,test,1,0.35025713,1
stable_diffusion_3_00043,test,1,0.35025713,1
stable_diffusion_3_00044,test,1,0.35025713,1
stable_diffusion_3_00045,test,1,0.35025713,1
stable_diffusion_3_00046,test,1,0.40771607,0
stable_diffusion_3_00047,test,1,0.35025713,1
stable_diffusion_3_00048,test,1,0.68440735,0
stable_diffusion_3_00049,test,1,0.05943385,0
stable_diffusion_3_00050,test,1,0.0936079,0
stable_diffusion_3_00051,test,1,0.35025713,1
stable_diffusion_3_00052,test,1,0.34346795,0
stable_diffusion_3_00053,test,1,0.86241347,0
stable_diffusion_3_00054,test,1,0.35025713,1
stable_diffusion_3_00055,test,1,0.001807615,0
stable_diffusion_3_00056,test,1,0.35025713,1
stable_diffusion_3_00057,test,1,0.99317765,0
stable_diffusion_3_00058,test,1,0.6066712,0
stable_diffusion_3_00059,test,1,0.34596244,0
stable_diffusion_3_00060,test,1,0.011490459,0
stable_diffusion_3_00061,test,1,0.35025713,1
stable_diffusion_3_00062,test,1,0.35025713,1
stable_diffusion_3_00063,test,1,0.35025713,1
stable_diffusion_3_00064,test,1,0.062455244,0
stable_diffusion_3_00065,test,1,0.35025713,1
stable_diffusion_3_00066,test,1,0.13268963,0
stable_diffusion_3_00067,test,1,0.35025713,1
stable_diffusion_3_00068,test,1,0.35025713,1
stable_diffusion_3_00069,test,1,0.35025713,1
stable_diffusion_3_00070,test,1,0.35025713,1
stable_diffusion_3_00071,test,1,0.35025713,1
stable_diffusion_3_00072,test,1,0.001672251,0
stable_diffusion_3_00073,test,1,0.7561259,0
stable_diffusion_3_00074,test,1,0.33297697,0
stable_diffusion_3_00075,test,1,0.11038679,0
stable_diffusion_3_00076,test,1,0.8707944,0
stable_diffusion_3_00077,test,1,0.35025713,1
stable_diffusion_3_00078,test,1,0.35025713,1
stable_diffusion_3_00079,test,1,0.35025713,1
stable_diffusion_3_00080,test,1,0.089906596,0
stable_diffusion_3_00081,test,1,0.35025713,1
stable_diffusion_3_00082,test,1,0.35025713,1
stable_diffusion_3_00083,test,1,0.2565626,0
stable_diffusion_3_00084,test,1,0.89459133,0
stable_diffusion_3_00085,test,1,0.81568253,0
stable_diffusion_3_00086,test,1,0.20436352,0
stable_diffusion_3_00087,test,1,0.35025713,1
stable_diffusion_3_00088,test,1,0.7853473,0
stable_diffusion_3_00089,test,1,0.036320128,0
stable_diffusion_3_00090,test,1,0.4606086,0
stable_diffusion_3_00091,test,1,0.4403685,0
stable_diffusion_3_00092,test,1,0.5561284,0
stable_diffusion_3_00093,test,1,0.9696535,0
stable_diffusion_3_00094,test,1,0.35025713,1
stable_diffusion_3_00095,test,1,0.3155056,0
stable_diffusion_3_00096,test,1,0.35025713,1
stable_diffusion_3_00097,test,1,0.07762165,0
stable_diffusion_3_00098,test,1,0.35025713,1
stable_diffusion_3_00099,test,1,0.13032524,0
stable_diffusion_3_00100,test,1,0.12420531,0
stable_diffusion_3_00101,test,1,0.35025713,1
stable_diffusion_3_00102,test,1,0.32614288,0
stable_diffusion_3_00103,test,1,0.831397,0
stable_diffusion_3_00104,test,1,0.971693,0
stable_diffusion_3_00105,test,1,0.99710613,0
stable_diffusion_3_00106,test,1,0.35025713,1
stable_diffusion_3_00107,test,1,0.3328746,0
stable_diffusion_3_00108,test,1,0.35025713,1
stable_diffusion_3_00109,test,1,0.35025713,1
stable_diffusion_3_00110,test,1,0.35025713,1
stable_diffusion_3_00111,test,1,0.10338795,0
stable_diffusion_3_00112,test,1,0.7467712,0
stable_diffusion_3_00113,test,1,0.007557209,0
stable_diffusion_3_00114,test,1,0.21926437,0
stable_diffusion_3_00115,test,1,0.038391452,0
stable_diffusion_3_00116,test,1,0.35025713,1
stable_diffusion_3_00117,test,1,0.1921673,0
stable_diffusion_3_00118,test,1,0.38197014,0
stable_diffusion_3_00119,test,1,0.7112402,0
stable_diffusion_3_00120,test,1,0.3408577,0
stable_diffusion_3_00121,test,1,0.35025713,1
stable_diffusion_3_00122,test,1,0.16616978,0
stable_diffusion_3_00123,test,1,0.35025713,1
stable_diffusion_3_00124,test,1,0.35025713,1
stable_diffusion_3_00125,test,1,0.35025713,1
stable_diffusion_3_00126,test,1,0.35025713,1
stable_diffusion_3_00127,test,1,0.17427944,0
stable_diffusion_3_00128,test,1,0.35025713,1
stable_diffusion_3_00129,test,1,0.46847984,0
stable_diffusion_3_00130,test,1,0.35025713,1
stable_diffusion_3_00131,test,1,0.92533326,0
stable_diffusion_3_00132,test,1,0.35025713,1
stable_diffusion_3_00133,test,1,0.30672857,0
stable_diffusion_3_00134,test,1,0.22188553,0
stable_diffusion_3_00135,test,1,0.035758533,0
stable_diffusion_3_00136,test,1,0.66153324,0
stable_diffusion_3_00137,test,1,0.29392195,0
stable_diffusion_3_00138,test,1,0.94427484,0
stable_diffusion_3_00139,test,1,0.35025713,1
stable_diffusion_3_00140,test,1,0.35025713,1
stable_diffusion_3_00141,test,1,0.9285536,0
stable_diffusion_3_00142,test,1,0.35025713,1
stable_diffusion_3_00143,test,1,0.35025713,1
stable_diffusion_3_00144,test,1,0.35025713,1
stable_diffusion_3_00145,test,1,0.49061936,0
stable_diffusion_3_00146,test,1,0.16415684,0
stable_diffusion_3_00147,test,1,0.20569523,0
stable_diffusion_3_00148,test,1,0.8299465,0
stable_diffusion_3_00149,test,1,0.35025713,1
stable_diffusion_3_00150,test,1,0.27144545,0
stable_diffusion_3_00151,test,1,0.35025713,1
stable_diffusion_3_00152,test,1,0.13277307,0
stable_diffusion_3_00153,test,1,0.12055002,0
stable_diffusion_3_00154,test,1,0.91775334,0
stable_diffusion_3_00155,test,1,0.35025713,1
stable_diffusion_3_00156,test,1,0.9268553,0
stable_diffusion_3_00157,test,1,0.8590823,0
stable_diffusion_3_00158,test,1,0.97212976,0
stable_diffusion_3_00159,test,1,0.35025713,1
stable_diffusion_3_00160,test,1,0.7428548,0
stable_diffusion_3_00161,test,1,0.35025713,1
stable_diffusion_3_00162,test,1,0.2599001,0
stable_diffusion_3_00163,test,1,0.35025713,1
stable_diffusion_3_00164,test,1,0.017442567,0
stable_diffusion_3_00165,test,1,0.7660658,0
stable_diffusion_3_00166,test,1,0.35025713,1
stable_diffusion_3_00167,test,1,0.35025713,1
stable_diffusion_3_00168,test,1,0.35025713,1
stable_diffusion_3_00169,test,1,0.35025713,1
stable_diffusion_3_00170,test,1,0.35025713,1
stable_diffusion_3_00171,test,1,0.88732684,0
stable_diffusion_3_00172,test,1,0.22289516,0
stable_diffusion_3_00173,test,1,0.035487916,0
stable_diffusion_3_00174,test,1,0.659301,0
stable_diffusion_3_00175,test,1,0.35025713,1
stable_diffusion_3_00176,test,1,0.3950887,0
stable_diffusion_3_00177,test,1,0.35025713,1
stable_diffusion_3_00178,test,1,0.92842686,0
stable_diffusion_3_00179,test,1,0.91615057,0
stable_diffusion_3_00180,test,1,0.35025713,1
stable_diffusion_3_00181,test,1,0.35025713,1
stable_diffusion_3_00182,test,1,0.35025713,1
stable_diffusion_3_00183,test,1,0.35025713,1
stable_diffusion_3_00184,test,1,0.35025713,1
stable_diffusion_3_00185,test,1,0.09741933,0
stable_diffusion_3_00186,test,1,0.688877,0
stable_diffusion_3_00187,test,1,0.35025713,1
stable_diffusion_3_00188,test,1,0.23934178,0
stable_diffusion_3_00189,test,1,0.107152276,0
stable_diffusion_3_00190,test,1,0.975878,0
stable_diffusion_3_00191,test,1,0.91946065,0
stable_diffusion_3_00192,test,1,0.50544554,0
stable_diffusion_3_00193,test,1,0.35025713,1
stable_diffusion_3_00194,test,1,0.35025713,1
stable_diffusion_3_00195,test,1,0.10153459,0
stable_diffusion_3_00196,test,1,0.044624507,0
stable_diffusion_3_00197,test,1,0.35025713,1
stable_diffusion_3_00198,test,1,0.75132924,0
stable_diffusion_3_00199,test,1,0.7917302,0
stable_diffusion_3_00200,test,1,0.35025713,1
stable_diffusion_3_00201,test,1,0.35025713,1
stable_diffusion_3_00202,test,1,0.039898604,0
stable_diffusion_3_00203,test,1,0.02511611,0
stable_diffusion_3_00204,test,1,0.1599414,0
stable_diffusion_3_00205,test,1,0.17116953,0
stable_diffusion_3_00206,test,1,0.35025713,1
stable_diffusion_3_00207,test,1,0.20641106,0
stable_diffusion_3_00208,test,1,0.35025713,1
stable_diffusion_3_00209,test,1,0.6981705,0
stable_diffusion_3_00210,test,1,0.9936568,0
stable_diffusion_3_00211,test,1,0.35025713,1
stable_diffusion_3_00212,test,1,0.039652586,0
stable_diffusion_3_00213,test,1,0.737713,0
stable_diffusion_3_00214,test,1,0.35025713,1
stable_diffusion_3_00215,test,1,0.35025713,1
stable_diffusion_3_00216,test,1,0.27563763,0
stable_diffusion_3_00217,test,1,0.35025713,1
stable_diffusion_3_00218,test,1,0.07835054,0
stable_diffusion_3_00219,test,1,0.9639959,0
stable_diffusion_3_00220,test,1,0.35025713,1
stable_diffusion_3_00221,test,1,0.47412178,0
stable_diffusion_3_00222,test,1,0.64523315,0
stable_diffusion_3_00223,test,1,0.35025713,1
stable_diffusion_3_00224,test,1,0.35025713,1
stable_diffusion_3_00225,test,1,0.23007861,0
stable_diffusion_3_00226,test,1,0.074225575,0
stable_diffusion_3_00227,test,1,0.25562045,0
stable_diffusion_3_00228,test,1,0.16202836,0
stable_diffusion_3_00229,test,1,0.35025713,1
stable_diffusion_3_00230,test,1,0.46499673,0
stable_diffusion_3_00231,test,1,0.7064754,0
stable_diffusion_3_00232,test,1,0.004337981,0
stable_diffusion_3_00233,test,1,0.091287345,0
stable_diffusion_3_00234,test,1,0.09732129,0
stable_diffusion_3_00235,test,1,0.6945246,0
stable_diffusion_3_00236,test,1,0.17367159,0
stable_diffusion_3_00237,test,1,0.14773786,0
stable_diffusion_3_00238,test,1,0.56996703,0
stable_diffusion_3_00239,test,1,0.67249507,0
stable_diffusion_3_00240,test,1,0.35025713,1
stable_diffusion_3_00241,test,1,0.6722427,0
stable_diffusion_3_00242,test,1,0.35025713,1
stable_diffusion_3_00243,test,1,0.35025713,1
stable_diffusion_3_00244,test,1,0.05056973,0
stable_diffusion_3_00245,test,1,0.72356516,0
stable_diffusion_3_00246,test,1,0.35025713,1
stable_diffusion_3_00247,test,1,0.10045234,0
stable_diffusion_3_00248,test,1,0.17804821,0
stable_diffusion_3_00249,test,1,0.032252036,0
stable_diffusion_3_00250,test,1,0.43786553,0
stable_diffusion_3_00251,test,1,0.8709038,0
stable_diffusion_3_00252,test,1,0.45822275,0
stable_diffusion_3_00253,test,1,0.56047994,0
stable_diffusion_3_00254,test,1,0.35025713,1
stable_diffusion_3_00255,test,1,0.35025713,1
stable_diffusion_3_00256,test,1,0.9713075,0
stable_diffusion_3_00257,test,1,0.076730594,0
stable_diffusion_3_00258,test,1,0.35025713,1
stable_diffusion_3_00259,test,1,0.973243,0
stable_diffusion_3_00260,test,1,0.44487783,0
stable_diffusion_3_00261,test,1,0.05850994,0
stable_diffusion_3_00262,test,1,0.4260274,0
stable_diffusion_3_00263,test,1,0.96470755,0
stable_diffusion_3_00264,test,1,0.35025713,1
stable_diffusion_3_00265,test,1,0.35025713,1
stable_diffusion_3_00266,test,1,0.35025713,1
stable_diffusion_3_00267,test,1,0.90393955,0
stable_diffusion_3_00268,test,1,0.35025713,1
stable_diffusion_3_00269,test,1,0.37071833,0
stable_diffusion_3_00270,test,1,0.35025713,1
stable_diffusion_3_00271,test,1,0.042948782,0
stable_diffusion_3_00272,test,1,0.35025713,1
stable_diffusion_3_00273,test,1,0.35025713,1
stable_diffusion_3_00274,test,1,0.35025713,1
stable_diffusion_3_00275,test,1,0.35025713,1
stable_diffusion_3_00276,test,1,0.35025713,1
stable_diffusion_3_00277,test,1,0.35025713,1
stable_diffusion_3_00278,test,1,0.35025713,1
stable_diffusion_3_00279,test,1,0.35025713,1
stable_diffusion_3_00280,test,1,0.35025713,1
stable_diffusion_3_00281,test,1,0.32278216,0
stable_diffusion_3_00282,test,1,0.024741169,0
stable_diffusion_3_00283,test,1,0.7320432,0
stable_diffusion_3_00284,test,1,0.35025713,1
stable_diffusion_3_00285,test,1,0.28359574,0
stable_diffusion_3_00286,test,1,0.7330056,0
stable_diffusion_3_00287,test,1,0.3071691,0
stable_diffusion_3_00288,test,1,0.7602965,0
stable_diffusion_3_00289,test,1,0.6266405,0
stable_diffusion_3_00290,test,1,0.35025713,1
stable_diffusion_3_00291,test,1,0.8728484,0
stable_diffusion_3_00292,test,1,0.35025713,1
stable_diffusion_3_00293,test,1,0.8910634,0
stable_diffusion_3_00294,test,1,0.35025713,1
stable_diffusion_3_00295,test,1,0.35025713,1
stable_diffusion_3_00296,test,1,0.96343416,0
stable_diffusion_3_00297,test,1,0.6872162,0
stable_diffusion_3_00298,test,1,0.35025713,1
stable_diffusion_3_00299,test,1,0.35025713,1
stable_diffusion_3_00300,test,1,0.35025713,1
stable_diffusion_3_00301,test,1,0.99500364,0
stable_diffusion_3_00302,test,1,0.6319427,0
stable_diffusion_3_00303,test,1,0.022671066,0
stable_diffusion_3_00304,test,1,0.35025713,1
stable_diffusion_3_00305,test,1,0.35025713,1
stable_diffusion_3_00306,test,1,0.35025713,1
stable_diffusion_3_00307,test,1,0.35025713,1
stable_diffusion_3_00308,test,1,0.39397222,0
stable_diffusion_3_00309,test,1,0.48459068,0
stable_diffusion_3_00310,test,1,0.13285284,0
stable_diffusion_3_00311,test,1,0.047287747,0
stable_diffusion_3_00312,test,1,0.35025713,1
stable_diffusion_3_00313,test,1,0.9295849,0
stable_diffusion_3_00314,test,1,0.8892046,0
stable_diffusion_3_00315,test,1,0.54112434,0
stable_diffusion_3_00316,test,1,0.88407433,0
stable_diffusion_3_00317,test,1,0.9708482,0
stable_diffusion_3_00318,test,1,0.7732299,0
stable_diffusion_3_00319,test,1,0.9966943,0
stable_diffusion_3_00320,test,1,0.070425674,0
stable_diffusion_3_00321,test,1,0.35025713,1
stable_diffusion_3_00322,test,1,0.05954512,0
stable_diffusion_3_00323,test,1,0.87297,0
stable_diffusion_3_00324,test,1,0.35025713,1
stable_diffusion_3_00325,test,1,0.0053991103,0
stable_diffusion_3_00326,test,1,0.35025713,1
stable_diffusion_3_00327,test,1,0.36577442,0
stable_diffusion_3_00328,test,1,0.96512777,0
stable_diffusion_3_00329,test,1,0.18755697,0
stable_diffusion_3_00330,test,1,0.003542931,0
stable_diffusion_3_00331,test,1,0.58894217,0
stable_diffusion_3_00332,test,1,0.35025713,1
stable_diffusion_3_00333,test,1,0.99477863,0
stable_diffusion_3_00334,test,1,0.09726013,0
stable_diffusion_3_00335,test,1,0.977164,0
stable_diffusion_3_00336,test,1,0.69250625,0
stable_diffusion_3_00337,test,1,0.35025713,1
stable_diffusion_3_00338,test,1,0.8050568,0
stable_diffusion_3_00339,test,1,0.80363667,0
stable_diffusion_3_00340,test,1,0.8719158,0
stable_diffusion_3_00341,test,1,0.5584316,0
stable_diffusion_3_00342,test,1,0.20161146,0
stable_diffusion_3_00343,test,1,0.35025713,1
stable_diffusion_3_00344,test,1,0.35025713,1
stable_diffusion_3_00345,test,1,0.1834074,0
stable_diffusion_3_00346,test,1,0.14912806,0
stable_diffusion_3_00347,test,1,0.35025713,1
stable_diffusion_3_00348,test,1,0.35025713,1
stable_diffusion_3_00349,test,1,0.013364086,0
stable_diffusion_3_00350,test,1,0.16654845,0
stable_diffusion_3_00351,test,1,0.030638078,0
stable_diffusion_3_00352,test,1,0.35025713,1
stable_diffusion_3_00353,test,1,0.35025713,1
stable_diffusion_3_00354,test,1,0.35025713,1
stable_diffusion_3_00355,test,1,0.11402195,0
stable_diffusion_3_00356,test,1,0.890225,0
stable_diffusion_3_00357,test,1,0.35025713,1
stable_diffusion_3_00358,test,1,0.60071677,0
stable_diffusion_3_00359,test,1,0.93207574,0
stable_diffusion_3_00360,test,1,0.35025713,1
stable_diffusion_3_00361,test,1,0.14486563,0
stable_diffusion_3_00362,test,1,0.6239459,0
stable_diffusion_3_00363,test,1,0.34678352,0
stable_diffusion_3_00364,test,1,0.35025713,1
stable_diffusion_3_00365,test,1,0.35025713,1
stable_diffusion_3_00366,test,1,0.35025713,1
stable_diffusion_3_00367,test,1,0.005404795,0
stable_diffusion_3_00368,test,1,0.66048175,0
stable_diffusion_3_00369,test,1,0.3462606,0
stable_diffusion_3_00370,test,1,0.2509145,0
stable_diffusion_3_00371,test,1,0.35025713,1
stable_diffusion_3_00372,test,1,0.89401954,0
stable_diffusion_3_00373,test,1,0.35025713,1
stable_diffusion_3_00374,test,1,0.11530115,0
stable_diffusion_3_00375,test,1,0.23879412,0
stable_diffusion_3_00376,test,1,0.35025713,1
stable_diffusion_3_00377,test,1,0.45915607,0
stable_diffusion_3_00378,test,1,0.17444167,0
stable_diffusion_3_00379,test,1,0.35025713,1
stable_diffusion_3_00380,test,1,0.31904846,0
stable_diffusion_3_00381,test,1,0.3179554,0
stable_diffusion_3_00382,test,1,0.35025713,1
stable_diffusion_3_00383,test,1,0.35025713,1
stable_diffusion_3_00384,test,1,0.6583555,0
stable_diffusion_3_00385,test,1,0.35025713,1
stable_diffusion_3_00386,test,1,0.35025713,1
stable_diffusion_3_00387,test,1,0.12047428,0
stable_diffusion_3_00388,test,1,0.022821885,0
stable_diffusion_3_00389,test,1,0.35025713,1
stable_diffusion_3_00390,test,1,0.29943094,0
stable_diffusion_3_00391,test,1,0.62019724,0
stable_diffusion_3_00392,test,1,0.77523947,0
stable_diffusion_3_00393,test,1,0.35025713,1
stable_diffusion_3_00394,test,1,0.35025713,1
stable_diffusion_3_00395,test,1,0.8789303,0
stable_diffusion_3_00396,test,1,0.40799454,0
stable_diffusion_3_00397,test,1,0.33481652,0
stable_diffusion_3_00398,test,1,0.019336624,0
stable_diffusion_3_00399,test,1,0.35025713,1
stable_diffusion_3_00400,test,1,0.16261925,1
stable_diffusion_3_00401,test,1,0.35025713,1
stable_diffusion_3_00402,test,1,0.020950591,0
stable_diffusion_3_00403,test,1,0.28110904,0
stable_diffusion_3_00404,test,1,0.85368556,0
stable_diffusion_3_00405,test,1,0.35025713,1
stable_diffusion_3_00406,test,1,0.94321,0
stable_diffusion_3_00407,test,1,0.1975098,0
stable_diffusion_3_00408,test,1,0.29670912,0
stable_diffusion_3_00409,test,1,0.050359257,0
stable_diffusion_3_00410,test,1,0.21357062,0
stable_diffusion_3_00411,test,1,0.27987215,0
stable_diffusion_3_00412,test,1,0.35025713,1
stable_diffusion_3_00413,test,1,0.85166013,0
stable_diffusion_3_00414,test,1,0.30526948,0
stable_diffusion_3_00415,test,1,0.35025713,1
stable_diffusion_3_00416,test,1,0.0026469093,0
stable_diffusion_3_00417,test,1,0.96841097,0
stable_diffusion_3_00418,test,1,0.74558604,0
stable_diffusion_3_00419,test,1,0.5394004,0
stable_diffusion_3_00420,test,1,0.35025713,1
stable_diffusion_3_00421,test,1,0.35025713,1
stable_diffusion_3_00422,test,1,0.07290143,0
stable_diffusion_3_00423,test,1,0.6153952,0
stable_diffusion_3_00424,test,1,0.008283447,0
stable_diffusion_3_00425,test,1,0.35025713,1
stable_diffusion_3_00426,test,1,0.17292938,0
stable_diffusion_3_00427,test,1,0.6596849,0
stable_diffusion_3_00428,test,1,0.029415274,0
stable_diffusion_3_00429,test,1,0.429595,0
stable_diffusion_3_00430,test,1,0.22920088,0
stable_diffusion_3_00431,test,1,0.35025713,1
stable_diffusion_3_00432,test,1,0.24333005,0
stable_diffusion_3_00433,test,1,0.6263793,0
stable_diffusion_3_00434,test,1,0.598096,0
stable_diffusion_3_00435,test,1,0.35025713,1
stable_diffusion_3_00436,test,1,0.5021306,0
stable_diffusion_3_00437,test,1,0.35025713,1
stable_diffusion_3_00438,test,1,0.1270741,0
stable_diffusion_3_00439,test,1,0.8906582,0
stable_diffusion_3_00440,test,1,0.35025713,1
stable_diffusion_3_00441,test,1,0.35025713,1
stable_diffusion_3_00442,test,1,0.35025713,1
stable_diffusion_3_00443,test,1,0.10549324,0
stable_diffusion_3_00444,test,1,0.37599355,0
stable_diffusion_3_00445,test,1,0.85972726,0
stable_diffusion_3_00446,test,1,0.3059042,0
stable_diffusion_3_00447,test,1,0.35025713,1
stable_diffusion_3_00448,test,1,0.35025713,1
stable_diffusion_3_00449,test,1,0.14398478,0
stable_diffusion_3_00450,test,1,0.7143816,0
stable_diffusion_3_00451,test,1,0.35025713,1
stable_diffusion_3_00452,test,1,0.35025713,1
stable_diffusion_3_00453,test,1,0.32599995,0
stable_diffusion_3_00454,test,1,0.11017358,0
stable_diffusion_3_00455,test,1,0.35025713,1
stable_diffusion_3_00456,test,1,0.35025713,1
stable_diffusion_3_00457,test,1,0.35025713,1
stable_diffusion_3_00458,test,1,0.35025713,1
stable_diffusion_3_00459,test,1,0.96599555,0
stable_diffusion_3_00460,test,1,0.35025713,1
stable_diffusion_3_00461,test,1,0.07493376,0
stable_diffusion_3_00462,test,1,0.35025713,1
stable_diffusion_3_00463,test,1,0.058474157,0
stable_diffusion_3_00464,test,1,0.05174743,0
stable_diffusion_3_00465,test,1,0.3900285,0
stable_diffusion_3_00466,test,1,0.04269286,0
stable_diffusion_3_00467,test,1,0.4556852,0
stable_diffusion_3_00468,test,1,0.59419996,0
stable_diffusion_3_00469,test,1,0.35025713,1
stable_diffusion_3_00470,test,1,0.35025713,1
stable_diffusion_3_00471,test,1,0.95144325,0
stable_diffusion_3_00472,test,1,0.07903667,0
stable_diffusion_3_00473,test,1,0.35025713,1
stable_diffusion_3_00474,test,1,0.999806,0
stable_diffusion_3_00475,test,1,0.25755787,0
stable_diffusion_3_00476,test,1,0.35025713,1
stable_diffusion_3_00477,test,1,0.009903767,0
stable_diffusion_3_00478,test,1,0.35025713,1
stable_diffusion_3_00479,test,1,0.6075235,0
stable_diffusion_3_00480,test,1,0.35025713,1
stable_diffusion_3_00481,test,1,0.35025713,1
stable_diffusion_3_00482,test,1,0.86565953,0
stable_diffusion_3_00483,test,1,0.35025713,1
stable_diffusion_3_00484,test,1,0.8365358,0
stable_diffusion_3_00485,test,1,0.035945382,0
stable_diffusion_3_00486,test,1,0.35025713,1
stable_diffusion_3_00487,test,1,0.35025713,1
stable_diffusion_3_00488,test,1,0.35025713,1
stable_diffusion_3_00489,test,1,0.6324587,0
stable_diffusion_3_00490,test,1,0.05011325,0
stable_diffusion_3_00491,test,1,0.2954251,0
stable_diffusion_3_00492,test,1,0.16326436,0
stable_diffusion_3_00493,test,1,0.35025713,1
stable_diffusion_3_00494,test,1,0.38447762,0
stable_diffusion_3_00495,test,1,0.42532426,0
stable_diffusion_3_00496,test,1,0.2720608,0
stable_diffusion_3_00497,test,1,0.35025713,1
stable_diffusion_3_00498,test,1,0.4109807,0
stable_diffusion_3_00499,test,1,0.35025713,1
stable_diffusion_3_00500,test,1,0.09593281,0
stable_diffusion_3_00501,test,1,0.93705016,0
stable_diffusion_3_00502,test,1,0.47917145,0
stable_diffusion_3_00503,test,1,0.97087806,0
stable_diffusion_3_00504,test,1,0.1495131,0
stable_diffusion_3_00505,test,1,0.35025713,1
stable_diffusion_3_00506,test,1,0.75585586,0
stable_diffusion_3_00507,test,1,0.35025713,1
stable_diffusion_3_00508,test,1,0.35025713,1
stable_diffusion_3_00509,test,1,0.35025713,1
stable_diffusion_3_00510,test,1,0.3191845,0
stable_diffusion_3_00511,test,1,0.93735874,0
stable_diffusion_3_00512,test,1,0.3346756,0
stable_diffusion_3_00513,test,1,0.008361882,0
stable_diffusion_3_00514,test,1,0.12645373,0
stable_diffusion_3_00515,test,1,0.74986726,0
stable_diffusion_3_00516,test,1,0.35025713,1
stable_diffusion_3_00517,test,1,0.69756246,0
stable_diffusion_3_00518,test,1,0.35025713,1
stable_diffusion_3_00519,test,1,0.65027755,0
stable_diffusion_3_00520,test,1,0.35025713,1
stable_diffusion_3_00521,test,1,0.036081683,0
stable_diffusion_3_00522,test,1,0.35025713,1
stable_diffusion_3_00523,test,1,0.11215746,0
stable_diffusion_3_00524,test,1,0.061032627,0
stable_diffusion_3_00525,test,1,0.910393,0
stable_diffusion_3_00526,test,1,0.35025713,1
stable_diffusion_3_00527,test,1,0.30563718,0
stable_diffusion_3_00528,test,1,0.061509974,0
stable_diffusion_3_00529,test,1,0.11865322,0
stable_diffusion_3_00530,test,1,0.5360225,0
stable_diffusion_3_00531,test,1,0.35025713,1
stable_diffusion_3_00532,test,1,0.30326542,0
stable_diffusion_3_00533,test,1,0.03541745,0
stable_diffusion_3_00534,test,1,0.18841499,0
stable_diffusion_3_00535,test,1,0.35025713,1
stable_diffusion_3_00536,test,1,0.32282147,0
stable_diffusion_3_00537,test,1,0.35025713,1
stable_diffusion_3_00538,test,1,0.35025713,1
stable_diffusion_3_00539,test,1,0.16998667,0
stable_diffusion_3_00540,test,1,0.7207229,0
stable_diffusion_3_00541,test,1,0.92573655,0
stable_diffusion_3_00542,test,1,0.35025713,1
stable_diffusion_3_00543,test,1,0.5599154,0
stable_diffusion_3_00544,test,1,0.35025713,1
stable_diffusion_3_00545,test,1,0.35025713,1
stable_diffusion_3_00546,test,1,0.9399582,0
stable_diffusion_3_00547,test,1,0.35025713,1
stable_diffusion_3_00548,test,1,0.35025713,1
stable_diffusion_3_00549,test,1,0.35025713,1
stable_diffusion_3_00550,test,1,0.79072016,0
stable_diffusion_3_00551,test,1,0.35025713,1
stable_diffusion_3_00552,test,1,0.35025713,1
stable_diffusion_3_00553,test,1,0.35025713,1
stable_diffusion_3_00554,test,1,0.35025713,1
stable_diffusion_3_00555,test,1,0.35025713,1
stable_diffusion_3_00556,test,1,0.35025713,1
stable_diffusion_3_00557,test,1,0.4036728,0
stable_diffusion_3_00558,test,1,0.3021765,0
stable_diffusion_3_00559,test,1,0.81625193,0
stable_diffusion_3_00560,test,1,0.19645613,0
stable_diffusion_3_00561,test,1,0.04173687,0
stable_diffusion_3_00562,test,1,0.35025713,1
stable_diffusion_3_00563,test,1,0.35025713,1
stable_diffusion_3_00564,test,1,0.35025713,1
stable_diffusion_3_00565,test,1,0.62309724,0
stable_diffusion_3_00566,test,1,0.8566852,0
stable_diffusion_3_00567,test,1,0.7442313,0
stable_diffusion_3_00568,test,1,0.35025713,1
stable_diffusion_3_00569,test,1,0.35025713,1
stable_diffusion_3_00570,test,1,0.4337976,0
stable_diffusion_3_00571,test,1,0.18202981,0
stable_diffusion_3_00572,test,1,0.5278612,0
stable_diffusion_3_00573,test,1,0.35025713,1
stable_diffusion_3_00574,test,1,0.35025713,1
stable_diffusion_3_00575,test,1,0.86301696,0
stable_diffusion_3_00576,test,1,0.35025713,1
stable_diffusion_3_00577,test,1,0.74974287,0
stable_diffusion_3_00578,test,1,0.7121856,0
stable_diffusion_3_00579,test,1,0.5310913,0
stable_diffusion_3_00580,test,1,0.96604544,0
stable_diffusion_3_00581,test,1,0.35025713,1
stable_diffusion_3_00582,test,1,0.35025713,1
stable_diffusion_3_00583,test,1,0.87303835,0
stable_diffusion_3_00584,test,1,0.35025713,1
stable_diffusion_3_00585,test,1,0.21880579,0
stable_diffusion_3_00586,test,1,0.1854845,0
stable_diffusion_3_00587,test,1,0.9531921,0
stable_diffusion_3_00588,test,1,0.29986006,0
stable_diffusion_3_00589,test,1,0.92565054,0
stable_diffusion_3_00590,test,1,0.35025713,1
stable_diffusion_3_00591,test,1,0.35025713,1
stable_diffusion_3_00592,test,1,0.69300616,0
stable_diffusion_3_00593,test,1,0.35025713,1
stable_diffusion_3_00594,test,1,0.740771,0
stable_diffusion_3_00595,test,1,0.35025713,1
stable_diffusion_3_00596,test,1,0.35025713,1
stable_diffusion_3_00597,test,1,0.35025713,1
stable_diffusion_3_00598,test,1,0.952261,0
stable_diffusion_3_00599,test,1,0.35025713,1
stable_diffusion_3_00600,test,1,0.051544454,0
stable_diffusion_3_00601,test,1,0.35025713,1
stable_diffusion_3_00602,test,1,0.35025713,1
stable_diffusion_3_00603,test,1,0.35025713,1
stable_diffusion_3_00604,test,1,0.35025713,1
stable_diffusion_3_00605,test,1,0.2577114,0
stable_diffusion_3_00606,test,1,0.35025713,1
stable_diffusion_3_00607,test,1,0.3744306,0
stable_diffusion_3_00608,test,1,0.013210609,0
stable_diffusion_3_00609,test,1,0.27464864,0
stable_diffusion_3_00610,test,1,0.35025713,1
stable_diffusion_3_00611,test,1,0.76286614,0
stable_diffusion_3_00612,test,1,0.35025713,1
stable_diffusion_3_00613,test,1,0.35025713,1
stable_diffusion_3_00614,test,1,0.8752784,0
stable_diffusion_3_00615,test,1,0.35025713,1
stable_diffusion_3_00616,test,1,0.9672946,0
stable_diffusion_3_00617,test,1,0.22419296,0
stable_diffusion_3_00618,test,1,0.97998697,0
stable_diffusion_3_00619,test,1,0.73386395,0
stable_diffusion_3_00620,test,1,0.35025713,1
stable_diffusion_3_00621,test,1,0.15319856,0
stable_diffusion_3_00622,test,1,0.83785796,0
stable_diffusion_3_00623,test,1,0.35025713,1
stable_diffusion_3_00624,test,1,0.35025713,1
stable_diffusion_3_00625,test,1,0.23723118,0
stable_diffusion_3_00626,test,1,0.35025713,1
stable_diffusion_3_00627,test,1,0.35025713,1
stable_diffusion_3_00628,test,1,0.25457045,0
stable_diffusion_3_00629,test,1,0.35025713,1
stable_diffusion_3_00630,test,1,0.35025713,1
stable_diffusion_3_00631,test,1,0.35025713,1
stable_diffusion_3_00632,test,1,0.12947978,0
stable_diffusion_3_00633,test,1,0.4654671,0
stable_diffusion_3_00634,test,1,0.35025713,1
stable_diffusion_3_00635,test,1,0.35025713,1
stable_diffusion_3_00636,test,1,0.35025713,1
stable_diffusion_3_00637,test,1,0.35025713,1
stable_diffusion_3_00638,test,1,0.35025713,1
stable_diffusion_3_00639,test,1,0.35025713,1
stable_diffusion_3_00640,test,1,0.95900977,0
stable_diffusion_3_00641,test,1,0.35025713,1
stable_diffusion_3_00642,test,1,0.45225474,1
stable_diffusion_3_00643,test,1,0.9837204,0
stable_diffusion_3_00644,test,1,0.17568612,0
stable_diffusion_3_00645,test,1,0.24503244,0
stable_diffusion_3_00646,test,1,0.03837856,0
stable_diffusion_3_00647,test,1,0.35025713,1
stable_diffusion_3_00648,test,1,0.35025713,1
stable_diffusion_3_00649,test,1,0.35025713,1
stable_diffusion_3_00650,test,1,0.35025713,1
stable_diffusion_3_00651,test,1,0.10498281,0
stable_diffusion_3_00652,test,1,0.35025713,1
stable_diffusion_3_00653,test,1,0.20386529,0
stable_diffusion_3_00654,test,1,0.9257284,0
stable_diffusion_3_00655,test,1,0.84526503,0
stable_diffusion_3_00656,test,1,0.35025713,1
stable_diffusion_3_00657,test,1,0.44373515,0
stable_diffusion_3_00658,test,1,0.34862822,0
stable_diffusion_3_00659,test,1,0.8991495,0
stable_diffusion_3_00660,test,1,0.35025713,1
stable_diffusion_3_00661,test,1,0.3813966,0
stable_diffusion_3_00662,test,1,0.35025713,1
stable_diffusion_3_00663,test,1,0.35025713,1
stable_diffusion_3_00664,test,1,0.35025713,1
stable_diffusion_3_00665,test,1,0.35025713,1
stable_diffusion_3_00666,test,1,0.9213951,0
stable_diffusion_3_00667,test,1,0.35025713,1
stable_diffusion_3_00668,test,1,0.35025713,1
stable_diffusion_3_00669,test,1,0.35025713,1
stable_diffusion_3_00670,test,1,0.96736443,0
stable_diffusion_3_00671,test,1,0.24808508,0
stable_diffusion_3_00672,test,1,0.44347984,0
stable_diffusion_3_00673,test,1,0.36859724,0
stable_diffusion_3_00674,test,1,0.9834862,0
stable_diffusion_3_00675,test,1,0.35025713,1
stable_diffusion_3_00676,test,1,0.35025713,1
stable_diffusion_3_00677,test,1,0.20305721,0
stable_diffusion_3_00678,test,1,0.35025713,1
stable_diffusion_3_00679,test,1,0.35025713,1
stable_diffusion_3_00680,test,1,0.60337335,0
stable_diffusion_3_00681,test,1,0.35025713,1
stable_diffusion_3_00682,test,1,0.8950773,0
stable_diffusion_3_00683,test,1,0.8120721,0
stable_diffusion_3_00684,test,1,0.46128833,0
stable_diffusion_3_00685,test,1,0.23969404,0
stable_diffusion_3_00686,test,1,0.9177611,0
stable_diffusion_3_00687,test,1,0.5110902,0
stable_diffusion_3_00688,test,1,0.5071669,0
stable_diffusion_3_00689,test,1,0.8460164,0
stable_diffusion_3_00690,test,1,0.962988,0
stable_diffusion_3_00691,test,1,0.35025713,1
stable_diffusion_3_00692,test,1,0.99889743,0
stable_diffusion_3_00693,test,1,0.03395625,0
stable_diffusion_3_00694,test,1,0.35025713,1
stable_diffusion_3_00695,test,1,0.36285818,0
stable_diffusion_3_00696,test,1,0.92546713,0
stable_diffusion_3_00697,test,1,0.60632646,0
stable_diffusion_3_00698,test,1,0.97569054,0
stable_diffusion_3_00699,test,1,0.9511257,0
stable_diffusion_3_00700,test,1,0.35025713,1
stable_diffusion_3_00701,test,1,0.045438215,0
stable_diffusion_3_00702,test,1,0.4559321,0
stable_diffusion_3_00703,test,1,0.12554231,0
stable_diffusion_3_00704,test,1,0.8740659,0
stable_diffusion_3_00705,test,1,0.9261274,0
stable_diffusion_3_00706,test,1,0.45469502,0
stable_diffusion_3_00707,test,1,0.07074026,0
stable_diffusion_3_00708,test,1,0.96684474,0
stable_diffusion_3_00709,test,1,0.35025713,1
stable_diffusion_3_00710,test,1,0.35025713,1
stable_diffusion_3_00711,test,1,0.28454474,0
stable_diffusion_3_00712,test,1,0.35025713,1
stable_diffusion_3_00713,test,1,0.0016320975,0
stable_diffusion_3_00714,test,1,0.85959756,0
stable_diffusion_3_00715,test,1,0.8801052,0
stable_diffusion_3_00716,test,1,0.51911855,0
stable_diffusion_3_00717,test,1,0.011560983,0
stable_diffusion_3_00718,test,1,0.35025713,1
stable_diffusion_3_00719,test,1,0.35025713,1
stable_diffusion_3_00720,test,1,0.16100015,0
stable_diffusion_3_00721,test,1,0.08507545,0
stable_diffusion_3_00722,test,1,0.35025713,1
stable_diffusion_3_00723,test,1,0.35025713,1
stable_diffusion_3_00724,test,1,0.42026684,0
stable_diffusion_3_00725,test,1,0.35025713,1
stable_diffusion_3_00726,test,1,0.30573162,0
stable_diffusion_3_00727,test,1,0.63534844,0
stable_diffusion_3_00728,test,1,0.19564095,0
stable_diffusion_3_00729,test,1,0.35025713,1
stable_diffusion_3_00730,test,1,0.35025713,1
stable_diffusion_3_00731,test,1,0.35025713,1
stable_diffusion_3_00732,test,1,0.80681556,0
stable_diffusion_3_00733,test,1,0.47762275,0
stable_diffusion_3_00734,test,1,0.658248,0
stable_diffusion_3_00735,test,1,0.80536485,0
stable_diffusion_3_00736,test,1,0.25211513,0
stable_diffusion_3_00737,test,1,0.35025713,1
stable_diffusion_3_00738,test,1,0.35025713,1
stable_diffusion_3_00739,test,1,0.8189332,0
stable_diffusion_3_00740,test,1,0.27517936,0
stable_diffusion_3_00741,test,1,0.9941398,0
stable_diffusion_3_00742,test,1,0.95744354,0
stable_diffusion_3_00743,test,1,0.9755356,0
stable_diffusion_3_00744,test,1,0.0772836,0
stable_diffusion_3_00745,test,1,0.9369571,0
stable_diffusion_3_00746,test,1,0.35025713,1
stable_diffusion_3_00747,test,1,0.0930943,0
stable_diffusion_3_00748,test,1,0.35025713,1
stable_diffusion_3_00749,test,1,0.010831217,0
stable_diffusion_3_00750,test,1,0.98342854,0
stable_diffusion_3_00751,test,1,0.118992284,0
stable_diffusion_3_00752,test,1,0.26514933,0
stable_diffusion_3_00753,test,1,0.35025713,1
stable_diffusion_3_00754,test,1,0.66488147,0
stable_diffusion_3_00755,test,1,0.25079837,0
stable_diffusion_3_00756,test,1,0.35025713,1
stable_diffusion_3_00757,test,1,0.9887903,0
stable_diffusion_3_00758,test,1,0.35025713,1
stable_diffusion_3_00759,test,1,0.025546644,0
stable_diffusion_3_00760,test,1,0.86899024,0
stable_diffusion_3_00761,test,1,0.3152916,0
stable_diffusion_3_00762,test,1,0.35025713,1
stable_diffusion_3_00763,test,1,0.4380838,0
stable_diffusion_3_00764,test,1,0.3977361,0
stable_diffusion_3_00765,test,1,0.37126872,0
stable_diffusion_3_00766,test,1,0.21566424,0
stable_diffusion_3_00767,test,1,0.35025713,1
stable_diffusion_3_00768,test,1,0.1803025,0
stable_diffusion_3_00769,test,1,0.690828,0
stable_diffusion_3_00770,test,1,0.15436602,0
stable_diffusion_3_00771,test,1,0.35025713,1
stable_diffusion_3_00772,test,1,0.35025713,1
stable_diffusion_3_00773,test,1,0.9971866,0
stable_diffusion_3_00774,test,1,0.9395595,0
stable_diffusion_3_00775,test,1,0.35025713,1
stable_diffusion_3_00776,test,1,0.8924755,0
stable_diffusion_3_00777,test,1,0.13439591,0
stable_diffusion_3_00778,test,1,0.095484294,0
stable_diffusion_3_00779,test,1,0.15764928,0
stable_diffusion_3_00780,test,1,0.35025713,1
stable_diffusion_3_00781,test,1,0.5423416,0
stable_diffusion_3_00782,test,1,0.5994711,0
stable_diffusion_3_00783,test,1,0.74283534,0
stable_diffusion_3_00784,test,1,0.35025713,1
stable_diffusion_3_00785,test,1,0.8207045,0
stable_diffusion_3_00786,test,1,0.35025713,1
stable_diffusion_3_00787,test,1,0.17859429,0
stable_diffusion_3_00788,test,1,0.35025713,1
stable_diffusion_3_00789,test,1,0.28171998,0
stable_diffusion_3_00790,test,1,0.35025713,1
stable_diffusion_3_00791,test,1,0.31730402,0
stable_diffusion_3_00792,test,1,0.16184051,0
stable_diffusion_3_00793,test,1,0.8923194,0
stable_diffusion_3_00794,test,1,0.52650255,0
stable_diffusion_3_00795,test,1,0.053751893,0
stable_diffusion_3_00796,test,1,0.29993802,0
stable_diffusion_3_00797,test,1,0.35025713,1
stable_diffusion_3_00798,test,1,0.35025713,1
stable_diffusion_3_00799,test,1,0.6579616,0
stable_diffusion_3_00800,test,1,0.35025713,1
stable_diffusion_3_00801,test,1,0.35025713,1
stable_diffusion_3_00802,test,1,0.43744454,0
stable_diffusion_3_00803,test,1,0.8609723,0
stable_diffusion_3_00804,test,1,0.19463067,0
stable_diffusion_3_00805,test,1,0.46491858,0
stable_diffusion_3_00806,test,1,0.077117845,0
stable_diffusion_3_00807,test,1,0.42915154,0
stable_diffusion_3_00808,test,1,0.35025713,1
stable_diffusion_3_00809,test,1,0.35025713,1
stable_diffusion_3_00810,test,1,0.97383344,0
stable_diffusion_3_00811,test,1,0.21134324,0
stable_diffusion_3_00812,test,1,0.35025713,1
stable_diffusion_3_00813,test,1,0.16358499,0
stable_diffusion_3_00814,test,1,0.87403697,0
stable_diffusion_3_00815,test,1,0.15933649,0
stable_diffusion_3_00816,test,1,0.35025713,1
stable_diffusion_3_00817,test,1,0.35025713,1
stable_diffusion_3_00818,test,1,0.35025713,1
stable_diffusion_3_00819,test,1,0.35025713,1
stable_diffusion_3_00820,test,1,0.18072298,0
stable_diffusion_3_00821,test,1,0.17792018,0
stable_diffusion_3_00822,test,1,0.35025713,1
stable_diffusion_3_00823,test,1,0.060901202,0
stable_diffusion_3_00824,test,1,0.079200655,0
stable_diffusion_3_00825,test,1,0.35025713,1
stable_diffusion_3_00826,test,1,0.04999749,0
stable_diffusion_3_00827,test,1,0.54708576,0
stable_diffusion_3_00828,test,1,0.025148544,0
stable_diffusion_3_00829,test,1,0.6120496,0
stable_diffusion_3_00830,test,1,0.92841977,0
stable_diffusion_3_00831,test,1,0.35025713,1
stable_diffusion_3_00832,test,1,0.35025713,1
stable_diffusion_3_00833,test,1,0.71394235,0
stable_diffusion_3_00834,test,1,0.35025713,1
stable_diffusion_3_00835,test,1,0.35025713,1
stable_diffusion_3_00836,test,1,0.35025713,1
stable_diffusion_3_00837,test,1,0.35025713,1
stable_diffusion_3_00838,test,1,0.35025713,1
stable_diffusion_3_00839,test,1,0.72940296,0
stable_diffusion_3_00840,test,1,0.9442122,0
stable_diffusion_3_00841,test,1,0.99504507,0
stable_diffusion_3_00842,test,1,0.6989823,0
stable_diffusion_3_00843,test,1,0.92173076,0
stable_diffusion_3_00844,test,1,0.032853954,0
stable_diffusion_3_00845,test,1,0.8346772,0
stable_diffusion_3_00846,test,1,0.35025713,1
stable_diffusion_3_00847,test,1,0.35025713,1
stable_diffusion_3_00848,test,1,0.35025713,1
stable_diffusion_3_00849,test,1,0.35025713,1
stable_diffusion_3_00850,test,1,0.023947116,0
stable_diffusion_3_00851,test,1,0.35025713,1
stable_diffusion_3_00852,test,1,0.35025713,1
stable_diffusion_3_00853,test,1,0.016831132,0
stable_diffusion_3_00854,test,1,0.12284843,0
stable_diffusion_3_00855,test,1,0.35025713,1
stable_diffusion_3_00856,test,1,0.00014551637,0
stable_diffusion_3_00857,test,1,0.35025713,1
stable_diffusion_3_00858,test,1,0.35025713,1
stable_diffusion_3_00859,test,1,0.61641526,0
stable_diffusion_3_00860,test,1,0.9606338,0
stable_diffusion_3_00861,test,1,0.35025713,1
stable_diffusion_3_00862,test,1,0.1301899,0
stable_diffusion_3_00863,test,1,0.35025713,1
stable_diffusion_3_00864,test,1,0.041571844,0
stable_diffusion_3_00865,test,1,0.35025713,1
stable_diffusion_3_00866,test,1,0.8093789,0
stable_diffusion_3_00867,test,1,0.35025713,1
stable_diffusion_3_00868,test,1,0.35025713,1
stable_diffusion_3_00869,test,1,0.12230299,0
stable_diffusion_3_00870,test,1,0.63871914,0
stable_diffusion_3_00871,test,1,0.35025713,1
stable_diffusion_3_00872,test,1,0.35025713,1
stable_diffusion_3_00873,test,1,0.35025713,1
stable_diffusion_3_00874,test,1,0.027769102,0
stable_diffusion_3_00875,test,1,0.7899226,0
stable_diffusion_3_00876,test,1,0.35025713,1
stable_diffusion_3_00877,test,1,0.3283666,0
stable_diffusion_3_00878,test,1,0.12713245,0
stable_diffusion_3_00879,test,1,0.35025713,1
stable_diffusion_3_00880,test,1,0.35025713,1
stable_diffusion_3_00881,test,1,0.35025713,1
stable_diffusion_3_00882,test,1,0.35025713,1
stable_diffusion_3_00883,test,1,0.7407778,0
stable_diffusion_3_00884,test,1,0.35025713,1
stable_diffusion_3_00885,test,1,0.35025713,1
stable_diffusion_3_00886,test,1,0.7996583,0
stable_diffusion_3_00887,test,1,0.9325301,0
stable_diffusion_3_00888,test,1,0.3759294,0
stable_diffusion_3_00889,test,1,0.35025713,1
stable_diffusion_3_00890,test,1,0.9515756,0
stable_diffusion_3_00891,test,1,0.9998109,0
stable_diffusion_3_00892,test,1,0.35025713,1
stable_diffusion_3_00893,test,1,0.35025713,1
stable_diffusion_3_00894,test,1,0.70153123,0
stable_diffusion_3_00895,test,1,0.35025713,1
stable_diffusion_3_00896,test,1,0.87060255,0
stable_diffusion_3_00897,test,1,0.65130836,0
stable_diffusion_3_00898,test,1,0.7279978,0
stable_diffusion_3_00899,test,1,0.39461705,0
stable_diffusion_3_00900,test,1,0.19437951,0
stable_diffusion_3_00901,test,1,0.99618226,0
stable_diffusion_3_00902,test,1,0.35025713,1
stable_diffusion_3_00903,test,1,0.26032603,0
stable_diffusion_3_00904,test,1,0.35025713,1
stable_diffusion_3_00905,test,1,0.59610975,0
stable_diffusion_3_00906,test,1,0.35025713,1
stable_diffusion_3_00907,test,1,0.35025713,1
stable_diffusion_3_00908,test,1,0.35025713,1
stable_diffusion_3_00909,test,1,0.62427855,0
stable_diffusion_3_00910,test,1,0.35025713,1
stable_diffusion_3_00911,test,1,0.17146023,0
stable_diffusion_3_00912,test,1,0.35025713,1
stable_diffusion_3_00913,test,1,0.6715113,0
stable_diffusion_3_00914,test,1,0.35025713,1
stable_diffusion_3_00915,test,1,0.6123958,0
stable_diffusion_3_00916,test,1,0.35025713,1
stable_diffusion_3_00917,test,1,0.25508317,0
stable_diffusion_3_00918,test,1,0.35025713,1
stable_diffusion_3_00919,test,1,0.35025713,1
stable_diffusion_3_00920,test,1,0.12295643,0
stable_diffusion_3_00921,test,1,0.20789059,0
stable_diffusion_3_00922,test,1,0.35025713,1
stable_diffusion_3_00923,test,1,0.35025713,1
stable_diffusion_3_00924,test,1,0.03559861,0
stable_diffusion_3_00925,test,1,0.09792482,0
stable_diffusion_3_00926,test,1,0.5929118,0
stable_diffusion_3_00927,test,1,0.9212813,0
stable_diffusion_3_00928,test,1,0.35025713,1
stable_diffusion_3_00929,test,1,0.060163878,0
stable_diffusion_3_00930,test,1,0.35025713,1
stable_diffusion_3_00931,test,1,0.9531785,0
stable_diffusion_3_00932,test,1,0.1342367,0
stable_diffusion_3_00933,test,1,0.61522734,0
stable_diffusion_3_00934,test,1,0.593741,0
stable_diffusion_3_00935,test,1,0.83613735,0
stable_diffusion_3_00936,test,1,0.98303497,0
stable_diffusion_3_00937,test,1,0.35025713,1
stable_diffusion_3_00938,test,1,0.18651651,0
stable_diffusion_3_00939,test,1,0.35025713,1
stable_diffusion_3_00940,test,1,0.10791969,0
stable_diffusion_3_00941,test,1,0.35025713,1
stable_diffusion_3_00942,test,1,0.35025713,1
stable_diffusion_3_00943,test,1,0.03405381,0
stable_diffusion_3_00944,test,1,0.23572765,0
stable_diffusion_3_00945,test,1,0.5513707,0
stable_diffusion_3_00946,test,1,0.21239862,0
stable_diffusion_3_00947,test,1,0.25984293,0
stable_diffusion_3_00948,test,1,0.1708541,0
stable_diffusion_3_00949,test,1,0.0022096077,0
stable_diffusion_3_00950,test,1,0.75697345,0
stable_diffusion_3_00951,test,1,0.09058218,0
stable_diffusion_3_00952,test,1,0.35025713,1
stable_diffusion_3_00953,test,1,0.03572573,0
stable_diffusion_3_00954,test,1,0.35025713,1
stable_diffusion_3_00955,test,1,0.09170645,0
stable_diffusion_3_00956,test,1,0.35025713,1
stable_diffusion_3_00957,test,1,0.35025713,1
stable_diffusion_3_00958,test,1,0.35025713,1
stable_diffusion_3_00959,test,1,0.45957485,0
stable_diffusion_3_00960,test,1,0.35025713,1
stable_diffusion_3_00961,test,1,0.35025713,1
stable_diffusion_3_00962,test,1,0.63404584,0
stable_diffusion_3_00963,test,1,0.35025713,1
stable_diffusion_3_00964,test,1,0.164398,0
stable_diffusion_3_00965,test,1,0.35025713,1
stable_diffusion_3_00966,test,1,0.35025713,1
stable_diffusion_3_00967,test,1,0.9855533,0
stable_diffusion_3_00968,test,1,0.06244773,0
stable_diffusion_3_00969,test,1,0.73847073,0
stable_diffusion_3_00970,test,1,0.29026338,0
stable_diffusion_3_00971,test,1,0.66256267,0
stable_diffusion_3_00972,test,1,0.35025713,1
stable_diffusion_3_00973,test,1,0.096836135,0
stable_diffusion_3_00974,test,1,0.35025713,1
stable_diffusion_3_00975,test,1,0.35025713,1
stable_diffusion_3_00976,test,1,0.35025713,1
stable_diffusion_3_00977,test,1,0.9954331,0
stable_diffusion_3_00978,test,1,0.35025713,1
stable_diffusion_3_00979,test,1,0.17786558,0
stable_diffusion_3_00980,test,1,0.24070852,0
stable_diffusion_3_00981,test,1,0.30619603,0
stable_diffusion_3_00982,test,1,0.35025713,1
stable_diffusion_3_00983,test,1,0.35025713,1
stable_diffusion_3_00984,test,1,0.18513124,0
stable_diffusion_3_00985,test,1,0.9973149,0
stable_diffusion_3_00986,test,1,0.6162996,0
stable_diffusion_3_00987,test,1,0.030878648,0
stable_diffusion_3_00988,test,1,0.70308876,0
stable_diffusion_3_00989,test,1,0.35025713,1
stable_diffusion_3_00990,test,1,0.9011101,0
stable_diffusion_3_00991,test,1,0.2179024,0
stable_diffusion_3_00992,test,1,0.024751341,0
stable_diffusion_3_00993,test,1,0.35025713,1
stable_diffusion_3_00994,test,1,0.65037507,0
stable_diffusion_3_00995,test,1,0.27242503,0
stable_diffusion_3_00996,test,1,0.3655557,0
stable_diffusion_3_00997,test,1,0.35025713,1
stable_diffusion_3_00998,test,1,0.35025713,1
stable_diffusion_3_00999,test,1,0.0047316398,0
stable_diffusion_xl_00000,test,1,0.42276654,0
stable_diffusion_xl_00001,test,1,0.35025713,1
stable_diffusion_xl_00002,test,1,0.35025713,1
stable_diffusion_xl_00003,test,1,0.35025713,1
stable_diffusion_xl_00004,test,1,0.29185814,0
stable_diffusion_xl_00005,test,1,0.008468723,0
stable_diffusion_xl_00006,test,1,0.35025713,1
stable_diffusion_xl_00007,test,1,0.0031925107,0
stable_diffusion_xl_00008,test,1,0.35025713,1
stable_diffusion_xl_00009,test,1,0.35025713,1
stable_diffusion_xl_00010,test,1,0.3166724,0
stable_diffusion_xl_00011,test,1,0.4047121,0
stable_diffusion_xl_00012,test,1,0.35025713,1
stable_diffusion_xl_00013,test,1,0.06567416,0
stable_diffusion_xl_00014,test,1,0.35025713,1
stable_diffusion_xl_00015,test,1,0.35025713,1
stable_diffusion_xl_00016,test,1,0.35025713,1
stable_diffusion_xl_00017,test,1,0.044673644,0
stable_diffusion_xl_00018,test,1,0.35025713,1
stable_diffusion_xl_00019,test,1,0.35025713,1
stable_diffusion_xl_00020,test,1,0.01356539,0
stable_diffusion_xl_00021,test,1,0.23201688,0
stable_diffusion_xl_00022,test,1,0.012974952,0
stable_diffusion_xl_00023,test,1,0.113313325,0
stable_diffusion_xl_00024,test,1,0.35025713,1
stable_diffusion_xl_00025,test,1,0.35025713,1
stable_diffusion_xl_00026,test,1,0.44738266,0
stable_diffusion_xl_00027,test,1,0.35025713,1
stable_diffusion_xl_00028,test,1,0.35025713,1
stable_diffusion_xl_00029,test,1,0.07836805,0
stable_diffusion_xl_00030,test,1,0.35025713,1
stable_diffusion_xl_00031,test,1,0.35025713,1
stable_diffusion_xl_00032,test,1,0.37550983,0
stable_diffusion_xl_00033,test,1,0.35025713,1
stable_diffusion_xl_00034,test,1,0.35025713,1
stable_diffusion_xl_00035,test,1,0.46239367,0
stable_diffusion_xl_00036,test,1,0.35025713,1
stable_diffusion_xl_00037,test,1,0.06904142,0
stable_diffusion_xl_00038,test,1,0.2257424,0
stable_diffusion_xl_00039,test,1,0.06115286,0
stable_diffusion_xl_00040,test,1,0.35025713,1
stable_diffusion_xl_00041,test,1,0.21674371,0
stable_diffusion_xl_00042,test,1,0.35025713,1
stable_diffusion_xl_00043,test,1,0.35025713,1
stable_diffusion_xl_00044,test,1,0.011719549,0
stable_diffusion_xl_00045,test,1,0.35025713,1
stable_diffusion_xl_00046,test,1,0.35025713,1
stable_diffusion_xl_00047,test,1,0.35025713,1
stable_diffusion_xl_00048,test,1,0.35025713,1
stable_diffusion_xl_00049,test,1,0.35025713,1
stable_diffusion_xl_00050,test,1,0.011402778,0
stable_diffusion_xl_00051,test,1,0.006170547,0
stable_diffusion_xl_00052,test,1,0.35025713,1
stable_diffusion_xl_00053,test,1,0.35025713,1
stable_diffusion_xl_00054,test,1,0.20541567,0
stable_diffusion_xl_00055,test,1,0.25227603,0
stable_diffusion_xl_00056,test,1,0.35025713,1
stable_diffusion_xl_00057,test,1,0.055394433,0
stable_diffusion_xl_00058,test,1,0.35025713,1
stable_diffusion_xl_00059,test,1,0.35025713,1
stable_diffusion_xl_00060,test,1,0.040439174,0
stable_diffusion_xl_00061,test,1,0.35025713,1
stable_diffusion_xl_00062,test,1,0.35025713,1
stable_diffusion_xl_00063,test,1,0.35025713,1
stable_diffusion_xl_00064,test,1,0.35025713,1
stable_diffusion_xl_00065,test,1,0.35025713,1
stable_diffusion_xl_00066,test,1,0.35025713,1
stable_diffusion_xl_00067,test,1,0.1582627,0
stable_diffusion_xl_00068,test,1,0.35025713,1
stable_diffusion_xl_00069,test,1,0.12507465,0
stable_diffusion_xl_00070,test,1,0.35025713,1
stable_diffusion_xl_00071,test,1,0.11994548,1
stable_diffusion_xl_00072,test,1,0.35025713,1
stable_diffusion_xl_00073,test,1,0.96066815,0
stable_diffusion_xl_00074,test,1,0.35025713,1
stable_diffusion_xl_00075,test,1,0.5231072,1
stable_diffusion_xl_00076,test,1,0.46966177,0
stable_diffusion_xl_00077,test,1,0.35025713,1
stable_diffusion_xl_00078,test,1,0.35025713,1
stable_diffusion_xl_00079,test,1,0.82236,0
stable_diffusion_xl_00080,test,1,0.13687326,0
stable_diffusion_xl_00081,test,1,0.21511996,0
stable_diffusion_xl_00082,test,1,0.35025713,1
stable_diffusion_xl_00083,test,1,0.22734217,0
stable_diffusion_xl_00084,test,1,0.35025713,1
stable_diffusion_xl_00085,test,1,0.006834938,0
stable_diffusion_xl_00086,test,1,0.35025713,1
stable_diffusion_xl_00087,test,1,0.4885578,0
stable_diffusion_xl_00088,test,1,0.6416102,0
stable_diffusion_xl_00089,test,1,0.00022889153,0
stable_diffusion_xl_00090,test,1,0.0032658023,0
stable_diffusion_xl_00091,test,1,0.065368995,0
stable_diffusion_xl_00092,test,1,0.35025713,1
stable_diffusion_xl_00093,test,1,0.35025713,1
stable_diffusion_xl_00094,test,1,0.35025713,1
stable_diffusion_xl_00095,test,1,0.43168244,0
stable_diffusion_xl_00096,test,1,0.35025713,1
stable_diffusion_xl_00097,test,1,0.0118667055,0
stable_diffusion_xl_00098,test,1,0.35025713,1
stable_diffusion_xl_00099,test,1,0.15141521,0
stable_diffusion_xl_00100,test,1,0.6157601,0
stable_diffusion_xl_00101,test,1,0.35025713,1
stable_diffusion_xl_00102,test,1,0.35025713,1
stable_diffusion_xl_00103,test,1,0.35025713,1
stable_diffusion_xl_00104,test,1,0.35025713,1
stable_diffusion_xl_00105,test,1,0.8523605,0
stable_diffusion_xl_00106,test,1,0.3339059,0
stable_diffusion_xl_00107,test,1,0.35025713,1
stable_diffusion_xl_00108,test,1,0.74849594,0
stable_diffusion_xl_00109,test,1,0.16935119,0
stable_diffusion_xl_00110,test,1,0.35025713,1
stable_diffusion_xl_00111,test,1,0.35025713,1
stable_diffusion_xl_00112,test,1,0.8286735,0
stable_diffusion_xl_00113,test,1,0.15971474,0
stable_diffusion_xl_00114,test,1,0.2741807,0
stable_diffusion_xl_00115,test,1,0.11265013,0
stable_diffusion_xl_00116,test,1,0.9256576,0
stable_diffusion_xl_00117,test,1,0.35025713,1
stable_diffusion_xl_00118,test,1,0.35025713,1
stable_diffusion_xl_00119,test,1,0.35025713,1
stable_diffusion_xl_00120,test,1,0.2540143,0
stable_diffusion_xl_00121,test,1,0.021365825,0
stable_diffusion_xl_00122,test,1,0.35025713,1
stable_diffusion_xl_00123,test,1,0.35025713,1
stable_diffusion_xl_00124,test,1,0.35025713,1
stable_diffusion_xl_00125,test,1,0.29444504,0
stable_diffusion_xl_00126,test,1,0.35025713,1
stable_diffusion_xl_00127,test,1,0.03895077,0
stable_diffusion_xl_00128,test,1,0.35025713,1
stable_diffusion_xl_00129,test,1,0.47001603,0
stable_diffusion_xl_00130,test,1,0.35025713,1
stable_diffusion_xl_00131,test,1,0.43056312,0
stable_diffusion_xl_00132,test,1,0.35025713,1
stable_diffusion_xl_00133,test,1,0.35025713,1
stable_diffusion_xl_00134,test,1,0.35025713,1
stable_diffusion_xl_00135,test,1,0.35025713,1
stable_diffusion_xl_00136,test,1,0.35025713,1
stable_diffusion_xl_00137,test,1,0.35025713,1
stable_diffusion_xl_00138,test,1,0.7192472,0
stable_diffusion_xl_00139,test,1,0.074134596,0
stable_diffusion_xl_00140,test,1,0.35025713,1
stable_diffusion_xl_00141,test,1,0.5667201,0
stable_diffusion_xl_00142,test,1,0.35025713,1
stable_diffusion_xl_00143,test,1,0.09461445,1
stable_diffusion_xl_00144,test,1,0.35025713,1
stable_diffusion_xl_00145,test,1,0.20912302,0
stable_diffusion_xl_00146,test,1,0.04894578,0
stable_diffusion_xl_00147,test,1,0.05807358,0
stable_diffusion_xl_00148,test,1,0.35025713,1
stable_diffusion_xl_00149,test,1,0.35025713,1
stable_diffusion_xl_00150,test,1,0.031904764,0
stable_diffusion_xl_00151,test,1,0.35025713,1
stable_diffusion_xl_00152,test,1,0.08064293,0
stable_diffusion_xl_00153,test,1,0.89043754,0
stable_diffusion_xl_00154,test,1,0.35025713,1
stable_diffusion_xl_00155,test,1,0.10766252,0
stable_diffusion_xl_00156,test,1,0.35025713,1
stable_diffusion_xl_00157,test,1,0.35025713,1
stable_diffusion_xl_00158,test,1,0.092483245,0
stable_diffusion_xl_00159,test,1,0.35025713,1
stable_diffusion_xl_00160,test,1,0.35025713,1
stable_diffusion_xl_00161,test,1,0.35025713,1
stable_diffusion_xl_00162,test,1,0.1654741,0
stable_diffusion_xl_00163,test,1,0.42849734,0
stable_diffusion_xl_00164,test,1,0.35025713,1
stable_diffusion_xl_00165,test,1,0.35025713,1
stable_diffusion_xl_00166,test,1,0.35025713,1
stable_diffusion_xl_00167,test,1,0.17307162,1
stable_diffusion_xl_00168,test,1,0.35025713,1
stable_diffusion_xl_00169,test,1,0.35025713,1
stable_diffusion_xl_00170,test,1,0.35025713,1
stable_diffusion_xl_00171,test,1,0.35025713,1
stable_diffusion_xl_00172,test,1,0.35025713,1
stable_diffusion_xl_00173,test,1,0.65499586,0
stable_diffusion_xl_00174,test,1,0.35025713,1
stable_diffusion_xl_00175,test,1,0.114893846,0
stable_diffusion_xl_00176,test,1,0.35025713,1
stable_diffusion_xl_00177,test,1,0.2213638,0
stable_diffusion_xl_00178,test,1,0.35025713,1
stable_diffusion_xl_00179,test,1,0.06399462,0
stable_diffusion_xl_00180,test,1,0.057321988,0
stable_diffusion_xl_00181,test,1,6.2370505e-05,0
stable_diffusion_xl_00182,test,1,0.35025713,1
stable_diffusion_xl_00183,test,1,0.35025713,1
stable_diffusion_xl_00184,test,1,0.06170703,0
stable_diffusion_xl_00185,test,1,0.9864201,0
stable_diffusion_xl_00186,test,1,0.008164543,0
stable_diffusion_xl_00187,test,1,0.07858284,0
stable_diffusion_xl_00188,test,1,0.35025713,1
stable_diffusion_xl_00189,test,1,0.35025713,1
stable_diffusion_xl_00190,test,1,0.35025713,1
stable_diffusion_xl_00191,test,1,0.35171145,0
stable_diffusion_xl_00192,test,1,0.35025713,1
stable_diffusion_xl_00193,test,1,0.34240237,0
stable_diffusion_xl_00194,test,1,0.35025713,1
stable_diffusion_xl_00195,test,1,0.35025713,1
stable_diffusion_xl_00196,test,1,0.35025713,1
stable_diffusion_xl_00197,test,1,0.31746465,0
stable_diffusion_xl_00198,test,1,0.35025713,1
stable_diffusion_xl_00199,test,1,0.35025713,1
stable_diffusion_xl_00200,test,1,0.35025713,1
stable_diffusion_xl_00201,test,1,0.35025713,1
stable_diffusion_xl_00202,test,1,0.35025713,1
stable_diffusion_xl_00203,test,1,0.032082967,0
stable_diffusion_xl_00204,test,1,0.35025713,1
stable_diffusion_xl_00205,test,1,0.35025713,1
stable_diffusion_xl_00206,test,1,0.35025713,1
stable_diffusion_xl_00207,test,1,0.35025713,1
stable_diffusion_xl_00208,test,1,0.17248991,0
stable_diffusion_xl_00209,test,1,0.3429032,0
stable_diffusion_xl_00210,test,1,0.35025713,1
stable_diffusion_xl_00211,test,1,0.35025713,1
stable_diffusion_xl_00212,test,1,0.35025713,1
stable_diffusion_xl_00213,test,1,0.6739444,0
stable_diffusion_xl_00214,test,1,0.35025713,1
stable_diffusion_xl_00215,test,1,0.35025713,1
stable_diffusion_xl_00216,test,1,0.111728705,0
stable_diffusion_xl_00217,test,1,0.35025713,1
stable_diffusion_xl_00218,test,1,0.32623923,0
stable_diffusion_xl_00219,test,1,0.24154341,0
stable_diffusion_xl_00220,test,1,0.15877232,0
stable_diffusion_xl_00221,test,1,0.35025713,1
stable_diffusion_xl_00222,test,1,0.35025713,1
stable_diffusion_xl_00223,test,1,0.016055854,0
stable_diffusion_xl_00224,test,1,0.35025713,1
stable_diffusion_xl_00225,test,1,0.39886144,0
stable_diffusion_xl_00226,test,1,0.35025713,1
stable_diffusion_xl_00227,test,1,0.35025713,1
stable_diffusion_xl_00228,test,1,0.35025713,1
stable_diffusion_xl_00229,test,1,0.35025713,1
stable_diffusion_xl_00230,test,1,0.029772239,0
stable_diffusion_xl_00231,test,1,0.35025713,1
stable_diffusion_xl_00232,test,1,0.018142048,0
stable_diffusion_xl_00233,test,1,0.06016215,0
stable_diffusion_xl_00234,test,1,0.35025713,1
stable_diffusion_xl_00235,test,1,0.35025713,1
stable_diffusion_xl_00236,test,1,0.006856442,0
stable_diffusion_xl_00237,test,1,0.17049892,0
stable_diffusion_xl_00238,test,1,0.38210914,0
stable_diffusion_xl_00239,test,1,0.07879277,0
stable_diffusion_xl_00240,test,1,0.35025713,1
stable_diffusion_xl_00241,test,1,0.94327915,0
stable_diffusion_xl_00242,test,1,0.35025713,1
stable_diffusion_xl_00243,test,1,0.9322027,0
stable_diffusion_xl_00244,test,1,0.35025713,1
stable_diffusion_xl_00245,test,1,0.35025713,1
stable_diffusion_xl_00246,test,1,0.35025713,1
stable_diffusion_xl_00247,test,1,0.35025713,1
stable_diffusion_xl_00248,test,1,0.35025713,1
stable_diffusion_xl_00249,test,1,0.13499255,0
stable_diffusion_xl_00250,test,1,0.35025713,1
stable_diffusion_xl_00251,test,1,0.35025713,1
stable_diffusion_xl_00252,test,1,0.35025713,1
stable_diffusion_xl_00253,test,1,0.7174577,0
stable_diffusion_xl_00254,test,1,0.8444441,0
stable_diffusion_xl_00255,test,1,0.35025713,1
stable_diffusion_xl_00256,test,1,0.35025713,1
stable_diffusion_xl_00257,test,1,0.35025713,1
stable_diffusion_xl_00258,test,1,0.14262028,0
stable_diffusion_xl_00259,test,1,0.4793726,0
stable_diffusion_xl_00260,test,1,0.79745466,0
stable_diffusion_xl_00261,test,1,0.35025713,1
stable_diffusion_xl_00262,test,1,0.35025713,1
stable_diffusion_xl_00263,test,1,0.35025713,1
stable_diffusion_xl_00264,test,1,0.30726334,0
stable_diffusion_xl_00265,test,1,0.30764994,0
stable_diffusion_xl_00266,test,1,0.35025713,1
stable_diffusion_xl_00267,test,1,0.35025713,1
stable_diffusion_xl_00268,test,1,0.35025713,1
stable_diffusion_xl_00269,test,1,0.35025713,1
stable_diffusion_xl_00270,test,1,0.35025713,1
stable_diffusion_xl_00271,test,1,0.30030915,0
stable_diffusion_xl_00272,test,1,0.35025713,1
stable_diffusion_xl_00273,test,1,0.07292987,0
stable_diffusion_xl_00274,test,1,0.35025713,1
stable_diffusion_xl_00275,test,1,0.46082446,0
stable_diffusion_xl_00276,test,1,0.63631546,0
stable_diffusion_xl_00277,test,1,0.3822601,0
stable_diffusion_xl_00278,test,1,0.24455181,0
stable_diffusion_xl_00279,test,1,0.35025713,1
stable_diffusion_xl_00280,test,1,0.7294064,0
stable_diffusion_xl_00281,test,1,0.112917095,0
stable_diffusion_xl_00282,test,1,0.47467676,0
stable_diffusion_xl_00283,test,1,0.33964488,0
stable_diffusion_xl_00284,test,1,0.35025713,1
stable_diffusion_xl_00285,test,1,0.35025713,1
stable_diffusion_xl_00286,test,1,0.35025713,1
stable_diffusion_xl_00287,test,1,0.35025713,1
stable_diffusion_xl_00288,test,1,0.63306135,0
stable_diffusion_xl_00289,test,1,0.028211975,0
stable_diffusion_xl_00290,test,1,0.35025713,1
stable_diffusion_xl_00291,test,1,0.35025713,1
stable_diffusion_xl_00292,test,1,0.35025713,1
stable_diffusion_xl_00293,test,1,0.21239008,0
stable_diffusion_xl_00294,test,1,0.4091252,0
stable_diffusion_xl_00295,test,1,0.35025713,1
stable_diffusion_xl_00296,test,1,0.39029136,0
stable_diffusion_xl_00297,test,1,0.35025713,1
stable_diffusion_xl_00298,test,1,0.067260385,0
stable_diffusion_xl_00299,test,1,0.35025713,1
stable_diffusion_xl_00300,test,1,0.9995166,0
stable_diffusion_xl_00301,test,1,0.16140586,0
stable_diffusion_xl_00302,test,1,0.42407066,0
stable_diffusion_xl_00303,test,1,0.35025713,1
stable_diffusion_xl_00304,test,1,0.16057983,0
stable_diffusion_xl_00305,test,1,0.87093925,0
stable_diffusion_xl_00306,test,1,0.35025713,1
stable_diffusion_xl_00307,test,1,0.35025713,1
stable_diffusion_xl_00308,test,1,0.35025713,1
stable_diffusion_xl_00309,test,1,0.6173452,0
stable_diffusion_xl_00310,test,1,0.35025713,1
stable_diffusion_xl_00311,test,1,0.7373607,0
stable_diffusion_xl_00312,test,1,0.2714511,0
stable_diffusion_xl_00313,test,1,0.35025713,1
stable_diffusion_xl_00314,test,1,0.04444818,0
stable_diffusion_xl_00315,test,1,0.43688458,1
stable_diffusion_xl_00316,test,1,0.2892637,0
stable_diffusion_xl_00317,test,1,0.7210767,0
stable_diffusion_xl_00318,test,1,0.35025713,1
stable_diffusion_xl_00319,test,1,0.35025713,1
stable_diffusion_xl_00320,test,1,0.30878133,0
stable_diffusion_xl_00321,test,1,0.1007947,0
stable_diffusion_xl_00322,test,1,0.5660234,0
stable_diffusion_xl_00323,test,1,0.11058979,0
stable_diffusion_xl_00324,test,1,0.38939324,0
stable_diffusion_xl_00325,test,1,0.6055231,0
stable_diffusion_xl_00326,test,1,0.35025713,1
stable_diffusion_xl_00327,test,1,0.35025713,1
stable_diffusion_xl_00328,test,1,0.15700974,0
stable_diffusion_xl_00329,test,1,0.35025713,1
stable_diffusion_xl_00330,test,1,0.07018515,0
stable_diffusion_xl_00331,test,1,0.01746337,0
stable_diffusion_xl_00332,test,1,0.35025713,1
stable_diffusion_xl_00333,test,1,0.15889396,0
stable_diffusion_xl_00334,test,1,0.35025713,1
stable_diffusion_xl_00335,test,1,0.101841755,0
stable_diffusion_xl_00336,test,1,0.35025713,1
stable_diffusion_xl_00337,test,1,0.03495289,0
stable_diffusion_xl_00338,test,1,0.9987827,0
stable_diffusion_xl_00339,test,1,0.37762934,0
stable_diffusion_xl_00340,test,1,0.35025713,1
stable_diffusion_xl_00341,test,1,0.34946308,0
stable_diffusion_xl_00342,test,1,0.6699704,0
stable_diffusion_xl_00343,test,1,0.04159077,0
stable_diffusion_xl_00344,test,1,0.04602272,0
stable_diffusion_xl_00345,test,1,0.45017663,0
stable_diffusion_xl_00346,test,1,0.5325782,0
stable_diffusion_xl_00347,test,1,0.35025713,1
stable_diffusion_xl_00348,test,1,0.35025713,1
stable_diffusion_xl_00349,test,1,0.35025713,1
stable_diffusion_xl_00350,test,1,0.20234808,0
stable_diffusion_xl_00351,test,1,0.9179059,0
stable_diffusion_xl_00352,test,1,0.35025713,1
stable_diffusion_xl_00353,test,1,0.35025713,1
stable_diffusion_xl_00354,test,1,0.9999702,0
stable_diffusion_xl_00355,test,1,0.35025713,1
stable_diffusion_xl_00356,test,1,0.23636171,0
stable_diffusion_xl_00357,test,1,0.35025713,1
stable_diffusion_xl_00358,test,1,0.35025713,1
stable_diffusion_xl_00359,test,1,0.6818112,0
stable_diffusion_xl_00360,test,1,0.2374236,0
stable_diffusion_xl_00361,test,1,0.35025713,1
stable_diffusion_xl_00362,test,1,0.35025713,1
stable_diffusion_xl_00363,test,1,0.043605678,0
stable_diffusion_xl_00364,test,1,0.7282282,0
stable_diffusion_xl_00365,test,1,0.35025713,1
stable_diffusion_xl_00366,test,1,0.006220503,0
stable_diffusion_xl_00367,test,1,0.35025713,1
stable_diffusion_xl_00368,test,1,0.35025713,1
stable_diffusion_xl_00369,test,1,0.35025713,1
stable_diffusion_xl_00370,test,1,0.35025713,1
stable_diffusion_xl_00371,test,1,0.02067502,0
stable_diffusion_xl_00372,test,1,0.32010633,0
stable_diffusion_xl_00373,test,1,0.0037849506,0
stable_diffusion_xl_00374,test,1,0.83906764,0
stable_diffusion_xl_00375,test,1,0.35025713,1
stable_diffusion_xl_00376,test,1,0.7496402,0
stable_diffusion_xl_00377,test,1,0.35025713,1
stable_diffusion_xl_00378,test,1,0.3310274,0
stable_diffusion_xl_00379,test,1,0.35025713,1
stable_diffusion_xl_00380,test,1,0.0020073205,0
stable_diffusion_xl_00381,test,1,0.35025713,1
stable_diffusion_xl_00382,test,1,0.35025713,1
stable_diffusion_xl_00383,test,1,0.35025713,1
stable_diffusion_xl_00384,test,1,0.35025713,1
stable_diffusion_xl_00385,test,1,0.076816455,0
stable_diffusion_xl_00386,test,1,0.11588073,0
stable_diffusion_xl_00387,test,1,0.35025713,1
stable_diffusion_xl_00388,test,1,0.7230178,0
stable_diffusion_xl_00389,test,1,0.35025713,1
stable_diffusion_xl_00390,test,1,0.6910299,0
stable_diffusion_xl_00391,test,1,0.05900811,0
stable_diffusion_xl_00392,test,1,0.6819602,0
stable_diffusion_xl_00393,test,1,0.35025713,1
stable_diffusion_xl_00394,test,1,0.35025713,1
stable_diffusion_xl_00395,test,1,0.35025713,1
stable_diffusion_xl_00396,test,1,0.35025713,1
stable_diffusion_xl_00397,test,1,0.35025713,1
stable_diffusion_xl_00398,test,1,0.11025554,0
stable_diffusion_xl_00399,test,1,0.69800353,0
stable_diffusion_xl_00400,test,1,0.35025713,1
stable_diffusion_xl_00401,test,1,0.35025713,1
stable_diffusion_xl_00402,test,1,0.35025713,1
stable_diffusion_xl_00403,test,1,0.89463884,0
stable_diffusion_xl_00404,test,1,0.13964213,0
stable_diffusion_xl_00405,test,1,0.35025713,1
stable_diffusion_xl_00406,test,1,0.28669333,0
stable_diffusion_xl_00407,test,1,0.35025713,1
stable_diffusion_xl_00408,test,1,0.35025713,1
stable_diffusion_xl_00409,test,1,0.35025713,1
stable_diffusion_xl_00410,test,1,0.35025713,1
stable_diffusion_xl_00411,test,1,0.301163,0
stable_diffusion_xl_00412,test,1,0.74708724,0
stable_diffusion_xl_00413,test,1,0.0033034019,0
stable_diffusion_xl_00414,test,1,0.35025713,1
stable_diffusion_xl_00415,test,1,0.35025713,1
stable_diffusion_xl_00416,test,1,0.35025713,1
stable_diffusion_xl_00417,test,1,0.13170312,0
stable_diffusion_xl_00418,test,1,0.30370653,1
stable_diffusion_xl_00419,test,1,0.07581256,0
stable_diffusion_xl_00420,test,1,0.20055681,0
stable_diffusion_xl_00421,test,1,0.35025713,1
stable_diffusion_xl_00422,test,1,0.35025713,1
stable_diffusion_xl_00423,test,1,0.5099462,0
stable_diffusion_xl_00424,test,1,0.35025713,1
stable_diffusion_xl_00425,test,1,0.6987515,0
stable_diffusion_xl_00426,test,1,0.35025713,1
stable_diffusion_xl_00427,test,1,0.19998173,0
stable_diffusion_xl_00428,test,1,0.97200847,0
stable_diffusion_xl_00429,test,1,0.3402136,0
stable_diffusion_xl_00430,test,1,0.8163586,0
stable_diffusion_xl_00431,test,1,0.35025713,1
stable_diffusion_xl_00432,test,1,0.35025713,1
stable_diffusion_xl_00433,test,1,0.35025713,1
stable_diffusion_xl_00434,test,1,0.022228237,0
stable_diffusion_xl_00435,test,1,0.35025713,1
stable_diffusion_xl_00436,test,1,0.07731673,0
stable_diffusion_xl_00437,test,1,0.35025713,1
stable_diffusion_xl_00438,test,1,0.10612673,0
stable_diffusion_xl_00439,test,1,0.35025713,1
stable_diffusion_xl_00440,test,1,0.35025713,1
stable_diffusion_xl_00441,test,1,0.35025713,1
stable_diffusion_xl_00442,test,1,0.0276261,0
stable_diffusion_xl_00443,test,1,0.35025713,1
stable_diffusion_xl_00444,test,1,0.35025713,1
stable_diffusion_xl_00445,test,1,0.35025713,1
stable_diffusion_xl_00446,test,1,0.5344534,0
stable_diffusion_xl_00447,test,1,0.35025713,1
stable_diffusion_xl_00448,test,1,0.241807,0
stable_diffusion_xl_00449,test,1,0.35025713,1
stable_diffusion_xl_00450,test,1,0.35025713,1
stable_diffusion_xl_00451,test,1,0.024153097,0
stable_diffusion_xl_00452,test,1,0.35025713,1
stable_diffusion_xl_00453,test,1,0.35025713,1
stable_diffusion_xl_00454,test,1,0.3050963,0
stable_diffusion_xl_00455,test,1,0.35025713,1
stable_diffusion_xl_00456,test,1,0.30110213,0
stable_diffusion_xl_00457,test,1,0.07167082,0
stable_diffusion_xl_00458,test,1,0.35025713,1
stable_diffusion_xl_00459,test,1,0.6458796,0
stable_diffusion_xl_00460,test,1,0.3932491,0
stable_diffusion_xl_00461,test,1,0.039179273,0
stable_diffusion_xl_00462,test,1,0.18940897,0
stable_diffusion_xl_00463,test,1,0.35025713,1
stable_diffusion_xl_00464,test,1,0.35025713,1
stable_diffusion_xl_00465,test,1,0.6058688,0
stable_diffusion_xl_00466,test,1,0.18712027,0
stable_diffusion_xl_00467,test,1,0.35025713,1
stable_diffusion_xl_00468,test,1,0.35025713,1
stable_diffusion_xl_00469,test,1,0.20818841,0
stable_diffusion_xl_00470,test,1,0.35025713,1
stable_diffusion_xl_00471,test,1,0.058302145,0
stable_diffusion_xl_00472,test,1,0.35025713,1
stable_diffusion_xl_00473,test,1,0.7687777,0
stable_diffusion_xl_00474,test,1,0.35025713,1
stable_diffusion_xl_00475,test,1,0.30592704,0
stable_diffusion_xl_00476,test,1,0.6119085,0
stable_diffusion_xl_00477,test,1,0.35025713,1
stable_diffusion_xl_00478,test,1,0.011727776,0
stable_diffusion_xl_00479,test,1,0.53222996,0
stable_diffusion_xl_00480,test,1,0.35025713,1
stable_diffusion_xl_00481,test,1,0.35025713,1
stable_diffusion_xl_00482,test,1,0.6573028,0
stable_diffusion_xl_00483,test,1,0.8446461,0
stable_diffusion_xl_00484,test,1,0.35025713,1
stable_diffusion_xl_00485,test,1,0.57525855,0
stable_diffusion_xl_00486,test,1,0.8756107,0
stable_diffusion_xl_00487,test,1,0.85883534,0
stable_diffusion_xl_00488,test,1,0.35025713,1
stable_diffusion_xl_00489,test,1,0.15273647,0
stable_diffusion_xl_00490,test,1,0.35025713,1
stable_diffusion_xl_00491,test,1,0.35025713,1
stable_diffusion_xl_00492,test,1,0.35025713,1
stable_diffusion_xl_00493,test,1,0.22090966,0
stable_diffusion_xl_00494,test,1,0.019638088,0
stable_diffusion_xl_00495,test,1,0.35025713,1
stable_diffusion_xl_00496,test,1,0.03448902,0
stable_diffusion_xl_00497,test,1,0.35025713,1
stable_diffusion_xl_00498,test,1,0.18097591,0
stable_diffusion_xl_00499,test,1,0.30486068,0
stable_diffusion_xl_00500,test,1,0.35025713,1
stable_diffusion_xl_00501,test,1,0.7182771,0
stable_diffusion_xl_00502,test,1,0.35025713,1
stable_diffusion_xl_00503,test,1,0.056964807,0
stable_diffusion_xl_00504,test,1,0.77918947,0
stable_diffusion_xl_00505,test,1,0.35025713,1
stable_diffusion_xl_00506,test,1,0.35025713,1
stable_diffusion_xl_00507,test,1,0.35025713,1
stable_diffusion_xl_00508,test,1,0.35025713,1
stable_diffusion_xl_00509,test,1,0.35025713,1
stable_diffusion_xl_00510,test,1,0.35025713,1
stable_diffusion_xl_00511,test,1,0.042876434,0
stable_diffusion_xl_00512,test,1,0.37279883,0
stable_diffusion_xl_00513,test,1,0.35025713,1
stable_diffusion_xl_00514,test,1,0.06811816,0
stable_diffusion_xl_00515,test,1,0.015040715,0
stable_diffusion_xl_00516,test,1,0.35025713,1
stable_diffusion_xl_00517,test,1,0.35025713,1
stable_diffusion_xl_00518,test,1,0.86688304,0
stable_diffusion_xl_00519,test,1,0.35025713,1
stable_diffusion_xl_00520,test,1,0.624849,0
stable_diffusion_xl_00521,test,1,0.35025713,1
stable_diffusion_xl_00522,test,1,0.8098907,0
stable_diffusion_xl_00523,test,1,0.0032230176,0
stable_diffusion_xl_00524,test,1,0.35025713,1
stable_diffusion_xl_00525,test,1,0.013237587,0
stable_diffusion_xl_00526,test,1,0.35025713,1
stable_diffusion_xl_00527,test,1,0.048794646,0
stable_diffusion_xl_00528,test,1,0.11102442,0
stable_diffusion_xl_00529,test,1,0.35025713,1
stable_diffusion_xl_00530,test,1,0.28962743,0
stable_diffusion_xl_00531,test,1,0.5100543,0
stable_diffusion_xl_00532,test,1,0.49751532,0
stable_diffusion_xl_00533,test,1,0.8181643,0
stable_diffusion_xl_00534,test,1,0.35025713,1
stable_diffusion_xl_00535,test,1,0.37499943,0
stable_diffusion_xl_00536,test,1,0.35025713,1
stable_diffusion_xl_00537,test,1,0.35025713,1
stable_diffusion_xl_00538,test,1,0.11607722,0
stable_diffusion_xl_00539,test,1,0.35025713,1
stable_diffusion_xl_00540,test,1,0.35025713,1
stable_diffusion_xl_00541,test,1,0.10837664,0
stable_diffusion_xl_00542,test,1,0.4382889,0
stable_diffusion_xl_00543,test,1,0.35025713,1
stable_diffusion_xl_00544,test,1,0.35025713,1
stable_diffusion_xl_00545,test,1,0.35025713,1
stable_diffusion_xl_00546,test,1,0.35025713,1
stable_diffusion_xl_00547,test,1,0.474878,0
stable_diffusion_xl_00548,test,1,0.35025713,1
stable_diffusion_xl_00549,test,1,0.35025713,1
stable_diffusion_xl_00550,test,1,0.35025713,1
stable_diffusion_xl_00551,test,1,0.35025713,1
stable_diffusion_xl_00552,test,1,0.35025713,1
stable_diffusion_xl_00553,test,1,0.35025713,1
stable_diffusion_xl_00554,test,1,0.099854685,0
stable_diffusion_xl_00555,test,1,0.35025713,1
stable_diffusion_xl_00556,test,1,0.35025713,1
stable_diffusion_xl_00557,test,1,0.9536714,0
stable_diffusion_xl_00558,test,1,0.041266855,0
stable_diffusion_xl_00559,test,1,0.35025713,1
stable_diffusion_xl_00560,test,1,0.31988803,1
stable_diffusion_xl_00561,test,1,0.34905013,0
stable_diffusion_xl_00562,test,1,0.35025713,1
stable_diffusion_xl_00563,test,1,0.35025713,1
stable_diffusion_xl_00564,test,1,0.17956975,0
stable_diffusion_xl_00565,test,1,0.35025713,1
stable_diffusion_xl_00566,test,1,0.35025713,1
stable_diffusion_xl_00567,test,1,0.35025713,1
stable_diffusion_xl_00568,test,1,0.35025713,1
stable_diffusion_xl_00569,test,1,0.35025713,1
stable_diffusion_xl_00570,test,1,0.35025713,1
stable_diffusion_xl_00571,test,1,0.35025713,1
stable_diffusion_xl_00572,test,1,0.30811036,0
stable_diffusion_xl_00573,test,1,0.01426492,0
stable_diffusion_xl_00574,test,1,0.04997315,0
stable_diffusion_xl_00575,test,1,0.33589798,0
stable_diffusion_xl_00576,test,1,0.21281451,0
stable_diffusion_xl_00577,test,1,0.35025713,1
stable_diffusion_xl_00578,test,1,0.35025713,1
stable_diffusion_xl_00579,test,1,0.35025713,1
stable_diffusion_xl_00580,test,1,0.10880856,0
stable_diffusion_xl_00581,test,1,0.93286943,0
stable_diffusion_xl_00582,test,1,0.35025713,1
stable_diffusion_xl_00583,test,1,0.35025713,1
stable_diffusion_xl_00584,test,1,0.35025713,1
stable_diffusion_xl_00585,test,1,0.1873326,0
stable_diffusion_xl_00586,test,1,0.12376545,0
stable_diffusion_xl_00587,test,1,0.35025713,1
stable_diffusion_xl_00588,test,1,0.78054225,0
stable_diffusion_xl_00589,test,1,0.03387706,0
stable_diffusion_xl_00590,test,1,0.35025713,1
stable_diffusion_xl_00591,test,1,0.14363484,0
stable_diffusion_xl_00592,test,1,0.35025713,1
stable_diffusion_xl_00593,test,1,0.7857738,0
stable_diffusion_xl_00594,test,1,0.0031528387,0
stable_diffusion_xl_00595,test,1,0.5685755,0
stable_diffusion_xl_00596,test,1,0.35025713,1
stable_diffusion_xl_00597,test,1,0.35025713,1
stable_diffusion_xl_00598,test,1,0.7923834,0
stable_diffusion_xl_00599,test,1,0.35025713,1
stable_diffusion_xl_00600,test,1,0.35025713,1
stable_diffusion_xl_00601,test,1,0.84088683,0
stable_diffusion_xl_00602,test,1,0.45240209,0
stable_diffusion_xl_00603,test,1,0.35025713,1
stable_diffusion_xl_00604,test,1,0.34236676,0
stable_diffusion_xl_00605,test,1,0.35025713,1
stable_diffusion_xl_00606,test,1,0.35025713,1
stable_diffusion_xl_00607,test,1,0.041159697,0
stable_diffusion_xl_00608,test,1,0.3308185,0
stable_diffusion_xl_00609,test,1,0.35395682,0
stable_diffusion_xl_00610,test,1,0.70656955,0
stable_diffusion_xl_00611,test,1,0.35025713,1
stable_diffusion_xl_00612,test,1,0.35025713,1
stable_diffusion_xl_00613,test,1,0.35025713,1
stable_diffusion_xl_00614,test,1,0.35025713,1
stable_diffusion_xl_00615,test,1,0.9426064,0
stable_diffusion_xl_00616,test,1,0.8280938,0
stable_diffusion_xl_00617,test,1,0.020894626,0
stable_diffusion_xl_00618,test,1,0.18178533,0
stable_diffusion_xl_00619,test,1,0.33165768,0
stable_diffusion_xl_00620,test,1,0.34358013,0
stable_diffusion_xl_00621,test,1,0.03859574,0
stable_diffusion_xl_00622,test,1,0.6758906,0
stable_diffusion_xl_00623,test,1,0.049040113,0
stable_diffusion_xl_00624,test,1,0.35025713,1
stable_diffusion_xl_00625,test,1,0.023452984,0
stable_diffusion_xl_00626,test,1,0.256174,0
stable_diffusion_xl_00627,test,1,0.35025713,1
stable_diffusion_xl_00628,test,1,0.8762634,0
stable_diffusion_xl_00629,test,1,0.35025713,1
stable_diffusion_xl_00630,test,1,0.1758427,0
stable_diffusion_xl_00631,test,1,0.35025713,1
stable_diffusion_xl_00632,test,1,0.35025713,1
stable_diffusion_xl_00633,test,1,0.1643613,1
stable_diffusion_xl_00634,test,1,0.32028598,0
stable_diffusion_xl_00635,test,1,0.43392208,0
stable_diffusion_xl_00636,test,1,0.1764015,0
stable_diffusion_xl_00637,test,1,0.35025713,1
stable_diffusion_xl_00638,test,1,0.35025713,1
stable_diffusion_xl_00639,test,1,0.35025713,1
stable_diffusion_xl_00640,test,1,0.35025713,1
stable_diffusion_xl_00641,test,1,0.119929336,0
stable_diffusion_xl_00642,test,1,0.35025713,1
stable_diffusion_xl_00643,test,1,0.35025713,1
stable_diffusion_xl_00644,test,1,0.13065255,0
stable_diffusion_xl_00645,test,1,0.35025713,1
stable_diffusion_xl_00646,test,1,0.35025713,1
stable_diffusion_xl_00647,test,1,0.33140114,0
stable_diffusion_xl_00648,test,1,0.35025713,1
stable_diffusion_xl_00649,test,1,0.35025713,1
stable_diffusion_xl_00650,test,1,0.35025713,1
stable_diffusion_xl_00651,test,1,0.7780319,0
stable_diffusion_xl_00652,test,1,0.35025713,1
stable_diffusion_xl_00653,test,1,0.9973901,0
stable_diffusion_xl_00654,test,1,0.35025713,1
stable_diffusion_xl_00655,test,1,0.09353385,0
stable_diffusion_xl_00656,test,1,0.35025713,1
stable_diffusion_xl_00657,test,1,0.15155701,0
stable_diffusion_xl_00658,test,1,0.35025713,1
stable_diffusion_xl_00659,test,1,0.16110064,0
stable_diffusion_xl_00660,test,1,0.30750263,0
stable_diffusion_xl_00661,test,1,0.35025713,1
stable_diffusion_xl_00662,test,1,0.26213413,0
stable_diffusion_xl_00663,test,1,0.35025713,1
stable_diffusion_xl_00664,test,1,0.53990614,0
stable_diffusion_xl_00665,test,1,0.19322835,0
stable_diffusion_xl_00666,test,1,0.35025713,1
stable_diffusion_xl_00667,test,1,0.60470885,0
stable_diffusion_xl_00668,test,1,0.07070108,0
stable_diffusion_xl_00669,test,1,0.35025713,1
stable_diffusion_xl_00670,test,1,0.35025713,1
stable_diffusion_xl_00671,test,1,0.35025713,1
stable_diffusion_xl_00672,test,1,0.6301351,0
stable_diffusion_xl_00673,test,1,0.35025713,1
stable_diffusion_xl_00674,test,1,0.35025713,1
stable_diffusion_xl_00675,test,1,0.28947827,0
stable_diffusion_xl_00676,test,1,0.74425477,0
stable_diffusion_xl_00677,test,1,0.35025713,1
stable_diffusion_xl_00678,test,1,0.26938805,0
stable_diffusion_xl_00679,test,1,0.1847259,0
stable_diffusion_xl_00680,test,1,0.642329,0
stable_diffusion_xl_00681,test,1,0.35025713,1
stable_diffusion_xl_00682,test,1,0.35025713,1
stable_diffusion_xl_00683,test,1,0.68396276,0
stable_diffusion_xl_00684,test,1,0.35025713,1
stable_diffusion_xl_00685,test,1,0.1230035,0
stable_diffusion_xl_00686,test,1,0.35025713,1
stable_diffusion_xl_00687,test,1,0.35025713,1
stable_diffusion_xl_00688,test,1,0.35025713,1
stable_diffusion_xl_00689,test,1,0.3766892,0
stable_diffusion_xl_00690,test,1,0.14527877,0
stable_diffusion_xl_00691,test,1,0.35025713,1
stable_diffusion_xl_00692,test,1,0.122038655,0
stable_diffusion_xl_00693,test,1,0.35025713,1
stable_diffusion_xl_00694,test,1,0.15170899,0
stable_diffusion_xl_00695,test,1,0.6433313,0
stable_diffusion_xl_00696,test,1,0.35025713,1
stable_diffusion_xl_00697,test,1,0.042912066,0
stable_diffusion_xl_00698,test,1,0.35025713,1
stable_diffusion_xl_00699,test,1,0.67855966,0
stable_diffusion_xl_00700,test,1,0.35025713,1
stable_diffusion_xl_00701,test,1,0.35025713,1
stable_diffusion_xl_00702,test,1,0.35025713,1
stable_diffusion_xl_00703,test,1,0.35025713,1
stable_diffusion_xl_00704,test,1,0.8768613,0
stable_diffusion_xl_00705,test,1,0.045321666,0
stable_diffusion_xl_00706,test,1,0.35025713,1
stable_diffusion_xl_00707,test,1,0.35025713,1
stable_diffusion_xl_00708,test,1,0.3113503,0
stable_diffusion_xl_00709,test,1,0.35025713,1
stable_diffusion_xl_00710,test,1,0.90741,0
stable_diffusion_xl_00711,test,1,0.62454987,0
stable_diffusion_xl_00712,test,1,0.35025713,1
stable_diffusion_xl_00713,test,1,0.06307023,0
stable_diffusion_xl_00714,test,1,0.20669608,1
stable_diffusion_xl_00715,test,1,0.35025713,1
stable_diffusion_xl_00716,test,1,0.35025713,1
stable_diffusion_xl_00717,test,1,0.35025713,1
stable_diffusion_xl_00718,test,1,0.35025713,1
stable_diffusion_xl_00719,test,1,0.032167193,0
stable_diffusion_xl_00720,test,1,0.35025713,1
stable_diffusion_xl_00721,test,1,0.5019848,0
stable_diffusion_xl_00722,test,1,0.07900213,0
stable_diffusion_xl_00723,test,1,0.35071284,0
stable_diffusion_xl_00724,test,1,0.35025713,1
stable_diffusion_xl_00725,test,1,0.19017656,0
stable_diffusion_xl_00726,test,1,0.47800097,0
stable_diffusion_xl_00727,test,1,0.51723295,0
stable_diffusion_xl_00728,test,1,0.35025713,1
stable_diffusion_xl_00729,test,1,0.7562481,0
stable_diffusion_xl_00730,test,1,0.35025713,1
stable_diffusion_xl_00731,test,1,0.35025713,1
stable_diffusion_xl_00732,test,1,0.35025713,1
stable_diffusion_xl_00733,test,1,0.05341383,0
stable_diffusion_xl_00734,test,1,0.35025713,1
stable_diffusion_xl_00735,test,1,0.10772719,0
stable_diffusion_xl_00736,test,1,0.35025713,1
stable_diffusion_xl_00737,test,1,0.35025713,1
stable_diffusion_xl_00738,test,1,0.35025713,1
stable_diffusion_xl_00739,test,1,0.35025713,1
stable_diffusion_xl_00740,test,1,0.3014696,0
stable_diffusion_xl_00741,test,1,0.35025713,1
stable_diffusion_xl_00742,test,1,0.1318031,0
stable_diffusion_xl_00743,test,1,0.35025713,1
stable_diffusion_xl_00744,test,1,0.35025713,1
stable_diffusion_xl_00745,test,1,0.3550803,0
stable_diffusion_xl_00746,test,1,0.35025713,1
stable_diffusion_xl_00747,test,1,0.29274932,0
stable_diffusion_xl_00748,test,1,0.35025713,1
stable_diffusion_xl_00749,test,1,0.35025713,1
stable_diffusion_xl_00750,test,1,0.35025713,1
stable_diffusion_xl_00751,test,1,0.5506298,0
stable_diffusion_xl_00752,test,1,0.35025713,1
stable_diffusion_xl_00753,test,1,0.35025713,1
stable_diffusion_xl_00754,test,1,0.35025713,1
stable_diffusion_xl_00755,test,1,0.35025713,1
stable_diffusion_xl_00756,test,1,0.4113904,0
stable_diffusion_xl_00757,test,1,0.35025713,1
stable_diffusion_xl_00758,test,1,0.35025713,1
stable_diffusion_xl_00759,test,1,0.020953698,0
stable_diffusion_xl_00760,test,1,0.35025713,1
stable_diffusion_xl_00761,test,1,0.03664096,0
stable_diffusion_xl_00762,test,1,0.3105765,0
stable_diffusion_xl_00763,test,1,0.35025713,1
stable_diffusion_xl_00764,test,1,0.14415397,0
stable_diffusion_xl_00765,test,1,0.12893888,0
stable_diffusion_xl_00766,test,1,0.35025713,1
stable_diffusion_xl_00767,test,1,0.00042107905,0
stable_diffusion_xl_00768,test,1,0.35025713,1
stable_diffusion_xl_00769,test,1,0.0094462605,0
stable_diffusion_xl_00770,test,1,0.35025713,1
stable_diffusion_xl_00771,test,1,0.35025713,1
stable_diffusion_xl_00772,test,1,0.35025713,1
stable_diffusion_xl_00773,test,1,0.7418714,0
stable_diffusion_xl_00774,test,1,0.2977015,0
stable_diffusion_xl_00775,test,1,0.35025713,1
stable_diffusion_xl_00776,test,1,0.6282695,0
stable_diffusion_xl_00777,test,1,0.34458557,0
stable_diffusion_xl_00778,test,1,0.35025713,1
stable_diffusion_xl_00779,test,1,0.052588467,0
stable_diffusion_xl_00780,test,1,0.35025713,1
stable_diffusion_xl_00781,test,1,0.9077015,0
stable_diffusion_xl_00782,test,1,0.35025713,1
stable_diffusion_xl_00783,test,1,0.35025713,1
stable_diffusion_xl_00784,test,1,0.35025713,1
stable_diffusion_xl_00785,test,1,0.9965744,0
stable_diffusion_xl_00786,test,1,0.35025713,1
stable_diffusion_xl_00787,test,1,0.5001492,0
stable_diffusion_xl_00788,test,1,0.13254763,0
stable_diffusion_xl_00789,test,1,0.39631167,0
stable_diffusion_xl_00790,test,1,0.35025713,1
stable_diffusion_xl_00791,test,1,0.97560865,0
stable_diffusion_xl_00792,test,1,0.22104119,0
stable_diffusion_xl_00793,test,1,0.1968858,0
stable_diffusion_xl_00794,test,1,0.011786927,0
stable_diffusion_xl_00795,test,1,0.5664213,0
stable_diffusion_xl_00796,test,1,0.35025713,1
stable_diffusion_xl_00797,test,1,0.23804402,0
stable_diffusion_xl_00798,test,1,0.35025713,1
stable_diffusion_xl_00799,test,1,0.1103867,0
stable_diffusion_xl_00800,test,1,0.50170445,0
stable_diffusion_xl_00801,test,1,0.49324805,0
stable_diffusion_xl_00802,test,1,0.35025713,1
stable_diffusion_xl_00803,test,1,0.4174609,0
stable_diffusion_xl_00804,test,1,0.35025713,1
stable_diffusion_xl_00805,test,1,0.09403849,1
stable_diffusion_xl_00806,test,1,0.35025713,1
stable_diffusion_xl_00807,test,1,0.1215207,0
stable_diffusion_xl_00808,test,1,0.35025713,1
stable_diffusion_xl_00809,test,1,0.35025713,1
stable_diffusion_xl_00810,test,1,0.35025713,1
stable_diffusion_xl_00811,test,1,0.022395158,0
stable_diffusion_xl_00812,test,1,0.0012888936,0
stable_diffusion_xl_00813,test,1,0.33287916,0
stable_diffusion_xl_00814,test,1,0.35025713,1
stable_diffusion_xl_00815,test,1,0.99435884,0
stable_diffusion_xl_00816,test,1,0.35025713,1
stable_diffusion_xl_00817,test,1,0.14491467,0
stable_diffusion_xl_00818,test,1,0.35025713,1
stable_diffusion_xl_00819,test,1,0.17736329,0
stable_diffusion_xl_00820,test,1,0.11000952,0
stable_diffusion_xl_00821,test,1,0.35025713,1
stable_diffusion_xl_00822,test,1,0.35025713,1
stable_diffusion_xl_00823,test,1,0.35025713,1
stable_diffusion_xl_00824,test,1,0.35025713,1
stable_diffusion_xl_00825,test,1,0.35025713,1
stable_diffusion_xl_00826,test,1,0.016641552,0
stable_diffusion_xl_00827,test,1,0.35025713,1
stable_diffusion_xl_00828,test,1,0.33938268,0
stable_diffusion_xl_00829,test,1,0.35025713,1
stable_diffusion_xl_00830,test,1,0.46032348,0
stable_diffusion_xl_00831,test,1,0.19942684,0
stable_diffusion_xl_00832,test,1,0.35025713,1
stable_diffusion_xl_00833,test,1,0.35025713,1
stable_diffusion_xl_00834,test,1,0.35025713,1
stable_diffusion_xl_00835,test,1,0.032895643,0
stable_diffusion_xl_00836,test,1,0.06593654,0
stable_diffusion_xl_00837,test,1,0.35025713,1
stable_diffusion_xl_00838,test,1,0.12338941,0
stable_diffusion_xl_00839,test,1,0.35025713,1
stable_diffusion_xl_00840,test,1,0.35025713,1
stable_diffusion_xl_00841,test,1,0.3059319,0
stable_diffusion_xl_00842,test,1,0.35025713,1
stable_diffusion_xl_00843,test,1,0.35025713,1
stable_diffusion_xl_00844,test,1,0.35025713,1
stable_diffusion_xl_00845,test,1,0.35025713,1
stable_diffusion_xl_00846,test,1,0.68362063,0
stable_diffusion_xl_00847,test,1,0.47339815,0
stable_diffusion_xl_00848,test,1,0.35025713,1
stable_diffusion_xl_00849,test,1,0.23434025,0
stable_diffusion_xl_00850,test,1,0.13126914,0
stable_diffusion_xl_00851,test,1,0.5069361,0
stable_diffusion_xl_00852,test,1,0.27402067,0
stable_diffusion_xl_00853,test,1,0.05031417,0
stable_diffusion_xl_00854,test,1,0.35025713,1
stable_diffusion_xl_00855,test,1,0.35025713,1
stable_diffusion_xl_00856,test,1,0.8650716,0
stable_diffusion_xl_00857,test,1,0.35025713,1
stable_diffusion_xl_00858,test,1,0.35025713,1
stable_diffusion_xl_00859,test,1,0.09657855,0
stable_diffusion_xl_00860,test,1,0.35025713,1
stable_diffusion_xl_00861,test,1,0.35025713,1
stable_diffusion_xl_00862,test,1,0.35025713,1
stable_diffusion_xl_00863,test,1,0.062845,0
stable_diffusion_xl_00864,test,1,0.63956755,0
stable_diffusion_xl_00865,test,1,0.3180016,0
stable_diffusion_xl_00866,test,1,0.35025713,1
stable_diffusion_xl_00867,test,1,0.35025713,1
stable_diffusion_xl_00868,test,1,0.35025713,1
stable_diffusion_xl_00869,test,1,0.35025713,1
stable_diffusion_xl_00870,test,1,0.35025713,1
stable_diffusion_xl_00871,test,1,0.35025713,1
stable_diffusion_xl_00872,test,1,0.35025713,1
stable_diffusion_xl_00873,test,1,0.22826149,0
stable_diffusion_xl_00874,test,1,0.35025713,1
stable_diffusion_xl_00875,test,1,0.35025713,1
stable_diffusion_xl_00876,test,1,0.047738694,0
stable_diffusion_xl_00877,test,1,0.35025713,1
stable_diffusion_xl_00878,test,1,0.35025713,1
stable_diffusion_xl_00879,test,1,0.35025713,1
stable_diffusion_xl_00880,test,1,0.16440088,0
stable_diffusion_xl_00881,test,1,0.35025713,1
stable_diffusion_xl_00882,test,1,0.09437368,0
stable_diffusion_xl_00883,test,1,0.35025713,1
stable_diffusion_xl_00884,test,1,0.35025713,1
stable_diffusion_xl_00885,test,1,0.35025713,1
stable_diffusion_xl_00886,test,1,0.35442665,0
stable_diffusion_xl_00887,test,1,0.07428445,0
stable_diffusion_xl_00888,test,1,0.35025713,1
stable_diffusion_xl_00889,test,1,0.36929628,0
stable_diffusion_xl_00890,test,1,0.35025713,1
stable_diffusion_xl_00891,test,1,0.35025713,1
stable_diffusion_xl_00892,test,1,0.35025713,1
stable_diffusion_xl_00893,test,1,0.35025713,1
stable_diffusion_xl_00894,test,1,0.35025713,1
stable_diffusion_xl_00895,test,1,0.35025713,1
stable_diffusion_xl_00896,test,1,0.35025713,1
stable_diffusion_xl_00897,test,1,0.35025713,1
stable_diffusion_xl_00898,test,1,0.16032243,0
stable_diffusion_xl_00899,test,1,0.12656055,0
stable_diffusion_xl_00900,test,1,0.35025713,1
stable_diffusion_xl_00901,test,1,0.9907189,0
stable_diffusion_xl_00902,test,1,0.66901886,0
stable_diffusion_xl_00903,test,1,0.35025713,1
stable_diffusion_xl_00904,test,1,0.07303594,0
stable_diffusion_xl_00905,test,1,0.35025713,1
stable_diffusion_xl_00906,test,1,0.6404762,0
stable_diffusion_xl_00907,test,1,0.35025713,1
stable_diffusion_xl_00908,test,1,0.22987351,0
stable_diffusion_xl_00909,test,1,0.08926866,0
stable_diffusion_xl_00910,test,1,0.79568285,0
stable_diffusion_xl_00911,test,1,0.45970342,0
stable_diffusion_xl_00912,test,1,0.6542936,0
stable_diffusion_xl_00913,test,1,0.010003989,0
stable_diffusion_xl_00914,test,1,0.35025713,1
stable_diffusion_xl_00915,test,1,0.5355995,0
stable_diffusion_xl_00916,test,1,0.35025713,1
stable_diffusion_xl_00917,test,1,0.052153844,0
stable_diffusion_xl_00918,test,1,0.35025713,1
stable_diffusion_xl_00919,test,1,0.35025713,1
stable_diffusion_xl_00920,test,1,0.35025713,1
stable_diffusion_xl_00921,test,1,0.35025713,1
stable_diffusion_xl_00922,test,1,0.35025713,1
stable_diffusion_xl_00923,test,1,0.2363081,0
stable_diffusion_xl_00924,test,1,0.79026043,0
stable_diffusion_xl_00925,test,1,0.68190956,0
stable_diffusion_xl_00926,test,1,0.35025713,1
stable_diffusion_xl_00927,test,1,0.9048654,0
stable_diffusion_xl_00928,test,1,0.000985333,0
stable_diffusion_xl_00929,test,1,0.35025713,1
stable_diffusion_xl_00930,test,1,0.35025713,1
stable_diffusion_xl_00931,test,1,0.30122164,0
stable_diffusion_xl_00932,test,1,0.35025713,1
stable_diffusion_xl_00933,test,1,0.35025713,1
stable_diffusion_xl_00934,test,1,0.35025713,1
stable_diffusion_xl_00935,test,1,0.99891305,0
stable_diffusion_xl_00936,test,1,0.06227947,0
stable_diffusion_xl_00937,test,1,0.35025713,1
stable_diffusion_xl_00938,test,1,0.2604279,0
stable_diffusion_xl_00939,test,1,0.35025713,1
stable_diffusion_xl_00940,test,1,0.05753001,0
stable_diffusion_xl_00941,test,1,0.35025713,1
stable_diffusion_xl_00942,test,1,0.29028568,0
stable_diffusion_xl_00943,test,1,0.14735235,0
stable_diffusion_xl_00944,test,1,0.38305396,0
stable_diffusion_xl_00945,test,1,0.35025713,1
stable_diffusion_xl_00946,test,1,0.7405173,0
stable_diffusion_xl_00947,test,1,0.35025713,1
stable_diffusion_xl_00948,test,1,0.35025713,1
stable_diffusion_xl_00949,test,1,0.68443877,0
stable_diffusion_xl_00950,test,1,0.35025713,1
stable_diffusion_xl_00951,test,1,0.35025713,1
stable_diffusion_xl_00952,test,1,0.35025713,1
stable_diffusion_xl_00953,test,1,0.35025713,1
stable_diffusion_xl_00954,test,1,0.34522945,0
stable_diffusion_xl_00955,test,1,0.24275887,0
stable_diffusion_xl_00956,test,1,0.35025713,1
stable_diffusion_xl_00957,test,1,0.5263902,0
stable_diffusion_xl_00958,test,1,0.35025713,1
stable_diffusion_xl_00959,test,1,0.35025713,1
stable_diffusion_xl_00960,test,1,0.0021717048,0
stable_diffusion_xl_00961,test,1,0.64883006,0
stable_diffusion_xl_00962,test,1,0.35025713,1
stable_diffusion_xl_00963,test,1,0.35025713,1
stable_diffusion_xl_00964,test,1,0.35025713,1
stable_diffusion_xl_00965,test,1,0.35025713,1
stable_diffusion_xl_00966,test,1,0.35025713,1
stable_diffusion_xl_00967,test,1,0.35025713,1
stable_diffusion_xl_00968,test,1,0.20442855,0
stable_diffusion_xl_00969,test,1,0.24223469,0
stable_diffusion_xl_00970,test,1,0.011012627,0
stable_diffusion_xl_00971,test,1,0.35025713,1
stable_diffusion_xl_00972,test,1,0.00738554,0
stable_diffusion_xl_00973,test,1,0.35025713,1
stable_diffusion_xl_00974,test,1,0.43850958,0
stable_diffusion_xl_00975,test,1,0.35025713,1
stable_diffusion_xl_00976,test,1,0.35025713,1
stable_diffusion_xl_00977,test,1,0.068959035,0
stable_diffusion_xl_00978,test,1,0.18647438,0
stable_diffusion_xl_00979,test,1,0.22897175,0
stable_diffusion_xl_00980,test,1,0.31718814,0
stable_diffusion_xl_00981,test,1,0.5145769,0
stable_diffusion_xl_00982,test,1,0.35025713,1
stable_diffusion_xl_00983,test,1,0.35025713,1
stable_diffusion_xl_00984,test,1,0.35025713,1
stable_diffusion_xl_00985,test,1,0.42368513,0
stable_diffusion_xl_00986,test,1,0.63096946,0
stable_diffusion_xl_00987,test,1,0.35025713,1
stable_diffusion_xl_00988,test,1,0.30145395,0
stable_diffusion_xl_00989,test,1,0.35025713,1
stable_diffusion_xl_00990,test,1,0.35025713,1
stable_diffusion_xl_00991,test,1,0.35025713,1
stable_diffusion_xl_00992,test,1,0.35025713,1
stable_diffusion_xl_00993,test,1,0.35025713,1
stable_diffusion_xl_00994,test,1,0.704357,0
stable_diffusion_xl_00995,test,1,0.35025713,1
stable_diffusion_xl_00996,test,1,0.35025713,1
stable_diffusion_xl_00997,test,1,0.8045226,0
stable_diffusion_xl_00998,test,1,0.35025713,1
stable_diffusion_xl_00999,test,1,0.04464195,0
coco_000010,test,0,0.18143867,0
coco_000022,test,0,0.35025713,1
coco_000023,test,0,0.5328075,0
coco_000027,test,0,0.35025713,1
coco_000033,test,0,0.25403026,0
coco_000046,test,0,0.35025713,1
coco_000052,test,0,0.35025713,1
coco_000053,test,0,0.12155018,0
coco_000055,test,0,0.35025713,1
coco_000060,test,0,0.124675505,0
coco_000061,test,0,0.35025713,1
coco_000062,test,0,0.10857784,0
coco_000079,test,0,0.45800933,0
coco_000081,test,0,0.07225424,0
coco_000083,test,0,0.35025713,1
coco_000085,test,0,0.95507747,0
coco_000095,test,0,0.0062048696,0
coco_000164,test,0,0.35025713,1
coco_000180,test,0,0.26195312,0
coco_000184,test,0,0.35025713,1
coco_000199,test,0,0.021414699,0
coco_000201,test,0,0.06589593,0
coco_000204,test,0,0.35025713,1
coco_000222,test,0,0.35025713,1
coco_000227,test,0,0.35025713,1
coco_000262,test,0,0.39703387,0
coco_000269,test,0,0.053202607,0
coco_000271,test,0,0.04855129,0
coco_000277,test,0,0.16127822,0
coco_000279,test,0,0.16862993,0
coco_000288,test,0,0.0005452319,0
coco_000297,test,0,0.022416309,0
coco_000300,test,0,0.35025713,1
coco_000315,test,0,0.007402488,0
coco_000345,test,0,0.5678363,0
coco_000347,test,0,0.35025713,1
coco_000358,test,0,0.41410542,0
coco_000378,test,0,0.35025713,1
coco_000380,test,0,0.034923177,0
coco_000389,test,0,0.84073406,0
coco_000390,test,0,0.931607,0
coco_000397,test,0,0.0046928786,0
coco_000410,test,0,0.035246305,0
coco_000432,test,0,0.35025713,1
coco_000450,test,0,0.08114303,0
coco_000460,test,0,0.00171297,0
coco_000471,test,0,0.13006909,0
coco_000474,test,0,0.68900806,0
coco_000484,test,0,0.9228689,0
coco_000489,test,0,0.07964654,0
coco_000491,test,0,0.35025713,1
coco_000528,test,0,0.35025713,1
coco_000553,test,0,0.46622384,0
coco_000566,test,0,0.025777703,0
coco_000568,test,0,0.35025713,1
coco_000576,test,0,0.09312318,0
coco_000577,test,0,0.0985745,0
coco_000584,test,0,0.01665893,0
coco_000588,test,0,0.35025713,1
coco_000598,test,0,0.00082948804,0
coco_000599,test,0,0.028922316,0
coco_000605,test,0,0.8125073,0
coco_000607,test,0,0.06305778,0
coco_000620,test,0,0.16779159,0
coco_000627,test,0,0.1722961,0
coco_000646,test,0,0.009850335,0
coco_000675,test,0,0.6602791,0
coco_000707,test,0,0.20657387,0
coco_000717,test,0,0.43554658,0
coco_000726,test,0,0.35025713,1
coco_000736,test,0,0.35025713,1
coco_000744,test,0,0.35025713,1
coco_000749,test,0,0.35025713,1
coco_000750,test,0,0.28433394,0
coco_000753,test,0,0.35025713,1
coco_000758,test,0,0.35025713,1
coco_000764,test,0,0.35025713,1
coco_000781,test,0,0.19503315,0
coco_000796,test,0,0.0038483304,0
coco_000801,test,0,0.42338264,0
coco_000808,test,0,0.04312535,0
coco_000824,test,0,0.10903489,0
coco_000856,test,0,0.35025713,1
coco_000861,test,0,0.12077014,0
coco_000872,test,0,0.35025713,1
coco_000873,test,0,0.8323675,0
coco_000878,test,0,0.23518766,0
coco_000887,test,0,0.35025713,1
coco_000899,test,0,0.11008129,0
coco_000914,test,0,0.033892687,0
coco_000916,test,0,0.35025713,1
coco_000924,test,0,0.023199448,0
coco_000942,test,0,0.35025713,1
coco_000946,test,0,0.07474338,0
coco_000953,test,0,0.35025713,1
coco_000958,test,0,0.35025713,1
coco_000970,test,0,0.009817565,0
coco_000977,test,0,0.35025713,1
coco_000981,test,0,0.6129045,0
coco_000984,test,0,0.35025713,1
coco_000991,test,0,0.04558413,0
coco_001015,test,0,0.35025713,1
coco_001037,test,0,0.35025713,1
coco_001042,test,0,0.885466,0
coco_001049,test,0,0.20408648,0
coco_001057,test,0,0.35025713,1
coco_001068,test,0,0.35025713,1
coco_001073,test,0,0.35025713,1
coco_001079,test,0,0.46734643,0
coco_001080,test,0,0.019255532,0
coco_001090,test,0,0.06422212,0
coco_001101,test,0,0.33190194,0
coco_001110,test,0,0.534398,0
coco_001117,test,0,0.35025713,1
coco_001159,test,0,0.044195257,0
coco_001172,test,0,0.014445748,0
coco_001182,test,0,0.8242545,0
coco_001193,test,0,0.07940116,0
coco_001197,test,0,0.7517094,0
coco_001201,test,0,0.42831948,0
coco_001202,test,0,0.9520919,0
coco_001237,test,0,0.24000944,0
coco_001240,test,0,0.29143265,0
coco_001252,test,0,0.5801712,0
coco_001272,test,0,0.11111964,0
coco_001288,test,0,0.2589911,0
coco_001290,test,0,0.35025713,1
coco_001292,test,0,0.060677543,0
coco_001298,test,0,0.10995146,0
coco_001301,test,0,0.029650008,0
coco_001313,test,0,0.048241027,0
coco_001322,test,0,0.35025713,1
coco_001326,test,0,0.4318771,0
coco_001331,test,0,0.35025713,1
coco_001337,test,0,0.7879952,0
coco_001344,test,0,0.009803326,0
coco_001350,test,0,0.84814495,0
coco_001371,test,0,0.29195058,0
coco_001390,test,0,0.9844429,0
coco_001393,test,0,0.35025713,1
coco_001398,test,0,0.011771539,0
coco_001404,test,0,0.43493372,0
coco_001410,test,0,0.5000009,0
coco_001424,test,0,0.4126007,0
coco_001426,test,0,0.35025713,1
coco_001453,test,0,0.35025713,1
coco_001471,test,0,0.35025713,1
coco_001487,test,0,0.3767817,0
coco_001488,test,0,0.069857165,0
coco_001499,test,0,0.9475048,0
coco_001500,test,0,0.6757152,0
coco_001508,test,0,0.35025713,1
coco_001510,test,0,0.35025713,1
coco_001523,test,0,0.35025713,1
coco_001530,test,0,0.35025713,1
coco_001532,test,0,0.09169647,0
coco_001544,test,0,0.4588996,0
coco_001562,test,0,0.01760134,0
coco_001564,test,0,0.8301671,0
coco_001577,test,0,0.2326014,0
coco_001579,test,0,0.35025713,1
coco_001588,test,0,0.037064217,0
coco_001595,test,0,0.024092512,0
coco_001608,test,0,0.10606853,0
coco_001628,test,0,0.4378334,0
coco_001630,test,0,0.5388331,0
coco_001631,test,0,0.17896685,0
coco_001637,test,0,0.0019367058,0
coco_001640,test,0,0.0021923669,0
coco_001655,test,0,0.35025713,1
coco_001661,test,0,0.35025713,1
coco_001669,test,0,0.021175154,0
coco_001709,test,0,0.003977958,0
coco_001710,test,0,0.1294886,0
coco_001722,test,0,0.05591019,0
coco_001731,test,0,0.038770374,0
coco_001735,test,0,0.35025713,1
coco_001740,test,0,0.6937738,0
coco_001749,test,0,0.35025713,1
coco_001752,test,0,0.35025713,1
coco_001780,test,0,0.35025713,1
coco_001788,test,0,0.8491816,0
coco_001790,test,0,0.0057526235,0
coco_001800,test,0,0.35025713,1
coco_001815,test,0,0.11137218,0
coco_001824,test,0,0.05233355,0
coco_001825,test,0,0.35025713,1
coco_001833,test,0,0.7978633,0
coco_001836,test,0,0.27278116,0
coco_001845,test,0,0.3642407,0
coco_001858,test,0,0.03977349,0
coco_001861,test,0,0.35025713,1
coco_001870,test,0,0.084213294,0
coco_001871,test,0,0.23777612,0
coco_001885,test,0,0.08510274,0
coco_001886,test,0,0.38017094,0
coco_001897,test,0,0.0026225895,0
coco_001898,test,0,0.35025713,1
coco_001902,test,0,0.35025713,1
coco_001906,test,0,0.35025713,1
coco_001908,test,0,0.888546,0
coco_001928,test,0,0.029862536,0
coco_001937,test,0,0.35025713,1
coco_001952,test,0,0.35025713,1
coco_001954,test,0,0.026599059,0
coco_001959,test,0,0.35025713,1
coco_001968,test,0,0.3506321,0
coco_001971,test,0,0.16366181,0
coco_001990,test,0,0.35025713,1
coco_001994,test,0,0.31730804,0
coco_002009,test,0,0.48447463,0
coco_002028,test,0,0.68269914,0
coco_002058,test,0,0.35025713,1
coco_002066,test,0,0.35025713,1
coco_002067,test,0,0.20907891,0
coco_002075,test,0,0.7812632,0
coco_002081,test,0,0.35025713,1
coco_002111,test,0,0.072785296,0
coco_002117,test,0,0.9508183,0
coco_002119,test,0,0.35025713,1
coco_002130,test,0,0.35025713,1
coco_002131,test,0,0.9624786,0
coco_002138,test,0,0.42059025,0
coco_002141,test,0,0.48496082,0
coco_002152,test,0,0.35025713,1
coco_002153,test,0,0.0030151173,0
coco_002157,test,0,0.29445875,0
coco_002188,test,0,0.44078806,0
coco_002192,test,0,0.79606694,0
coco_002230,test,0,0.09297863,0
coco_002235,test,0,0.2961401,0
coco_002241,test,0,0.006093125,0
coco_002245,test,0,0.51183057,0
coco_002250,test,0,0.35025713,1
coco_002252,test,0,0.1525722,0
coco_002258,test,0,0.33750132,0
coco_002268,test,0,0.35025713,1
coco_002269,test,0,0.00088057056,0
coco_002275,test,0,0.89277416,0
coco_002276,test,0,0.20768294,0
coco_002314,test,0,0.35025713,1
coco_002315,test,0,0.31211692,0
coco_002328,test,0,0.9894338,0
coco_002334,test,0,0.118693665,0
coco_002344,test,0,0.096849956,0
coco_002355,test,0,0.344677,0
coco_002360,test,0,0.32903004,0
coco_002361,test,0,0.35025713,1
coco_002371,test,0,0.024127612,0
coco_002378,test,0,0.35025713,1
coco_002389,test,0,0.35025713,1
coco_002396,test,0,0.0052051167,0
coco_002401,test,0,0.35025713,1
coco_002406,test,0,0.2031166,0
coco_002407,test,0,0.026134893,0
coco_002423,test,0,0.17833076,0
coco_002430,test,0,0.0065782564,0
coco_002440,test,0,0.35025713,1
coco_002457,test,0,0.35025713,1
coco_002489,test,0,0.35025713,1
coco_002493,test,0,0.35025713,1
coco_002494,test,0,0.2517075,0
coco_002499,test,0,0.6397699,0
coco_002523,test,0,0.35025713,1
coco_002541,test,0,0.35025713,1
coco_002545,test,0,0.055213142,0
coco_002552,test,0,0.084476314,0
coco_002560,test,0,0.17988856,0
coco_002577,test,0,0.0021760322,0
coco_002582,test,0,0.025452903,0
coco_002585,test,0,0.35025713,1
coco_002588,test,0,0.35025713,1
coco_002591,test,0,0.076128654,0
coco_002607,test,0,0.0005898763,0
coco_002608,test,0,0.8556742,0
coco_002612,test,0,0.69912374,0
coco_002620,test,0,0.60536665,0
coco_002626,test,0,0.35025713,1
coco_002648,test,0,0.35025713,1
coco_002666,test,0,0.31121486,0
coco_002672,test,0,0.78093916,0
coco_002685,test,0,0.35025713,1
coco_002688,test,0,0.029431332,0
coco_002706,test,0,0.114774086,0
coco_002743,test,0,0.6034327,0
coco_002744,test,0,0.60061896,0
coco_002754,test,0,0.13102832,0
coco_002776,test,0,0.35025713,1
coco_002778,test,0,0.017610872,0
coco_002779,test,0,0.35025713,1
coco_002792,test,0,0.0059658373,0
coco_002800,test,0,0.14117336,0
coco_002808,test,0,0.35025713,1
coco_002810,test,0,0.35025713,1
coco_002817,test,0,0.23768128,0
coco_002833,test,0,0.35025713,1
coco_002860,test,0,0.024204914,0
coco_002863,test,0,0.31127846,0
coco_002873,test,0,0.07347633,0
coco_002894,test,0,0.06525246,0
coco_002909,test,0,0.28011435,0
coco_002915,test,0,0.47974488,0
coco_002923,test,0,0.53469676,0
coco_002927,test,0,0.59491414,0
coco_002941,test,0,0.35025713,1
coco_002942,test,0,0.67492914,0
coco_002944,test,0,0.7409071,0
coco_002946,test,0,0.10271787,0
coco_002948,test,0,0.018736867,0
coco_002958,test,0,0.00038535797,0
coco_002960,test,0,0.9081911,0
coco_002962,test,0,0.003280085,0
coco_002966,test,0,0.7350915,0
coco_002971,test,0,0.011361089,0
coco_002986,test,0,0.28184623,1
coco_002990,test,0,0.81897795,0
coco_003001,test,0,0.629604,0
coco_003025,test,0,0.35025713,1
coco_003036,test,0,0.35025713,1
coco_003037,test,0,0.35025713,1
coco_003056,test,0,0.35025713,1
coco_003063,test,0,0.022097927,0
coco_003076,test,0,0.35025713,1
coco_003087,test,0,0.029655673,0
coco_003095,test,0,0.18931939,0
coco_003098,test,0,0.35025713,1
coco_003099,test,0,0.35025713,1
coco_003114,test,0,0.5354587,0
coco_003125,test,0,0.7344082,0
coco_003129,test,0,0.35025713,1
coco_003141,test,0,0.35025713,1
coco_003142,test,0,0.35025713,1
coco_003148,test,0,0.5355181,0
coco_003154,test,0,0.35025713,1
coco_003156,test,0,0.48551056,0
coco_003172,test,0,0.45817855,0
coco_003185,test,0,0.35025713,1
coco_003229,test,0,0.35025713,1
coco_003236,test,0,0.66281337,0
coco_003238,test,0,0.06522362,0
coco_003241,test,0,0.33728462,0
coco_003244,test,0,0.35025713,1
coco_003279,test,0,0.14335476,0
coco_003285,test,0,0.35025713,1
coco_003288,test,0,0.35025713,1
coco_003290,test,0,0.5506917,0
coco_003313,test,0,0.08763389,0
coco_003331,test,0,0.07655186,0
coco_003351,test,0,0.35025713,1
coco_003378,test,0,0.001021723,0
coco_003383,test,0,0.14793362,0
coco_003401,test,0,0.7053464,0
coco_003419,test,0,0.15860273,0
coco_003428,test,0,0.009710155,0
coco_003439,test,0,0.026648918,0
coco_003443,test,0,0.34677568,0
coco_003485,test,0,0.103054,0
coco_003494,test,0,0.25251722,0
coco_003496,test,0,0.35025713,1
coco_003497,test,0,0.016274277,0
coco_003514,test,0,0.9325328,0
coco_003523,test,0,0.80199647,0
coco_003528,test,0,0.35025713,1
coco_003543,test,0,0.42853644,0
coco_003553,test,0,0.35025713,1
coco_003555,test,0,0.35362625,0
coco_003566,test,0,0.033435263,0
coco_003573,test,0,0.35025713,1
coco_003575,test,0,0.35025713,1
coco_003584,test,0,0.05459135,0
coco_003606,test,0,0.029119296,0
coco_003617,test,0,0.35025713,1
coco_003621,test,0,0.041509487,0
coco_003622,test,0,0.35025713,1
coco_003655,test,0,0.00039968567,0
coco_003657,test,0,0.6766498,0
coco_003662,test,0,0.24184431,0
coco_003680,test,0,0.2498821,0
coco_003689,test,0,0.8340437,0
coco_003690,test,0,0.07875151,0
coco_003700,test,0,0.042040154,0
coco_003702,test,0,0.09746449,0
coco_003710,test,0,0.6204828,0
coco_003722,test,0,0.35025713,1
coco_003725,test,0,0.561396,0
coco_003734,test,0,0.35025713,1
coco_003737,test,0,0.6531499,0
coco_003742,test,0,0.27071166,0
coco_003778,test,0,0.05958292,0
coco_003786,test,0,0.047440305,0
coco_003796,test,0,0.06363224,0
coco_003807,test,0,0.38760492,0
coco_003816,test,0,0.14893302,0
coco_003818,test,0,0.4339073,0
coco_003824,test,0,0.119678125,0
coco_003844,test,0,0.09302678,0
coco_003849,test,0,0.40529224,0
coco_003860,test,0,0.35025713,1
coco_003866,test,0,0.10350492,0
coco_003871,test,0,0.4802881,0
coco_003874,test,0,0.35025713,1
coco_003887,test,0,0.35025713,1
coco_003888,test,0,0.44761336,0
coco_003894,test,0,0.043386158,0
coco_003897,test,0,0.35025713,1
coco_003901,test,0,0.35025713,1
coco_003902,test,0,0.0591505,0
coco_003918,test,0,0.08747663,0
coco_003919,test,0,0.35025713,1
coco_003949,test,0,0.35025713,1
coco_003954,test,0,0.35025713,1
coco_003969,test,0,0.35025713,1
coco_003986,test,0,0.0120557565,0
coco_003990,test,0,0.0068601375,0
coco_004022,test,0,0.0028085234,0
coco_004030,test,0,0.35025713,1
coco_004035,test,0,0.34891182,0
coco_004042,test,0,0.35025713,1
coco_004046,test,0,0.06221623,0
coco_004053,test,0,0.022819025,0
coco_004055,test,0,0.8048976,0
coco_004081,test,0,0.018789183,0
coco_004084,test,0,0.11793904,0
coco_004089,test,0,0.28072146,0
coco_004103,test,0,0.35025713,1
coco_004105,test,0,0.35025713,1
coco_004111,test,0,0.043872863,0
coco_004115,test,0,0.35025713,1
coco_004137,test,0,0.35025713,1
coco_004145,test,0,0.117648646,0
coco_004154,test,0,0.61856914,0
coco_004157,test,0,0.4178035,0
coco_004159,test,0,0.35025713,1
coco_004163,test,0,0.35025713,1
coco_004185,test,0,0.4926867,0
coco_004188,test,0,0.35025713,1
coco_004211,test,0,0.006495552,0
coco_004222,test,0,0.2765355,0
coco_004224,test,0,0.00027620266,0
coco_004233,test,0,0.6561554,0
coco_004235,test,0,0.35025713,1
coco_004238,test,0,0.35025713,1
coco_004240,test,0,0.3940342,0
coco_004266,test,0,0.004034374,0
coco_004275,test,0,0.9544142,0
coco_004284,test,0,0.68901503,0
coco_004294,test,0,0.98403764,0
coco_004299,test,0,0.26072797,0
coco_004315,test,0,0.9903341,0
coco_004324,test,0,0.16227205,0
coco_004341,test,0,0.7887495,0
coco_004343,test,0,0.049025506,0
coco_004347,test,0,0.06833659,0
coco_004374,test,0,0.35025713,1
coco_004376,test,0,0.027185861,0
coco_004387,test,0,0.35025713,1
coco_004395,test,0,0.57503945,0
coco_004401,test,0,0.35025713,1
coco_004403,test,0,0.045976955,0
coco_004405,test,0,0.017324641,0
coco_004410,test,0,0.35025713,1
coco_004411,test,0,0.95562553,0
coco_004412,test,0,0.013771292,0
coco_004415,test,0,0.003497253,0
coco_004425,test,0,0.0012957797,0
coco_004452,test,0,0.00010836727,0
coco_004458,test,0,0.35025713,1
coco_004459,test,0,0.10252945,0
coco_004460,test,0,0.103455685,0
coco_004462,test,0,0.11339281,0
coco_004465,test,0,0.35025713,1
coco_004468,test,0,0.017487882,0
coco_004487,test,0,0.72110796,0
coco_004488,test,0,0.26753297,0
coco_004492,test,0,0.16092606,0
coco_004495,test,0,0.0042490936,0
coco_004508,test,0,0.36835155,0
coco_004517,test,0,0.010941027,0
coco_004528,test,0,0.87155145,0
coco_004532,test,0,0.30455014,0
coco_004558,test,0,0.19319275,0
coco_004563,test,0,0.35025713,1
coco_004571,test,0,0.14508346,0
coco_004604,test,0,0.35025713,1
coco_004629,test,0,0.17269753,0
coco_004630,test,0,0.35025713,1
coco_004645,test,0,0.35025713,1
coco_004668,test,0,0.09575013,0
coco_004672,test,0,0.07401035,0
coco_004678,test,0,0.16959134,0
coco_004709,test,0,0.35025713,1
coco_004722,test,0,0.3295032,0
coco_004725,test,0,0.35025713,1
coco_004726,test,0,0.020413125,0
coco_004729,test,0,0.35025713,1
coco_004731,test,0,0.35025713,1
coco_004762,test,0,0.35025713,1
coco_004765,test,0,0.016624736,0
coco_004777,test,0,0.35025713,1
coco_004783,test,0,0.35025713,1
coco_004788,test,0,0.9674178,0
coco_004799,test,0,0.35025713,1
coco_004802,test,0,0.33039212,0
coco_004825,test,0,0.8855037,0
coco_004831,test,0,0.29222238,0
coco_004841,test,0,0.1554103,0
coco_004842,test,0,0.0053075966,0
coco_004854,test,0,0.0015366671,0
coco_004869,test,0,0.35025713,1
coco_004874,test,0,0.009212282,0
coco_004881,test,0,0.111888975,0
coco_004894,test,0,0.35025713,1
coco_004911,test,0,0.5135405,0
coco_004920,test,0,0.107620336,0
coco_004921,test,0,0.117695816,0
coco_004922,test,0,0.35025713,1
coco_004923,test,0,0.55132145,0
coco_004928,test,0,0.35025713,1
coco_004953,test,0,0.35025713,1
coco_004957,test,0,0.30416772,0
coco_004970,test,0,0.23271504,0
coco_004982,test,0,0.6332845,0
coco_004999,test,0,0.026062356,0
coco_005000,test,0,0.35025713,1
coco_005003,test,0,0.35025713,1
coco_005008,test,0,0.35025713,1
coco_005010,test,0,0.5430199,0
coco_005014,test,0,0.75631243,0
coco_005017,test,0,0.62588334,0
coco_005024,test,0,0.60836047,0
coco_005028,test,0,0.004763605,0
coco_005035,test,0,0.6561018,0
coco_005042,test,0,0.35025713,1
coco_005062,test,0,0.5974846,0
coco_005069,test,0,0.082027495,0
coco_005073,test,0,0.35025713,1
coco_005077,test,0,0.35025713,1
coco_005090,test,0,0.35025713,1
coco_005103,test,0,0.26546884,0
coco_005114,test,0,0.39204064,0
coco_005116,test,0,0.1690583,0
coco_005118,test,0,0.055341758,1
coco_005123,test,0,0.35025713,1
coco_005134,test,0,0.026665216,0
coco_005146,test,0,0.35025713,1
coco_005157,test,0,0.047952563,0
coco_005170,test,0,0.35025713,1
coco_005191,test,0,0.024371926,0
coco_005216,test,0,0.35025713,1
coco_005246,test,0,0.08851155,0
coco_005262,test,0,0.06696277,0
coco_005279,test,0,0.35025713,1
coco_005287,test,0,0.013104649,0
coco_005291,test,0,0.0055715973,0
coco_005315,test,0,0.2911108,0
coco_005327,test,0,0.35025713,1
coco_005348,test,0,0.5041206,0
coco_005349,test,0,0.9544131,0
coco_005350,test,0,0.45854437,0
coco_005358,test,0,0.35025713,1
coco_005361,test,0,0.35025713,1
coco_005363,test,0,0.35025713,1
coco_005370,test,0,0.44240236,0
coco_005375,test,0,0.35025713,1
coco_005387,test,0,0.8218455,0
coco_005411,test,0,0.35025713,1
coco_005412,test,0,0.9448647,0
coco_005427,test,0,0.37767002,0
coco_005447,test,0,0.30813947,0
coco_005458,test,0,0.055869944,0
coco_005460,test,0,0.96943057,0
coco_005463,test,0,0.35025713,1
coco_005464,test,0,0.35025713,1
coco_005471,test,0,0.7658894,0
coco_005484,test,0,0.09771936,0
coco_005495,test,0,0.30831024,0
coco_005496,test,0,0.08965103,0
coco_005499,test,0,0.35025713,1
coco_005510,test,0,0.35025713,1
coco_005519,test,0,0.030376483,0
coco_005544,test,0,0.6907557,0
coco_005561,test,0,0.35025713,1
coco_005593,test,0,0.0073680608,0
coco_005596,test,0,0.07374638,0
coco_005601,test,0,0.35025713,1
coco_005614,test,0,0.9728572,0
coco_005616,test,0,0.35025713,1
coco_005620,test,0,0.35025713,1
coco_005626,test,0,0.9265427,0
coco_005629,test,0,0.59668815,0
coco_005638,test,0,0.100398794,0
coco_005640,test,0,0.65440303,0
coco_005645,test,0,0.34004316,0
coco_005646,test,0,0.35025713,1
coco_005649,test,0,0.12888236,0
coco_005656,test,0,0.90439993,0
coco_005661,test,0,0.086152524,0
coco_005676,test,0,0.5336689,0
coco_005681,test,0,0.35301775,0
coco_005691,test,0,0.004159598,0
coco_005692,test,0,0.25448078,0
coco_005698,test,0,0.35025713,1
coco_005709,test,0,0.018629676,0
coco_005721,test,0,0.35025713,1
coco_005726,test,0,0.16817957,0
coco_005737,test,0,0.39394486,0
coco_005739,test,0,0.45721677,0
coco_005740,test,0,0.049474735,0
coco_005743,test,0,0.18256086,0
coco_005763,test,0,0.7024572,0
coco_005764,test,0,0.04668929,0
coco_005768,test,0,0.11064103,0
coco_005777,test,0,0.10564052,0
coco_005780,test,0,0.03268809,0
coco_005787,test,0,0.9617861,0
coco_005792,test,0,0.002279046,0
coco_005793,test,0,0.54336375,0
coco_005796,test,0,0.576344,0
coco_005799,test,0,0.6335713,0
coco_005820,test,0,0.14660507,0
coco_005822,test,0,0.06348694,0
coco_005828,test,0,0.35025713,1
coco_005831,test,0,0.35025713,1
coco_005842,test,0,0.00030201048,0
coco_005846,test,0,0.011908086,0
coco_005849,test,0,0.55510914,0
coco_005860,test,0,0.35025713,1
coco_005861,test,0,0.35025713,1
coco_005867,test,0,0.7143007,0
coco_005892,test,0,0.44086245,0
coco_005898,test,0,0.008575434,0
coco_005912,test,0,0.35025713,1
coco_005916,test,0,0.35025713,1
coco_005949,test,0,0.047312666,0
coco_005952,test,0,0.12806809,0
coco_005972,test,0,0.35025713,1
coco_005992,test,0,0.016243443,0
coco_006009,test,0,0.016025372,0
coco_006030,test,0,0.35025713,1
coco_006038,test,0,0.35025713,1
coco_006044,test,0,0.3897849,0
coco_006045,test,0,0.35025713,1
coco_006046,test,0,0.35025713,1
coco_006050,test,0,0.018567309,0
coco_006088,test,0,0.0031559067,0
coco_006090,test,0,0.39172623,0
coco_006092,test,0,0.08440729,0
coco_006094,test,0,0.0010396737,0
coco_006096,test,0,0.35025713,1
coco_006107,test,0,0.35025713,1
coco_006116,test,0,0.32498848,0
coco_006126,test,0,0.2706904,0
coco_006129,test,0,0.35025713,1
coco_006140,test,0,0.7001338,0
coco_006146,test,0,0.9877095,0
coco_006147,test,0,0.6846727,0
coco_006151,test,0,0.025748566,0
coco_006159,test,0,0.6822674,0
coco_006179,test,0,0.5166423,0
coco_006180,test,0,0.116015434,0
coco_006181,test,0,0.6546283,0
coco_006190,test,0,0.0006320158,0
coco_006218,test,0,0.2376707,0
coco_006232,test,0,0.30940878,0
coco_006234,test,0,0.35025713,1
coco_006237,test,0,0.35025713,1
coco_006244,test,0,0.6409949,0
coco_006259,test,0,0.36203238,0
coco_006277,test,0,0.64245075,0
coco_006284,test,0,0.9637101,0
coco_006287,test,0,0.35025713,1
coco_006301,test,0,0.031251732,0
coco_006306,test,0,0.35025713,1
coco_006307,test,0,0.5648087,0
coco_006325,test,0,0.22640984,0
coco_006333,test,0,0.11721367,0
coco_006346,test,0,0.07454741,0
coco_006354,test,0,0.15316485,0
coco_006370,test,0,0.048647918,0
coco_006380,test,0,0.32286292,0
coco_006384,test,0,0.2814675,0
coco_006391,test,0,0.05145876,0
coco_006395,test,0,0.38175318,0
coco_006409,test,0,0.8655142,0
coco_006418,test,0,0.35025713,1
coco_006421,test,0,0.35025713,1
coco_006427,test,0,0.35025713,1
coco_006434,test,0,0.07249936,0
coco_006436,test,0,0.75436753,0
coco_006440,test,0,0.35025713,1
coco_006455,test,0,0.56446505,0
coco_006460,test,0,0.35025713,1
coco_006461,test,0,0.5626639,0
coco_006468,test,0,0.9620352,0
coco_006476,test,0,0.19404371,0
coco_006481,test,0,0.092700854,0
coco_006495,test,0,0.035512447,0
coco_006500,test,0,0.13516894,0
coco_006505,test,0,0.06917861,0
coco_006514,test,0,0.35025713,1
coco_006529,test,0,0.15646212,0
coco_006530,test,0,0.35025713,1
coco_006551,test,0,0.35025713,1
coco_006554,test,0,0.12949279,0
coco_006557,test,0,0.4382591,0
coco_006571,test,0,0.35025713,1
coco_006576,test,0,0.6679496,0
coco_006579,test,0,0.8094142,0
coco_006580,test,0,0.16378772,0
coco_006582,test,0,0.35025713,1
coco_006586,test,0,0.35025713,1
coco_006593,test,0,0.15666813,0
coco_006594,test,0,0.027817525,0
coco_006610,test,0,0.98605657,0
coco_006635,test,0,0.3768033,0
coco_006644,test,0,0.47178546,0
coco_006655,test,0,0.01219109,0
coco_006665,test,0,0.35025713,1
coco_006668,test,0,0.24676074,0
coco_006688,test,0,0.35025713,1
coco_006689,test,0,0.23383635,0
coco_006702,test,0,0.35025713,1
coco_006712,test,0,0.03295478,0
coco_006721,test,0,0.38545302,0
coco_006726,test,0,0.3870979,0
coco_006745,test,0,0.016684337,0
coco_006746,test,0,0.3468707,0
coco_006757,test,0,0.014118052,0
coco_006768,test,0,0.4051585,0
coco_006773,test,0,0.12742959,0
coco_006777,test,0,0.020649258,0
coco_006790,test,0,0.24239682,0
coco_006792,test,0,0.41905642,0
coco_006800,test,0,0.083547555,0
coco_006813,test,0,0.25124907,0
coco_006820,test,0,0.9926577,0
coco_006829,test,0,0.8435751,0
coco_006831,test,0,0.670681,0
coco_006832,test,0,0.35025713,1
coco_006833,test,0,0.12687463,0
coco_006840,test,0,0.35025713,1
coco_006853,test,0,0.024899209,0
coco_006854,test,0,0.35025713,1
coco_006856,test,0,0.20743172,0
coco_006886,test,0,0.47289056,0
coco_006901,test,0,0.35025713,1
coco_006902,test,0,0.35025713,1
coco_006921,test,0,0.079947054,0
coco_006960,test,0,0.08725897,0
coco_006977,test,0,0.12913941,0
coco_006983,test,0,0.35025713,1
coco_006996,test,0,0.48716983,0
coco_006997,test,0,0.33664998,0
coco_007005,test,0,0.35025713,1
coco_007015,test,0,0.7210717,0
coco_007025,test,0,0.40695372,0
coco_007029,test,0,0.35025713,1
coco_007032,test,0,0.11621397,0
coco_007046,test,0,0.53846985,0
coco_007054,test,0,0.063733995,0
coco_007059,test,0,0.35025713,1
coco_007066,test,0,0.35025713,1
coco_007069,test,0,0.083733305,0
coco_007071,test,0,0.038376678,0
coco_007072,test,0,0.708126,0
coco_007091,test,0,0.01523697,0
coco_007093,test,0,0.360293,0
coco_007097,test,0,0.08527143,0
coco_007104,test,0,0.35025713,1
coco_007147,test,0,0.35025713,1
coco_007162,test,0,0.029502241,0
coco_007166,test,0,0.35025713,1
coco_007180,test,0,0.077086106,0
coco_007184,test,0,0.20796822,0
coco_007191,test,0,0.13594371,0
coco_007199,test,0,0.049945895,0
coco_007200,test,0,0.35025713,1
coco_007202,test,0,0.07233731,0
coco_007215,test,0,0.35025713,1
coco_007230,test,0,0.18866636,0
coco_007234,test,0,0.12633668,0
coco_007241,test,0,0.26276657,0
coco_007243,test,0,0.41184282,0
coco_007253,test,0,0.01862278,0
coco_007256,test,0,0.05998668,0
coco_007261,test,0,0.31073385,0
coco_007270,test,0,0.35025713,1
coco_007271,test,0,0.036187995,0
coco_007300,test,0,0.11894054,0
coco_007302,test,0,0.0035266143,0
coco_007305,test,0,0.21002385,0
coco_007338,test,0,0.35025713,1
coco_007342,test,0,0.043879163,0
coco_007356,test,0,0.58807784,0
coco_007359,test,0,0.35025713,1
coco_007364,test,0,0.0021957806,0
coco_007368,test,0,0.9920048,0
coco_007425,test,0,0.646085,0
coco_007432,test,0,0.9902046,0
coco_007446,test,0,0.078958504,0
coco_007459,test,0,0.81045157,0
coco_007467,test,0,0.014254679,0
coco_007476,test,0,0.2502186,0
coco_007478,test,0,0.3487641,0
coco_007487,test,0,0.71357757,0
coco_007512,test,0,0.89478964,0
coco_007537,test,0,0.35025713,1
coco_007548,test,0,0.012057517,0
coco_007555,test,0,0.5457835,0
coco_007593,test,0,0.35025713,1
coco_007598,test,0,0.35025713,1
coco_007606,test,0,0.35025713,1
coco_007630,test,0,0.5053524,0
coco_007645,test,0,0.35025713,1
coco_007648,test,0,0.35025713,1
coco_007651,test,0,0.10968388,0
coco_007676,test,0,0.029276883,0
coco_007684,test,0,0.01061745,0
coco_007687,test,0,0.35025713,1
coco_007695,test,0,0.013660897,0
coco_007700,test,0,0.08617458,0
coco_007702,test,0,0.044578746,0
coco_007704,test,0,0.092471786,0
coco_007719,test,0,0.35025713,1
coco_007721,test,0,0.20472662,0
coco_007725,test,0,0.18178768,0
coco_007729,test,0,0.06473193,0
coco_007737,test,0,0.47389433,0
coco_007744,test,0,0.97806805,0
coco_007754,test,0,0.19642441,0
coco_007758,test,0,0.0034190204,0
coco_007769,test,0,0.08682746,0
coco_007783,test,0,0.0048290016,0
coco_007807,test,0,0.35025713,1
coco_007819,test,0,0.66095126,0
coco_007827,test,0,0.35025713,1
coco_007833,test,0,0.01749316,0
coco_007835,test,0,0.35025713,1
coco_007843,test,0,0.5383371,0
coco_007845,test,0,0.12365052,0
coco_007847,test,0,0.35025713,1
coco_007849,test,0,0.2664985,0
coco_007850,test,0,0.35025713,1
coco_007853,test,0,0.15139548,0
coco_007866,test,0,0.35025713,1
coco_007869,test,0,0.01594187,0
coco_007870,test,0,0.4827783,0
coco_007882,test,0,0.35025713,1
coco_007891,test,0,0.35025713,1
coco_007899,test,0,0.35025713,1
coco_007904,test,0,0.35025713,1
coco_007909,test,0,0.26946497,0
coco_007917,test,0,0.66418535,0
coco_007924,test,0,0.8472978,0
coco_007927,test,0,0.35025713,1
coco_007928,test,0,0.1479368,0
coco_007937,test,0,0.07938363,0
coco_007980,test,0,0.074620284,0
coco_007985,test,0,0.0013092995,0
coco_007996,test,0,0.7253493,0
coco_008024,test,0,0.48149735,0
coco_008035,test,0,0.35025713,1
coco_008039,test,0,0.35025713,1
coco_008040,test,0,0.59507275,0
coco_008041,test,0,0.35025713,1
coco_008060,test,0,0.16255723,0
coco_008061,test,0,0.16965419,0
coco_008063,test,0,0.35025713,1
coco_008073,test,0,0.17907216,0
coco_008079,test,0,0.35025713,1
coco_008108,test,0,0.08224052,0
coco_008112,test,0,0.4445112,0
coco_008113,test,0,0.69198537,0
coco_008116,test,0,0.48545703,0
coco_008119,test,0,0.039771594,0
coco_008125,test,0,0.11767126,0
coco_008129,test,0,0.04517726,0
coco_008158,test,0,0.04724756,0
coco_008160,test,0,0.8125922,0
coco_008184,test,0,0.13889849,0
coco_008189,test,0,0.35025713,1
coco_008198,test,0,0.058942396,0
coco_008225,test,0,0.35025713,1
coco_008227,test,0,0.35025713,1
coco_008238,test,0,0.030654965,0
coco_008243,test,0,0.35025713,1
coco_008253,test,0,0.006366822,0
coco_008258,test,0,0.8323464,0
coco_008259,test,0,0.685602,0
coco_008301,test,0,0.007941119,0
coco_008302,test,0,0.58188003,0
coco_008304,test,0,0.10128993,0
coco_008310,test,0,0.24195266,0
coco_008312,test,0,0.5540336,0
coco_008333,test,0,0.27171135,0
coco_008347,test,0,0.42330065,0
coco_008352,test,0,0.85296303,0
coco_008371,test,0,0.23571219,0
coco_008374,test,0,0.0746717,0
coco_008376,test,0,0.28094462,0
coco_008379,test,0,0.7966301,0
coco_008380,test,0,0.35025713,1
coco_008386,test,0,0.35025713,1
coco_008388,test,0,0.9135289,0
coco_008395,test,0,0.69269985,0
coco_008398,test,0,0.92295104,0
coco_008407,test,0,0.0045124013,0
coco_008418,test,0,0.35025713,1
coco_008420,test,0,0.074158885,0
coco_008448,test,0,0.08573906,0
coco_008452,test,0,0.27707395,1
coco_008455,test,0,0.47455487,0
coco_008460,test,0,0.6444362,0
coco_008476,test,0,0.091243155,0
coco_008487,test,0,0.052399684,0
coco_008496,test,0,0.35025713,1
coco_008497,test,0,0.014348086,0
coco_008499,test,0,0.32659516,0
coco_008527,test,0,0.17665382,0
coco_008534,test,0,0.56342447,0
coco_008536,test,0,0.78463674,0
coco_008548,test,0,0.9162298,0
coco_008549,test,0,0.35025713,1
coco_008571,test,0,0.030584015,0
coco_008578,test,0,0.35898027,0
coco_008583,test,0,0.35025713,1
coco_008587,test,0,0.35025713,1
coco_008599,test,0,0.35025713,1
coco_008606,test,0,0.35025713,1
coco_008635,test,0,0.35025713,1
coco_008660,test,0,0.10425513,0
coco_008661,test,0,0.08778999,0
coco_008686,test,0,0.4041354,0
coco_008688,test,0,0.25796068,0
coco_008697,test,0,0.35025713,1
coco_008701,test,0,0.35025713,1
coco_008702,test,0,0.30024686,0
coco_008719,test,0,0.06802956,0
coco_008726,test,0,0.044851378,0
coco_008731,test,0,0.78942794,0
coco_008741,test,0,0.3756153,0
coco_008744,test,0,0.6933251,0
coco_008761,test,0,0.35025713,1
coco_008763,test,0,0.14023487,0
coco_008769,test,0,0.6574606,0
coco_008780,test,0,0.97218823,0
coco_008794,test,0,0.35025713,1
coco_008798,test,0,0.037770227,0
coco_008819,test,0,0.013173711,0
coco_008836,test,0,0.35025713,1
coco_008839,test,0,0.23319142,0
coco_008840,test,0,0.0041231574,0
coco_008850,test,0,0.25102398,0
coco_008880,test,0,0.35025713,1
coco_008881,test,0,0.96436375,0
coco_008882,test,0,0.008393477,0
coco_008908,test,0,0.9808218,0
coco_008919,test,0,0.35025713,1
coco_008924,test,0,0.94035786,0
coco_008926,test,0,0.35025713,1
coco_008928,test,0,0.15896904,0
coco_008944,test,0,0.430954,0
coco_008945,test,0,0.35025713,1
coco_008946,test,0,0.7909119,0
coco_008951,test,0,0.02019315,0
coco_008968,test,0,0.0015282953,0
coco_008972,test,0,0.35025713,1
coco_008973,test,0,0.42952186,0
coco_008981,test,0,0.35025713,1
coco_008982,test,0,0.32941964,0
coco_008991,test,0,0.081971176,0
coco_009000,test,0,0.013225846,0
coco_009003,test,0,0.35025713,1
coco_009010,test,0,0.11151678,0
coco_009025,test,0,0.35025713,1
coco_009026,test,0,0.042746443,0
coco_009032,test,0,0.6580993,0
coco_009035,test,0,0.35025713,1
coco_009040,test,0,0.07631596,0
coco_009042,test,0,0.22483999,0
coco_009051,test,0,0.11909298,0
coco_009053,test,0,0.013504399,0
coco_009060,test,0,0.35025713,1
coco_009073,test,0,0.8898603,0
coco_009079,test,0,0.26747426,0
coco_009080,test,0,0.35025713,1
coco_009089,test,0,0.06239068,0
coco_009094,test,0,0.75879943,0
coco_009106,test,0,0.10451953,0
coco_009113,test,0,0.35025713,1
coco_009128,test,0,0.043492377,0
coco_009131,test,0,0.35025713,1
coco_009137,test,0,0.09747179,0
coco_009139,test,0,0.35025713,1
coco_009144,test,0,0.14165589,0
coco_009160,test,0,0.35025713,1
coco_009168,test,0,0.35025713,1
coco_009171,test,0,0.39716604,0
coco_009173,test,0,0.035584074,0
coco_009177,test,0,0.19834372,0
coco_009179,test,0,0.35025713,1
coco_009180,test,0,0.35025713,1
coco_009185,test,0,0.42998856,0
coco_009189,test,0,0.35025713,1
coco_009191,test,0,0.7876405,0
coco_009199,test,0,0.28267068,0
coco_009203,test,0,0.64836127,0
coco_009208,test,0,0.73707676,0
coco_009227,test,0,0.35025713,1
coco_009238,test,0,0.06844531,0
coco_009257,test,0,0.35025713,1
coco_009270,test,0,0.03442533,0
coco_009278,test,0,0.02635424,0
coco_009286,test,0,0.7705901,0
coco_009294,test,0,0.4306844,0
coco_009317,test,0,0.304192,0
coco_009320,test,0,0.98044145,0
coco_009331,test,0,0.35025713,1
coco_009345,test,0,0.8770898,0
coco_009348,test,0,0.12523726,0
coco_009359,test,0,0.047328,0
coco_009361,test,0,0.28639954,0
coco_009387,test,0,0.35025713,1
coco_009408,test,0,0.35025713,1
coco_009424,test,0,0.0058428547,0
coco_009432,test,0,0.35025713,1
coco_009440,test,0,0.35025713,1
coco_009441,test,0,0.35025713,1
coco_009443,test,0,0.8148556,0
coco_009445,test,0,0.0120904315,0
coco_009446,test,0,0.35025713,1
coco_009450,test,0,0.98618406,0
coco_009467,test,0,0.35025713,1
coco_009470,test,0,0.35025713,1
coco_009488,test,0,0.35025713,1
coco_009503,test,0,0.85004413,0
coco_009512,test,0,0.07821553,0
coco_009519,test,0,0.69593984,0
coco_009528,test,0,0.22647913,1
coco_009530,test,0,0.35025713,1
coco_009532,test,0,0.101135485,0
coco_009535,test,0,0.053550106,0
coco_009539,test,0,0.35025713,1
coco_009545,test,0,0.41551507,0
coco_009569,test,0,0.28737396,0
coco_009587,test,0,0.13879432,0
coco_009611,test,0,0.38441718,0
coco_009632,test,0,0.0017039145,0
coco_009639,test,0,0.35025713,1
coco_009660,test,0,0.35025713,1
coco_009663,test,0,0.30152425,0
coco_009674,test,0,0.23979957,0
coco_009684,test,0,0.06998174,0
coco_009697,test,0,0.8797522,0
coco_009708,test,0,0.2513335,0
coco_009739,test,0,0.016690627,0
coco_009747,test,0,0.031062655,0
coco_009765,test,0,0.35025713,1
coco_009770,test,0,0.35025713,1
coco_009776,test,0,0.20287861,0
coco_009781,test,0,0.20597048,1
coco_009787,test,0,0.35025713,1
coco_009788,test,0,0.1481408,0
coco_009792,test,0,0.35025713,1
coco_009794,test,0,0.034175646,0
coco_009795,test,0,0.35025713,1
coco_009808,test,0,0.08761775,0
coco_009810,test,0,0.96458346,0
coco_009815,test,0,0.35025713,1
coco_009824,test,0,0.005586377,0
coco_009864,test,0,0.4641943,0
coco_009865,test,0,0.16347261,0
coco_009868,test,0,0.5478051,0
coco_009870,test,0,0.007829879,0
coco_009871,test,0,0.016987802,0
coco_009900,test,0,0.092760965,0
coco_009913,test,0,0.16627134,0
coco_009915,test,0,0.99990785,0
coco_009929,test,0,0.025574172,0
coco_009934,test,0,0.35025713,1
coco_009955,test,0,0.06902785,0
coco_009956,test,0,0.35025713,1
coco_009970,test,0,0.6364999,0
coco_009989,test,0,0.35025713,1
coco_009990,test,0,0.027265623,0
coco_009999,test,0,0.72433674,0
coco_010001,test,0,0.5038205,0
coco_010009,test,0,0.35025713,1
coco_010016,test,0,0.35025713,1
coco_010023,test,0,0.26363918,0
coco_010030,test,0,0.7912188,0
coco_010043,test,0,0.57904065,0
coco_010055,test,0,0.35025713,1
coco_010078,test,0,0.09450455,0
coco_010099,test,0,0.560299,0
coco_010123,test,0,0.062882066,0
coco_010125,test,0,0.121276274,0
coco_010129,test,0,0.3837228,0
coco_010148,test,0,0.22468187,0
coco_010166,test,0,0.4938653,0
coco_010182,test,0,0.25577906,0
coco_010185,test,0,0.20341568,0
coco_010189,test,0,0.35025713,1
coco_010216,test,0,0.010878757,0
coco_010217,test,0,0.047795385,0
coco_010242,test,0,0.3363447,0
coco_010249,test,0,0.0012084024,0
coco_010262,test,0,0.1727847,0
coco_010276,test,0,0.35025713,1
coco_010277,test,0,0.20813234,0
coco_010293,test,0,0.23263144,0
coco_010295,test,0,0.35025713,1
coco_010296,test,0,0.12033023,0
coco_010314,test,0,0.99511296,0
coco_010319,test,0,0.560817,0
coco_010324,test,0,0.35025713,1
coco_010345,test,0,0.22019984,0
coco_010348,test,0,0.1568565,0
coco_010362,test,0,0.6323759,0
coco_010364,test,0,0.35025713,1
coco_010366,test,0,0.9273518,0
coco_010385,test,0,0.35025713,1
coco_010393,test,0,0.38168877,0
coco_010401,test,0,0.7472265,0
coco_010411,test,0,0.22805497,0
coco_010416,test,0,0.07362122,0
coco_010417,test,0,0.012558184,0
coco_010424,test,0,0.39286852,0
coco_010429,test,0,0.35025713,1
coco_010450,test,0,0.35025713,1
coco_010471,test,0,0.35025713,1
coco_010473,test,0,0.13012885,0
coco_010482,test,0,0.35025713,1
coco_010490,test,0,0.35025713,1
coco_010495,test,0,0.9859352,0
coco_010505,test,0,0.35025713,1
coco_010506,test,0,0.35025713,1
coco_010511,test,0,0.35025713,1
coco_010524,test,0,0.35025713,1
coco_010535,test,0,0.39105877,0
coco_010561,test,0,0.35025713,1
coco_010563,test,0,0.058672536,0
coco_010597,test,0,0.8472191,0
coco_010606,test,0,0.0040974477,0
coco_010608,test,0,0.33754757,0
coco_010610,test,0,0.40637463,0
coco_010612,test,0,0.0654871,0
coco_010615,test,0,0.6814081,0
coco_010618,test,0,0.35025713,1
coco_010634,test,0,0.7413699,0
coco_010635,test,0,0.35025713,1
coco_010641,test,0,0.1423365,0
coco_010647,test,0,0.002925125,0
coco_010654,test,0,0.6349518,0
coco_010656,test,0,0.075339444,0
coco_010658,test,0,0.2733282,0
coco_010661,test,0,0.1334225,0
coco_010704,test,0,0.4852049,0
coco_010705,test,0,0.13368605,0
coco_010714,test,0,0.35025713,1
coco_010724,test,0,0.9945523,0
coco_010728,test,0,0.35025713,1
coco_010729,test,0,0.10293528,0
coco_010738,test,0,0.089231215,0
coco_010739,test,0,0.0007164201,0
coco_010744,test,0,0.06310152,0
coco_010748,test,0,0.9737055,0
coco_010762,test,0,0.27512205,0
coco_010771,test,0,0.35025713,1
coco_010772,test,0,0.35025713,1
coco_010781,test,0,0.12367092,0
coco_010787,test,0,0.35025713,1
coco_010796,test,0,0.2192915,0
coco_010807,test,0,0.35025713,1
coco_010808,test,0,0.00011413795,0
coco_010820,test,0,0.28144062,0
coco_010828,test,0,0.91556853,0
coco_010833,test,0,0.23550713,0
coco_010837,test,0,0.35025713,1
coco_010841,test,0,0.2219049,0
coco_010851,test,0,0.6189746,0
coco_010854,test,0,0.0044122185,0
coco_010887,test,0,0.4672819,0
coco_010889,test,0,0.9985923,0
coco_010893,test,0,0.08322248,0
coco_010899,test,0,0.23491614,0
coco_010907,test,0,0.35025713,1
coco_010916,test,0,0.034744605,0
coco_010929,test,0,0.8261203,0
coco_010954,test,0,0.66809046,0
coco_010984,test,0,0.35025713,1
coco_011024,test,0,0.33434656,0
coco_011035,test,0,0.390643,0
coco_011053,test,0,0.14947839,0
coco_011060,test,0,0.0011737435,0
coco_011061,test,0,0.19230132,0
coco_011069,test,0,0.16450112,0
coco_011100,test,0,0.2702706,0
coco_011101,test,0,0.35025713,1
coco_011115,test,0,0.35025713,1
coco_011117,test,0,0.35025713,1
coco_011145,test,0,0.96347505,0
coco_011185,test,0,0.09982133,1
coco_011192,test,0,0.5536621,0
coco_011201,test,0,0.033566482,0
coco_011206,test,0,0.85228807,0
coco_011217,test,0,0.35025713,1
coco_011229,test,0,0.35025713,1
coco_011260,test,0,0.175335,0
coco_011268,test,0,0.019103874,0
coco_011270,test,0,0.019115465,0
coco_011273,test,0,0.35025713,1
coco_011277,test,0,0.1111015,0
coco_011282,test,0,0.34112075,0
coco_011288,test,0,0.03421995,0
coco_011299,test,0,0.28920797,0
coco_011305,test,0,0.35025713,1
coco_011317,test,0,0.35025713,1
coco_011326,test,0,0.77651364,0
coco_011333,test,0,0.07454789,0
coco_011346,test,0,0.045852054,0
coco_011371,test,0,0.06724855,0
coco_011378,test,0,0.031124586,0
coco_011379,test,0,0.35025713,1
coco_011393,test,0,0.5901099,0
coco_011415,test,0,0.35025713,1
coco_011420,test,0,0.06944779,0
coco_011424,test,0,0.35025713,1
coco_011428,test,0,0.15976469,0
coco_011446,test,0,0.68268687,0
coco_011465,test,0,0.35025713,1
coco_011467,test,0,0.7906887,0
coco_011471,test,0,0.015110646,0
coco_011481,test,0,0.72746646,0
coco_011482,test,0,0.35025713,1
coco_011520,test,0,0.35025713,1
coco_011529,test,0,0.9803696,0
coco_011535,test,0,0.35025713,1
coco_011537,test,0,0.0052328957,0
coco_011541,test,0,0.13427697,0
coco_011546,test,0,0.35025713,1
coco_011562,test,0,0.07740719,0
coco_011568,test,0,0.8467062,0
coco_011570,test,0,0.50104684,0
coco_011584,test,0,0.0044599287,0
coco_011588,test,0,0.9888151,0
coco_011590,test,0,0.78918225,0
coco_011620,test,0,0.10853398,0
coco_011630,test,0,0.04967458,0
coco_011635,test,0,0.0080829915,0
coco_011639,test,0,0.021115916,0
coco_011687,test,0,0.35025713,1
coco_011688,test,0,0.9281371,0
coco_011696,test,0,0.09527089,0
coco_011700,test,0,0.35025713,1
coco_011705,test,0,0.35025713,1
coco_011733,test,0,0.0016540374,0
coco_011743,test,0,0.35025713,1
coco_011750,test,0,0.35025713,1
coco_011765,test,0,0.35025713,1
coco_011766,test,0,0.018721798,0
coco_011780,test,0,0.036398105,0
coco_011781,test,0,0.041381277,0
coco_011788,test,0,0.35025713,1
coco_011808,test,0,0.35025713,1
coco_011829,test,0,0.35025713,1
coco_011832,test,0,0.15507117,0
coco_011847,test,0,0.35025713,1
coco_011850,test,0,0.15030271,0
coco_011852,test,0,0.0039525717,0
coco_011855,test,0,0.017074661,0
coco_011880,test,0,0.35025713,1
coco_011881,test,0,0.09454397,0
coco_011886,test,0,0.049322546,0
coco_011893,test,0,0.35025713,1
coco_011905,test,0,0.050261732,0
coco_011914,test,0,0.16673917,1
coco_011924,test,0,0.35025713,1
coco_011929,test,0,0.0222384,0
coco_011949,test,0,0.35025713,1
coco_011962,test,0,0.92249775,1
coco_011964,test,0,0.35025713,1
coco_011975,test,0,0.66408527,0
coco_011984,test,0,0.028247572,0
coco_011991,test,0,0.35025713,1
coco_012020,test,0,0.17285956,0
coco_012039,test,0,0.35025713,1
coco_012041,test,0,0.51951224,0
coco_012061,test,0,0.036132123,0
coco_012073,test,0,0.4554938,0
coco_012105,test,0,0.8072538,0
coco_012118,test,0,0.35025713,1
coco_012209,test,0,0.27853206,0
coco_012224,test,0,0.6648383,0
coco_012234,test,0,0.35025713,1
coco_012243,test,0,0.07847406,0
coco_012254,test,0,0.21169901,0
coco_012256,test,0,0.08532244,0
coco_012303,test,0,0.35025713,1
coco_012309,test,0,0.35025713,1
coco_012325,test,0,0.35025713,1
coco_012331,test,0,0.18673094,0
coco_012332,test,0,0.35025713,1
coco_012354,test,0,0.0015013561,0
coco_012374,test,0,0.31401312,0
coco_012380,test,0,0.7945944,0
coco_012383,test,0,0.35025713,1
coco_012392,test,0,0.35025713,1
coco_012397,test,0,0.600508,0
coco_012424,test,0,0.42831078,0
coco_012426,test,0,0.35025713,1
coco_012431,test,0,0.35025713,1
coco_012442,test,0,0.060208704,0
coco_012451,test,0,0.1184538,0
coco_012461,test,0,0.35025713,1
coco_012468,test,0,0.03679674,0
coco_012485,test,0,0.5439439,0
coco_012495,test,0,0.22676711,0
coco_012508,test,0,0.8792961,0
coco_012527,test,0,0.09275733,0
coco_012539,test,0,0.070347756,0
coco_012552,test,0,0.6737843,0
coco_012562,test,0,0.35025713,1
coco_012568,test,0,0.35025713,1
coco_012575,test,0,0.032567773,0
coco_012583,test,0,0.26143605,0
coco_012592,test,0,0.35025713,1
coco_012597,test,0,0.35025713,1
coco_012599,test,0,0.92549735,0
coco_012601,test,0,0.35025713,1
coco_012608,test,0,0.15074825,0
coco_012614,test,0,0.14181477,0
coco_012629,test,0,0.06857263,0
coco_012643,test,0,0.35025713,1
coco_012652,test,0,0.8846516,0
coco_012685,test,0,0.36675483,0
coco_012686,test,0,0.11531725,0
coco_012726,test,0,0.35025713,1
coco_012727,test,0,0.10198272,0
coco_012730,test,0,0.35025713,1
coco_012744,test,0,0.23104721,0
coco_012766,test,0,0.35025713,1
coco_012774,test,0,0.35025713,1
coco_012776,test,0,0.52116144,0
coco_012778,test,0,0.7968566,0
coco_012793,test,0,0.35025713,1
coco_012797,test,0,0.35025713,1
coco_012805,test,0,0.9939182,0
coco_012816,test,0,0.35025713,1
coco_012848,test,0,0.67761916,0
coco_012852,test,0,0.10530152,0
coco_012858,test,0,0.39253944,0
coco_012864,test,0,0.09461713,0
coco_012872,test,0,0.5817055,0
coco_012876,test,0,0.35025713,1
coco_012877,test,0,0.010765508,0
coco_012878,test,0,0.6616403,0
coco_012893,test,0,0.62509465,0
coco_012899,test,0,0.08578071,0
coco_012901,test,0,0.18892397,0
coco_012922,test,0,0.35025713,1
coco_012923,test,0,0.35025713,1
coco_012940,test,0,0.35025713,1
coco_012959,test,0,0.012388441,0
coco_012972,test,0,0.32202718,0
coco_012977,test,0,0.35025713,1
coco_012979,test,0,0.012406485,0
coco_012983,test,0,0.28294435,0
coco_012991,test,0,0.35025713,1
coco_012993,test,0,0.35025713,1
coco_013004,test,0,0.35025713,1
coco_013018,test,0,0.11425826,0
coco_013024,test,0,0.35025713,1
coco_013028,test,0,0.35025713,1
coco_013036,test,0,0.0035705585,0
coco_013041,test,0,0.05133414,0
coco_013043,test,0,0.141791,0
coco_013045,test,0,0.014582907,0
coco_013053,test,0,0.03712148,0
coco_013066,test,0,0.22491883,0
coco_013072,test,0,0.0107539855,0
coco_013087,test,0,0.09108826,0
coco_013093,test,0,0.7819589,0
coco_013094,test,0,0.35025713,1
coco_013095,test,0,0.6722411,0
coco_013107,test,0,0.35025713,1
coco_013108,test,0,0.17703809,0
coco_013112,test,0,0.07554786,0
coco_013121,test,0,0.35025713,1
coco_013123,test,0,0.35025713,1
coco_013139,test,0,0.35025713,1
coco_013140,test,0,0.35025713,1
coco_013143,test,0,0.40676928,0
coco_013147,test,0,0.039059512,0
coco_013171,test,0,0.34413928,0
coco_013181,test,0,0.19356959,0
coco_013200,test,0,0.35025713,1
coco_013208,test,0,0.03161715,0
coco_013214,test,0,0.5500559,0
coco_013222,test,0,0.031695977,0
coco_013226,test,0,0.35025713,1
coco_013237,test,0,0.24363764,0
coco_013246,test,0,0.28403518,0
coco_013247,test,0,0.22581655,0
coco_013259,test,0,0.07705214,0
coco_013268,test,0,0.35025713,1
coco_013269,test,0,0.0036205808,0
coco_013272,test,0,0.39221948,0
coco_013280,test,0,0.28689453,0
coco_013285,test,0,0.74392486,0
coco_013305,test,0,0.35025713,1
coco_013323,test,0,0.3669761,0
coco_013333,test,0,0.35025713,1
coco_013344,test,0,0.12715344,0
coco_013348,test,0,0.0014710348,0
coco_013354,test,0,0.9335069,0
coco_013362,test,0,0.8697238,0
coco_013365,test,0,0.21171021,0
coco_013388,test,0,0.5740105,0
coco_013409,test,0,0.35025713,1
coco_013415,test,0,0.0010423934,0
coco_013419,test,0,0.07452055,0
coco_013428,test,0,0.2182484,0
coco_013439,test,0,0.35025713,1
coco_013444,test,0,0.9474323,0
coco_013468,test,0,0.01417529,0
coco_013487,test,0,0.1867252,0
coco_013495,test,0,0.6037044,0
coco_013498,test,0,0.12616809,0
coco_013500,test,0,0.35025713,1
coco_013507,test,0,0.3263647,0
coco_013528,test,0,0.35025713,1
coco_013537,test,0,0.35025713,1
coco_013538,test,0,0.87594014,0
coco_013549,test,0,0.35025713,1
coco_013557,test,0,0.029148983,0
coco_013566,test,0,0.06134228,0
coco_013569,test,0,0.35025713,1
coco_013573,test,0,0.35025713,1
coco_013576,test,0,0.0062940763,0
coco_013582,test,0,0.35025713,1
coco_013587,test,0,0.8022799,0
coco_013589,test,0,0.26597595,0
coco_013596,test,0,0.5563121,0
coco_013628,test,0,0.5482409,0
coco_013629,test,0,0.35025713,1
coco_013639,test,0,0.3336181,0
coco_013642,test,0,0.38562685,0
coco_013651,test,0,0.07525049,0
coco_013659,test,0,0.1072159,0
coco_013682,test,0,0.92786926,0
coco_013683,test,0,0.35025713,1
coco_013688,test,0,0.35025713,1
coco_013694,test,0,0.3338413,0
coco_013695,test,0,0.26725236,0
coco_013702,test,0,0.35025713,1
coco_013715,test,0,0.35025713,1
coco_013731,test,0,0.05972554,0
coco_013744,test,0,0.35025713,1
coco_013750,test,0,0.071454115,0
coco_013759,test,0,0.35025713,1
coco_013760,test,0,0.35025713,1
coco_013766,test,0,0.5079327,0
coco_013767,test,0,0.051772427,0
coco_013785,test,0,0.07208858,0
coco_013796,test,0,0.12963884,0
coco_013808,test,0,0.059569515,0
coco_013814,test,0,0.35025713,1
coco_013816,test,0,0.054166418,0
coco_013819,test,0,0.17025867,0
coco_013827,test,0,0.005468165,0
coco_013836,test,0,0.4921411,0
coco_013838,test,0,0.78204834,0
coco_013839,test,0,0.35025713,1
coco_013842,test,0,0.0030652336,0
coco_013846,test,0,0.7024604,0
coco_013857,test,0,0.8008269,0
coco_013871,test,0,0.35025713,1
coco_013879,test,0,0.35025713,1
coco_013882,test,0,0.1424705,0
coco_013888,test,0,0.38008717,0
coco_013898,test,0,0.1748888,0
coco_013899,test,0,0.0833952,0
coco_013901,test,0,0.35025713,1
coco_013902,test,0,0.12769897,0
coco_013917,test,0,0.35025713,1
coco_013922,test,0,0.23874655,0
coco_013935,test,0,0.3120675,0
coco_013944,test,0,0.4079907,0
coco_013945,test,0,0.12228154,0
coco_013969,test,0,0.52889466,0
coco_013978,test,0,0.35025713,1
coco_013993,test,0,0.35025713,1
coco_013996,test,0,0.35025713,1
coco_014014,test,0,0.35025713,1
coco_014016,test,0,0.35025713,1
coco_014017,test,0,0.09000311,0
coco_014030,test,0,0.35025713,1
coco_014043,test,0,0.000391273,0
coco_014060,test,0,0.20128408,0
coco_014068,test,0,0.040714484,0
coco_014074,test,0,0.044052675,0
coco_014082,test,0,0.35025713,1
coco_014084,test,0,0.15792237,0
coco_014088,test,0,0.030622263,0
coco_014090,test,0,0.015196511,0
coco_014096,test,0,0.09127797,0
coco_014102,test,0,0.35025713,1
coco_014107,test,0,0.42728776,0
coco_014114,test,0,0.34899795,0
coco_014117,test,0,0.1539248,0
coco_014119,test,0,0.45180508,0
coco_014120,test,0,0.28769326,0
coco_014129,test,0,0.35025713,1
coco_014139,test,0,0.026983926,0
coco_014144,test,0,0.38438684,0
coco_014145,test,0,0.8082579,0
coco_014153,test,0,0.35025713,1
coco_014164,test,0,0.35025713,1
coco_014210,test,0,0.35025713,1
coco_014212,test,0,0.25316808,0
coco_014217,test,0,0.24197264,0
coco_014235,test,0,0.13648812,0
coco_014239,test,0,0.05195492,0
coco_014255,test,0,0.07627154,0
coco_014258,test,0,0.35025713,1
coco_014266,test,0,0.3726749,0
coco_014274,test,0,0.35025713,1
coco_014275,test,0,0.0109055005,0
coco_014277,test,0,0.35025713,1
coco_014293,test,0,0.19797635,0
coco_014327,test,0,0.0083146375,0
coco_014339,test,0,0.17727292,0
coco_014340,test,0,0.35025713,1
coco_014347,test,0,0.16694677,0
coco_014366,test,0,0.1882147,0
coco_014368,test,0,0.07874621,0
coco_014370,test,0,0.2997578,0
coco_014380,test,0,0.16770242,0
coco_014382,test,0,0.35889724,0
coco_014420,test,0,0.8174203,0
coco_014433,test,0,0.0062330426,0
coco_014484,test,0,0.33238235,0
coco_014490,test,0,0.99705875,0
coco_014492,test,0,0.005037803,0
coco_014503,test,0,0.49381876,0
coco_014515,test,0,0.00041266432,0
coco_014520,test,0,0.53334993,0
coco_014578,test,0,0.32704318,0
coco_014579,test,0,0.35025713,1
coco_014580,test,0,0.35025713,1
coco_014613,test,0,0.35025713,1
coco_014626,test,0,0.10492994,0
coco_014627,test,0,0.46468294,0
coco_014642,test,0,0.35025713,1
coco_014649,test,0,0.83230335,0
coco_014655,test,0,0.35025713,1
coco_014666,test,0,0.35025713,1
coco_014680,test,0,0.35025713,1
coco_014691,test,0,0.35025713,1
coco_014710,test,0,0.35025713,1
coco_014723,test,0,0.140682,0
coco_014749,test,0,0.44744217,0
coco_014752,test,0,0.22765994,0
coco_014759,test,0,0.042617697,0
coco_014768,test,0,0.8732973,0
coco_014777,test,0,0.9525149,0
coco_014796,test,0,0.14238173,0
coco_014803,test,0,0.51344573,0
coco_014805,test,0,0.35025713,1
coco_014832,test,0,0.116684,0
coco_014833,test,0,0.95319337,0
coco_014837,test,0,0.35025713,1
coco_014843,test,0,0.036048315,0
coco_014858,test,0,0.9392518,0
coco_014859,test,0,0.08457412,0
coco_014860,test,0,0.35025713,1
coco_014879,test,0,0.5753924,0
coco_014881,test,0,0.2361164,0
coco_014885,test,0,0.37778053,0
coco_014900,test,0,0.052129038,0
coco_014910,test,0,0.35025713,1
coco_014911,test,0,0.35025713,1
coco_014915,test,0,0.087468244,0
coco_014920,test,0,0.35025713,1
coco_014926,test,0,0.35025713,1
coco_014931,test,0,0.1426248,0
coco_014933,test,0,0.010345655,0
coco_014935,test,0,0.11735553,0
coco_014948,test,0,0.20837043,0
coco_014952,test,0,0.058777887,0
coco_014960,test,0,0.35025713,1
coco_014979,test,0,0.35025713,1
coco_014984,test,0,0.35025713,1
coco_014987,test,0,0.034692816,0
coco_015001,test,0,0.40909946,0
coco_015002,test,0,0.30729023,0
coco_015007,test,0,0.35025713,1
coco_015013,test,0,0.0010628757,0
coco_015023,test,0,0.35025713,1
coco_015064,test,0,0.046224684,0
coco_015075,test,0,0.35025713,1
coco_015090,test,0,0.35025713,1
coco_015092,test,0,0.35025713,1
coco_015103,test,0,0.072549805,0
coco_015104,test,0,0.33344558,0
coco_015116,test,0,0.61274153,0
coco_015125,test,0,0.27031526,0
coco_015126,test,0,0.08410666,0
coco_015145,test,0,0.9956018,0
coco_015146,test,0,0.16857162,0
coco_015149,test,0,0.35819387,0
coco_015154,test,0,0.35025713,1
coco_015156,test,0,0.011183023,0
coco_015159,test,0,0.35025713,1
coco_015194,test,0,0.017183263,0
coco_015199,test,0,0.18273169,0
coco_015230,test,0,0.35025713,1
coco_015237,test,0,0.20645869,0
coco_015245,test,0,0.42374688,0
coco_015246,test,0,0.27755785,1
coco_015262,test,0,0.0037467927,0
coco_015264,test,0,0.016149394,0
coco_015266,test,0,0.35025713,1
coco_015275,test,0,0.16719094,0
coco_015279,test,0,0.29277197,0
coco_015287,test,0,0.35025713,1
coco_015296,test,0,0.008658819,0
coco_015305,test,0,0.58127576,0
coco_015323,test,0,0.35025713,1
coco_015328,test,0,0.35025713,1
coco_015334,test,0,0.4991687,0
coco_015346,test,0,0.10010901,0
coco_015350,test,0,0.35025713,1
coco_015354,test,0,0.35025713,1
coco_015356,test,0,0.35025713,1
coco_015383,test,0,0.35025713,1
coco_015393,test,0,0.04373685,0
coco_015426,test,0,0.053531058,0
coco_015427,test,0,0.35025713,1
coco_015429,test,0,0.35025713,1
coco_015433,test,0,0.35025713,1
coco_015434,test,0,0.9515374,0
coco_015451,test,0,0.1711185,0
coco_015456,test,0,0.35025713,1
coco_015458,test,0,0.6252155,0
coco_015466,test,0,0.35025713,1
coco_015471,test,0,0.54625887,0
coco_015472,test,0,0.7368,0
coco_015474,test,0,0.2040603,0
coco_015487,test,0,0.35025713,1
coco_015495,test,0,0.35025713,1
coco_015498,test,0,0.025283469,0
coco_015509,test,0,0.23138577,0
coco_015510,test,0,0.4970205,0
coco_015523,test,0,0.35025713,1
coco_015530,test,0,0.5722514,0
coco_015532,test,0,0.35025713,1
coco_015548,test,0,0.044130076,0
coco_015554,test,0,0.10119676,0
coco_015567,test,0,0.2771422,0
coco_015570,test,0,0.014421153,0
coco_015574,test,0,0.35025713,1
coco_015580,test,0,0.06818203,0
coco_015581,test,0,0.0009668451,0
coco_015583,test,0,0.35025713,1
coco_015585,test,0,0.13693339,0
coco_015600,test,0,0.44836348,0
coco_015609,test,0,0.19614744,0
coco_015616,test,0,0.1582678,0
coco_015620,test,0,0.35025713,1
coco_015621,test,0,0.35025713,1
coco_015624,test,0,0.72555333,0
coco_015626,test,0,0.0031846492,0
coco_015635,test,0,0.35025713,1
coco_015639,test,0,0.35025713,1
coco_015646,test,0,0.00573041,0
coco_015651,test,0,0.35025713,1
coco_015656,test,0,0.04523332,0
coco_015657,test,0,0.35025713,1
coco_015670,test,0,0.050511003,0
coco_015685,test,0,0.17848505,0
coco_015700,test,0,0.07256758,0
coco_015707,test,0,0.34069353,0
coco_015710,test,0,0.8429248,0
coco_015723,test,0,0.16078258,0
coco_015727,test,0,0.23942444,0
coco_015729,test,0,0.082485266,0
coco_015756,test,0,0.35025713,1
coco_015765,test,0,0.26425594,0
coco_015775,test,0,0.003050744,0
coco_015778,test,0,0.12806122,0
coco_015835,test,0,0.035725437,0
coco_015889,test,0,0.7106127,0
coco_015890,test,0,0.14927517,0
coco_015905,test,0,0.35025713,1
coco_015907,test,0,0.17362934,0
coco_015914,test,0,0.95076597,0
coco_015931,test,0,0.0001929617,0
coco_015935,test,0,0.35025713,1
coco_015941,test,0,0.55146354,0
coco_015943,test,0,0.35025713,1
coco_015948,test,0,0.944812,0
coco_015955,test,0,0.35025713,1
coco_015980,test,0,0.47036588,0
coco_015994,test,0,0.35025713,1
coco_016011,test,0,0.7904221,0
coco_016014,test,0,0.012492447,0
coco_016020,test,0,0.35025713,1
coco_016032,test,0,0.82828397,0
coco_016039,test,0,0.35025713,1
coco_016041,test,0,0.1048094,0
coco_016042,test,0,0.35025713,1
coco_016059,test,0,0.8864383,0
coco_016069,test,0,0.14139247,0
coco_016077,test,0,0.35025713,1
coco_016080,test,0,0.19151917,0
coco_016097,test,0,0.35025713,1
coco_016102,test,0,0.35025713,1
coco_016103,test,0,0.046963736,0
coco_016107,test,0,0.35025713,1
coco_016110,test,0,0.06462997,0
coco_016134,test,0,0.16949816,1
coco_016138,test,0,0.72847956,0
coco_016149,test,0,0.35025713,1
coco_016160,test,0,0.73809695,0
coco_016172,test,0,0.46000138,0
coco_016176,test,0,0.0052599143,0
coco_016181,test,0,0.61189306,0
coco_016200,test,0,0.14799304,0
coco_016213,test,0,0.04171176,0
coco_016218,test,0,0.35025713,1
coco_016219,test,0,0.33864006,0
coco_016220,test,0,0.37619913,0
coco_016231,test,0,0.35025713,1
coco_016232,test,0,0.35025713,1
coco_016237,test,0,0.48019907,0
coco_016246,test,0,0.7479427,0
coco_016283,test,0,0.35025713,1
coco_016287,test,0,0.44624624,0
coco_016289,test,0,0.18593383,0
coco_016302,test,0,0.35025713,1
coco_016303,test,0,0.17310998,0
coco_016312,test,0,0.018807244,0
coco_016313,test,0,0.90605,0
coco_016333,test,0,0.43229175,0
coco_016338,test,0,0.016110966,0
coco_016342,test,0,0.35025713,1
coco_016344,test,0,0.35025713,1
coco_016360,test,0,0.26095554,0
coco_016381,test,0,0.1870979,0
coco_016387,test,0,0.24105743,1
coco_016389,test,0,0.6140923,0
coco_016391,test,0,0.35025713,1
coco_016402,test,0,0.35025713,1
coco_016404,test,0,0.34087056,0
coco_016424,test,0,0.35025713,1
coco_016428,test,0,0.35025713,1
coco_016430,test,0,0.014710531,0
coco_016460,test,0,0.57283425,0
coco_016465,test,0,0.09975273,0
coco_016471,test,0,0.027072366,0
coco_016481,test,0,0.35025713,1
coco_016487,test,0,0.35025713,1
coco_016491,test,0,0.35025713,1
coco_016493,test,0,0.32947013,0
coco_016505,test,0,0.35025713,1
coco_016522,test,0,0.35025713,1
coco_016533,test,0,0.0132923,0
coco_016537,test,0,0.09503614,0
coco_016559,test,0,0.1501808,0
coco_016567,test,0,0.7829935,0
coco_016584,test,0,0.34494355,0
coco_016589,test,0,0.35025713,1
coco_016593,test,0,0.35025713,1
coco_016599,test,0,0.12679866,0
coco_016600,test,0,0.08860811,0
coco_016608,test,0,0.68031347,0
coco_016630,test,0,0.11733339,0
coco_016631,test,0,0.08805506,0
coco_016643,test,0,0.35025713,1
coco_016645,test,0,0.35025713,1
coco_016646,test,0,0.35025713,1
coco_016663,test,0,0.11270685,0
coco_016671,test,0,0.87133855,0
coco_016690,test,0,0.13937019,0
coco_016698,test,0,0.27313936,0
coco_016707,test,0,0.03423191,0
coco_016712,test,0,0.35025713,1
coco_016722,test,0,0.30049756,0
coco_016730,test,0,0.48892418,0
coco_016744,test,0,0.4514489,0
coco_016757,test,0,0.7559434,0
coco_016766,test,0,0.018384269,0
coco_016770,test,0,0.0719279,0
coco_016775,test,0,0.35025713,1
coco_016785,test,0,0.35025713,1
coco_016787,test,0,0.0448238,0
coco_016801,test,0,0.070303604,0
coco_016815,test,0,0.35025713,1
coco_016826,test,0,0.057350338,0
coco_016829,test,0,0.2412567,0
coco_016851,test,0,0.6804039,0
coco_016862,test,0,0.40256467,0
coco_016863,test,0,0.35025713,1
coco_016869,test,0,0.3668872,0
coco_016873,test,0,0.28323364,0
coco_016887,test,0,0.6371656,0
coco_016899,test,0,0.8652658,0
coco_016916,test,0,0.35025713,1
coco_016946,test,0,0.069565825,0
coco_016948,test,0,0.029555073,0
coco_016950,test,0,0.17416416,0
coco_016963,test,0,0.46366948,0
coco_016971,test,0,0.35025713,1
coco_016973,test,0,0.6989229,0
coco_016981,test,0,0.3755971,0
coco_016984,test,0,0.21025091,0
coco_017011,test,0,0.019868096,0
coco_017018,test,0,0.040355485,0
coco_017041,test,0,0.865476,0
coco_017048,test,0,0.021021552,0
coco_017051,test,0,0.1100143,0
coco_017053,test,0,0.35025713,1
coco_017058,test,0,0.27796698,0
coco_017075,test,0,0.35025713,1
coco_017077,test,0,0.014241425,0
coco_017078,test,0,0.0051640947,0
coco_017082,test,0,0.1465999,0
coco_017086,test,0,0.35025713,1
coco_017102,test,0,0.35025713,1
coco_017111,test,0,0.35025713,1
coco_017150,test,0,0.55190563,0
coco_017189,test,0,0.43172008,0
coco_017192,test,0,0.013689375,0
coco_017193,test,0,0.35025713,1
coco_017201,test,0,0.7550815,0
coco_017206,test,0,0.35025713,1
coco_017210,test,0,0.35025713,1
coco_017211,test,0,0.35025713,1
coco_017214,test,0,0.39827558,0
coco_017222,test,0,0.35025713,1
coco_017226,test,0,0.32885602,0
coco_017235,test,0,0.42929786,0
coco_017251,test,0,0.008489368,0
coco_017285,test,0,0.35025713,1
coco_017289,test,0,0.00047250837,0
coco_017296,test,0,0.9547954,0
coco_017303,test,0,0.008795631,0
coco_017316,test,0,0.89284,0
coco_017333,test,0,0.02814494,0
coco_017345,test,0,0.34139478,0
coco_017348,test,0,0.9123033,0
coco_017356,test,0,0.61171466,1
coco_017357,test,0,0.35025713,1
coco_017386,test,0,0.020874323,0
coco_017388,test,0,0.68593794,0
coco_017407,test,0,0.0017374819,0
coco_017410,test,0,0.2800335,0
coco_017424,test,0,0.058533493,0
coco_017440,test,0,0.26264596,0
coco_017448,test,0,0.01665726,0
coco_017452,test,0,0.35025713,1
coco_017464,test,0,0.42233467,0
coco_017465,test,0,0.35025713,1
coco_017482,test,0,0.04545352,0
coco_017498,test,0,0.35025713,1
coco_017510,test,0,0.37395316,0
coco_017514,test,0,0.35025713,1
coco_017517,test,0,0.35025713,1
coco_017521,test,0,0.022517333,0
coco_017523,test,0,0.011711739,0
coco_017526,test,0,0.13486505,0
coco_017527,test,0,0.87332934,0
coco_017538,test,0,0.35025713,1
coco_017571,test,0,0.2452811,0
coco_017576,test,0,0.0066095227,0
coco_017577,test,0,0.8582613,0
coco_017578,test,0,0.5596652,0
coco_017585,test,0,0.14259619,0
coco_017594,test,0,0.90035367,0
coco_017597,test,0,0.35025713,1
coco_017603,test,0,0.9734577,0
coco_017617,test,0,0.35025713,1
coco_017642,test,0,0.35025713,1
coco_017663,test,0,0.6682698,0
coco_017669,test,0,0.040909525,0
coco_017680,test,0,0.6816151,0
coco_017685,test,0,0.14515764,0
coco_017687,test,0,0.039316736,0
coco_017703,test,0,0.07528216,0
coco_017705,test,0,0.16919522,0
coco_017732,test,0,0.06312571,0
coco_017744,test,0,0.002720367,0
coco_017750,test,0,0.35025713,1
coco_017757,test,0,0.054835927,0
coco_017763,test,0,0.034465693,0
coco_017792,test,0,0.36734104,0
coco_017838,test,0,0.20325495,0
coco_017842,test,0,0.35025713,1
coco_017863,test,0,0.35025713,1
coco_017870,test,0,0.26074386,0
coco_017886,test,0,0.08599854,0
coco_017894,test,0,0.7474642,0
coco_017924,test,0,0.35025713,1
coco_017944,test,0,0.9776338,0
coco_017953,test,0,0.15552196,0
coco_017955,test,0,0.001196411,0
coco_017960,test,0,0.35025713,1
coco_017965,test,0,0.0022036969,0
coco_017980,test,0,0.1391324,0
coco_017986,test,0,0.093977265,0
coco_017987,test,0,0.35025713,1
coco_017995,test,0,0.35025713,1
coco_018005,test,0,0.46513623,0
coco_018013,test,0,0.093022704,0
coco_018080,test,0,0.83060294,0
coco_018081,test,0,0.012310459,0
coco_018082,test,0,0.5702918,0
coco_018115,test,0,0.35025713,1
coco_018117,test,0,0.35025713,1
coco_018137,test,0,0.35025713,1
coco_018141,test,0,0.922269,0
coco_018145,test,0,0.13772556,0
coco_018148,test,0,0.35025713,1
coco_018152,test,0,0.99710244,0
coco_018160,test,0,0.027288394,0
coco_018171,test,0,0.45114014,0
coco_018178,test,0,0.008242823,0
coco_018179,test,0,0.35025713,1
coco_018181,test,0,0.35025713,1
coco_018189,test,0,0.0028546306,0
coco_018194,test,0,0.35025713,1
coco_018199,test,0,0.35025713,1
coco_018207,test,0,0.026236849,0
coco_018212,test,0,0.27002215,0
coco_018216,test,0,0.038992576,0
coco_018230,test,0,0.07290781,0
coco_018232,test,0,0.023274716,0
coco_018248,test,0,0.35025713,1
coco_018256,test,0,0.39819446,0
coco_018257,test,0,0.8363764,0
coco_018258,test,0,0.13925311,0
coco_018267,test,0,0.12730324,0
coco_018269,test,0,0.25098658,0
coco_018271,test,0,0.2464412,0
coco_018285,test,0,0.35025713,1
coco_018286,test,0,0.023898497,0
coco_018287,test,0,0.35025713,1
coco_018309,test,0,0.9843426,0
coco_018321,test,0,0.35025713,1
coco_018339,test,0,0.035186492,0
coco_018350,test,0,0.35025713,1
coco_018361,test,0,0.89345556,0
coco_018364,test,0,0.35025713,1
coco_018379,test,0,0.72320634,0
coco_018393,test,0,0.35025713,1
coco_018414,test,0,0.05983177,0
coco_018421,test,0,0.35025713,1
coco_018430,test,0,0.21016902,0
coco_018456,test,0,0.06531875,0
coco_018457,test,0,0.5171637,0
coco_018462,test,0,0.3029649,0
coco_018464,test,0,0.35025713,1
coco_018465,test,0,0.2918388,0
coco_018501,test,0,0.06988197,0
coco_018534,test,0,0.026242116,0
coco_018552,test,0,0.4394571,0
coco_018569,test,0,0.032930743,1
coco_018575,test,0,0.78433704,0
coco_018597,test,0,0.84999627,0
coco_018600,test,0,0.5146396,0
coco_018603,test,0,0.35025713,1
coco_018613,test,0,0.18186612,0
coco_018618,test,0,0.38945526,0
coco_018620,test,0,0.2170038,0
coco_018623,test,0,0.14358671,0
coco_018634,test,0,0.023014493,0
coco_018639,test,0,0.35025713,1
coco_018644,test,0,0.35025713,1
coco_018660,test,0,0.6560934,0
coco_018664,test,0,0.0018849677,0
coco_018666,test,0,0.5331939,0
coco_018669,test,0,0.001328706,0
coco_018674,test,0,0.07084271,0
coco_018678,test,0,0.00016668695,0
coco_018690,test,0,0.35025713,1
coco_018713,test,0,0.030302225,0
coco_018715,test,0,0.089350484,0
coco_018716,test,0,0.35025713,1
coco_018718,test,0,0.35025713,1
coco_018719,test,0,0.35025713,1
coco_018727,test,0,0.274202,0
coco_018729,test,0,0.4433617,0
coco_018739,test,0,0.18304756,0
coco_018740,test,0,0.27104145,0
coco_018748,test,0,0.18419519,0
coco_018750,test,0,0.6075227,0
coco_018762,test,0,0.99368,0
coco_018771,test,0,0.018039085,0
coco_018774,test,0,0.09793429,0
coco_018787,test,0,0.008864826,0
coco_018796,test,0,0.06321806,0
coco_018798,test,0,0.77187955,0
coco_018807,test,0,0.35025713,1
coco_018819,test,0,0.0087501835,0
coco_018836,test,0,0.35025713,1
coco_018843,test,0,0.34548223,0
coco_018857,test,0,0.35025713,1
coco_018872,test,0,0.7208441,0
coco_018874,test,0,0.3127006,0
coco_018875,test,0,0.18323852,0
coco_018883,test,0,0.75082564,0
coco_018885,test,0,0.08099524,0
coco_018894,test,0,0.9429633,0
coco_018895,test,0,0.22517058,0
coco_018909,test,0,0.0064636883,0
coco_018946,test,0,0.073760584,0
coco_018952,test,0,0.10852398,0
coco_018956,test,0,0.22472318,0
coco_018970,test,0,0.04496328,0
coco_018973,test,0,0.4799468,0
coco_018976,test,0,0.43492302,0
coco_019016,test,0,0.13866228,0
coco_019018,test,0,0.35025713,1
coco_019021,test,0,0.83526874,0
coco_019029,test,0,0.34471437,0
coco_019030,test,0,0.35025713,1
coco_019037,test,0,0.72393495,0
coco_019049,test,0,0.007225919,0
coco_019055,test,0,0.5767025,0
coco_019057,test,0,0.3834336,0
coco_019070,test,0,0.82491696,0
coco_019082,test,0,0.35025713,1
coco_019084,test,0,0.004686179,0
coco_019085,test,0,0.029375264,0
coco_019096,test,0,0.4989178,0
coco_019135,test,0,0.0001590039,0
coco_019136,test,0,0.11849144,0
coco_019138,test,0,0.0029355213,0
coco_019139,test,0,0.22767922,0
coco_019140,test,0,0.4808212,0
coco_019142,test,0,0.042749487,0
coco_019146,test,0,0.8548213,0
coco_019147,test,0,0.71389276,0
coco_019153,test,0,0.3580596,0
coco_019161,test,0,0.35025713,1
coco_019169,test,0,0.13932635,0
coco_019170,test,0,0.7157541,0
coco_019172,test,0,0.35025713,1
coco_019187,test,0,0.7086516,0
coco_019191,test,0,0.35025713,1
coco_019198,test,0,0.010044271,0
coco_019213,test,0,0.72331756,0
coco_019240,test,0,0.3904315,0
coco_019245,test,0,0.12738855,0
coco_019250,test,0,0.41654697,1
coco_019275,test,0,0.35025713,1
coco_019278,test,0,0.35025713,1
coco_019287,test,0,0.05218029,0
coco_019296,test,0,0.35025713,1
coco_019297,test,0,0.23191294,0
coco_019305,test,0,0.35025713,1
coco_019318,test,0,0.35025713,1
coco_019326,test,0,0.06395439,0
coco_019344,test,0,0.35025713,1
coco_019346,test,0,0.005549857,0
coco_019348,test,0,0.013235584,0
coco_019387,test,0,0.07787232,0
coco_019404,test,0,0.096364774,0
coco_019408,test,0,0.35025713,1
coco_019411,test,0,0.31249198,0
coco_019413,test,0,0.73269325,0
coco_019414,test,0,0.35025713,1
coco_019415,test,0,0.43651867,0
coco_019422,test,0,0.041206263,0
coco_019454,test,0,0.35025713,1
coco_019458,test,0,0.35025713,1
coco_019460,test,0,0.35025713,1
coco_019462,test,0,0.18616045,0
coco_019474,test,0,0.35025713,1
coco_019475,test,0,0.35025713,1
coco_019479,test,0,0.90831256,0
coco_019486,test,0,0.35025713,1
coco_019498,test,0,0.006391766,0
coco_019508,test,0,0.048816767,0
coco_019523,test,0,0.056786522,0
coco_019526,test,0,0.0040171253,0
coco_019536,test,0,0.2322164,0
coco_019543,test,0,0.17939188,0
coco_019597,test,0,0.35025713,1
coco_019602,test,0,0.25001782,0
coco_019613,test,0,0.2159946,0
coco_019617,test,0,0.0430219,0
coco_019621,test,0,0.35025713,1
coco_019630,test,0,0.04769332,0
coco_019633,test,0,0.14472325,0
coco_019638,test,0,0.35025713,1
coco_019658,test,0,0.0657856,0
coco_019660,test,0,0.06629053,0
coco_019665,test,0,0.00036901064,0
coco_019666,test,0,0.28730136,0
coco_019669,test,0,0.16556534,0
coco_019673,test,0,0.35025713,1
coco_019692,test,0,0.00017278263,0
coco_019696,test,0,0.33744773,0
coco_019700,test,0,0.33269405,0
coco_019718,test,0,0.5777431,0
coco_019732,test,0,0.21039537,0
coco_019741,test,0,0.47657803,0
coco_019761,test,0,0.35025713,1
coco_019774,test,0,0.35416496,0
coco_019806,test,0,0.72480726,0
coco_019824,test,0,0.35025713,1
coco_019840,test,0,0.006151625,0
coco_019841,test,0,0.35025713,1
coco_019856,test,0,0.0077497996,0
coco_019859,test,0,0.17499423,1
coco_019866,test,0,0.23130806,0
coco_019871,test,0,0.35025713,1
coco_019872,test,0,0.17247379,0
coco_019875,test,0,0.45723987,0
coco_019880,test,0,0.17700107,0
coco_019884,test,0,0.009461202,0
coco_019886,test,0,0.003635477,0
coco_019889,test,0,0.21521713,0
coco_019893,test,0,0.3756504,0
coco_019903,test,0,0.13815843,0
coco_019908,test,0,0.19259827,0
coco_019911,test,0,0.89137745,0
coco_019912,test,0,0.35025713,1
coco_019913,test,0,0.22908954,0
coco_019919,test,0,0.08971636,0
coco_019929,test,0,0.35025713,1
coco_019961,test,0,0.15864782,0
coco_019964,test,0,0.0017991259,0
coco_019971,test,0,0.35661247,0
coco_019974,test,0,0.63449687,0
coco_019979,test,0,0.005898784,0
coco_019995,test,0,0.22848311,0
coco_019997,test,0,0.2163037,0
coco_020007,test,0,0.24347572,0
coco_020016,test,0,0.0017029323,0
coco_020025,test,0,0.35025713,1
coco_020041,test,0,0.35025713,1
coco_020065,test,0,0.3268231,0
coco_020070,test,0,0.006944909,0
coco_020071,test,0,0.33313552,0
coco_020082,test,0,0.35025713,1
coco_020083,test,0,0.5443776,0
coco_020130,test,0,0.4144164,0
coco_020148,test,0,0.0910036,0
coco_020153,test,0,0.67260206,0
coco_020165,test,0,0.35025713,1
coco_020166,test,0,0.35025713,1
coco_020181,test,0,0.35025713,1
coco_020186,test,0,0.11361556,0
coco_020216,test,0,0.35025713,1
coco_020224,test,0,0.024850463,0
coco_020233,test,0,0.18206598,0
coco_020253,test,0,0.35025713,1
coco_020260,test,0,0.1412648,0
coco_020264,test,0,0.51513916,0
coco_020265,test,0,0.1437747,0
coco_020284,test,0,0.21108754,0
coco_020286,test,0,0.012164881,0
coco_020292,test,0,0.17851801,0
coco_020294,test,0,0.35025713,1
coco_020296,test,0,0.71347374,0
coco_020302,test,0,0.35025713,1
coco_020315,test,0,0.2636895,0
coco_020320,test,0,0.016908778,0
coco_020331,test,0,0.35025713,1
coco_020345,test,0,0.20753612,0
coco_020357,test,0,0.35025713,1
coco_020361,test,0,0.003389297,0
coco_020410,test,0,0.35025713,1
coco_020427,test,0,0.09516757,0
coco_020438,test,0,0.847794,0
coco_020459,test,0,0.2683626,0
coco_020470,test,0,0.35025713,1
coco_020472,test,0,0.17566326,0
coco_020505,test,0,0.060254585,0
coco_020509,test,0,0.35025713,1
coco_020532,test,0,0.35025713,1
coco_020537,test,0,0.6257369,0
coco_020540,test,0,0.35025713,1
coco_020543,test,0,0.17148836,0
coco_020544,test,0,0.00902822,0
coco_020549,test,0,0.35025713,1
coco_020556,test,0,0.9099451,0
coco_020557,test,0,0.020758988,0
coco_020561,test,0,0.16954298,0
coco_020569,test,0,0.045090996,0
coco_020583,test,0,0.40049472,0
coco_020585,test,0,0.058840685,0
coco_020617,test,0,0.35025713,1
coco_020620,test,0,0.11473522,0
coco_020635,test,0,0.35025713,1
coco_020636,test,0,0.28774807,0
coco_020642,test,0,0.025991766,0
coco_020649,test,0,0.007539234,0
coco_020653,test,0,0.12036822,0
coco_020660,test,0,0.043089956,0
coco_020693,test,0,0.02088333,0
coco_020701,test,0,0.18333533,0
coco_020708,test,0,0.055607412,0
coco_020711,test,0,0.027309973,0
coco_020712,test,0,0.045044076,0
coco_020718,test,0,0.35025713,1
coco_020720,test,0,0.35025713,1
coco_020721,test,0,0.35025713,1
coco_020727,test,0,0.35025713,1
coco_020733,test,0,0.03152958,0
coco_020734,test,0,0.6954726,0
coco_020748,test,0,0.028820986,0
coco_020755,test,0,0.03991624,0
coco_020766,test,0,0.17343372,0
coco_020774,test,0,0.060419727,0
coco_020777,test,0,0.04634219,0
coco_020784,test,0,0.21457869,0
coco_020797,test,0,0.9164879,0
coco_020800,test,0,0.037159864,0
coco_020826,test,0,0.35025713,1
coco_020829,test,0,0.4077421,0
coco_020848,test,0,0.35025713,1
coco_020853,test,0,0.9483788,0
coco_020864,test,0,0.35025713,1
coco_020883,test,0,0.019487446,0
coco_020897,test,0,0.063138165,0
coco_020902,test,0,0.08554697,0
coco_020904,test,0,0.010787345,0
coco_020908,test,0,0.09193103,0
coco_020919,test,0,0.35025713,1
coco_020930,test,0,0.35025713,1
coco_020945,test,0,0.35025713,1
coco_020947,test,0,0.0072012125,0
coco_020952,test,0,0.001097779,0
coco_020962,test,0,0.16497052,0
coco_020967,test,0,0.083281234,0
coco_020987,test,0,0.7452969,0
coco_021001,test,0,0.0013969643,0
coco_021003,test,0,0.90432763,0
coco_021006,test,0,0.35025713,1
coco_021007,test,0,0.20840093,0
coco_021017,test,0,0.3012742,0
coco_021020,test,0,0.38042057,0
coco_021021,test,0,0.50462925,0
coco_021023,test,0,0.0005606985,0
coco_021029,test,0,0.35025713,1
coco_021034,test,0,0.9237888,0
coco_021045,test,0,0.8042004,0
coco_021049,test,0,0.68941826,0
coco_021053,test,0,0.35025713,1
coco_021055,test,0,0.11395461,0
coco_021066,test,0,0.13315752,0
coco_021084,test,0,0.43224406,0
coco_021106,test,0,0.35025713,1
coco_021112,test,0,0.006141104,0
coco_021117,test,0,0.35025713,1
coco_021135,test,0,0.35025713,1
coco_021138,test,0,0.20757093,0
coco_021141,test,0,0.35025713,1
coco_021144,test,0,0.022619817,0
coco_021150,test,0,0.35025713,1
coco_021168,test,0,0.13103315,0
coco_021185,test,0,0.35025713,1
coco_021188,test,0,0.20919955,0
coco_021190,test,0,0.35025713,1
coco_021198,test,0,0.35025713,1
coco_021202,test,0,0.022086084,0
coco_021213,test,0,0.9868622,0
coco_021221,test,0,0.85781217,0
coco_021226,test,0,0.35025713,1
coco_021239,test,0,0.35025713,1
coco_021247,test,0,0.48515362,0
coco_021255,test,0,0.008448759,0
coco_021267,test,0,0.35025713,1
coco_021293,test,0,0.9933656,0
coco_021294,test,0,0.35025713,1
coco_021296,test,0,0.005076216,0
coco_021309,test,0,0.35025713,1
coco_021321,test,0,0.35025713,1
coco_021325,test,0,0.35025713,1
coco_021335,test,0,0.17264351,0
coco_021365,test,0,0.095182784,0
coco_021372,test,0,0.35025713,1
coco_021384,test,0,0.35025713,1
coco_021388,test,0,0.35025713,1
coco_021419,test,0,0.52732325,0
coco_021429,test,0,0.14164822,0
coco_021443,test,0,0.502436,0
coco_021447,test,0,0.044801973,0
coco_021457,test,0,0.35025713,1
coco_021465,test,0,0.57283336,0
coco_021466,test,0,0.35025713,1
coco_021468,test,0,0.014755265,0
coco_021470,test,0,0.29198757,0
coco_021474,test,0,0.08883742,0
coco_021477,test,0,0.2465425,0
coco_021483,test,0,0.13875471,0
coco_021494,test,0,0.35025713,1
coco_021507,test,0,0.35025713,1
coco_021520,test,0,0.27093726,0
coco_021560,test,0,0.14480583,0
coco_021579,test,0,0.05362253,0
coco_021586,test,0,0.20392819,0
coco_021605,test,0,0.19358838,0
coco_021614,test,0,0.35025713,1
coco_021620,test,0,0.35025713,1
coco_021636,test,0,0.78987837,0
coco_021658,test,0,0.011769654,0
coco_021685,test,0,0.3269258,0
coco_021687,test,0,0.08008929,0
coco_021689,test,0,0.46281093,0
coco_021702,test,0,0.09919011,0
coco_021704,test,0,0.38208365,0
coco_021717,test,0,0.997024,0
coco_021719,test,0,0.28737643,0
coco_021721,test,0,0.5180443,0
coco_021727,test,0,0.35025713,1
coco_021761,test,0,0.1344516,0
coco_021766,test,0,0.048195887,0
coco_021784,test,0,0.69137645,0
coco_021791,test,0,0.35025713,1
coco_021797,test,0,0.35025713,1
coco_021802,test,0,0.35025713,1
coco_021807,test,0,0.9440395,0
coco_021830,test,0,0.028487746,0
coco_021835,test,0,0.009976993,0
coco_021841,test,0,0.9967181,0
coco_021845,test,0,0.7157208,0
coco_021854,test,0,0.35025713,1
coco_021860,test,0,0.03143449,0
coco_021886,test,0,0.5371338,0
coco_021893,test,0,0.013127534,0
coco_021922,test,0,0.35025713,1
coco_021930,test,0,0.16744205,0
coco_021933,test,0,0.5892094,0
coco_021946,test,0,0.31103197,0
coco_021977,test,0,0.35025713,1
coco_021984,test,0,0.35025713,1
coco_021987,test,0,0.35025713,1
coco_022010,test,0,0.10647913,0
coco_022015,test,0,0.0498302,0
coco_022017,test,0,0.8527095,0
coco_022029,test,0,0.73587614,0
coco_022033,test,0,0.30934367,0
coco_022043,test,0,0.21591194,0
coco_022052,test,0,0.35025713,1
coco_022058,test,0,0.35025713,1
coco_022074,test,0,0.32353988,0
coco_022078,test,0,0.38160583,0
coco_022090,test,0,0.35025713,1
coco_022101,test,0,0.5471806,0
coco_022113,test,0,0.35025713,1
coco_022121,test,0,0.35025713,1
coco_022127,test,0,0.021037484,0
coco_022132,test,0,0.35025713,1
coco_022141,test,0,0.21820949,0
coco_022160,test,0,0.35025713,1
coco_022162,test,0,0.8483242,0
coco_022177,test,0,0.05659015,0
coco_022185,test,0,0.35025713,1
coco_022189,test,0,0.16464077,0
coco_022197,test,0,0.90871304,0
coco_022216,test,0,0.35025713,1
coco_022225,test,0,0.08119021,0
coco_022228,test,0,0.35025713,1
coco_022249,test,0,0.046550725,0
coco_022288,test,0,0.12126377,0
coco_022289,test,0,0.12053524,0
coco_022302,test,0,0.35025713,1
coco_022311,test,0,0.9340598,0
coco_022316,test,0,0.35025713,1
coco_022321,test,0,0.10788423,0
coco_022331,test,0,0.35025713,1
coco_022341,test,0,0.26653647,0
coco_022360,test,0,0.4483784,0
coco_022385,test,0,0.35025713,1
coco_022395,test,0,0.7293351,0
coco_022405,test,0,0.35025713,1
coco_022418,test,0,0.4165429,0
coco_022421,test,0,0.35025713,1
coco_022436,test,0,0.060928892,0
coco_022463,test,0,0.8037455,0
coco_022471,test,0,0.35025713,1
coco_022474,test,0,0.35025713,1
coco_022478,test,0,0.35025713,1
coco_022506,test,0,0.044128463,0
coco_022508,test,0,0.113233835,0
coco_022511,test,0,0.27966458,0
coco_022522,test,0,0.2974093,0
coco_022523,test,0,0.54928946,0
coco_022524,test,0,0.012226352,0
coco_022541,test,0,0.22304057,0
coco_022543,test,0,0.08256762,0
coco_022564,test,0,0.35025713,1
coco_022567,test,0,0.35500222,0
coco_022577,test,0,0.35025713,1
coco_022584,test,0,0.711107,0
coco_022603,test,0,0.3489388,0
coco_022617,test,0,0.025768986,0
coco_022648,test,0,0.35025713,1
coco_022659,test,0,0.30541244,0
coco_022676,test,0,0.62823915,0
coco_022711,test,0,0.6611243,0
coco_022733,test,0,0.9716087,0
coco_022745,test,0,0.003130308,0
coco_022754,test,0,0.35025713,1
coco_022765,test,0,0.35025713,1
coco_022779,test,0,0.19339086,0
coco_022787,test,0,0.26482624,0
coco_022792,test,0,0.025628975,0
coco_022797,test,0,0.13204172,0
coco_022808,test,0,0.35025713,1
coco_022816,test,0,0.35025713,1
coco_022844,test,0,0.0682125,0
coco_022863,test,0,0.35025713,1
coco_022873,test,0,0.01740367,0
coco_022883,test,0,0.84407413,0
coco_022886,test,0,0.025339143,0
coco_022901,test,0,0.080788106,0
coco_022912,test,0,0.35025713,1
coco_022916,test,0,0.08428798,0
coco_022918,test,0,0.07665562,0
coco_022939,test,0,0.80876815,0
coco_022940,test,0,0.08503625,0
coco_022949,test,0,0.35025713,1
coco_022956,test,0,0.0406966,0
coco_022973,test,0,0.35025713,1
coco_022988,test,0,0.84306693,0
coco_022995,test,0,0.16016562,0
coco_023017,test,0,0.35025713,1
coco_023021,test,0,0.008270092,0
coco_023041,test,0,0.039177146,0
coco_023049,test,0,0.9087755,0
coco_023063,test,0,0.35025713,1
coco_023071,test,0,0.022132322,0
coco_023076,test,0,0.45759884,0
coco_023088,test,0,0.00171327,0
coco_023114,test,0,0.060046148,0
coco_023139,test,0,0.0056591807,0
coco_023142,test,0,0.5288431,0
coco_023144,test,0,0.0019156458,0
coco_023146,test,0,0.28726542,0
coco_023154,test,0,0.036754236,0
coco_023159,test,0,0.35025713,1
coco_023193,test,0,0.3398192,0
coco_023196,test,0,0.0074973986,0
coco_023200,test,0,0.016471798,0
coco_023215,test,0,0.35025713,1
coco_023232,test,0,0.30012056,0
coco_023244,test,0,0.7436327,0
coco_023284,test,0,0.2999377,0
coco_023288,test,0,0.35025713,1
coco_023309,test,0,0.0026535112,0
coco_023310,test,0,0.35025713,1
coco_023312,test,0,0.36658108,0
coco_023313,test,0,0.35025713,1
coco_023327,test,0,0.0006383376,0
coco_023332,test,0,0.22265327,0
coco_023334,test,0,0.08863404,0
coco_023340,test,0,0.004087454,0
coco_023344,test,0,0.35253838,0
coco_023347,test,0,0.0295078,0
coco_023350,test,0,0.35025713,1
coco_023356,test,0,0.08440239,0
coco_023374,test,0,0.057983745,0
coco_023385,test,0,0.014306389,0
coco_023393,test,0,0.35025713,1
coco_023406,test,0,0.6192486,0
coco_023416,test,0,0.4106893,0
coco_023432,test,0,0.00068311783,0
coco_023436,test,0,0.73173636,0
coco_023447,test,0,0.06745467,0
coco_023450,test,0,0.12633,0
coco_023459,test,0,0.03628312,0
coco_023464,test,0,0.27045768,0
coco_023468,test,0,0.35025713,1
coco_023474,test,0,0.18014632,0
coco_023491,test,0,0.020643156,0
coco_023492,test,0,0.027269898,0
coco_023515,test,0,0.0014215166,0
coco_023524,test,0,0.35025713,1
coco_023538,test,0,0.21858852,0
coco_023547,test,0,0.89731103,0
coco_023553,test,0,0.037171934,0
coco_023562,test,0,0.41683522,0
coco_023571,test,0,0.35025713,1
coco_023573,test,0,0.19520494,0
coco_023578,test,0,0.017212147,0
coco_023581,test,0,0.29355,0
coco_023589,test,0,0.028054914,0
coco_023592,test,0,0.021852786,0
coco_023608,test,0,0.30742055,0
coco_023622,test,0,0.18097071,0
coco_023626,test,0,0.35025713,1
coco_023628,test,0,0.35025713,1
coco_023632,test,0,0.026102372,0
coco_023639,test,0,0.34754744,0
coco_023656,test,0,0.35025713,1
coco_023662,test,0,0.35025713,1
coco_023675,test,0,0.28836027,0
coco_023684,test,0,0.36620033,0
coco_023685,test,0,0.32943538,0
coco_023691,test,0,0.35025713,1
coco_023708,test,0,0.034909166,0
coco_023719,test,0,0.28261068,0
coco_023726,test,0,0.28832912,0
coco_023733,test,0,0.35025713,1
coco_023740,test,0,0.11310404,0
coco_023750,test,0,0.64014214,0
coco_023751,test,0,0.35025713,1
coco_023758,test,0,0.35025713,1
coco_023793,test,0,0.019013705,0
coco_023806,test,0,0.15953009,0
coco_023809,test,0,0.87558025,0
coco_023820,test,0,0.87052816,0
coco_023851,test,0,0.35025713,1
coco_023852,test,0,0.062357884,0
coco_023861,test,0,0.061151497,0
coco_023862,test,0,0.35025713,1
coco_023866,test,0,0.35025713,1
coco_023869,test,0,0.35025713,1
coco_023873,test,0,0.6454049,0
coco_023886,test,0,0.000323716,0
coco_023887,test,0,0.023554187,0
coco_023889,test,0,0.015972013,0
coco_023922,test,0,0.17140943,0
coco_023997,test,0,0.004124635,0
coco_024056,test,0,0.032132104,0
coco_024058,test,0,0.35025713,1
coco_024064,test,0,0.20366563,0
coco_024065,test,0,0.30969736,0
coco_024067,test,0,0.34204125,0
coco_024100,test,0,0.31417784,0
coco_024101,test,0,0.15703815,0
coco_024107,test,0,0.03952517,0
coco_024108,test,0,0.35025713,1
coco_024129,test,0,0.35025713,1
coco_024135,test,0,0.5488298,0
coco_024152,test,0,0.02677931,0
coco_024163,test,0,0.35025713,1
coco_024166,test,0,0.38236994,0
coco_024178,test,0,0.32113892,0
coco_024179,test,0,0.8824973,0
coco_024196,test,0,0.52657,0
coco_024200,test,0,0.72065777,0
coco_024201,test,0,0.35025713,1
coco_024236,test,0,0.0007028064,0
coco_024245,test,0,0.119542584,0
coco_024249,test,0,0.35025713,1
coco_024259,test,0,0.85840243,0
coco_024267,test,0,0.76789767,0
coco_024277,test,0,0.35025713,1
coco_024286,test,0,0.35025713,1
coco_024295,test,0,0.35025713,1
coco_024296,test,0,0.0051651383,0
coco_024299,test,0,0.3827859,0
coco_024314,test,0,0.9629487,0
coco_024315,test,0,0.9069097,0
coco_024329,test,0,0.35025713,1
coco_024331,test,0,0.22291136,0
coco_024335,test,0,0.35025713,1
coco_024336,test,0,0.9948514,0
coco_024341,test,0,0.5280128,0
coco_024342,test,0,0.47280768,0
coco_024353,test,0,0.07808678,0
coco_024356,test,0,0.02641897,0
coco_024359,test,0,0.03276409,0
coco_024373,test,0,0.35025713,1
coco_024374,test,0,0.35025713,1
coco_024394,test,0,0.35025713,1
coco_024411,test,0,0.9305134,0
coco_024414,test,0,0.8568448,0
coco_024427,test,0,0.031182084,0
coco_024434,test,0,0.12680736,0
coco_024437,test,0,0.057517484,0
coco_024444,test,0,0.22628678,0
coco_024451,test,0,0.010180314,0
coco_024456,test,0,0.07189497,0
coco_024467,test,0,0.35025713,1
coco_024469,test,0,0.12913243,0
coco_024477,test,0,0.008408014,0
coco_024478,test,0,0.026875775,0
coco_024483,test,0,0.12410665,1
coco_024512,test,0,0.36658666,0
coco_024530,test,0,0.04095568,0
coco_024539,test,0,0.35025713,1
coco_024550,test,0,0.72372,0
coco_024555,test,0,0.35025713,1
coco_024576,test,0,0.505095,0
coco_024579,test,0,0.4811967,0
coco_024598,test,0,0.35025713,1
coco_024602,test,0,0.08269349,0
coco_024604,test,0,0.35025713,1
coco_024612,test,0,0.124750726,0
coco_024617,test,0,0.15445437,0
coco_024622,test,0,0.35025713,1
coco_024625,test,0,0.35025713,1
coco_024628,test,0,0.35025713,1
coco_024636,test,0,0.122215934,0
coco_024640,test,0,0.6937398,0
coco_024641,test,0,0.3358739,0
coco_024650,test,0,0.035871454,0
coco_024680,test,0,0.14307892,0
coco_024694,test,0,0.073092,0
coco_024695,test,0,0.4389232,0
coco_024696,test,0,0.041995768,0
coco_024700,test,0,0.012314113,0
coco_024701,test,0,0.025280394,0
coco_024710,test,0,0.35025713,1
coco_024713,test,0,0.30296072,0
coco_024717,test,0,0.07110834,0
coco_024744,test,0,0.040350296,0
coco_024747,test,0,0.04839725,0
coco_024753,test,0,0.4759355,0
coco_024766,test,0,0.35025713,1
coco_024787,test,0,0.18303367,0
coco_024801,test,0,0.12527843,0
coco_024806,test,0,0.35025713,1
coco_024812,test,0,0.5087119,0
coco_024815,test,0,0.35025713,1
coco_024819,test,0,0.0014223367,0
coco_024829,test,0,0.81791323,0
coco_024832,test,0,0.6764847,0
coco_024836,test,0,0.023838213,0
coco_024846,test,0,0.25451592,0
coco_024853,test,0,0.35025713,1
coco_024870,test,0,0.8563304,0
coco_024873,test,0,0.046584345,0
coco_024877,test,0,0.6131365,1
coco_024878,test,0,0.35025713,1
coco_024910,test,0,0.006748147,0
coco_024920,test,0,0.35025713,1
coco_024921,test,0,0.35025713,1
coco_024927,test,0,0.35025713,1
coco_024939,test,0,0.08468886,0
coco_024964,test,0,0.029629039,0
coco_024965,test,0,0.49456662,0
coco_024970,test,0,0.35025713,1
coco_024973,test,0,0.35025713,1
coco_025002,test,0,0.009394304,0
coco_025008,test,0,0.041226316,0
coco_025014,test,0,0.35025713,1
coco_025025,test,0,0.35025713,1
coco_025035,test,0,0.1019909,0
coco_025040,test,0,0.6613437,0
coco_025049,test,0,0.02929833,0
coco_025056,test,0,0.28299716,0
coco_025058,test,0,0.031599116,0
coco_025080,test,0,0.055251155,0
coco_025085,test,0,0.3103974,0
coco_025097,test,0,0.35025713,1
coco_025109,test,0,0.35025713,1
coco_025115,test,0,0.1768359,0
coco_025123,test,0,0.018817615,0
coco_025128,test,0,0.7284903,0
coco_025132,test,0,0.35025713,1
coco_025146,test,0,0.044492155,0
coco_025148,test,0,0.060650874,0
coco_025150,test,0,0.097129524,0
coco_025151,test,0,0.19467248,0
coco_025153,test,0,0.35025713,1
coco_025159,test,0,0.95533997,0
coco_025212,test,0,0.028229836,0
coco_025221,test,0,0.45449835,0
coco_025226,test,0,0.8346783,0
coco_025249,test,0,0.009194902,0
coco_025251,test,0,0.94834226,0
coco_025255,test,0,0.35025713,1
coco_025277,test,0,0.35025713,1
coco_025287,test,0,0.35025713,1
coco_025290,test,0,0.026109697,0
coco_025297,test,0,0.008669591,0
coco_025301,test,0,0.61127967,0
coco_025307,test,0,0.40436953,0
coco_025312,test,0,0.35025713,1
coco_025317,test,0,0.011247477,0
coco_025357,test,0,0.0104070315,0
coco_025377,test,0,0.09757038,0
coco_025379,test,0,0.25517312,0
coco_025406,test,0,0.35025713,1
coco_025428,test,0,0.35025713,1
coco_025444,test,0,0.41702828,0
coco_025458,test,0,0.08374988,0
coco_025469,test,0,0.2707177,0
coco_025484,test,0,0.44250244,0
coco_025488,test,0,0.49869788,0
coco_025523,test,0,0.10688972,0
coco_025528,test,0,0.0015460808,0
coco_025538,test,0,0.41204602,0
coco_025563,test,0,0.35025713,1
coco_025582,test,0,0.046415064,0
coco_025594,test,0,0.7268393,0
coco_025600,test,0,0.0012193263,0
coco_025604,test,0,0.52440655,0
coco_025605,test,0,0.35025713,1
coco_025618,test,0,0.35025713,1
coco_025632,test,0,0.19537003,0
coco_025644,test,0,0.7368649,0
coco_025651,test,0,0.35025713,1
coco_025666,test,0,0.35025713,1
coco_025691,test,0,0.41742104,0
coco_025730,test,0,0.07016583,0
coco_025748,test,0,0.35025713,1
coco_025755,test,0,0.05002897,0
coco_025758,test,0,0.022951981,0
coco_025770,test,0,0.4723239,0
coco_025776,test,0,0.015827198,0
coco_025777,test,0,0.041470572,0
coco_025778,test,0,0.016679762,0
coco_025790,test,0,0.98716325,0
coco_025805,test,0,0.007906072,0
coco_025821,test,0,0.6060818,0
coco_025822,test,0,0.18964498,0
coco_025833,test,0,0.76589066,0
coco_025854,test,0,0.35025713,1
coco_025857,test,0,0.033566955,0
coco_025875,test,0,0.030177299,0
coco_025880,test,0,0.10099804,0
coco_025883,test,0,0.7243482,0
coco_025893,test,0,0.53081936,0
coco_025907,test,0,0.013590029,0
coco_025927,test,0,0.72543186,0
coco_025945,test,0,0.35025713,1
coco_025950,test,0,0.35025713,1
coco_025955,test,0,0.1054603,0
coco_025963,test,0,0.0054027527,0
coco_025970,test,0,0.50586534,0
coco_025972,test,0,0.35025713,1
coco_025997,test,0,0.0023098884,0
coco_026001,test,0,0.35025713,1
coco_026010,test,0,0.49365157,0
coco_026018,test,0,0.35025713,1
coco_026026,test,0,0.35025713,1
coco_026050,test,0,0.35025713,1
coco_026055,test,0,0.7909704,0
coco_026060,test,0,0.35025713,1
coco_026076,test,0,0.7968982,0
coco_026077,test,0,0.35025713,1
coco_026080,test,0,0.7479468,0
coco_026082,test,0,0.97233224,0
coco_026091,test,0,0.3071416,0
coco_026092,test,0,0.35025713,1
coco_026093,test,0,0.35025713,1
coco_026097,test,0,0.02755644,0
coco_026098,test,0,0.6718331,0
coco_026100,test,0,0.35025713,1
coco_026112,test,0,0.003152701,0
coco_026117,test,0,0.96888185,0
coco_026123,test,0,0.35025713,1
coco_026126,test,0,0.95967156,0
coco_026142,test,0,0.030628012,0
coco_026181,test,0,0.16411336,0
coco_026185,test,0,0.07940905,0
coco_026186,test,0,0.35025713,1
coco_026202,test,0,0.003316912,0
coco_026232,test,0,0.99057007,0
coco_026234,test,0,0.07253195,0
coco_026236,test,0,0.35025713,1
coco_026241,test,0,0.03089385,0
coco_026252,test,0,0.050540894,0
coco_026259,test,0,0.16520129,0
coco_026262,test,0,0.35025713,1
coco_026309,test,0,0.04160903,0
coco_026312,test,0,0.015216491,0
coco_026313,test,0,0.07610126,0
coco_026317,test,0,0.51731503,0
coco_026330,test,0,0.35025713,1
coco_026355,test,0,0.0021488133,0
coco_026364,test,0,0.35025713,1
coco_026367,test,0,0.35025713,1
coco_026376,test,0,0.35025713,1
coco_026378,test,0,0.020737955,0
coco_026386,test,0,0.0022260607,0
coco_026417,test,0,0.071219526,0
coco_026422,test,0,0.35025713,1
coco_026434,test,0,0.35025713,1
coco_026469,test,0,0.35025713,1
coco_026543,test,0,0.18728568,0
coco_026546,test,0,0.02701889,0
coco_026571,test,0,0.15024422,0
coco_026576,test,0,0.3964743,0
coco_026588,test,0,0.35025713,1
coco_026596,test,0,0.35025713,1
coco_026608,test,0,0.4058868,0
coco_026613,test,0,0.31666374,0
coco_026614,test,0,0.35025713,1
coco_026620,test,0,0.35025713,1
coco_026630,test,0,0.35025713,1
coco_026656,test,0,0.35025713,1
coco_026663,test,0,0.8380848,0
coco_026678,test,0,0.35025713,1
coco_026680,test,0,0.26200446,0
coco_026693,test,0,0.23908412,0
coco_026708,test,0,0.03051483,0
coco_026717,test,0,0.048229296,0
coco_026718,test,0,0.43266186,0
coco_026775,test,0,0.2970065,0
coco_026777,test,0,0.050438087,1
coco_026794,test,0,0.35025713,1
coco_026813,test,0,0.35025713,1
coco_026821,test,0,0.2799731,0
coco_026834,test,0,0.7033531,0
coco_026851,test,0,0.0057127234,0
coco_026894,test,0,0.44473147,0
coco_026896,test,0,0.35025713,1
coco_026911,test,0,0.104759306,0
coco_026912,test,0,0.23387547,0
coco_026917,test,0,0.14128008,0
coco_026921,test,0,0.4794636,0
coco_026922,test,0,0.64711946,0
coco_026936,test,0,0.35025713,1
coco_026950,test,0,0.35025713,1
coco_026953,test,0,0.35025713,1
coco_026956,test,0,0.35025713,1
coco_026959,test,0,0.35025713,1
coco_026977,test,0,0.96165246,0
coco_026982,test,0,0.35025713,1
coco_026983,test,0,0.6949887,0
coco_026989,test,0,0.06927216,0
coco_026992,test,0,0.04499998,0
coco_026993,test,0,0.36868483,0
coco_026997,test,0,0.35025713,1
coco_027028,test,0,0.060553532,0
coco_027034,test,0,0.35025713,1
coco_027052,test,0,0.530931,0
coco_027054,test,0,0.059365593,0
coco_027064,test,0,0.2856815,0
coco_027072,test,0,0.35025713,1
coco_027076,test,0,0.7065837,0
coco_027079,test,0,0.51976734,0
coco_027085,test,0,0.35025713,1
coco_027102,test,0,0.25037062,0
coco_027111,test,0,0.35025713,1
coco_027116,test,0,0.35025713,1
coco_027119,test,0,0.05131472,0
coco_027125,test,0,0.13693294,0
coco_027135,test,0,0.59463733,0
coco_027136,test,0,0.23034456,0
coco_027146,test,0,0.35025713,1
coco_027167,test,0,0.78043586,0
coco_027174,test,0,0.15884449,0
coco_027192,test,0,0.35025713,1
coco_027198,test,0,0.35025713,1
coco_027216,test,0,0.02568124,0
coco_027218,test,0,0.14516361,0
coco_027225,test,0,0.35025713,1
coco_027232,test,0,0.09920081,0
coco_027240,test,0,0.17057483,0
coco_027247,test,0,0.9162959,0
coco_027249,test,0,0.35025713,1
coco_027251,test,0,0.35340157,0
coco_027258,test,0,0.06870756,0
coco_027261,test,0,0.02509165,0
coco_027263,test,0,0.35025713,1
coco_027285,test,0,0.35025713,1
coco_027296,test,0,0.91613096,0
coco_027299,test,0,0.35025713,1
coco_027300,test,0,0.011090288,0
coco_027314,test,0,0.35025713,1
coco_027351,test,0,0.39175296,0
coco_027352,test,0,0.35025713,1
coco_027380,test,0,0.17425361,0
coco_027381,test,0,0.17879474,0
coco_027386,test,0,0.22399652,0
coco_027387,test,0,0.9755435,0
coco_027398,test,0,0.35025713,1
coco_027409,test,0,0.35025713,1
coco_027415,test,0,0.35025713,1
coco_027422,test,0,0.0005198065,0
coco_027428,test,0,0.003473243,0
coco_027429,test,0,0.7611496,0
coco_027445,test,0,0.35025713,1
coco_027458,test,0,0.094821826,0
coco_027460,test,0,0.89498705,0
coco_027469,test,0,0.0038427159,0
coco_027493,test,0,0.35025713,1
coco_027499,test,0,0.35025713,1
coco_027500,test,0,0.35025713,1
coco_027502,test,0,0.02794462,0
coco_027510,test,0,0.5852312,0
coco_027537,test,0,0.061132472,0
coco_027541,test,0,0.9687237,0
coco_027565,test,0,0.25664046,0
coco_027566,test,0,0.08408574,0
coco_027567,test,0,0.1398602,0
coco_027568,test,0,0.80083597,0
coco_027570,test,0,0.35025713,1
coco_027582,test,0,0.35025713,1
coco_027583,test,0,0.10946731,0
coco_027587,test,0,0.35025713,1
coco_027595,test,0,0.35025713,1
coco_027599,test,0,0.35025713,1
coco_027604,test,0,0.35025713,1
coco_027605,test,0,0.35025713,1
coco_027622,test,0,0.0008618839,0
coco_027629,test,0,0.026431562,0
coco_027633,test,0,0.36215883,0
coco_027642,test,0,0.08891914,0
coco_027650,test,0,0.09645857,0
coco_027659,test,0,0.19600174,0
coco_027680,test,0,0.0055227345,0
coco_027683,test,0,0.5073754,0
coco_027688,test,0,0.35025713,1
coco_027711,test,0,0.776721,0
coco_027713,test,0,0.35025713,1
coco_027716,test,0,0.3112269,0
coco_027733,test,0,0.35924956,0
coco_027741,test,0,0.35025713,1
coco_027748,test,0,0.19677657,0
coco_027765,test,0,0.6388101,0
coco_027774,test,0,0.45830095,0
coco_027783,test,0,0.278229,0
coco_027785,test,0,0.35025713,1
coco_027792,test,0,0.21603285,0
coco_027802,test,0,0.097855195,0
coco_027804,test,0,0.08421189,0
coco_027810,test,0,0.01778203,0
coco_027812,test,0,0.1751009,0
coco_027814,test,0,0.043004725,0
coco_027825,test,0,0.21020694,0
coco_027827,test,0,0.028892606,0
coco_027836,test,0,0.38033736,0
coco_027860,test,0,0.35025713,1
coco_027866,test,0,0.16183347,0
coco_027875,test,0,0.82621115,0
coco_027879,test,0,0.35025713,1
coco_027898,test,0,0.8348412,0
coco_027915,test,0,0.35025713,1
coco_027918,test,0,0.35025713,1
coco_027928,test,0,0.12398172,0
coco_027932,test,0,0.019027887,0
coco_027934,test,0,0.16196847,0
coco_027954,test,0,0.20880067,0
coco_027957,test,0,0.3905542,0
coco_027960,test,0,0.37244418,0
coco_027964,test,0,0.35025713,1
coco_027966,test,0,0.058481142,0
coco_027996,test,0,0.06720328,0
coco_027999,test,0,0.6514183,0
coco_028001,test,0,0.15613012,0
coco_028002,test,0,0.010651597,0
coco_028026,test,0,0.21276307,0
coco_028040,test,0,0.24181327,0
coco_028051,test,0,0.65426934,0
coco_028095,test,0,0.35025713,1
coco_028103,test,0,0.0016483307,0
coco_028104,test,0,0.041249443,0
coco_028109,test,0,0.00016501761,0
coco_028111,test,0,0.35025713,1
coco_028143,test,0,0.6072912,0
coco_028147,test,0,0.35025713,1
coco_028150,test,0,0.009895826,0
coco_028156,test,0,0.78378403,0
coco_028162,test,0,0.35025713,1
coco_028176,test,0,0.29059842,0
coco_028198,test,0,0.35025713,1
coco_028202,test,0,0.35025713,1
coco_028210,test,0,0.35025713,1
coco_028212,test,0,0.31294423,0
coco_028233,test,0,0.13365008,0
coco_028248,test,0,0.42630333,0
coco_028250,test,0,0.7619864,0
coco_028251,test,0,0.18929726,0
coco_028266,test,0,0.35025713,1
coco_028267,test,0,0.62902904,0
coco_028275,test,0,0.071482845,0
coco_028279,test,0,0.35025713,1
coco_028294,test,0,0.017514331,0
coco_028296,test,0,0.5453199,0
coco_028314,test,0,0.35025713,1
coco_028315,test,0,0.35025713,1
coco_028333,test,0,0.19766444,0
coco_028337,test,0,0.07501978,0
coco_028343,test,0,0.020432169,0
coco_028346,test,0,0.35025713,1
coco_028370,test,0,0.8106552,0
coco_028396,test,0,0.35025713,1
coco_028397,test,0,0.0067016883,0
coco_028412,test,0,0.48956975,0
coco_028431,test,0,0.35025713,1
coco_028456,test,0,0.005763284,0
coco_028460,test,0,0.35025713,1
coco_028461,test,0,0.35025713,1
coco_028479,test,0,0.052886117,0
coco_028484,test,0,0.33345503,0
coco_028487,test,0,0.10239639,0
coco_028497,test,0,0.58201367,0
coco_028523,test,0,0.35025713,1
coco_028529,test,0,0.044562604,0
coco_028535,test,0,0.0114381,0
coco_028537,test,0,0.35025713,1
coco_028574,test,0,0.34339142,0
coco_028585,test,0,0.35025713,1
coco_028590,test,0,0.252559,0
coco_028599,test,0,0.26019764,0
coco_028637,test,0,0.026874918,0
coco_028656,test,0,0.34672645,0
coco_028659,test,0,0.31099418,0
coco_028666,test,0,0.35025713,1
coco_028668,test,0,0.25487056,0
coco_028678,test,0,0.2849975,0
coco_028694,test,0,0.8704612,0
coco_028701,test,0,0.14471494,0
coco_028710,test,0,0.17398953,0
coco_028720,test,0,0.35025713,1
coco_028731,test,0,0.90937155,0
coco_028732,test,0,0.008375897,0
coco_028741,test,0,0.414167,0
coco_028743,test,0,0.20571315,0
coco_028745,test,0,0.26402265,0
coco_028753,test,0,0.08275259,0
coco_028769,test,0,0.016042812,0
coco_028771,test,0,0.35025713,1
coco_028781,test,0,0.56185246,0
coco_028800,test,0,0.35025713,1
coco_028802,test,0,0.35025713,1
coco_028821,test,0,0.88755023,0
coco_028833,test,0,0.39238402,0
coco_028835,test,0,0.042679276,0
coco_028841,test,0,0.17323968,0
coco_028843,test,0,0.09016485,0
coco_028849,test,0,0.007651567,0
coco_028850,test,0,0.96283406,0
coco_028868,test,0,0.32788968,0
coco_028871,test,0,0.35025713,1
coco_028883,test,0,0.35025713,1
coco_028895,test,0,0.27478537,0
coco_028897,test,0,0.35025713,1
coco_028904,test,0,0.35025713,1
coco_028905,test,0,0.060827956,0
coco_028919,test,0,0.12593059,0
coco_028922,test,0,0.35025713,1
coco_028935,test,0,0.5449673,0
coco_028937,test,0,0.04019405,0
coco_028968,test,0,0.53464395,0
coco_028970,test,0,0.1176882,0
coco_028987,test,0,0.29555142,0
coco_029006,test,0,0.08896672,0
coco_029011,test,0,0.35025713,1
coco_029030,test,0,0.35025713,1
coco_029031,test,0,0.052227277,0
coco_029036,test,0,0.08442709,0
coco_029041,test,0,0.018551527,0
coco_029059,test,0,0.35025713,1
coco_029069,test,0,0.27688724,0
coco_029080,test,0,0.75895125,0
coco_029084,test,0,0.26955816,0
coco_029091,test,0,0.278382,1
coco_029102,test,0,0.35025713,1
coco_029103,test,0,0.27687728,0
coco_029108,test,0,0.35025713,1
coco_029113,test,0,0.35025713,1
coco_029134,test,0,0.019872706,0
coco_029137,test,0,0.35025713,1
coco_029138,test,0,0.16364571,0
coco_029145,test,0,0.14745404,0
coco_029161,test,0,0.35025713,1
coco_029167,test,0,0.35025713,1
coco_029168,test,0,0.37943897,0
coco_029171,test,0,0.013893472,0
coco_029173,test,0,0.35130358,0
coco_029178,test,0,0.16747889,0
coco_029184,test,0,0.7565511,0
coco_029200,test,0,0.35025713,1
coco_029217,test,0,0.05579412,0
coco_029218,test,0,0.84391755,0
coco_029227,test,0,0.35025713,1
coco_029229,test,0,0.73576266,0
coco_029232,test,0,0.24676065,0
coco_029243,test,0,0.98912036,0
coco_029248,test,0,0.7353415,0
coco_029278,test,0,0.26801777,0
coco_029280,test,0,0.16722468,0
coco_029313,test,0,0.7193464,0
coco_029321,test,0,0.25968534,0
coco_029329,test,0,0.46403244,0
coco_029345,test,0,0.04997372,0
coco_029350,test,0,0.35025713,1
coco_029353,test,0,0.63598424,0
coco_029363,test,0,0.018408647,0
coco_029368,test,0,0.10687129,0
coco_029379,test,0,0.35025698,1
coco_029390,test,0,0.35025698,1
coco_029403,test,0,0.108267546,0
coco_029404,test,0,0.32950553,0
coco_029407,test,0,0.0072314623,0
coco_029416,test,0,0.82146853,0
coco_029419,test,0,0.95490986,0
coco_029425,test,0,0.0069762645,0
coco_029440,test,0,0.006798826,0
coco_029448,test,0,0.59752023,0
coco_029456,test,0,0.35025698,1
coco_029483,test,0,0.35025698,1
coco_029516,test,0,0.3860017,0
coco_029526,test,0,0.050631013,0
coco_029531,test,0,0.17823707,0
coco_029539,test,0,0.35025698,1
coco_029549,test,0,0.20444512,0
coco_029563,test,0,0.4696077,0
coco_029565,test,0,0.3177902,0
coco_029572,test,0,0.35025698,1
coco_029574,test,0,0.7391063,0
coco_029587,test,0,0.95702004,0
coco_029609,test,0,0.50853926,0
coco_029626,test,0,0.24893434,0
coco_029633,test,0,0.14232485,0
coco_029648,test,0,0.123309374,0
coco_029661,test,0,0.6121891,0
coco_029669,test,0,0.39079884,0
coco_029670,test,0,0.35025698,1
coco_029678,test,0,0.06710246,0
coco_029685,test,0,0.35025698,1
coco_029687,test,0,0.14686255,0
coco_029691,test,0,0.17965281,0
coco_029703,test,0,0.35333902,0
coco_029711,test,0,0.17173022,0
coco_029719,test,0,0.079362996,0
coco_029721,test,0,0.08784405,0
coco_029723,test,0,0.0018043135,0
coco_029740,test,0,0.20689073,0
coco_029748,test,0,0.28396815,0
coco_029755,test,0,0.35025698,1
coco_029759,test,0,0.12242787,0
coco_029773,test,0,0.9951652,0
coco_029781,test,0,0.01929656,0
coco_029789,test,0,0.35025698,1
coco_029796,test,0,0.012597018,0
coco_029807,test,0,0.096961275,0
coco_029809,test,0,0.69880223,0
coco_029820,test,0,0.43432468,0
coco_029831,test,0,0.086621165,0
coco_029839,test,0,0.35025698,1
coco_029840,test,0,0.04011713,0
coco_029861,test,0,0.5668275,0
coco_029863,test,0,0.67395836,0
coco_029883,test,0,0.35025698,1
coco_029890,test,0,0.54348683,0
coco_029905,test,0,0.19853526,0
coco_029907,test,0,0.35025698,1
coco_029922,test,0,0.35025698,1
coco_029928,test,0,0.0226222,0
coco_029931,test,0,0.8747008,0
coco_029939,test,0,0.20692965,0
coco_029945,test,0,0.20380309,0
coco_029989,test,0,0.39862683,0
coco_029992,test,0,0.35025698,1
